{
  "game_number": 392,
  "words": [
    "FASTER",
    "GO",
    "HURRY",
    "MOVE",
    "CLIPPER",
    "PACER",
    "ROCKET",
    "SPUR",
    "COMMUTE",
    "MEDICINE",
    "PROMPTER",
    "VISION",
    "BEIGE",
    "CAMEL",
    "KHAKI",
    "TAN"
  ],
  "adjacency_matrix": [
    [
      1.0,
      0.4075070023536682,
      0.4673260748386383,
      0.4700222909450531,
      0.34554505348205566,
      0.42893922328948975,
      0.2901405692100525,
      0.4105633497238159,
      0.3451803922653198,
      0.28499674797058105,
      0.35671013593673706,
      0.2930224537849426,
      0.19019022583961487,
      0.2080678641796112,
      0.10766878724098206,
      0.28541168570518494
    ],
    [
      0.4075070023536682,
      1.0,
      0.5935001969337463,
      0.645667314529419,
      0.22587619721889496,
      0.21207661926746368,
      0.2712613046169281,
      0.3641294240951538,
      0.4302126169204712,
      0.3209547996520996,
      0.3139522075653076,
      0.3116510808467865,
      0.271046906709671,
      0.32113948464393616,
      0.175153911113739,
      0.3009941577911377
    ],
    [
      0.4673260748386383,
      0.5935001969337463,
      1.0,
      0.5568821430206299,
      0.2557961344718933,
      0.2919379472732544,
      0.2937185764312744,
      0.4628068804740906,
      0.3767452538013458,
      0.2985939681529999,
      0.3928966522216797,
      0.27883780002593994,
      0.2593100070953369,
      0.2945409417152405,
      0.24061177670955658,
      0.26398107409477234
    ],
    [
      0.4700222909450531,
      0.645667314529419,
      0.5568821430206299,
      0.9999999403953552,
      0.2862531542778015,
      0.27116474509239197,
      0.3376011252403259,
      0.4568483531475067,
      0.44948068261146545,
      0.32152193784713745,
      0.35113027691841125,
      0.3774307668209076,
      0.2688014805316925,
      0.3208739459514618,
      0.12645922601222992,
      0.24080854654312134
    ],
    [
      0.34554505348205566,
      0.22587619721889496,
      0.2557961344718933,
      0.2862531542778015,
      1.0,
      0.4148605167865753,
      0.35530057549476624,
      0.3380415737628937,
      0.19097404181957245,
      0.2693805992603302,
      0.3027321994304657,
      0.26478707790374756,
      0.2474074810743332,
      0.3001205623149872,
      0.224141925573349,
      0.3003540337085724
    ],
    [
      0.42893922328948975,
      0.21207661926746368,
      0.2919379472732544,
      0.27116474509239197,
      0.4148605167865753,
      1.0,
      0.365763396024704,
      0.3361491858959198,
      0.2421935647726059,
      0.28649863600730896,
      0.41116949915885925,
      0.3144787847995758,
      0.2819226384162903,
      0.3706067204475403,
      0.24399016797542572,
      0.22349293529987335
    ],
    [
      0.2901405692100525,
      0.2712613046169281,
      0.2937185764312744,
      0.3376011252403259,
      0.35530057549476624,
      0.365763396024704,
      1.0,
      0.3479892313480377,
      0.23106305301189423,
      0.4176626205444336,
      0.21824879944324493,
      0.29576584696769714,
      0.24471227824687958,
      0.271271675825119,
      0.20535390079021454,
      0.2671191394329071
    ],
    [
      0.4105633497238159,
      0.3641294240951538,
      0.4628068804740906,
      0.4568483531475067,
      0.3380415737628937,
      0.3361491858959198,
      0.3479892313480377,
      0.9999999403953552,
      0.3160094618797302,
      0.30596354603767395,
      0.40095269680023193,
      0.2761068046092987,
      0.1990533322095871,
      0.24776479601860046,
      0.16532541811466217,
      0.24814748764038086
    ],
    [
      0.3451803922653198,
      0.4302126169204712,
      0.3767452538013458,
      0.44948068261146545,
      0.19097404181957245,
      0.2421935647726059,
      0.23106305301189423,
      0.3160094618797302,
      1.0,
      0.1784336417913437,
      0.1951087862253189,
      0.26280713081359863,
      0.2871303856372833,
      0.18142691254615784,
      0.1424729973077774,
      0.29894232749938965
    ],
    [
      0.28499674797058105,
      0.3209547996520996,
      0.2985939681529999,
      0.32152193784713745,
      0.2693805992603302,
      0.28649863600730896,
      0.4176626205444336,
      0.30596354603767395,
      0.1784336417913437,
      1.0,
      0.23674944043159485,
      0.4137817621231079,
      0.19435518980026245,
      0.26764488220214844,
      0.210280641913414,
      0.27378109097480774
    ],
    [
      0.35671013593673706,
      0.3139522075653076,
      0.3928966522216797,
      0.35113027691841125,
      0.3027321994304657,
      0.41116949915885925,
      0.21824879944324493,
      0.40095269680023193,
      0.1951087862253189,
      0.23674944043159485,
      0.9999999403953552,
      0.3232881724834442,
      0.19592353701591492,
      0.2330976277589798,
      0.11350785940885544,
      0.20145730674266815
    ],
    [
      0.2930224537849426,
      0.3116510808467865,
      0.27883780002593994,
      0.3774307668209076,
      0.26478707790374756,
      0.3144787847995758,
      0.29576584696769714,
      0.2761068046092987,
      0.26280713081359863,
      0.4137817621231079,
      0.3232881724834442,
      1.0,
      0.2887677848339081,
      0.20796501636505127,
      0.1711464673280716,
      0.24377994239330292
    ],
    [
      0.19019022583961487,
      0.271046906709671,
      0.2593100070953369,
      0.2688014805316925,
      0.2474074810743332,
      0.2819226384162903,
      0.24471227824687958,
      0.1990533322095871,
      0.2871303856372833,
      0.19435518980026245,
      0.19592353701591492,
      0.2887677848339081,
      1.0,
      0.3639872074127197,
      0.6524832248687744,
      0.585923433303833
    ],
    [
      0.2080678641796112,
      0.32113948464393616,
      0.2945409417152405,
      0.3208739459514618,
      0.3001205623149872,
      0.3706067204475403,
      0.271271675825119,
      0.24776479601860046,
      0.18142691254615784,
      0.26764488220214844,
      0.2330976277589798,
      0.20796501636505127,
      0.3639872074127197,
      0.9999999403953552,
      0.3605334758758545,
      0.3468669354915619
    ],
    [
      0.10766878724098206,
      0.175153911113739,
      0.24061177670955658,
      0.12645922601222992,
      0.224141925573349,
      0.24399016797542572,
      0.20535390079021454,
      0.16532541811466217,
      0.1424729973077774,
      0.210280641913414,
      0.11350785940885544,
      0.1711464673280716,
      0.6524832248687744,
      0.3605334758758545,
      0.9999999403953552,
      0.4828713536262512
    ],
    [
      0.28541168570518494,
      0.3009941577911377,
      0.26398107409477234,
      0.24080854654312134,
      0.3003540337085724,
      0.22349293529987335,
      0.2671191394329071,
      0.24814748764038086,
      0.29894232749938965,
      0.27378109097480774,
      0.20145730674266815,
      0.24377994239330292,
      0.585923433303833,
      0.3468669354915619,
      0.4828713536262512,
      1.0
    ]
  ]
}