{
  "game_number": 297,
  "words": [
    "BLACK",
    "EVEN",
    "ODD",
    "RED",
    "CHOCOLATE",
    "PEACE",
    "PIGEON",
    "SOAP",
    "GREY",
    "GOLDEN",
    "MOTHER",
    "SILLY",
    "PEN",
    "RULER",
    "SCISSORS",
    "TAPE"
  ],
  "adjacency_matrix": [
    [
      1.0,
      0.3405348062515259,
      0.37326058745384216,
      0.7117840051651001,
      0.4683595299720764,
      0.3120375871658325,
      0.4654824435710907,
      0.3250211775302887,
      0.6981150507926941,
      0.5480163097381592,
      0.40779829025268555,
      0.3744857907295227,
      0.39274129271507263,
      0.34027737379074097,
      0.34726378321647644,
      0.41555076837539673
    ],
    [
      0.3405348062515259,
      0.9999999403953552,
      0.52316814661026,
      0.32206618785858154,
      0.2708089351654053,
      0.32601797580718994,
      0.21591506898403168,
      0.2198229283094406,
      0.2948434054851532,
      0.27414417266845703,
      0.3943312168121338,
      0.5165823101997375,
      0.30840590596199036,
      0.34185168147087097,
      0.25147804617881775,
      0.30593210458755493
    ],
    [
      0.37326058745384216,
      0.52316814661026,
      1.0,
      0.38955870270729065,
      0.29421329498291016,
      0.20851494371891022,
      0.2599433362483978,
      0.1870099902153015,
      0.43229806423187256,
      0.3772496283054352,
      0.276521772146225,
      0.7175926566123962,
      0.27263036370277405,
      0.2028130739927292,
      0.23090440034866333,
      0.24333718419075012
    ],
    [
      0.7117840051651001,
      0.32206618785858154,
      0.38955870270729065,
      1.0,
      0.46705153584480286,
      0.24261391162872314,
      0.39538121223449707,
      0.29338645935058594,
      0.7383180856704712,
      0.558564305305481,
      0.29662609100341797,
      0.4193592667579651,
      0.3954676687717438,
      0.3191002607345581,
      0.34729018807411194,
      0.47817349433898926
    ],
    [
      0.4683595299720764,
      0.2708089351654053,
      0.29421329498291016,
      0.46705153584480286,
      1.0,
      0.3245309591293335,
      0.38315871357917786,
      0.471363365650177,
      0.44395968317985535,
      0.4850481152534485,
      0.321948766708374,
      0.3263084590435028,
      0.33918601274490356,
      0.24494177103042603,
      0.2917742133140564,
      0.31638941168785095
    ],
    [
      0.3120375871658325,
      0.32601797580718994,
      0.20851494371891022,
      0.24261391162872314,
      0.3245309591293335,
      1.0,
      0.28715673089027405,
      0.19028742611408234,
      0.2755501866340637,
      0.32744383811950684,
      0.3375653624534607,
      0.2980495095252991,
      0.29937270283699036,
      0.3713277280330658,
      0.13840265572071075,
      0.2762796878814697
    ],
    [
      0.4654824435710907,
      0.21591506898403168,
      0.2599433362483978,
      0.39538121223449707,
      0.38315871357917786,
      0.28715673089027405,
      1.0,
      0.21424615383148193,
      0.4299980700016022,
      0.3985953629016876,
      0.4024495482444763,
      0.3061077892780304,
      0.38124415278434753,
      0.3021557331085205,
      0.31045985221862793,
      0.3259720504283905
    ],
    [
      0.3250211775302887,
      0.2198229283094406,
      0.1870099902153015,
      0.29338645935058594,
      0.471363365650177,
      0.19028742611408234,
      0.21424615383148193,
      1.0,
      0.24659021198749542,
      0.30273979902267456,
      0.26479682326316833,
      0.26111769676208496,
      0.2900984585285187,
      0.1979607790708542,
      0.3183860778808594,
      0.27231234312057495
    ],
    [
      0.6981150507926941,
      0.2948434054851532,
      0.43229806423187256,
      0.7383180856704712,
      0.44395968317985535,
      0.2755501866340637,
      0.4299980700016022,
      0.24659021198749542,
      1.0,
      0.5531825423240662,
      0.28094035387039185,
      0.4366915225982666,
      0.34393733739852905,
      0.26737284660339355,
      0.2377137392759323,
      0.35644397139549255
    ],
    [
      0.5480163097381592,
      0.27414417266845703,
      0.3772496283054352,
      0.558564305305481,
      0.4850481152534485,
      0.32744383811950684,
      0.3985953629016876,
      0.30273979902267456,
      0.5531825423240662,
      1.0,
      0.37642204761505127,
      0.3782671391963959,
      0.4038146734237671,
      0.38384154438972473,
      0.32049310207366943,
      0.3542848527431488
    ],
    [
      0.40779829025268555,
      0.3943312168121338,
      0.276521772146225,
      0.29662609100341797,
      0.321948766708374,
      0.3375653624534607,
      0.4024495482444763,
      0.26479682326316833,
      0.28094035387039185,
      0.37642204761505127,
      0.9999999403953552,
      0.3224184215068817,
      0.30284950137138367,
      0.47257840633392334,
      0.30590054392814636,
      0.2837665379047394
    ],
    [
      0.3744857907295227,
      0.5165823101997375,
      0.7175926566123962,
      0.4193592667579651,
      0.3263084590435028,
      0.2980495095252991,
      0.3061077892780304,
      0.26111769676208496,
      0.4366915225982666,
      0.3782671391963959,
      0.3224184215068817,
      1.0,
      0.3563076853752136,
      0.26475954055786133,
      0.3149934411048889,
      0.2853774428367615
    ],
    [
      0.39274129271507263,
      0.30840590596199036,
      0.27263036370277405,
      0.3954676687717438,
      0.33918601274490356,
      0.29937270283699036,
      0.38124415278434753,
      0.2900984585285187,
      0.34393733739852905,
      0.4038146734237671,
      0.30284950137138367,
      0.3563076853752136,
      1.0000001192092896,
      0.3907214105129242,
      0.4755688011646271,
      0.4023156762123108
    ],
    [
      0.34027737379074097,
      0.34185168147087097,
      0.2028130739927292,
      0.3191002607345581,
      0.24494177103042603,
      0.3713277280330658,
      0.3021557331085205,
      0.1979607790708542,
      0.26737284660339355,
      0.38384154438972473,
      0.47257840633392334,
      0.26475954055786133,
      0.3907214105129242,
      1.0,
      0.32551109790802,
      0.3386274576187134
    ],
    [
      0.34726378321647644,
      0.25147804617881775,
      0.23090440034866333,
      0.34729018807411194,
      0.2917742133140564,
      0.13840265572071075,
      0.31045985221862793,
      0.3183860778808594,
      0.2377137392759323,
      0.32049310207366943,
      0.30590054392814636,
      0.3149934411048889,
      0.4755688011646271,
      0.32551109790802,
      0.9999999403953552,
      0.394706130027771
    ],
    [
      0.41555076837539673,
      0.30593210458755493,
      0.24333718419075012,
      0.47817349433898926,
      0.31638941168785095,
      0.2762796878814697,
      0.3259720504283905,
      0.27231234312057495,
      0.35644397139549255,
      0.3542848527431488,
      0.2837665379047394,
      0.2853774428367615,
      0.4023156762123108,
      0.3386274576187134,
      0.394706130027771,
      1.0000001192092896
    ]
  ]
}