{
  "game_number": 209,
  "words": [
    "LICK",
    "OUNCE",
    "SHRED",
    "TRACE",
    "EXPONENT",
    "POWER",
    "RADICAL",
    "ROOT",
    "BATH",
    "POWDER",
    "REST",
    "THRONE",
    "ANTIC",
    "CAPER",
    "EXPLOIT",
    "STUNT"
  ],
  "adjacency_matrix": [
    [
      1.0,
      0.19894270598888397,
      0.37476587295532227,
      0.36610743403434753,
      0.19712790846824646,
      0.3119453489780426,
      0.12423962354660034,
      0.34158098697662354,
      0.40705493092536926,
      0.4241868555545807,
      0.3708462715148926,
      0.2787925899028778,
      0.23979869484901428,
      0.24760989844799042,
      0.3053063154220581,
      0.22445163130760193
    ],
    [
      0.19894270598888397,
      0.9999998807907104,
      0.2038983553647995,
      0.11248879879713058,
      0.17997100949287415,
      0.18346810340881348,
      0.02169661782681942,
      0.1290498822927475,
      0.1774623543024063,
      0.2887527644634247,
      0.1508050113916397,
      0.10218015313148499,
      0.132942333817482,
      0.20046617090702057,
      0.11888878792524338,
      0.09674402326345444
    ],
    [
      0.37476587295532227,
      0.2038983553647995,
      1.0,
      0.4494032561779022,
      0.268050879240036,
      0.39426860213279724,
      0.31795427203178406,
      0.3501526713371277,
      0.20451763272285461,
      0.3012616038322449,
      0.37961825728416443,
      0.19747225940227509,
      0.3929324448108673,
      0.30634742975234985,
      0.3751077353954315,
      0.2957277297973633
    ],
    [
      0.36610743403434753,
      0.11248879879713058,
      0.4494032561779022,
      1.0,
      0.35092893242836,
      0.4151548743247986,
      0.3598935306072235,
      0.49782437086105347,
      0.2682033181190491,
      0.3553226590156555,
      0.45959433913230896,
      0.21380969882011414,
      0.3746088445186615,
      0.3254011571407318,
      0.4050620198249817,
      0.2508416175842285
    ],
    [
      0.19712790846824646,
      0.17997100949287415,
      0.268050879240036,
      0.35092893242836,
      0.9999999403953552,
      0.4337061643600464,
      0.44342002272605896,
      0.400535523891449,
      0.26833879947662354,
      0.28134292364120483,
      0.3242217004299164,
      0.2600449025630951,
      0.35269472002983093,
      0.24201029539108276,
      0.31086111068725586,
      0.2695356607437134
    ],
    [
      0.3119453489780426,
      0.18346810340881348,
      0.39426860213279724,
      0.4151548743247986,
      0.4337061643600464,
      0.9999999403953552,
      0.41566115617752075,
      0.48422399163246155,
      0.4132663309574127,
      0.34912019968032837,
      0.5038034319877625,
      0.5179411172866821,
      0.36700278520584106,
      0.3250964879989624,
      0.44134217500686646,
      0.34354060888290405
    ],
    [
      0.12423962354660034,
      0.02169661782681942,
      0.31795427203178406,
      0.3598935306072235,
      0.44342002272605896,
      0.41566115617752075,
      0.9999999403953552,
      0.398476243019104,
      0.22579096257686615,
      0.2566162347793579,
      0.35744351148605347,
      0.21858921647071838,
      0.5502510070800781,
      0.3177238404750824,
      0.3211503326892853,
      0.3399795591831207
    ],
    [
      0.34158098697662354,
      0.1290498822927475,
      0.3501526713371277,
      0.49782437086105347,
      0.400535523891449,
      0.48422399163246155,
      0.398476243019104,
      1.0,
      0.333088755607605,
      0.3407350182533264,
      0.442837119102478,
      0.3522067666053772,
      0.3617769479751587,
      0.4050390422344208,
      0.3862253427505493,
      0.31468987464904785
    ],
    [
      0.40705493092536926,
      0.1774623543024063,
      0.20451763272285461,
      0.2682033181190491,
      0.26833879947662354,
      0.4132663309574127,
      0.22579096257686615,
      0.333088755607605,
      1.0,
      0.4710755944252014,
      0.44496065378189087,
      0.39458757638931274,
      0.26640626788139343,
      0.33780786395072937,
      0.2399549037218094,
      0.283445805311203
    ],
    [
      0.4241868555545807,
      0.2887527644634247,
      0.3012616038322449,
      0.3553226590156555,
      0.28134292364120483,
      0.34912019968032837,
      0.2566162347793579,
      0.3407350182533264,
      0.4710755944252014,
      1.0,
      0.35032597184181213,
      0.2548219561576843,
      0.28220364451408386,
      0.3557354509830475,
      0.25207340717315674,
      0.25501465797424316
    ],
    [
      0.3708462715148926,
      0.1508050113916397,
      0.37961825728416443,
      0.45959433913230896,
      0.3242217004299164,
      0.5038034319877625,
      0.35744351148605347,
      0.442837119102478,
      0.44496065378189087,
      0.35032597184181213,
      1.0,
      0.40408045053482056,
      0.39074936509132385,
      0.3643035888671875,
      0.38878753781318665,
      0.34373775124549866
    ],
    [
      0.2787925899028778,
      0.10218015313148499,
      0.19747225940227509,
      0.21380969882011414,
      0.2600449025630951,
      0.5179411172866821,
      0.21858921647071838,
      0.3522067666053772,
      0.39458757638931274,
      0.2548219561576843,
      0.40408045053482056,
      1.0,
      0.2818378806114197,
      0.26189562678337097,
      0.256657212972641,
      0.2171793431043625
    ],
    [
      0.23979869484901428,
      0.132942333817482,
      0.3929324448108673,
      0.3746088445186615,
      0.35269472002983093,
      0.36700278520584106,
      0.5502510070800781,
      0.3617769479751587,
      0.26640626788139343,
      0.28220364451408386,
      0.39074936509132385,
      0.2818378806114197,
      1.0,
      0.5378658771514893,
      0.3652891516685486,
      0.4516676664352417
    ],
    [
      0.24760989844799042,
      0.20046617090702057,
      0.30634742975234985,
      0.3254011571407318,
      0.24201029539108276,
      0.3250964879989624,
      0.3177238404750824,
      0.4050390422344208,
      0.33780786395072937,
      0.3557354509830475,
      0.3643035888671875,
      0.26189562678337097,
      0.5378658771514893,
      0.9999999403953552,
      0.32169023156166077,
      0.5294137597084045
    ],
    [
      0.3053063154220581,
      0.11888878792524338,
      0.3751077353954315,
      0.4050620198249817,
      0.31086111068725586,
      0.44134217500686646,
      0.3211503326892853,
      0.3862253427505493,
      0.2399549037218094,
      0.25207340717315674,
      0.38878753781318665,
      0.256657212972641,
      0.3652891516685486,
      0.32169023156166077,
      1.0,
      0.36236003041267395
    ],
    [
      0.22445163130760193,
      0.09674402326345444,
      0.2957277297973633,
      0.2508416175842285,
      0.2695356607437134,
      0.34354060888290405,
      0.3399795591831207,
      0.31468987464904785,
      0.283445805311203,
      0.25501465797424316,
      0.34373775124549866,
      0.2171793431043625,
      0.4516676664352417,
      0.5294137597084045,
      0.36236003041267395,
      1.0
    ]
  ]
}