{
  "game_number": 56,
  "words": [
    "BUTTON",
    "NEEDLE",
    "SCISSORS",
    "THREAD",
    "FILM",
    "RECORD",
    "SHOOT",
    "TAPE",
    "HITMAN",
    "ROCK",
    "SNAKE",
    "UNDERTAKER",
    "MUSEUM",
    "PAPER",
    "POETIC",
    "SEAL"
  ],
  "adjacency_matrix": [
    [
      1.0,
      0.40597161650657654,
      0.3060893714427948,
      0.35006996989250183,
      0.24552913010120392,
      0.30138468742370605,
      0.32320255041122437,
      0.35704505443573,
      0.2105327546596527,
      0.33552882075309753,
      0.2564510405063629,
      0.18726807832717896,
      0.2676255404949188,
      0.2963067889213562,
      0.17387939989566803,
      0.30432257056236267
    ],
    [
      0.40597161650657654,
      0.9999999403953552,
      0.45713499188423157,
      0.5673069357872009,
      0.3328320384025574,
      0.3774145245552063,
      0.4216773211956024,
      0.4733281433582306,
      0.26936665177345276,
      0.39696675539016724,
      0.41570907831192017,
      0.25564855337142944,
      0.2712363004684448,
      0.30243682861328125,
      0.3330499529838562,
      0.3912418782711029
    ],
    [
      0.3060893714427948,
      0.45713499188423157,
      0.9999999403953552,
      0.3320060670375824,
      0.3005903661251068,
      0.21314644813537598,
      0.33077868819236755,
      0.394706130027771,
      0.3051464557647705,
      0.4431333541870117,
      0.362893670797348,
      0.2588779628276825,
      0.2760418951511383,
      0.42254748940467834,
      0.28123870491981506,
      0.2712951600551605
    ],
    [
      0.35006996989250183,
      0.5673069357872009,
      0.3320060670375824,
      1.0,
      0.3915238380432129,
      0.3614194393157959,
      0.3469923734664917,
      0.4235512912273407,
      0.2387080043554306,
      0.2875828742980957,
      0.39568206667900085,
      0.19499385356903076,
      0.3133534789085388,
      0.4227563738822937,
      0.32191774249076843,
      0.3135247826576233
    ],
    [
      0.24552913010120392,
      0.3328320384025574,
      0.3005903661251068,
      0.3915238380432129,
      0.9999999403953552,
      0.41957536339759827,
      0.5109140872955322,
      0.48801615834236145,
      0.3606346547603607,
      0.3825799524784088,
      0.36643344163894653,
      0.2779671251773834,
      0.44953998923301697,
      0.456708163022995,
      0.3918018937110901,
      0.3372538387775421
    ],
    [
      0.30138468742370605,
      0.3774145245552063,
      0.21314644813537598,
      0.3614194393157959,
      0.41957536339759827,
      1.0,
      0.3455599546432495,
      0.5528319478034973,
      0.2842315435409546,
      0.37427791953086853,
      0.26351553201675415,
      0.2927086353302002,
      0.3597404658794403,
      0.4202011525630951,
      0.3634512424468994,
      0.47846749424934387
    ],
    [
      0.32320255041122437,
      0.4216773211956024,
      0.33077868819236755,
      0.3469923734664917,
      0.5109140872955322,
      0.3455599546432495,
      0.9999999403953552,
      0.3754240572452545,
      0.4598773717880249,
      0.33365604281425476,
      0.34802374243736267,
      0.2853565812110901,
      0.26863574981689453,
      0.27907177805900574,
      0.24260948598384857,
      0.34431931376457214
    ],
    [
      0.35704505443573,
      0.4733281433582306,
      0.394706130027771,
      0.4235512912273407,
      0.48801615834236145,
      0.5528319478034973,
      0.3754240572452545,
      1.0000001192092896,
      0.2525895833969116,
      0.3554776906967163,
      0.3593828082084656,
      0.27246978878974915,
      0.27095893025398254,
      0.4973716735839844,
      0.2733134925365448,
      0.44567549228668213
    ],
    [
      0.2105327546596527,
      0.26936665177345276,
      0.3051464557647705,
      0.2387080043554306,
      0.3606346547603607,
      0.2842315435409546,
      0.4598773717880249,
      0.2525895833969116,
      1.0,
      0.28709399700164795,
      0.31903761625289917,
      0.5129401683807373,
      0.22026722133159637,
      0.20905651152133942,
      0.2743905782699585,
      0.2899616062641144
    ],
    [
      0.33552882075309753,
      0.39696675539016724,
      0.4431333541870117,
      0.2875828742980957,
      0.3825799524784088,
      0.37427791953086853,
      0.33365604281425476,
      0.3554776906967163,
      0.28709399700164795,
      1.0,
      0.43601012229919434,
      0.27786529064178467,
      0.3891960382461548,
      0.32850781083106995,
      0.4186292588710785,
      0.371124804019928
    ],
    [
      0.2564510405063629,
      0.41570907831192017,
      0.362893670797348,
      0.39568206667900085,
      0.36643344163894653,
      0.26351553201675415,
      0.34802374243736267,
      0.3593828082084656,
      0.31903761625289917,
      0.43601012229919434,
      0.9999999403953552,
      0.34124815464019775,
      0.33199799060821533,
      0.33281683921813965,
      0.2764931321144104,
      0.38986197113990784
    ],
    [
      0.18726807832717896,
      0.25564855337142944,
      0.2588779628276825,
      0.19499385356903076,
      0.2779671251773834,
      0.2927086353302002,
      0.2853565812110901,
      0.27246978878974915,
      0.5129401683807373,
      0.27786529064178467,
      0.34124815464019775,
      1.0,
      0.33863815665245056,
      0.3086625635623932,
      0.20297417044639587,
      0.29067400097846985
    ],
    [
      0.2676255404949188,
      0.2712363004684448,
      0.2760418951511383,
      0.3133534789085388,
      0.44953998923301697,
      0.3597404658794403,
      0.26863574981689453,
      0.27095893025398254,
      0.22026722133159637,
      0.3891960382461548,
      0.33199799060821533,
      0.33863815665245056,
      0.9999999403953552,
      0.35751813650131226,
      0.29171136021614075,
      0.31044280529022217
    ],
    [
      0.2963067889213562,
      0.30243682861328125,
      0.42254748940467834,
      0.4227563738822937,
      0.456708163022995,
      0.4202011525630951,
      0.27907177805900574,
      0.4973716735839844,
      0.20905651152133942,
      0.32850781083106995,
      0.33281683921813965,
      0.3086625635623932,
      0.35751813650131226,
      1.0,
      0.32815083861351013,
      0.36722683906555176
    ],
    [
      0.17387939989566803,
      0.3330499529838562,
      0.28123870491981506,
      0.32191774249076843,
      0.3918018937110901,
      0.3634512424468994,
      0.24260948598384857,
      0.2733134925365448,
      0.2743905782699585,
      0.4186292588710785,
      0.2764931321144104,
      0.20297417044639587,
      0.29171136021614075,
      0.32815083861351013,
      1.0,
      0.32865428924560547
    ],
    [
      0.30432257056236267,
      0.3912418782711029,
      0.2712951600551605,
      0.3135247826576233,
      0.3372538387775421,
      0.47846749424934387,
      0.34431931376457214,
      0.44567549228668213,
      0.2899616062641144,
      0.371124804019928,
      0.38986197113990784,
      0.29067400097846985,
      0.31044280529022217,
      0.36722683906555176,
      0.32865428924560547,
      1.0
    ]
  ]
}