{
  "game_number": 556,
  "words": [
    "FISH",
    "FORAGE",
    "HUNT",
    "TRAP",
    "BOUNCE",
    "CRUNK",
    "DRILL",
    "GRIME",
    "BEER",
    "BULB",
    "RAIL",
    "YEAR",
    "ACORN",
    "CONE",
    "POLLEN",
    "SAP"
  ],
  "adjacency_matrix": [
    [
      1.0,
      0.42512983083724976,
      0.5398002862930298,
      0.45916786789894104,
      0.2864081561565399,
      0.2538452744483948,
      0.33982715010643005,
      0.25506892800331116,
      0.4350011944770813,
      0.2912086248397827,
      0.3904297351837158,
      0.23166029155254364,
      0.3461235761642456,
      0.37205320596694946,
      0.278950035572052,
      0.28017541766166687
    ],
    [
      0.42512983083724976,
      1.0,
      0.4895072877407074,
      0.373790979385376,
      0.2728118300437927,
      0.26077598333358765,
      0.3625071346759796,
      0.1682148426771164,
      0.3195132911205292,
      0.28573471307754517,
      0.35038691759109497,
      0.20782455801963806,
      0.35873761773109436,
      0.2682064473628998,
      0.30281805992126465,
      0.32492879033088684
    ],
    [
      0.5398002862930298,
      0.4895072877407074,
      1.0,
      0.5358250141143799,
      0.3436064124107361,
      0.28815382719039917,
      0.47600746154785156,
      0.261788010597229,
      0.3501259982585907,
      0.16997098922729492,
      0.30298253893852234,
      0.3265213370323181,
      0.319401353597641,
      0.2666279375553131,
      0.23234616219997406,
      0.25258827209472656
    ],
    [
      0.45916786789894104,
      0.373790979385376,
      0.5358250141143799,
      1.0,
      0.5055683255195618,
      0.3958072364330292,
      0.39830517768859863,
      0.3630360960960388,
      0.31690534949302673,
      0.22737330198287964,
      0.4063229262828827,
      0.2234094738960266,
      0.2964550256729126,
      0.4513067603111267,
      0.3197927176952362,
      0.31646716594696045
    ],
    [
      0.2864081561565399,
      0.2728118300437927,
      0.3436064124107361,
      0.5055683255195618,
      1.0000001192092896,
      0.4186078906059265,
      0.3410055339336395,
      0.2898169755935669,
      0.31955212354660034,
      0.22199589014053345,
      0.33895668387413025,
      0.2555508315563202,
      0.2612396776676178,
      0.4172556698322296,
      0.24408650398254395,
      0.2802366614341736
    ],
    [
      0.2538452744483948,
      0.26077598333358765,
      0.28815382719039917,
      0.3958072364330292,
      0.4186078906059265,
      0.9999999403953552,
      0.29266563057899475,
      0.5076920986175537,
      0.3762446939945221,
      0.1928732991218567,
      0.3389686942100525,
      0.17558600008487701,
      0.2787889838218689,
      0.3042275607585907,
      0.20684045553207397,
      0.26876622438430786
    ],
    [
      0.33982715010643005,
      0.3625071346759796,
      0.47600746154785156,
      0.39830517768859863,
      0.3410055339336395,
      0.29266563057899475,
      1.0,
      0.23544903099536896,
      0.2520056664943695,
      0.24492673575878143,
      0.33655720949172974,
      0.27179476618766785,
      0.2806861400604248,
      0.35506969690322876,
      0.17956070601940155,
      0.2847196161746979
    ],
    [
      0.25506892800331116,
      0.1682148426771164,
      0.261788010597229,
      0.3630360960960388,
      0.2898169755935669,
      0.5076920986175537,
      0.23544903099536896,
      1.0000001192092896,
      0.26880207657814026,
      0.15995994210243225,
      0.31784290075302124,
      0.23655229806900024,
      0.11429087817668915,
      0.21460391581058502,
      0.29024261236190796,
      0.20261037349700928
    ],
    [
      0.4350011944770813,
      0.3195132911205292,
      0.3501259982585907,
      0.31690534949302673,
      0.31955212354660034,
      0.3762446939945221,
      0.2520056664943695,
      0.26880207657814026,
      1.0,
      0.30203181505203247,
      0.38361024856567383,
      0.2483578771352768,
      0.2740783393383026,
      0.3654145300388336,
      0.24678188562393188,
      0.32601577043533325
    ],
    [
      0.2912086248397827,
      0.28573471307754517,
      0.16997098922729492,
      0.22737330198287964,
      0.22199589014053345,
      0.1928732991218567,
      0.24492673575878143,
      0.15995994210243225,
      0.30203181505203247,
      1.0,
      0.32703638076782227,
      0.20600630342960358,
      0.4092910885810852,
      0.42683088779449463,
      0.28124821186065674,
      0.3948453664779663
    ],
    [
      0.3904297351837158,
      0.35038691759109497,
      0.30298253893852234,
      0.4063229262828827,
      0.33895668387413025,
      0.3389686942100525,
      0.33655720949172974,
      0.31784290075302124,
      0.38361024856567383,
      0.32703638076782227,
      1.0,
      0.23212094604969025,
      0.26347726583480835,
      0.3815743625164032,
      0.29450029134750366,
      0.22450856864452362
    ],
    [
      0.23166029155254364,
      0.20782455801963806,
      0.3265213370323181,
      0.2234094738960266,
      0.2555508315563202,
      0.17558600008487701,
      0.27179476618766785,
      0.23655229806900024,
      0.2483578771352768,
      0.20600630342960358,
      0.23212094604969025,
      1.0,
      0.18961861729621887,
      0.24382399022579193,
      0.11672528833150864,
      0.13313524425029755
    ],
    [
      0.3461235761642456,
      0.35873761773109436,
      0.319401353597641,
      0.2964550256729126,
      0.2612396776676178,
      0.2787889838218689,
      0.2806861400604248,
      0.11429087817668915,
      0.2740783393383026,
      0.4092910885810852,
      0.26347726583480835,
      0.18961861729621887,
      1.0,
      0.4057483673095703,
      0.3138064444065094,
      0.42234286665916443
    ],
    [
      0.37205320596694946,
      0.2682064473628998,
      0.2666279375553131,
      0.4513067603111267,
      0.4172556698322296,
      0.3042275607585907,
      0.35506969690322876,
      0.21460391581058502,
      0.3654145300388336,
      0.42683088779449463,
      0.3815743625164032,
      0.24382399022579193,
      0.4057483673095703,
      1.0,
      0.39897236227989197,
      0.29757699370384216
    ],
    [
      0.278950035572052,
      0.30281805992126465,
      0.23234616219997406,
      0.3197927176952362,
      0.24408650398254395,
      0.20684045553207397,
      0.17956070601940155,
      0.29024261236190796,
      0.24678188562393188,
      0.28124821186065674,
      0.29450029134750366,
      0.11672528833150864,
      0.3138064444065094,
      0.39897236227989197,
      1.0,
      0.331990122795105
    ],
    [
      0.28017541766166687,
      0.32492879033088684,
      0.25258827209472656,
      0.31646716594696045,
      0.2802366614341736,
      0.26876622438430786,
      0.2847196161746979,
      0.20261037349700928,
      0.32601577043533325,
      0.3948453664779663,
      0.22450856864452362,
      0.13313524425029755,
      0.42234286665916443,
      0.29757699370384216,
      0.331990122795105,
      1.0
    ]
  ]
}