{
  "game_number": 259,
  "words": [
    "JOB",
    "POSITION",
    "POST",
    "STATION",
    "COIN",
    "COMIC",
    "RECORD",
    "STAMP",
    "LETTER",
    "MAIL",
    "REACTION",
    "STORE",
    "BROWN",
    "CHAR",
    "GRILL",
    "SEAR"
  ],
  "adjacency_matrix": [
    [
      1.0,
      0.6237525939941406,
      0.528685450553894,
      0.40563318133354187,
      0.29015833139419556,
      0.37525734305381775,
      0.43705785274505615,
      0.36903098225593567,
      0.31999048590660095,
      0.4044337868690491,
      0.38127461075782776,
      0.40958693623542786,
      0.2608482539653778,
      0.22393769025802612,
      0.34163224697113037,
      0.2930380702018738
    ],
    [
      0.6237525939941406,
      0.9999999403953552,
      0.5902966856956482,
      0.41855940222740173,
      0.32706204056739807,
      0.3389100730419159,
      0.5021534562110901,
      0.3728664219379425,
      0.3730822801589966,
      0.2699306011199951,
      0.44020095467567444,
      0.38313084840774536,
      0.2848784029483795,
      0.20411287248134613,
      0.34588155150413513,
      0.3611569404602051
    ],
    [
      0.528685450553894,
      0.5902966856956482,
      0.9999999403953552,
      0.39965930581092834,
      0.3373551070690155,
      0.37874987721443176,
      0.47798988223075867,
      0.4508000910282135,
      0.43454939126968384,
      0.4844758212566376,
      0.4121096730232239,
      0.5098677277565002,
      0.32551661133766174,
      0.21539975702762604,
      0.3698959946632385,
      0.3479560613632202
    ],
    [
      0.40563318133354187,
      0.41855940222740173,
      0.39965930581092834,
      1.0,
      0.234500914812088,
      0.27395886182785034,
      0.4064962863922119,
      0.3585624098777771,
      0.2669028043746948,
      0.30992594361305237,
      0.33931419253349304,
      0.47903338074684143,
      0.28553271293640137,
      0.20957475900650024,
      0.3790785074234009,
      0.23247238993644714
    ],
    [
      0.29015833139419556,
      0.32706204056739807,
      0.3373551070690155,
      0.234500914812088,
      1.0000001192092896,
      0.33918482065200806,
      0.26873552799224854,
      0.5185673832893372,
      0.29670265316963196,
      0.3364177942276001,
      0.2375745326280594,
      0.33013659715652466,
      0.3284437358379364,
      0.1700141578912735,
      0.3048413097858429,
      0.2890518307685852
    ],
    [
      0.37525734305381775,
      0.3389100730419159,
      0.37874987721443176,
      0.27395886182785034,
      0.33918482065200806,
      1.0,
      0.29653140902519226,
      0.3851388394832611,
      0.30045223236083984,
      0.32391345500946045,
      0.4039834141731262,
      0.36369386315345764,
      0.36728909611701965,
      0.3033219575881958,
      0.2707611322402954,
      0.2893635630607605
    ],
    [
      0.43705785274505615,
      0.5021534562110901,
      0.47798988223075867,
      0.4064962863922119,
      0.26873552799224854,
      0.29653140902519226,
      1.0,
      0.4269500970840454,
      0.3515577018260956,
      0.33336856961250305,
      0.3797887861728668,
      0.4900544285774231,
      0.32130029797554016,
      0.18389606475830078,
      0.33940389752388,
      0.3483036756515503
    ],
    [
      0.36903098225593567,
      0.3728664219379425,
      0.4508000910282135,
      0.3585624098777771,
      0.5185673832893372,
      0.3851388394832611,
      0.4269500970840454,
      1.0,
      0.4516579508781433,
      0.48990508913993835,
      0.3449593186378479,
      0.3928026854991913,
      0.37923163175582886,
      0.2618991732597351,
      0.38313189148902893,
      0.356048583984375
    ],
    [
      0.31999048590660095,
      0.3730822801589966,
      0.43454939126968384,
      0.2669028043746948,
      0.29670265316963196,
      0.30045223236083984,
      0.3515577018260956,
      0.4516579508781433,
      1.0,
      0.5307267308235168,
      0.3522910475730896,
      0.26794159412384033,
      0.2851698398590088,
      0.2716679573059082,
      0.30199164152145386,
      0.26884913444519043
    ],
    [
      0.4044337868690491,
      0.2699306011199951,
      0.4844758212566376,
      0.30992594361305237,
      0.3364177942276001,
      0.32391345500946045,
      0.33336856961250305,
      0.48990508913993835,
      0.5307267308235168,
      1.0,
      0.3401941955089569,
      0.42553016543388367,
      0.38800540566444397,
      0.22835920751094818,
      0.3037509024143219,
      0.23401519656181335
    ],
    [
      0.38127461075782776,
      0.44020095467567444,
      0.4121096730232239,
      0.33931419253349304,
      0.2375745326280594,
      0.4039834141731262,
      0.3797887861728668,
      0.3449593186378479,
      0.3522910475730896,
      0.3401941955089569,
      1.0,
      0.34325891733169556,
      0.32841381430625916,
      0.22151318192481995,
      0.33975711464881897,
      0.36319056153297424
    ],
    [
      0.40958693623542786,
      0.38313084840774536,
      0.5098677277565002,
      0.47903338074684143,
      0.33013659715652466,
      0.36369386315345764,
      0.4900544285774231,
      0.3928026854991913,
      0.26794159412384033,
      0.42553016543388367,
      0.34325891733169556,
      1.0,
      0.319659560918808,
      0.2879370450973511,
      0.38770756125450134,
      0.38736119866371155
    ],
    [
      0.2608482539653778,
      0.2848784029483795,
      0.32551661133766174,
      0.28553271293640137,
      0.3284437358379364,
      0.36728909611701965,
      0.32130029797554016,
      0.37923163175582886,
      0.2851698398590088,
      0.38800540566444397,
      0.32841381430625916,
      0.319659560918808,
      1.0,
      0.39393654465675354,
      0.4173164963722229,
      0.38339346647262573
    ],
    [
      0.22393769025802612,
      0.20411287248134613,
      0.21539975702762604,
      0.20957475900650024,
      0.1700141578912735,
      0.3033219575881958,
      0.18389606475830078,
      0.2618991732597351,
      0.2716679573059082,
      0.22835920751094818,
      0.22151318192481995,
      0.2879370450973511,
      0.39393654465675354,
      1.0,
      0.3994690179824829,
      0.4256940186023712
    ],
    [
      0.34163224697113037,
      0.34588155150413513,
      0.3698959946632385,
      0.3790785074234009,
      0.3048413097858429,
      0.2707611322402954,
      0.33940389752388,
      0.38313189148902893,
      0.30199164152145386,
      0.3037509024143219,
      0.33975711464881897,
      0.38770756125450134,
      0.4173164963722229,
      0.3994690179824829,
      1.0,
      0.5459465980529785
    ],
    [
      0.2930380702018738,
      0.3611569404602051,
      0.3479560613632202,
      0.23247238993644714,
      0.2890518307685852,
      0.2893635630607605,
      0.3483036756515503,
      0.356048583984375,
      0.26884913444519043,
      0.23401519656181335,
      0.36319056153297424,
      0.38736119866371155,
      0.38339346647262573,
      0.4256940186023712,
      0.5459465980529785,
      0.9999999403953552
    ]
  ]
}