{
  "game_number": 363,
  "words": [
    "BUMP",
    "BUTT",
    "KNOCK",
    "RAM",
    "FUZZ",
    "NOISE",
    "SNOW",
    "STATIC",
    "BLOODY",
    "HAIL",
    "PROUD",
    "VIRGIN",
    "ACCEPT",
    "BELIEVE",
    "BUY",
    "SWALLOW"
  ],
  "adjacency_matrix": [
    [
      1.0,
      0.5150272250175476,
      0.5854622721672058,
      0.4139319956302643,
      0.49261513352394104,
      0.41852638125419617,
      0.39026564359664917,
      0.33104947209358215,
      0.37764304876327515,
      0.38935229182243347,
      0.2621535658836365,
      0.2540726661682129,
      0.35766273736953735,
      0.29090985655784607,
      0.38673800230026245,
      0.41417354345321655
    ],
    [
      0.5150272250175476,
      1.0,
      0.4930073022842407,
      0.41066327691078186,
      0.4510357975959778,
      0.3304721713066101,
      0.31758689880371094,
      0.2609332203865051,
      0.43827277421951294,
      0.3775313198566437,
      0.3303501605987549,
      0.2976160943508148,
      0.25923556089401245,
      0.2064569741487503,
      0.27624326944351196,
      0.333208829164505
    ],
    [
      0.5854622721672058,
      0.4930073022842407,
      1.0,
      0.3956260085105896,
      0.3933109939098358,
      0.43025970458984375,
      0.31911733746528625,
      0.32313069701194763,
      0.3969963490962982,
      0.4658103287220001,
      0.30841800570487976,
      0.24712127447128296,
      0.38096338510513306,
      0.32182756066322327,
      0.4559761583805084,
      0.46880924701690674
    ],
    [
      0.4139319956302643,
      0.41066327691078186,
      0.3956260085105896,
      1.0,
      0.2592703700065613,
      0.2938021123409271,
      0.24003994464874268,
      0.298309862613678,
      0.29667750000953674,
      0.34824398159980774,
      0.21048545837402344,
      0.27000734210014343,
      0.24648228287696838,
      0.20492364466190338,
      0.3436901569366455,
      0.38396555185317993
    ],
    [
      0.49261513352394104,
      0.4510357975959778,
      0.3933109939098358,
      0.2592703700065613,
      1.0,
      0.5570927262306213,
      0.40086787939071655,
      0.36404499411582947,
      0.4037834107875824,
      0.3684743642807007,
      0.2507175803184509,
      0.28409433364868164,
      0.22908785939216614,
      0.2580706477165222,
      0.2556772232055664,
      0.3218228220939636
    ],
    [
      0.41852638125419617,
      0.3304721713066101,
      0.43025970458984375,
      0.2938021123409271,
      0.5570927262306213,
      1.0000001192092896,
      0.41444212198257446,
      0.4154042899608612,
      0.3475961685180664,
      0.384378582239151,
      0.2579021155834198,
      0.26893603801727295,
      0.20178020000457764,
      0.264077365398407,
      0.24713289737701416,
      0.31314173340797424
    ],
    [
      0.39026564359664917,
      0.31758689880371094,
      0.31911733746528625,
      0.24003994464874268,
      0.40086787939071655,
      0.41444212198257446,
      1.0,
      0.31406480073928833,
      0.3458186686038971,
      0.46919798851013184,
      0.20522917807102203,
      0.33629748225212097,
      0.2082708477973938,
      0.19238771498203278,
      0.2999180555343628,
      0.2534385919570923
    ],
    [
      0.33104947209358215,
      0.2609332203865051,
      0.32313069701194763,
      0.298309862613678,
      0.36404499411582947,
      0.4154042899608612,
      0.31406480073928833,
      1.0,
      0.39674845337867737,
      0.2756333649158478,
      0.32108327746391296,
      0.26655393838882446,
      0.33053553104400635,
      0.27456772327423096,
      0.22182586789131165,
      0.2533496022224426
    ],
    [
      0.37764304876327515,
      0.43827277421951294,
      0.3969963490962982,
      0.29667750000953674,
      0.4037834107875824,
      0.3475961685180664,
      0.3458186686038971,
      0.39674845337867737,
      1.0,
      0.37722405791282654,
      0.44123172760009766,
      0.3811725080013275,
      0.28726673126220703,
      0.30608007311820984,
      0.27041172981262207,
      0.38525593280792236
    ],
    [
      0.38935229182243347,
      0.3775313198566437,
      0.4658103287220001,
      0.34824398159980774,
      0.3684743642807007,
      0.384378582239151,
      0.46919798851013184,
      0.2756333649158478,
      0.37722405791282654,
      1.0,
      0.3499631881713867,
      0.26586461067199707,
      0.33962202072143555,
      0.3698817193508148,
      0.2818184494972229,
      0.3216216564178467
    ],
    [
      0.2621535658836365,
      0.3303501605987549,
      0.30841800570487976,
      0.21048545837402344,
      0.2507175803184509,
      0.2579021155834198,
      0.20522917807102203,
      0.32108327746391296,
      0.44123172760009766,
      0.3499631881713867,
      1.0,
      0.32039523124694824,
      0.4046171307563782,
      0.43527090549468994,
      0.26329925656318665,
      0.37276408076286316
    ],
    [
      0.2540726661682129,
      0.2976160943508148,
      0.24712127447128296,
      0.27000734210014343,
      0.28409433364868164,
      0.26893603801727295,
      0.33629748225212097,
      0.26655393838882446,
      0.3811725080013275,
      0.26586461067199707,
      0.32039523124694824,
      1.0,
      0.2376251071691513,
      0.22379562258720398,
      0.3064813017845154,
      0.2796572744846344
    ],
    [
      0.35766273736953735,
      0.25923556089401245,
      0.38096338510513306,
      0.24648228287696838,
      0.22908785939216614,
      0.20178020000457764,
      0.2082708477973938,
      0.33053553104400635,
      0.28726673126220703,
      0.33962202072143555,
      0.4046171307563782,
      0.2376251071691513,
      1.0,
      0.5974259376525879,
      0.5607901811599731,
      0.48953044414520264
    ],
    [
      0.29090985655784607,
      0.2064569741487503,
      0.32182756066322327,
      0.20492364466190338,
      0.2580706477165222,
      0.264077365398407,
      0.19238771498203278,
      0.27456772327423096,
      0.30608007311820984,
      0.3698817193508148,
      0.43527090549468994,
      0.22379562258720398,
      0.5974259376525879,
      1.0,
      0.4294270873069763,
      0.3801037073135376
    ],
    [
      0.38673800230026245,
      0.27624326944351196,
      0.4559761583805084,
      0.3436901569366455,
      0.2556772232055664,
      0.24713289737701416,
      0.2999180555343628,
      0.22182586789131165,
      0.27041172981262207,
      0.2818184494972229,
      0.26329925656318665,
      0.3064813017845154,
      0.5607901811599731,
      0.4294270873069763,
      1.0,
      0.4729674160480499
    ],
    [
      0.41417354345321655,
      0.333208829164505,
      0.46880924701690674,
      0.38396555185317993,
      0.3218228220939636,
      0.31314173340797424,
      0.2534385919570923,
      0.2533496022224426,
      0.38525593280792236,
      0.3216216564178467,
      0.37276408076286316,
      0.2796572744846344,
      0.48953044414520264,
      0.3801037073135376,
      0.4729674160480499,
      0.9999999403953552
    ]
  ]
}