{
  "game_number": 605,
  "words": [
    "CHAMELEON",
    "GECKO",
    "IGUANA",
    "MONITOR",
    "COBRA",
    "LOTUS",
    "TREE",
    "WARRIOR",
    "CAN",
    "CHA",
    "GO",
    "NAE",
    "CHICAGO",
    "MUNICH",
    "PHILADELPHIA",
    "RIO"
  ],
  "adjacency_matrix": [
    [
      1.0,
      0.5508376955986023,
      0.5500244498252869,
      0.3057650029659271,
      0.4983524978160858,
      0.31314805150032043,
      0.3040059506893158,
      0.41237205266952515,
      0.24621453881263733,
      0.2566453814506531,
      0.18601417541503906,
      0.19553691148757935,
      0.19597633183002472,
      0.21746328473091125,
      0.2741834819316864,
      0.2947624921798706
    ],
    [
      0.5508376955986023,
      0.9999999403953552,
      0.5694859027862549,
      0.20408646762371063,
      0.45284199714660645,
      0.30408841371536255,
      0.33185938000679016,
      0.20576435327529907,
      0.14308086037635803,
      0.15399698913097382,
      0.07157715409994125,
      0.1632080227136612,
      0.06524500995874405,
      0.131782665848732,
      0.14625032246112823,
      0.1200084239244461
    ],
    [
      0.5500244498252869,
      0.5694859027862549,
      1.0,
      0.23963972926139832,
      0.5200008153915405,
      0.2844109833240509,
      0.3392065465450287,
      0.26476237177848816,
      0.15415127575397491,
      0.22575241327285767,
      0.14572647213935852,
      0.14463764429092407,
      0.1637405902147293,
      0.10757593810558319,
      0.26372185349464417,
      0.25522515177726746
    ],
    [
      0.3057650029659271,
      0.20408646762371063,
      0.23963972926139832,
      1.0,
      0.2624463140964508,
      0.22181737422943115,
      0.30131909251213074,
      0.2873113453388214,
      0.3885769248008728,
      0.1968766152858734,
      0.37240472435951233,
      0.03182082995772362,
      0.18771043419837952,
      0.23011770844459534,
      0.2452465295791626,
      0.20988748967647552
    ],
    [
      0.4983524978160858,
      0.45284199714660645,
      0.5200008153915405,
      0.2624463140964508,
      1.0,
      0.4770803451538086,
      0.3516586422920227,
      0.35419008135795593,
      0.17591170966625214,
      0.3117145001888275,
      0.18976886570453644,
      0.20156331360340118,
      0.23196260631084442,
      0.22085356712341309,
      0.3028489351272583,
      0.30250388383865356
    ],
    [
      0.31314805150032043,
      0.30408841371536255,
      0.2844109833240509,
      0.22181737422943115,
      0.4770803451538086,
      1.0,
      0.41781020164489746,
      0.31094813346862793,
      0.20853285491466522,
      0.3626817762851715,
      0.18594130873680115,
      0.16498148441314697,
      0.20388562977313995,
      0.19210810959339142,
      0.24046774208545685,
      0.21820814907550812
    ],
    [
      0.3040059506893158,
      0.33185938000679016,
      0.3392065465450287,
      0.30131909251213074,
      0.3516586422920227,
      0.41781020164489746,
      1.0,
      0.35519373416900635,
      0.26658785343170166,
      0.24228739738464355,
      0.263933926820755,
      0.0839327722787857,
      0.2583574056625366,
      0.2417839914560318,
      0.3092082440853119,
      0.23254692554473877
    ],
    [
      0.41237205266952515,
      0.20576435327529907,
      0.26476237177848816,
      0.2873113453388214,
      0.35419008135795593,
      0.31094813346862793,
      0.35519373416900635,
      0.9999999403953552,
      0.24068251252174377,
      0.23958414793014526,
      0.26189306378364563,
      0.12144362181425095,
      0.22150975465774536,
      0.2683088183403015,
      0.2388957291841507,
      0.228236585855484
    ],
    [
      0.24621453881263733,
      0.14308086037635803,
      0.15415127575397491,
      0.3885769248008728,
      0.17591170966625214,
      0.20853285491466522,
      0.26658785343170166,
      0.24068251252174377,
      1.0,
      0.27932870388031006,
      0.620215892791748,
      0.19886994361877441,
      0.18474075198173523,
      0.27472925186157227,
      0.26067838072776794,
      0.17396065592765808
    ],
    [
      0.2566453814506531,
      0.15399698913097382,
      0.22575241327285767,
      0.1968766152858734,
      0.3117145001888275,
      0.3626817762851715,
      0.24228739738464355,
      0.23958414793014526,
      0.27932870388031006,
      1.0,
      0.2768716514110565,
      0.4403301775455475,
      0.21931596100330353,
      0.2048671394586563,
      0.2501961588859558,
      0.3840026557445526
    ],
    [
      0.18601417541503906,
      0.07157715409994125,
      0.14572647213935852,
      0.37240472435951233,
      0.18976886570453644,
      0.18594130873680115,
      0.263933926820755,
      0.26189306378364563,
      0.620215892791748,
      0.2768716514110565,
      1.0,
      0.20188452303409576,
      0.3103305995464325,
      0.341931015253067,
      0.3044753074645996,
      0.27013787627220154
    ],
    [
      0.19553691148757935,
      0.1632080227136612,
      0.14463764429092407,
      0.03182082995772362,
      0.20156331360340118,
      0.16498148441314697,
      0.0839327722787857,
      0.12144362181425095,
      0.19886994361877441,
      0.4403301775455475,
      0.20188452303409576,
      1.0,
      0.07223726063966751,
      0.09177206456661224,
      0.09692282229661942,
      0.21233326196670532
    ],
    [
      0.19597633183002472,
      0.06524500995874405,
      0.1637405902147293,
      0.18771043419837952,
      0.23196260631084442,
      0.20388562977313995,
      0.2583574056625366,
      0.22150975465774536,
      0.18474075198173523,
      0.21931596100330353,
      0.3103305995464325,
      0.07223726063966751,
      1.0,
      0.5382108688354492,
      0.6838887333869934,
      0.37412968277931213
    ],
    [
      0.21746328473091125,
      0.131782665848732,
      0.10757593810558319,
      0.23011770844459534,
      0.22085356712341309,
      0.19210810959339142,
      0.2417839914560318,
      0.2683088183403015,
      0.27472925186157227,
      0.2048671394586563,
      0.341931015253067,
      0.09177206456661224,
      0.5382108688354492,
      0.9999999403953552,
      0.553123950958252,
      0.3744591772556305
    ],
    [
      0.2741834819316864,
      0.14625032246112823,
      0.26372185349464417,
      0.2452465295791626,
      0.3028489351272583,
      0.24046774208545685,
      0.3092082440853119,
      0.2388957291841507,
      0.26067838072776794,
      0.2501961588859558,
      0.3044753074645996,
      0.09692282229661942,
      0.6838887333869934,
      0.553123950958252,
      0.9999999403953552,
      0.32120615243911743
    ],
    [
      0.2947624921798706,
      0.1200084239244461,
      0.25522515177726746,
      0.20988748967647552,
      0.30250388383865356,
      0.21820814907550812,
      0.23254692554473877,
      0.228236585855484,
      0.17396065592765808,
      0.3840026557445526,
      0.27013787627220154,
      0.21233326196670532,
      0.37412968277931213,
      0.3744591772556305,
      0.32120615243911743,
      0.9999999403953552
    ]
  ]
}