{
  "game_number": 67,
  "words": [
    "DIVE",
    "ESTABLISHMENT",
    "HAUNT",
    "JOINT",
    "FENCE",
    "RIDE",
    "SHOOT",
    "SWIM",
    "CINCH",
    "GUARANTEE",
    "ICE",
    "LOCK",
    "HEDGE",
    "MUTUAL",
    "SLUSH",
    "TRUST"
  ],
  "adjacency_matrix": [
    [
      1.0,
      0.30061545968055725,
      0.3480212688446045,
      0.35140758752822876,
      0.20200596749782562,
      0.4321611523628235,
      0.4345889985561371,
      0.5530151128768921,
      0.24494576454162598,
      0.29498133063316345,
      0.2556852102279663,
      0.3460741639137268,
      0.2614237368106842,
      0.3264838457107544,
      0.3114766776561737,
      0.32430580258369446
    ],
    [
      0.30061545968055725,
      1.0,
      0.3710225820541382,
      0.5180870294570923,
      0.33450445532798767,
      0.3297370672225952,
      0.3426262140274048,
      0.24319571256637573,
      0.2740534543991089,
      0.4371493458747864,
      0.2579043209552765,
      0.37576884031295776,
      0.32057902216911316,
      0.4341384470462799,
      0.26142722368240356,
      0.43421849608421326
    ],
    [
      0.3480212688446045,
      0.3710225820541382,
      0.9999999403953552,
      0.28237414360046387,
      0.24202154576778412,
      0.4013389050960541,
      0.36112186312675476,
      0.3241908848285675,
      0.3056085407733917,
      0.34743013978004456,
      0.2684212625026703,
      0.39481228590011597,
      0.2560815215110779,
      0.2678253650665283,
      0.27591362595558167,
      0.3751112222671509
    ],
    [
      0.35140758752822876,
      0.5180870294570923,
      0.28237414360046387,
      1.0,
      0.308221697807312,
      0.3332979381084442,
      0.33394110202789307,
      0.30603155493736267,
      0.3174249231815338,
      0.37465909123420715,
      0.3434661328792572,
      0.4058951735496521,
      0.24825714528560638,
      0.5490851402282715,
      0.2836951017379761,
      0.4006045162677765
    ],
    [
      0.20200596749782562,
      0.33450445532798767,
      0.24202154576778412,
      0.308221697807312,
      1.0,
      0.4070056676864624,
      0.3745112717151642,
      0.33105483651161194,
      0.3693981170654297,
      0.3135756850242615,
      0.2752879858016968,
      0.42277881503105164,
      0.5217016339302063,
      0.29609155654907227,
      0.22030165791511536,
      0.3587579131126404
    ],
    [
      0.4321611523628235,
      0.3297370672225952,
      0.4013389050960541,
      0.3332979381084442,
      0.4070056676864624,
      1.0,
      0.46152588725090027,
      0.5106719732284546,
      0.408345490694046,
      0.3630157709121704,
      0.3594026565551758,
      0.4555183947086334,
      0.3716777563095093,
      0.2824157178401947,
      0.3502845764160156,
      0.35613080859184265
    ],
    [
      0.4345889985561371,
      0.3426262140274048,
      0.36112186312675476,
      0.33394110202789307,
      0.3745112717151642,
      0.46152588725090027,
      0.9999999403953552,
      0.4309319257736206,
      0.38013845682144165,
      0.31641724705696106,
      0.302841454744339,
      0.40768879652023315,
      0.3408125042915344,
      0.19354461133480072,
      0.2655312418937683,
      0.2509344220161438
    ],
    [
      0.5530151128768921,
      0.24319571256637573,
      0.3241908848285675,
      0.30603155493736267,
      0.33105483651161194,
      0.5106719732284546,
      0.4309319257736206,
      1.0,
      0.3014813959598541,
      0.23050302267074585,
      0.367928147315979,
      0.37190961837768555,
      0.2862941026687622,
      0.24684464931488037,
      0.3372404873371124,
      0.28499835729599
    ],
    [
      0.24494576454162598,
      0.2740534543991089,
      0.3056085407733917,
      0.3174249231815338,
      0.3693981170654297,
      0.408345490694046,
      0.38013845682144165,
      0.3014813959598541,
      1.0,
      0.35814446210861206,
      0.22062158584594727,
      0.4470444321632385,
      0.305716335773468,
      0.1925525665283203,
      0.3113284409046173,
      0.27548784017562866
    ],
    [
      0.29498133063316345,
      0.4371493458747864,
      0.34743013978004456,
      0.37465909123420715,
      0.3135756850242615,
      0.3630157709121704,
      0.31641724705696106,
      0.23050302267074585,
      0.35814446210861206,
      0.9999999403953552,
      0.251134991645813,
      0.4763689637184143,
      0.33777880668640137,
      0.47825464606285095,
      0.23016761243343353,
      0.5167495608329773
    ],
    [
      0.2556852102279663,
      0.2579043209552765,
      0.2684212625026703,
      0.3434661328792572,
      0.2752879858016968,
      0.3594026565551758,
      0.302841454744339,
      0.367928147315979,
      0.22062158584594727,
      0.251134991645813,
      1.0,
      0.4068918526172638,
      0.24435459077358246,
      0.27719300985336304,
      0.5386052131652832,
      0.2784910500049591
    ],
    [
      0.3460741639137268,
      0.37576884031295776,
      0.39481228590011597,
      0.4058951735496521,
      0.42277881503105164,
      0.4555183947086334,
      0.40768879652023315,
      0.37190961837768555,
      0.4470444321632385,
      0.4763689637184143,
      0.4068918526172638,
      1.0,
      0.4139586091041565,
      0.3209187388420105,
      0.269504189491272,
      0.42281800508499146
    ],
    [
      0.2614237368106842,
      0.32057902216911316,
      0.2560815215110779,
      0.24825714528560638,
      0.5217016339302063,
      0.3716777563095093,
      0.3408125042915344,
      0.2862941026687622,
      0.305716335773468,
      0.33777880668640137,
      0.24435459077358246,
      0.4139586091041565,
      1.0,
      0.42405372858047485,
      0.3509293794631958,
      0.40497419238090515
    ],
    [
      0.3264838457107544,
      0.4341384470462799,
      0.2678253650665283,
      0.5490851402282715,
      0.29609155654907227,
      0.2824157178401947,
      0.19354461133480072,
      0.24684464931488037,
      0.1925525665283203,
      0.47825464606285095,
      0.27719300985336304,
      0.3209187388420105,
      0.42405372858047485,
      1.0,
      0.3200061321258545,
      0.5584394931793213
    ],
    [
      0.3114766776561737,
      0.26142722368240356,
      0.27591362595558167,
      0.2836951017379761,
      0.22030165791511536,
      0.3502845764160156,
      0.2655312418937683,
      0.3372404873371124,
      0.3113284409046173,
      0.23016761243343353,
      0.5386052131652832,
      0.269504189491272,
      0.3509293794631958,
      0.3200061321258545,
      1.0,
      0.3129238784313202
    ],
    [
      0.32430580258369446,
      0.43421849608421326,
      0.3751112222671509,
      0.4006045162677765,
      0.3587579131126404,
      0.35613080859184265,
      0.2509344220161438,
      0.28499835729599,
      0.27548784017562866,
      0.5167495608329773,
      0.2784910500049591,
      0.42281800508499146,
      0.40497419238090515,
      0.5584394931793213,
      0.3129238784313202,
      1.0000001192092896
    ]
  ]
}