{
  "game_number": 283,
  "words": [
    "CALICO",
    "TABBY",
    "TORTOISESHELL",
    "TUXEDO",
    "BUTTERFLY",
    "JITTER",
    "NERVE",
    "WILLY",
    "BEETHOVEN",
    "CORNUCOPIA",
    "KALEIDOSCOPE",
    "PEACOCK",
    "ASIDE",
    "DETOUR",
    "DIGRESSION",
    "TANGENT"
  ],
  "adjacency_matrix": [
    [
      0.9999999403953552,
      0.5444748997688293,
      0.576867401599884,
      0.37986648082733154,
      0.35874223709106445,
      0.2065333127975464,
      0.2409733086824417,
      0.3896237015724182,
      0.22503623366355896,
      0.2734387218952179,
      0.23220139741897583,
      0.35755422711372375,
      0.1745830774307251,
      0.16176153719425201,
      0.24547243118286133,
      0.20870579779148102
    ],
    [
      0.5444748997688293,
      1.0,
      0.5195410251617432,
      0.32829588651657104,
      0.32925933599472046,
      0.19878938794136047,
      0.16845281422138214,
      0.21821869909763336,
      0.2482462376356125,
      0.24368979036808014,
      0.23608152568340302,
      0.36332961916923523,
      0.17618073523044586,
      0.24046838283538818,
      0.22308163344860077,
      0.15153490006923676
    ],
    [
      0.576867401599884,
      0.5195410251617432,
      1.0,
      0.3481766879558563,
      0.5213258266448975,
      0.22404608130455017,
      0.2721053659915924,
      0.29667508602142334,
      0.3643960952758789,
      0.38030028343200684,
      0.35854196548461914,
      0.4241909682750702,
      0.18595807254314423,
      0.18765293061733246,
      0.257234662771225,
      0.24571646749973297
    ],
    [
      0.37986648082733154,
      0.32829588651657104,
      0.3481766879558563,
      1.0,
      0.277715265750885,
      0.2158515453338623,
      0.1279049962759018,
      0.22572991251945496,
      0.2848375141620636,
      0.2051551789045334,
      0.259491503238678,
      0.3107427954673767,
      0.19469542801380157,
      0.1921667754650116,
      0.23148491978645325,
      0.2099248319864273
    ],
    [
      0.35874223709106445,
      0.32925933599472046,
      0.5213258266448975,
      0.277715265750885,
      1.0,
      0.2434113323688507,
      0.3100230097770691,
      0.32102397084236145,
      0.4063897728919983,
      0.35745635628700256,
      0.4181476831436157,
      0.42083173990249634,
      0.15826931595802307,
      0.27003875374794006,
      0.2892363965511322,
      0.2902708053588867
    ],
    [
      0.2065333127975464,
      0.19878938794136047,
      0.22404608130455017,
      0.2158515453338623,
      0.2434113323688507,
      1.0,
      0.22530597448349,
      0.18948093056678772,
      0.24569033086299896,
      0.21309030055999756,
      0.3226551115512848,
      0.28603971004486084,
      0.2206803560256958,
      0.24999211728572845,
      0.3341078460216522,
      0.31579989194869995
    ],
    [
      0.2409733086824417,
      0.16845281422138214,
      0.2721053659915924,
      0.1279049962759018,
      0.3100230097770691,
      0.22530597448349,
      1.0,
      0.24077001214027405,
      0.4012829661369324,
      0.3177015483379364,
      0.23418520390987396,
      0.21178995072841644,
      0.24469274282455444,
      0.33222904801368713,
      0.3114205598831177,
      0.4060765206813812
    ],
    [
      0.3896237015724182,
      0.21821869909763336,
      0.29667508602142334,
      0.22572991251945496,
      0.32102397084236145,
      0.18948093056678772,
      0.24077001214027405,
      1.0,
      0.33179864287376404,
      0.2450631856918335,
      0.19253727793693542,
      0.33490779995918274,
      0.2859089970588684,
      0.15089918673038483,
      0.24026718735694885,
      0.32261669635772705
    ],
    [
      0.22503623366355896,
      0.2482462376356125,
      0.3643960952758789,
      0.2848375141620636,
      0.4063897728919983,
      0.24569033086299896,
      0.4012829661369324,
      0.33179864287376404,
      0.9999999403953552,
      0.348827600479126,
      0.3401658833026886,
      0.3036913573741913,
      0.2545999586582184,
      0.2564171254634857,
      0.31841811537742615,
      0.3401453495025635
    ],
    [
      0.2734387218952179,
      0.24368979036808014,
      0.38030028343200684,
      0.2051551789045334,
      0.35745635628700256,
      0.21309030055999756,
      0.3177015483379364,
      0.2450631856918335,
      0.348827600479126,
      1.0,
      0.4701137840747833,
      0.3630431294441223,
      0.269732803106308,
      0.2653364837169647,
      0.3285815119743347,
      0.32548025250434875
    ],
    [
      0.23220139741897583,
      0.23608152568340302,
      0.35854196548461914,
      0.259491503238678,
      0.4181476831436157,
      0.3226551115512848,
      0.23418520390987396,
      0.19253727793693542,
      0.3401658833026886,
      0.4701137840747833,
      0.9999999403953552,
      0.29873913526535034,
      0.16287416219711304,
      0.24295420944690704,
      0.2590925395488739,
      0.2867668867111206
    ],
    [
      0.35755422711372375,
      0.36332961916923523,
      0.4241909682750702,
      0.3107427954673767,
      0.42083173990249634,
      0.28603971004486084,
      0.21178995072841644,
      0.33490779995918274,
      0.3036913573741913,
      0.3630431294441223,
      0.29873913526535034,
      1.0,
      0.2587859630584717,
      0.18431194126605988,
      0.28208285570144653,
      0.25062745809555054
    ],
    [
      0.1745830774307251,
      0.17618073523044586,
      0.18595807254314423,
      0.19469542801380157,
      0.15826931595802307,
      0.2206803560256958,
      0.24469274282455444,
      0.2859089970588684,
      0.2545999586582184,
      0.269732803106308,
      0.16287416219711304,
      0.2587859630584717,
      0.9999999403953552,
      0.3946758210659027,
      0.46481919288635254,
      0.4514951705932617
    ],
    [
      0.16176153719425201,
      0.24046838283538818,
      0.18765293061733246,
      0.1921667754650116,
      0.27003875374794006,
      0.24999211728572845,
      0.33222904801368713,
      0.15089918673038483,
      0.2564171254634857,
      0.2653364837169647,
      0.24295420944690704,
      0.18431194126605988,
      0.3946758210659027,
      1.0,
      0.5537472367286682,
      0.4648693799972534
    ],
    [
      0.24547243118286133,
      0.22308163344860077,
      0.257234662771225,
      0.23148491978645325,
      0.2892363965511322,
      0.3341078460216522,
      0.3114205598831177,
      0.24026718735694885,
      0.31841811537742615,
      0.3285815119743347,
      0.2590925395488739,
      0.28208285570144653,
      0.46481919288635254,
      0.5537472367286682,
      0.9999999403953552,
      0.6490168571472168
    ],
    [
      0.20870579779148102,
      0.15153490006923676,
      0.24571646749973297,
      0.2099248319864273,
      0.2902708053588867,
      0.31579989194869995,
      0.4060765206813812,
      0.32261669635772705,
      0.3401453495025635,
      0.32548025250434875,
      0.2867668867111206,
      0.25062745809555054,
      0.4514951705932617,
      0.4648693799972534,
      0.6490168571472168,
      1.0
    ]
  ]
}