{
  "game_number": 159,
  "words": [
    "SPINE",
    "SPUR",
    "STICKER",
    "THORN",
    "ALBUM",
    "ARTIST",
    "LABEL",
    "TRACK",
    "CORNER",
    "PAGE",
    "TABLES",
    "TIDE",
    "BANGER",
    "BRAT",
    "LINK",
    "SAUSAGE"
  ],
  "adjacency_matrix": [
    [
      1.0,
      0.45450007915496826,
      0.38098737597465515,
      0.4337295591831207,
      0.33875584602355957,
      0.3013315498828888,
      0.34153038263320923,
      0.46487686038017273,
      0.43436262011528015,
      0.3832818865776062,
      0.28734859824180603,
      0.27165260910987854,
      0.30436116456985474,
      0.23136751353740692,
      0.37403687834739685,
      0.36626845598220825
    ],
    [
      0.45450007915496826,
      0.9999999403953552,
      0.309106707572937,
      0.3663330674171448,
      0.2313065230846405,
      0.22392655909061432,
      0.2638483941555023,
      0.4777766764163971,
      0.44966548681259155,
      0.3430540859699249,
      0.23391646146774292,
      0.36879584193229675,
      0.3323080837726593,
      0.16121339797973633,
      0.4019047021865845,
      0.3347364366054535
    ],
    [
      0.38098737597465515,
      0.309106707572937,
      1.0,
      0.35950323939323425,
      0.31543195247650146,
      0.34492960572242737,
      0.48150575160980225,
      0.36560487747192383,
      0.39360255002975464,
      0.35539597272872925,
      0.263526052236557,
      0.22298261523246765,
      0.4522101879119873,
      0.28803855180740356,
      0.3492273688316345,
      0.317046582698822
    ],
    [
      0.4337295591831207,
      0.3663330674171448,
      0.35950323939323425,
      0.9999999403953552,
      0.21835653483867645,
      0.29680877923965454,
      0.2581215500831604,
      0.3126314580440521,
      0.39437392354011536,
      0.2640175223350525,
      0.213833749294281,
      0.3132983446121216,
      0.37301790714263916,
      0.19968760013580322,
      0.2530398964881897,
      0.3124488890171051
    ],
    [
      0.33875584602355957,
      0.2313065230846405,
      0.31543195247650146,
      0.21835653483867645,
      1.0,
      0.510528028011322,
      0.4899936616420746,
      0.47920873761177063,
      0.2566823959350586,
      0.43466782569885254,
      0.22787611186504364,
      0.17484188079833984,
      0.37907862663269043,
      0.21142584085464478,
      0.3287200629711151,
      0.24624961614608765
    ],
    [
      0.3013315498828888,
      0.22392655909061432,
      0.34492960572242737,
      0.29680877923965454,
      0.510528028011322,
      0.9999999403953552,
      0.47824230790138245,
      0.3604273200035095,
      0.27852678298950195,
      0.4141196608543396,
      0.2335132360458374,
      0.19811303913593292,
      0.33490678668022156,
      0.2242148071527481,
      0.30278944969177246,
      0.25654295086860657
    ],
    [
      0.34153038263320923,
      0.2638483941555023,
      0.48150575160980225,
      0.2581215500831604,
      0.4899936616420746,
      0.47824230790138245,
      0.9999999403953552,
      0.47282874584198,
      0.31117764115333557,
      0.35849177837371826,
      0.27855008840560913,
      0.22475168108940125,
      0.3591177463531494,
      0.3174779713153839,
      0.3868067264556885,
      0.24409638345241547
    ],
    [
      0.46487686038017273,
      0.4777766764163971,
      0.36560487747192383,
      0.3126314580440521,
      0.47920873761177063,
      0.3604273200035095,
      0.47282874584198,
      1.0,
      0.42640432715415955,
      0.4255389869213104,
      0.33867186307907104,
      0.3567360043525696,
      0.4946381449699402,
      0.16569599509239197,
      0.47996705770492554,
      0.3026562035083771
    ],
    [
      0.43436262011528015,
      0.44966548681259155,
      0.39360255002975464,
      0.39437392354011536,
      0.2566823959350586,
      0.27852678298950195,
      0.31117764115333557,
      0.42640432715415955,
      0.9999999403953552,
      0.419073224067688,
      0.43786168098449707,
      0.4038117825984955,
      0.4073227047920227,
      0.24245689809322357,
      0.27152788639068604,
      0.3455387353897095
    ],
    [
      0.3832818865776062,
      0.3430540859699249,
      0.35539597272872925,
      0.2640175223350525,
      0.43466782569885254,
      0.4141196608543396,
      0.35849177837371826,
      0.4255389869213104,
      0.419073224067688,
      1.0,
      0.4722800552845001,
      0.2808558940887451,
      0.29848945140838623,
      0.20436008274555206,
      0.5665902495384216,
      0.32206326723098755
    ],
    [
      0.28734859824180603,
      0.23391646146774292,
      0.263526052236557,
      0.213833749294281,
      0.22787611186504364,
      0.2335132360458374,
      0.27855008840560913,
      0.33867186307907104,
      0.43786168098449707,
      0.4722800552845001,
      1.0,
      0.3146022856235504,
      0.24785996973514557,
      0.07036427408456802,
      0.35323747992515564,
      0.3089982867240906
    ],
    [
      0.27165260910987854,
      0.36879584193229675,
      0.22298261523246765,
      0.3132983446121216,
      0.17484188079833984,
      0.19811303913593292,
      0.22475168108940125,
      0.3567360043525696,
      0.4038117825984955,
      0.2808558940887451,
      0.3146022856235504,
      1.0,
      0.3049013912677765,
      0.1406734585762024,
      0.3087134063243866,
      0.27962565422058105
    ],
    [
      0.30436116456985474,
      0.3323080837726593,
      0.4522101879119873,
      0.37301790714263916,
      0.37907862663269043,
      0.33490678668022156,
      0.3591177463531494,
      0.4946381449699402,
      0.4073227047920227,
      0.29848945140838623,
      0.24785996973514557,
      0.3049013912677765,
      1.0,
      0.38794463872909546,
      0.2764255702495575,
      0.46598461270332336
    ],
    [
      0.23136751353740692,
      0.16121339797973633,
      0.28803855180740356,
      0.19968760013580322,
      0.21142584085464478,
      0.2242148071527481,
      0.3174779713153839,
      0.16569599509239197,
      0.24245689809322357,
      0.20436008274555206,
      0.07036427408456802,
      0.1406734585762024,
      0.38794463872909546,
      0.9999999403953552,
      0.14889070391654968,
      0.32505640387535095
    ],
    [
      0.37403687834739685,
      0.4019047021865845,
      0.3492273688316345,
      0.2530398964881897,
      0.3287200629711151,
      0.30278944969177246,
      0.3868067264556885,
      0.47996705770492554,
      0.27152788639068604,
      0.5665902495384216,
      0.35323747992515564,
      0.3087134063243866,
      0.2764255702495575,
      0.14889070391654968,
      1.0,
      0.3000342547893524
    ],
    [
      0.36626845598220825,
      0.3347364366054535,
      0.317046582698822,
      0.3124488890171051,
      0.24624961614608765,
      0.25654295086860657,
      0.24409638345241547,
      0.3026562035083771,
      0.3455387353897095,
      0.32206326723098755,
      0.3089982867240906,
      0.27962565422058105,
      0.46598461270332336,
      0.32505640387535095,
      0.3000342547893524,
      1.0
    ]
  ]
}