{
  "game_number": 617,
  "words": [
    "CONE",
    "CUBE",
    "PYRAMID",
    "SPHERE",
    "MAC",
    "PAD",
    "PHONE",
    "POD",
    "JOB",
    "LIMA",
    "MOBILE",
    "POLISH",
    "BRONCO",
    "COWBOY",
    "PACKER",
    "RAVEN"
  ],
  "adjacency_matrix": [
    [
      1.0,
      0.5002153515815735,
      0.4633939862251282,
      0.5148397088050842,
      0.24450239539146423,
      0.35891440510749817,
      0.31940364837646484,
      0.41352900862693787,
      0.3003392219543457,
      0.3552243411540985,
      0.2793146073818207,
      0.24872805178165436,
      0.3369349241256714,
      0.21112200617790222,
      0.36580973863601685,
      0.29804274439811707
    ],
    [
      0.5002153515815735,
      0.9999999403953552,
      0.49156132340431213,
      0.5836364030838013,
      0.3071136474609375,
      0.35092219710350037,
      0.3717312216758728,
      0.42531445622444153,
      0.2345762550830841,
      0.2956491708755493,
      0.329314649105072,
      0.3615485429763794,
      0.2746714949607849,
      0.1874842643737793,
      0.29716071486473083,
      0.29204902052879333
    ],
    [
      0.4633939862251282,
      0.49156132340431213,
      1.0,
      0.4332835376262665,
      0.16602294147014618,
      0.2845626473426819,
      0.2622727155685425,
      0.2939252555370331,
      0.27511849999427795,
      0.2710159420967102,
      0.281965970993042,
      0.21258583664894104,
      0.29125910997390747,
      0.20195162296295166,
      0.261385977268219,
      0.3041929602622986
    ],
    [
      0.5148397088050842,
      0.5836364030838013,
      0.4332835376262665,
      1.0,
      0.13903532922267914,
      0.3172926902770996,
      0.3582155704498291,
      0.3341611325740814,
      0.36186811327934265,
      0.24343644082546234,
      0.37149983644485474,
      0.38634517788887024,
      0.1868877112865448,
      0.23814105987548828,
      0.20899628102779388,
      0.16892878711223602
    ],
    [
      0.24450239539146423,
      0.3071136474609375,
      0.16602294147014618,
      0.13903532922267914,
      1.0,
      0.3170976936817169,
      0.3152933716773987,
      0.25641655921936035,
      0.20232298970222473,
      0.3141794502735138,
      0.2602679431438446,
      0.24885724484920502,
      0.2804950177669525,
      0.23603838682174683,
      0.3309829831123352,
      0.27091315388679504
    ],
    [
      0.35891440510749817,
      0.35092219710350037,
      0.2845626473426819,
      0.3172926902770996,
      0.3170976936817169,
      0.9999999403953552,
      0.4253775477409363,
      0.3844856917858124,
      0.3001871407032013,
      0.2749415636062622,
      0.38352295756340027,
      0.3941527009010315,
      0.272294819355011,
      0.24368971586227417,
      0.3250826299190521,
      0.15895278751850128
    ],
    [
      0.31940364837646484,
      0.3717312216758728,
      0.2622727155685425,
      0.3582155704498291,
      0.3152933716773987,
      0.4253775477409363,
      1.0,
      0.26721155643463135,
      0.4012775421142578,
      0.19763515889644623,
      0.5885048508644104,
      0.29712143540382385,
      0.2523370683193207,
      0.25458261370658875,
      0.211480975151062,
      0.25110581517219543
    ],
    [
      0.41352900862693787,
      0.42531445622444153,
      0.2939252555370331,
      0.3341611325740814,
      0.25641655921936035,
      0.3844856917858124,
      0.26721155643463135,
      1.0,
      0.16380378603935242,
      0.37877723574638367,
      0.3015178143978119,
      0.2407912313938141,
      0.23305629193782806,
      0.14796572923660278,
      0.3171052634716034,
      0.20853058993816376
    ],
    [
      0.3003392219543457,
      0.2345762550830841,
      0.27511849999427795,
      0.36186811327934265,
      0.20232298970222473,
      0.3001871407032013,
      0.4012775421142578,
      0.16380378603935242,
      1.0,
      0.16271065175533295,
      0.3222789764404297,
      0.4071875512599945,
      0.29397499561309814,
      0.303547203540802,
      0.3544733226299286,
      0.1482931226491928
    ],
    [
      0.3552243411540985,
      0.2956491708755493,
      0.2710159420967102,
      0.24343644082546234,
      0.3141794502735138,
      0.2749415636062622,
      0.19763515889644623,
      0.37877723574638367,
      0.16271065175533295,
      1.0,
      0.22205373644828796,
      0.20464321970939636,
      0.2896161675453186,
      0.23357783257961273,
      0.3095253109931946,
      0.12493795156478882
    ],
    [
      0.2793146073818207,
      0.329314649105072,
      0.281965970993042,
      0.37149983644485474,
      0.2602679431438446,
      0.38352295756340027,
      0.5885048508644104,
      0.3015178143978119,
      0.3222789764404297,
      0.22205373644828796,
      1.0,
      0.3176009953022003,
      0.3093070983886719,
      0.3117927610874176,
      0.2687361240386963,
      0.2630389332771301
    ],
    [
      0.24872805178165436,
      0.3615485429763794,
      0.21258583664894104,
      0.38634517788887024,
      0.24885724484920502,
      0.3941527009010315,
      0.29712143540382385,
      0.2407912313938141,
      0.4071875512599945,
      0.20464321970939636,
      0.3176009953022003,
      1.0,
      0.26705271005630493,
      0.28701913356781006,
      0.3033617436885834,
      0.2424173653125763
    ],
    [
      0.3369349241256714,
      0.2746714949607849,
      0.29125910997390747,
      0.1868877112865448,
      0.2804950177669525,
      0.272294819355011,
      0.2523370683193207,
      0.23305629193782806,
      0.29397499561309814,
      0.2896161675453186,
      0.3093070983886719,
      0.26705271005630493,
      0.9999999403953552,
      0.651661217212677,
      0.4517924189567566,
      0.30464479327201843
    ],
    [
      0.21112200617790222,
      0.1874842643737793,
      0.20195162296295166,
      0.23814105987548828,
      0.23603838682174683,
      0.24368971586227417,
      0.25458261370658875,
      0.14796572923660278,
      0.303547203540802,
      0.23357783257961273,
      0.3117927610874176,
      0.28701913356781006,
      0.651661217212677,
      1.0,
      0.42046305537223816,
      0.26662886142730713
    ],
    [
      0.36580973863601685,
      0.29716071486473083,
      0.261385977268219,
      0.20899628102779388,
      0.3309829831123352,
      0.3250826299190521,
      0.211480975151062,
      0.3171052634716034,
      0.3544733226299286,
      0.3095253109931946,
      0.2687361240386963,
      0.3033617436885834,
      0.4517924189567566,
      0.42046305537223816,
      1.0,
      0.2947520315647125
    ],
    [
      0.29804274439811707,
      0.29204902052879333,
      0.3041929602622986,
      0.16892878711223602,
      0.27091315388679504,
      0.15895278751850128,
      0.25110581517219543,
      0.20853058993816376,
      0.1482931226491928,
      0.12493795156478882,
      0.2630389332771301,
      0.2424173653125763,
      0.30464479327201843,
      0.26662886142730713,
      0.2947520315647125,
      1.0
    ]
  ]
}