{
  "game_number": 453,
  "words": [
    "MAIN",
    "PARAMOUNT",
    "PRIME",
    "SUPREME",
    "BLUE",
    "GREEN",
    "WHITE",
    "YELLOW",
    "CHAIN",
    "COVER",
    "LOVE",
    "SCARLET",
    "MEAN",
    "MEDIAN",
    "MODE",
    "RANGE"
  ],
  "adjacency_matrix": [
    [
      1.0000001192092896,
      0.504213273525238,
      0.5968558192253113,
      0.5074127316474915,
      0.36633434891700745,
      0.4350564479827881,
      0.41195550560951233,
      0.39832672476768494,
      0.4417196810245514,
      0.5027551054954529,
      0.3514869809150696,
      0.2816365957260132,
      0.3522106111049652,
      0.41506555676460266,
      0.4847511649131775,
      0.49392929673194885
    ],
    [
      0.504213273525238,
      0.9999999403953552,
      0.5429022908210754,
      0.6225402355194092,
      0.2284999042749405,
      0.305537611246109,
      0.29687973856925964,
      0.2595411241054535,
      0.33911797404289246,
      0.2856591045856476,
      0.4212648868560791,
      0.23527881503105164,
      0.36661094427108765,
      0.21417222917079926,
      0.3711513876914978,
      0.32701364159584045
    ],
    [
      0.5968558192253113,
      0.5429022908210754,
      1.0,
      0.5115340948104858,
      0.3084406852722168,
      0.390325129032135,
      0.3792506754398346,
      0.33152440190315247,
      0.35017892718315125,
      0.33817294239997864,
      0.3619067966938019,
      0.23350338637828827,
      0.34217533469200134,
      0.3773515522480011,
      0.3789074420928955,
      0.39080706238746643
    ],
    [
      0.5074127316474915,
      0.6225402355194092,
      0.5115340948104858,
      1.0,
      0.3567124009132385,
      0.36896437406539917,
      0.3580174446105957,
      0.33635422587394714,
      0.3563295602798462,
      0.2776322662830353,
      0.44891849160194397,
      0.2970966696739197,
      0.40848591923713684,
      0.35377222299575806,
      0.3786689043045044,
      0.31015121936798096
    ],
    [
      0.36633434891700745,
      0.2284999042749405,
      0.3084406852722168,
      0.3567124009132385,
      1.0,
      0.8072766661643982,
      0.7529580593109131,
      0.8668684363365173,
      0.34337377548217773,
      0.3517121374607086,
      0.3754796087741852,
      0.6498861908912659,
      0.3402998149394989,
      0.3399730324745178,
      0.3132491111755371,
      0.36620187759399414
    ],
    [
      0.4350564479827881,
      0.305537611246109,
      0.390325129032135,
      0.36896437406539917,
      0.8072766661643982,
      1.0,
      0.6848495006561279,
      0.8202043771743774,
      0.32852703332901,
      0.3815144896507263,
      0.36671745777130127,
      0.5987511277198792,
      0.33894965052604675,
      0.35228005051612854,
      0.3497803807258606,
      0.3692701756954193
    ],
    [
      0.41195550560951233,
      0.29687973856925964,
      0.3792506754398346,
      0.3580174446105957,
      0.7529580593109131,
      0.6848495006561279,
      1.0,
      0.744024932384491,
      0.29461318254470825,
      0.37508201599121094,
      0.34955915808677673,
      0.5449055433273315,
      0.35560867190361023,
      0.42020317912101746,
      0.3012794852256775,
      0.348494291305542
    ],
    [
      0.39832672476768494,
      0.2595411241054535,
      0.33152440190315247,
      0.33635422587394714,
      0.8668684363365173,
      0.8202043771743774,
      0.744024932384491,
      1.0,
      0.32023459672927856,
      0.38791483640670776,
      0.35273319482803345,
      0.6882778406143188,
      0.3375759422779083,
      0.3639601767063141,
      0.3038009703159332,
      0.36918097734451294
    ],
    [
      0.4417196810245514,
      0.33911797404289246,
      0.35017892718315125,
      0.3563295602798462,
      0.34337377548217773,
      0.32852703332901,
      0.29461318254470825,
      0.32023459672927856,
      1.0,
      0.3062822222709656,
      0.3032259941101074,
      0.267691045999527,
      0.25622567534446716,
      0.3457064926624298,
      0.36768078804016113,
      0.41220197081565857
    ],
    [
      0.5027551054954529,
      0.2856591045856476,
      0.33817294239997864,
      0.2776322662830353,
      0.3517121374607086,
      0.3815144896507263,
      0.37508201599121094,
      0.38791483640670776,
      0.3062822222709656,
      1.0,
      0.3849984109401703,
      0.3270493745803833,
      0.4278525710105896,
      0.3232633173465729,
      0.3137766420841217,
      0.5315096974372864
    ],
    [
      0.3514869809150696,
      0.4212648868560791,
      0.3619067966938019,
      0.44891849160194397,
      0.3754796087741852,
      0.36671745777130127,
      0.34955915808677673,
      0.35273319482803345,
      0.3032259941101074,
      0.3849984109401703,
      1.0,
      0.3677563965320587,
      0.45052728056907654,
      0.2409343719482422,
      0.3047217130661011,
      0.31883344054222107
    ],
    [
      0.2816365957260132,
      0.23527881503105164,
      0.23350338637828827,
      0.2970966696739197,
      0.6498861908912659,
      0.5987511277198792,
      0.5449055433273315,
      0.6882778406143188,
      0.267691045999527,
      0.3270493745803833,
      0.3677563965320587,
      1.0,
      0.25910791754722595,
      0.21224604547023773,
      0.23726065456867218,
      0.31604766845703125
    ],
    [
      0.3522106111049652,
      0.36661094427108765,
      0.34217533469200134,
      0.40848591923713684,
      0.3402998149394989,
      0.33894965052604675,
      0.35560867190361023,
      0.3375759422779083,
      0.25622567534446716,
      0.4278525710105896,
      0.45052728056907654,
      0.25910791754722595,
      1.0,
      0.4799608886241913,
      0.3615020513534546,
      0.4269169270992279
    ],
    [
      0.41506555676460266,
      0.21417222917079926,
      0.3773515522480011,
      0.35377222299575806,
      0.3399730324745178,
      0.35228005051612854,
      0.42020317912101746,
      0.3639601767063141,
      0.3457064926624298,
      0.3232633173465729,
      0.2409343719482422,
      0.21224604547023773,
      0.4799608886241913,
      1.0,
      0.3589213192462921,
      0.4473758935928345
    ],
    [
      0.4847511649131775,
      0.3711513876914978,
      0.3789074420928955,
      0.3786689043045044,
      0.3132491111755371,
      0.3497803807258606,
      0.3012794852256775,
      0.3038009703159332,
      0.36768078804016113,
      0.3137766420841217,
      0.3047217130661011,
      0.23726065456867218,
      0.3615020513534546,
      0.3589213192462921,
      1.0,
      0.43212857842445374
    ],
    [
      0.49392929673194885,
      0.32701364159584045,
      0.39080706238746643,
      0.31015121936798096,
      0.36620187759399414,
      0.3692701756954193,
      0.348494291305542,
      0.36918097734451294,
      0.41220197081565857,
      0.5315096974372864,
      0.31883344054222107,
      0.31604766845703125,
      0.4269169270992279,
      0.4473758935928345,
      0.43212857842445374,
      1.0000001192092896
    ]
  ]
}