{
  "game_number": 303,
  "words": [
    "BOTTLE",
    "CRIB",
    "MOBILE",
    "RATTLE",
    "JUG",
    "SAW",
    "SPOONS",
    "WASHBOARD",
    "DOG",
    "FREEZE",
    "PHONE",
    "PRICE",
    "DESIRE",
    "LONG",
    "PINE",
    "YEN"
  ],
  "adjacency_matrix": [
    [
      1.0,
      0.38429179787635803,
      0.28881001472473145,
      0.42484578490257263,
      0.6411280632019043,
      0.23918533325195312,
      0.45634159445762634,
      0.35632574558258057,
      0.3621028661727905,
      0.3890742063522339,
      0.3894215226173401,
      0.42542386054992676,
      0.2983112037181854,
      0.289034366607666,
      0.3340071439743042,
      0.14333756268024445
    ],
    [
      0.38429179787635803,
      1.0,
      0.34113264083862305,
      0.3860863447189331,
      0.2729412615299225,
      0.26484566926956177,
      0.24820037186145782,
      0.32823485136032104,
      0.33280786871910095,
      0.26229849457740784,
      0.3679298758506775,
      0.22882011532783508,
      0.21249109506607056,
      0.2672923803329468,
      0.370680570602417,
      0.08493714034557343
    ],
    [
      0.28881001472473145,
      0.34113264083862305,
      1.0,
      0.28058499097824097,
      0.1644534319639206,
      0.2387605756521225,
      0.20521672070026398,
      0.30783697962760925,
      0.3804633319377899,
      0.2979263365268707,
      0.5885048508644104,
      0.30583834648132324,
      0.2555758059024811,
      0.33459073305130005,
      0.2853222191333771,
      0.1506994515657425
    ],
    [
      0.42484578490257263,
      0.3860863447189331,
      0.28058499097824097,
      1.0,
      0.32434794306755066,
      0.28841570019721985,
      0.3879832625389099,
      0.32398954033851624,
      0.3881240785121918,
      0.37172815203666687,
      0.35045257210731506,
      0.3616732060909271,
      0.3336777091026306,
      0.3308856785297394,
      0.3740946054458618,
      0.17636005580425262
    ],
    [
      0.6411280632019043,
      0.2729412615299225,
      0.1644534319639206,
      0.32434794306755066,
      1.0,
      0.10308671742677689,
      0.48732665181159973,
      0.37748077511787415,
      0.25707608461380005,
      0.22248053550720215,
      0.21201123297214508,
      0.2409256547689438,
      0.10464589297771454,
      0.13458037376403809,
      0.21255114674568176,
      0.05084274336695671
    ],
    [
      0.23918533325195312,
      0.26484566926956177,
      0.2387605756521225,
      0.28841570019721985,
      0.10308671742677689,
      1.0,
      0.2141036093235016,
      0.2868048846721649,
      0.2512897253036499,
      0.32273513078689575,
      0.2732411324977875,
      0.2555743157863617,
      0.37913355231285095,
      0.36550238728523254,
      0.22929979860782623,
      0.07489699870347977
    ],
    [
      0.45634159445762634,
      0.24820037186145782,
      0.20521672070026398,
      0.3879832625389099,
      0.48732665181159973,
      0.2141036093235016,
      1.0,
      0.43335506319999695,
      0.2964686453342438,
      0.25607436895370483,
      0.2196185141801834,
      0.2528025209903717,
      0.219813734292984,
      0.23613709211349487,
      0.30124807357788086,
      0.14681941270828247
    ],
    [
      0.35632574558258057,
      0.32823485136032104,
      0.30783697962760925,
      0.32398954033851624,
      0.37748077511787415,
      0.2868048846721649,
      0.43335506319999695,
      1.0,
      0.27118006348609924,
      0.23943564295768738,
      0.3000392019748688,
      0.21420489251613617,
      0.23518796265125275,
      0.25536295771598816,
      0.3281143009662628,
      0.12092804163694382
    ],
    [
      0.3621028661727905,
      0.33280786871910095,
      0.3804633319377899,
      0.3881240785121918,
      0.25707608461380005,
      0.2512897253036499,
      0.2964686453342438,
      0.27118006348609924,
      1.0,
      0.29148897528648376,
      0.36137664318084717,
      0.3124379813671112,
      0.29148998856544495,
      0.30042576789855957,
      0.33142974972724915,
      0.17766135931015015
    ],
    [
      0.3890742063522339,
      0.26229849457740784,
      0.2979263365268707,
      0.37172815203666687,
      0.22248053550720215,
      0.32273513078689575,
      0.25607436895370483,
      0.23943564295768738,
      0.29148897528648376,
      1.0,
      0.3811434507369995,
      0.4143587350845337,
      0.3213972747325897,
      0.3799748718738556,
      0.26070713996887207,
      0.15044090151786804
    ],
    [
      0.3894215226173401,
      0.3679298758506775,
      0.5885048508644104,
      0.35045257210731506,
      0.21201123297214508,
      0.2732411324977875,
      0.2196185141801834,
      0.3000392019748688,
      0.36137664318084717,
      0.3811434507369995,
      1.0,
      0.373813658952713,
      0.2612977623939514,
      0.3126436471939087,
      0.3304275572299957,
      0.17355985939502716
    ],
    [
      0.42542386054992676,
      0.22882011532783508,
      0.30583834648132324,
      0.3616732060909271,
      0.2409256547689438,
      0.2555743157863617,
      0.2528025209903717,
      0.21420489251613617,
      0.3124379813671112,
      0.4143587350845337,
      0.373813658952713,
      1.0,
      0.4219842255115509,
      0.3286229372024536,
      0.27513664960861206,
      0.32461196184158325
    ],
    [
      0.2983112037181854,
      0.21249109506607056,
      0.2555758059024811,
      0.3336777091026306,
      0.10464589297771454,
      0.37913355231285095,
      0.219813734292984,
      0.23518796265125275,
      0.29148998856544495,
      0.3213972747325897,
      0.2612977623939514,
      0.4219842255115509,
      1.0,
      0.38482239842414856,
      0.3302374482154846,
      0.12716512382030487
    ],
    [
      0.289034366607666,
      0.2672923803329468,
      0.33459073305130005,
      0.3308856785297394,
      0.13458037376403809,
      0.36550238728523254,
      0.23613709211349487,
      0.25536295771598816,
      0.30042576789855957,
      0.3799748718738556,
      0.3126436471939087,
      0.3286229372024536,
      0.38482239842414856,
      0.9999999403953552,
      0.2884491980075836,
      0.1454770863056183
    ],
    [
      0.3340071439743042,
      0.370680570602417,
      0.2853222191333771,
      0.3740946054458618,
      0.21255114674568176,
      0.22929979860782623,
      0.30124807357788086,
      0.3281143009662628,
      0.33142974972724915,
      0.26070713996887207,
      0.3304275572299957,
      0.27513664960861206,
      0.3302374482154846,
      0.2884491980075836,
      1.0,
      0.1518324762582779
    ],
    [
      0.14333756268024445,
      0.08493714034557343,
      0.1506994515657425,
      0.17636005580425262,
      0.05084274336695671,
      0.07489699870347977,
      0.14681941270828247,
      0.12092804163694382,
      0.17766135931015015,
      0.15044090151786804,
      0.17355985939502716,
      0.32461196184158325,
      0.12716512382030487,
      0.1454770863056183,
      0.1518324762582779,
      1.0
    ]
  ]
}