{
  "game_number": 449,
  "words": [
    "CAVITY",
    "CROWN",
    "FILLING",
    "PLAQUE",
    "APPROVED",
    "PAID",
    "URGENT",
    "VOID",
    "GAP",
    "LEAP",
    "LIGHT",
    "SCHOOL",
    "FLEECE",
    "HOSE",
    "ROB",
    "STIFF"
  ],
  "adjacency_matrix": [
    [
      0.9999999403953552,
      0.3990623950958252,
      0.44713422656059265,
      0.3959142863750458,
      0.21387043595314026,
      0.20471887290477753,
      0.1801268309354782,
      0.45894095301628113,
      0.41211366653442383,
      0.22712644934654236,
      0.3609664738178253,
      0.31618472933769226,
      0.2710244357585907,
      0.3280204236507416,
      0.2171754240989685,
      0.27619728446006775
    ],
    [
      0.3990623950958252,
      1.0,
      0.34786471724510193,
      0.4145251214504242,
      0.3699747920036316,
      0.3917062282562256,
      0.21302257478237152,
      0.31421181559562683,
      0.2846096456050873,
      0.269811749458313,
      0.3602614402770996,
      0.3469190299510956,
      0.45646241307258606,
      0.3352243900299072,
      0.36153507232666016,
      0.3918435871601105
    ],
    [
      0.44713422656059265,
      0.34786471724510193,
      0.9999999403953552,
      0.28083306550979614,
      0.34430861473083496,
      0.3849480152130127,
      0.32480645179748535,
      0.6335824728012085,
      0.5395040512084961,
      0.3664434254169464,
      0.35162875056266785,
      0.2769906520843506,
      0.235708087682724,
      0.4275285005569458,
      0.2730357050895691,
      0.27103710174560547
    ],
    [
      0.3959142863750458,
      0.4145251214504242,
      0.28083306550979614,
      1.0,
      0.29510170221328735,
      0.3011482357978821,
      0.18606071174144745,
      0.23428910970687866,
      0.3071046769618988,
      0.16335032880306244,
      0.295251727104187,
      0.29099008440971375,
      0.23457491397857666,
      0.24525506794452667,
      0.15297125279903412,
      0.3251422941684723
    ],
    [
      0.21387043595314026,
      0.3699747920036316,
      0.34430861473083496,
      0.29510170221328735,
      1.0,
      0.5283586382865906,
      0.4146900475025177,
      0.2866438329219818,
      0.21337272226810455,
      0.23741775751113892,
      0.3301800489425659,
      0.3591654598712921,
      0.2396964132785797,
      0.28862306475639343,
      0.19447948038578033,
      0.2855839431285858
    ],
    [
      0.20471887290477753,
      0.3917062282562256,
      0.3849480152130127,
      0.3011482357978821,
      0.5283586382865906,
      1.0,
      0.3259969651699066,
      0.2797533869743347,
      0.28536999225616455,
      0.21918119490146637,
      0.270674467086792,
      0.32204654812812805,
      0.3438491225242615,
      0.29814231395721436,
      0.26448899507522583,
      0.34076300263404846
    ],
    [
      0.1801268309354782,
      0.21302257478237152,
      0.32480645179748535,
      0.18606071174144745,
      0.4146900475025177,
      0.3259969651699066,
      1.0,
      0.3305599093437195,
      0.3006545305252075,
      0.2646297812461853,
      0.35451996326446533,
      0.2219698131084442,
      0.08735881000757217,
      0.19271160662174225,
      0.168886199593544,
      0.3102239668369293
    ],
    [
      0.45894095301628113,
      0.31421181559562683,
      0.6335824728012085,
      0.23428910970687866,
      0.2866438329219818,
      0.2797533869743347,
      0.3305599093437195,
      1.0,
      0.5938222408294678,
      0.3949180245399475,
      0.3833947479724884,
      0.24009071290493011,
      0.23118923604488373,
      0.2837730050086975,
      0.2872718870639801,
      0.3059723973274231
    ],
    [
      0.41211366653442383,
      0.2846096456050873,
      0.5395040512084961,
      0.3071046769618988,
      0.21337272226810455,
      0.28536999225616455,
      0.3006545305252075,
      0.5938222408294678,
      1.0,
      0.4099462032318115,
      0.35196584463119507,
      0.3061820864677429,
      0.2252860814332962,
      0.31720519065856934,
      0.26728302240371704,
      0.2555404603481293
    ],
    [
      0.22712644934654236,
      0.269811749458313,
      0.3664434254169464,
      0.16335032880306244,
      0.23741775751113892,
      0.21918119490146637,
      0.2646297812461853,
      0.3949180245399475,
      0.4099462032318115,
      1.0,
      0.40076035261154175,
      0.2361437827348709,
      0.21695652604103088,
      0.2689690589904785,
      0.28223031759262085,
      0.2999473512172699
    ],
    [
      0.3609664738178253,
      0.3602614402770996,
      0.35162875056266785,
      0.295251727104187,
      0.3301800489425659,
      0.270674467086792,
      0.35451996326446533,
      0.3833947479724884,
      0.35196584463119507,
      0.40076035261154175,
      1.0,
      0.31532180309295654,
      0.3257496654987335,
      0.3220773935317993,
      0.2331576645374298,
      0.33450090885162354
    ],
    [
      0.31618472933769226,
      0.3469190299510956,
      0.2769906520843506,
      0.29099008440971375,
      0.3591654598712921,
      0.32204654812812805,
      0.2219698131084442,
      0.24009071290493011,
      0.3061820864677429,
      0.2361437827348709,
      0.31532180309295654,
      0.9999999403953552,
      0.22919809818267822,
      0.30288416147232056,
      0.2757239043712616,
      0.24740274250507355
    ],
    [
      0.2710244357585907,
      0.45646241307258606,
      0.235708087682724,
      0.23457491397857666,
      0.2396964132785797,
      0.3438491225242615,
      0.08735881000757217,
      0.23118923604488373,
      0.2252860814332962,
      0.21695652604103088,
      0.3257496654987335,
      0.22919809818267822,
      0.9999999403953552,
      0.3705298602581024,
      0.41676393151283264,
      0.33289021253585815
    ],
    [
      0.3280204236507416,
      0.3352243900299072,
      0.4275285005569458,
      0.24525506794452667,
      0.28862306475639343,
      0.29814231395721436,
      0.19271160662174225,
      0.2837730050086975,
      0.31720519065856934,
      0.2689690589904785,
      0.3220773935317993,
      0.30288416147232056,
      0.3705298602581024,
      1.0,
      0.25542306900024414,
      0.3159205913543701
    ],
    [
      0.2171754240989685,
      0.36153507232666016,
      0.2730357050895691,
      0.15297125279903412,
      0.19447948038578033,
      0.26448899507522583,
      0.168886199593544,
      0.2872718870639801,
      0.26728302240371704,
      0.28223031759262085,
      0.2331576645374298,
      0.2757239043712616,
      0.41676393151283264,
      0.25542306900024414,
      1.0,
      0.1990625262260437
    ],
    [
      0.27619728446006775,
      0.3918435871601105,
      0.27103710174560547,
      0.3251422941684723,
      0.2855839431285858,
      0.34076300263404846,
      0.3102239668369293,
      0.3059723973274231,
      0.2555404603481293,
      0.2999473512172699,
      0.33450090885162354,
      0.24740274250507355,
      0.33289021253585815,
      0.3159205913543701,
      0.1990625262260437,
      0.9999999403953552
    ]
  ]
}