{
  "game_number": 188,
  "words": [
    "BAIT",
    "CHUM",
    "FLY",
    "LURE",
    "LIBERTY",
    "STORM",
    "SUN",
    "WINGS",
    "BOW",
    "FELLOW",
    "HORN",
    "LEGS",
    "PERPLEX",
    "PUZZLE",
    "STUMP",
    "VEX"
  ],
  "adjacency_matrix": [
    [
      0.9999999403953552,
      0.4151518642902374,
      0.4220590889453888,
      0.6616358160972595,
      0.2608236074447632,
      0.3222211003303528,
      0.28080207109451294,
      0.3249844014644623,
      0.36894455552101135,
      0.25375813245773315,
      0.30656832456588745,
      0.262586772441864,
      0.2615188956260681,
      0.31717291474342346,
      0.42963820695877075,
      0.25697869062423706
    ],
    [
      0.4151518642902374,
      1.0,
      0.3009892702102661,
      0.3443219065666199,
      0.20444007217884064,
      0.20858211815357208,
      0.22316744923591614,
      0.24131743609905243,
      0.2931567132472992,
      0.3920820355415344,
      0.2483007311820984,
      0.20433767139911652,
      0.2461293786764145,
      0.22408939898014069,
      0.3102565407752991,
      0.24577820301055908
    ],
    [
      0.4220590889453888,
      0.3009892702102661,
      1.0,
      0.4691409170627594,
      0.290743887424469,
      0.34188786149024963,
      0.35271507501602173,
      0.5617624521255493,
      0.38232871890068054,
      0.29431453347206116,
      0.3465244770050049,
      0.43068814277648926,
      0.29037314653396606,
      0.2384762316942215,
      0.40087422728538513,
      0.2731195390224457
    ],
    [
      0.6616358160972595,
      0.3443219065666199,
      0.4691409170627594,
      0.9999999403953552,
      0.26098766922950745,
      0.3308757543563843,
      0.3184705972671509,
      0.32056087255477905,
      0.3288101851940155,
      0.33683890104293823,
      0.32120320200920105,
      0.26205289363861084,
      0.376507967710495,
      0.33550673723220825,
      0.3709750473499298,
      0.3196765184402466
    ],
    [
      0.2608236074447632,
      0.20444007217884064,
      0.290743887424469,
      0.26098766922950745,
      1.0,
      0.2853962779045105,
      0.3190121054649353,
      0.3327314853668213,
      0.2829466760158539,
      0.21445532143115997,
      0.2603689432144165,
      0.2774953842163086,
      0.2597929537296295,
      0.25746291875839233,
      0.3227045238018036,
      0.22598645091056824
    ],
    [
      0.3222211003303528,
      0.20858211815357208,
      0.34188786149024963,
      0.3308757543563843,
      0.2853962779045105,
      1.0,
      0.4240848124027252,
      0.3008473217487335,
      0.4137498140335083,
      0.21464207768440247,
      0.3263251781463623,
      0.23110371828079224,
      0.27474188804626465,
      0.3383958637714386,
      0.3344123959541321,
      0.2225637286901474
    ],
    [
      0.28080207109451294,
      0.22316744923591614,
      0.35271507501602173,
      0.3184705972671509,
      0.3190121054649353,
      0.4240848124027252,
      1.0,
      0.36626628041267395,
      0.3393833637237549,
      0.20534338057041168,
      0.29819026589393616,
      0.33204424381256104,
      0.25660550594329834,
      0.23464563488960266,
      0.258089542388916,
      0.22779113054275513
    ],
    [
      0.3249844014644623,
      0.24131743609905243,
      0.5617624521255493,
      0.32056087255477905,
      0.3327314853668213,
      0.3008473217487335,
      0.36626628041267395,
      1.0,
      0.3781226873397827,
      0.24354209005832672,
      0.4119577407836914,
      0.6216449737548828,
      0.28859779238700867,
      0.28231602907180786,
      0.36241087317466736,
      0.21316847205162048
    ],
    [
      0.36894455552101135,
      0.2931567132472992,
      0.38232871890068054,
      0.3288101851940155,
      0.2829466760158539,
      0.4137498140335083,
      0.3393833637237549,
      0.3781226873397827,
      1.0,
      0.26946261525154114,
      0.48667430877685547,
      0.4027164876461029,
      0.3021743893623352,
      0.29055461287498474,
      0.4344452917575836,
      0.3152330815792084
    ],
    [
      0.25375813245773315,
      0.3920820355415344,
      0.29431453347206116,
      0.33683890104293823,
      0.21445532143115997,
      0.21464207768440247,
      0.20534338057041168,
      0.24354209005832672,
      0.26946261525154114,
      1.0,
      0.2797929048538208,
      0.2830747663974762,
      0.3645128905773163,
      0.2118089199066162,
      0.32572001218795776,
      0.28003621101379395
    ],
    [
      0.30656832456588745,
      0.2483007311820984,
      0.3465244770050049,
      0.32120320200920105,
      0.2603689432144165,
      0.3263251781463623,
      0.29819026589393616,
      0.4119577407836914,
      0.48667430877685547,
      0.2797929048538208,
      1.0,
      0.37412306666374207,
      0.23557579517364502,
      0.2835383117198944,
      0.4296480417251587,
      0.22237755358219147
    ],
    [
      0.262586772441864,
      0.20433767139911652,
      0.43068814277648926,
      0.26205289363861084,
      0.2774953842163086,
      0.23110371828079224,
      0.33204424381256104,
      0.6216449737548828,
      0.4027164876461029,
      0.2830747663974762,
      0.37412306666374207,
      1.0,
      0.20213791728019714,
      0.28032612800598145,
      0.41449153423309326,
      0.165787935256958
    ],
    [
      0.2615188956260681,
      0.2461293786764145,
      0.29037314653396606,
      0.376507967710495,
      0.2597929537296295,
      0.27474188804626465,
      0.25660550594329834,
      0.28859779238700867,
      0.3021743893623352,
      0.3645128905773163,
      0.23557579517364502,
      0.20213791728019714,
      1.0,
      0.49893447756767273,
      0.3311643898487091,
      0.73283451795578
    ],
    [
      0.31717291474342346,
      0.22408939898014069,
      0.2384762316942215,
      0.33550673723220825,
      0.25746291875839233,
      0.3383958637714386,
      0.23464563488960266,
      0.28231602907180786,
      0.29055461287498474,
      0.2118089199066162,
      0.2835383117198944,
      0.28032612800598145,
      0.49893447756767273,
      1.0,
      0.3120058476924896,
      0.3481968641281128
    ],
    [
      0.42963820695877075,
      0.3102565407752991,
      0.40087422728538513,
      0.3709750473499298,
      0.3227045238018036,
      0.3344123959541321,
      0.258089542388916,
      0.36241087317466736,
      0.4344452917575836,
      0.32572001218795776,
      0.4296480417251587,
      0.41449153423309326,
      0.3311643898487091,
      0.3120058476924896,
      1.0,
      0.254521906375885
    ],
    [
      0.25697869062423706,
      0.24577820301055908,
      0.2731195390224457,
      0.3196765184402466,
      0.22598645091056824,
      0.2225637286901474,
      0.22779113054275513,
      0.21316847205162048,
      0.3152330815792084,
      0.28003621101379395,
      0.22237755358219147,
      0.165787935256958,
      0.73283451795578,
      0.3481968641281128,
      0.254521906375885,
      1.0
    ]
  ]
}