{
  "game_number": 115,
  "words": [
    "ANGST",
    "DIE",
    "KINDER",
    "WURST",
    "DEER",
    "SHEEP",
    "SHRIMP",
    "SQUID",
    "DICE",
    "LICE",
    "MICE",
    "OXEN",
    "FIBER",
    "STRAND",
    "STRING",
    "THREAD"
  ],
  "adjacency_matrix": [
    [
      1.0,
      0.2665535807609558,
      0.3026205599308014,
      0.2004377841949463,
      0.2260015308856964,
      0.23079751431941986,
      0.20908403396606445,
      0.25602787733078003,
      0.1717817485332489,
      0.198735311627388,
      0.2274829000234604,
      0.04333624988794327,
      0.18125854432582855,
      0.2841601073741913,
      0.2545941174030304,
      0.33790093660354614
    ],
    [
      0.2665535807609558,
      0.9999999403953552,
      0.2852645516395569,
      0.2772386968135834,
      0.32085317373275757,
      0.3350287973880768,
      0.23432525992393494,
      0.253652960062027,
      0.437700480222702,
      0.3338826298713684,
      0.2794725298881531,
      0.1376899778842926,
      0.2043589949607849,
      0.2980610728263855,
      0.21822072565555573,
      0.29529663920402527
    ],
    [
      0.3026205599308014,
      0.2852645516395569,
      1.0,
      0.2687849998474121,
      0.22820639610290527,
      0.25641244649887085,
      0.23130500316619873,
      0.23286472260951996,
      0.21275070309638977,
      0.23010915517807007,
      0.23630885779857635,
      0.11419139057397842,
      0.22789344191551208,
      0.2933327853679657,
      0.2265373170375824,
      0.2726438045501709
    ],
    [
      0.2004377841949463,
      0.2772386968135834,
      0.2687849998474121,
      1.0,
      0.2867884337902069,
      0.28160208463668823,
      0.27168574929237366,
      0.27802520990371704,
      0.21466702222824097,
      0.21858389675617218,
      0.15057489275932312,
      0.1669946312904358,
      0.20431579649448395,
      0.17173856496810913,
      0.23789595067501068,
      0.18119266629219055
    ],
    [
      0.2260015308856964,
      0.32085317373275757,
      0.22820639610290527,
      0.2867884337902069,
      1.0,
      0.5679731369018555,
      0.36372512578964233,
      0.3697252869606018,
      0.24638986587524414,
      0.36489731073379517,
      0.3968319892883301,
      0.45599597692489624,
      0.23902933299541473,
      0.268428236246109,
      0.2729756534099579,
      0.2580394148826599
    ],
    [
      0.23079751431941986,
      0.3350287973880768,
      0.25641244649887085,
      0.28160208463668823,
      0.5679731369018555,
      1.0,
      0.34360310435295105,
      0.29241427779197693,
      0.2922033667564392,
      0.28892478346824646,
      0.45301368832588196,
      0.5032141804695129,
      0.2933923900127411,
      0.36958733201026917,
      0.27304819226264954,
      0.29703468084335327
    ],
    [
      0.20908403396606445,
      0.23432525992393494,
      0.23130500316619873,
      0.27168574929237366,
      0.36372512578964233,
      0.34360310435295105,
      1.0,
      0.5855488777160645,
      0.2649857699871063,
      0.31577402353286743,
      0.31147390604019165,
      0.2007812261581421,
      0.33693063259124756,
      0.32956361770629883,
      0.2985876202583313,
      0.2675766348838806
    ],
    [
      0.25602787733078003,
      0.253652960062027,
      0.23286472260951996,
      0.27802520990371704,
      0.3697252869606018,
      0.29241427779197693,
      0.5855488777160645,
      1.0,
      0.2994217872619629,
      0.31119203567504883,
      0.32669344544410706,
      0.18491502106189728,
      0.30073827505111694,
      0.3080999553203583,
      0.30095529556274414,
      0.2885725200176239
    ],
    [
      0.1717817485332489,
      0.437700480222702,
      0.21275070309638977,
      0.21466702222824097,
      0.24638986587524414,
      0.2922033667564392,
      0.2649857699871063,
      0.2994217872619629,
      1.0,
      0.23409023880958557,
      0.24989326298236847,
      0.2043708860874176,
      0.20090897381305695,
      0.23378875851631165,
      0.272347629070282,
      0.22626447677612305
    ],
    [
      0.198735311627388,
      0.3338826298713684,
      0.23010915517807007,
      0.21858389675617218,
      0.36489731073379517,
      0.28892478346824646,
      0.31577402353286743,
      0.31119203567504883,
      0.23409023880958557,
      1.0,
      0.28630343079566956,
      0.1272895634174347,
      0.2395571619272232,
      0.24966157972812653,
      0.21143139898777008,
      0.17668835818767548
    ],
    [
      0.2274829000234604,
      0.2794725298881531,
      0.23630885779857635,
      0.15057489275932312,
      0.3968319892883301,
      0.45301368832588196,
      0.31147390604019165,
      0.32669344544410706,
      0.24989326298236847,
      0.28630343079566956,
      1.0,
      0.32848286628723145,
      0.26289376616477966,
      0.22489923238754272,
      0.21073868870735168,
      0.17113710939884186
    ],
    [
      0.04333624988794327,
      0.1376899778842926,
      0.11419139057397842,
      0.1669946312904358,
      0.45599597692489624,
      0.5032141804695129,
      0.2007812261581421,
      0.18491502106189728,
      0.2043708860874176,
      0.1272895634174347,
      0.32848286628723145,
      0.9999999403953552,
      0.17174091935157776,
      0.06163553521037102,
      0.1699487715959549,
      0.07026124745607376
    ],
    [
      0.18125854432582855,
      0.2043589949607849,
      0.22789344191551208,
      0.20431579649448395,
      0.23902933299541473,
      0.2933923900127411,
      0.33693063259124756,
      0.30073827505111694,
      0.20090897381305695,
      0.2395571619272232,
      0.26289376616477966,
      0.17174091935157776,
      0.9999999403953552,
      0.3803829550743103,
      0.3313043713569641,
      0.340974360704422
    ],
    [
      0.2841601073741913,
      0.2980610728263855,
      0.2933327853679657,
      0.17173856496810913,
      0.268428236246109,
      0.36958733201026917,
      0.32956361770629883,
      0.3080999553203583,
      0.23378875851631165,
      0.24966157972812653,
      0.22489923238754272,
      0.06163553521037102,
      0.3803829550743103,
      1.0,
      0.4873473048210144,
      0.5145206451416016
    ],
    [
      0.2545941174030304,
      0.21822072565555573,
      0.2265373170375824,
      0.23789595067501068,
      0.2729756534099579,
      0.27304819226264954,
      0.2985876202583313,
      0.30095529556274414,
      0.272347629070282,
      0.21143139898777008,
      0.21073868870735168,
      0.1699487715959549,
      0.3313043713569641,
      0.4873473048210144,
      1.0,
      0.4583955705165863
    ],
    [
      0.33790093660354614,
      0.29529663920402527,
      0.2726438045501709,
      0.18119266629219055,
      0.2580394148826599,
      0.29703468084335327,
      0.2675766348838806,
      0.2885725200176239,
      0.22626447677612305,
      0.17668835818767548,
      0.17113710939884186,
      0.07026124745607376,
      0.340974360704422,
      0.5145206451416016,
      0.4583955705165863,
      1.0
    ]
  ]
}