{
  "game_number": 586,
  "words": [
    "GEAR",
    "HANDLEBAR",
    "PEDAL",
    "WHEEL",
    "DOG",
    "FOLLOW",
    "TAIL",
    "TRACK",
    "DOUBT",
    "MOVIE",
    "SHADOW",
    "VOTE",
    "ACTOR",
    "DANCER",
    "SINGER",
    "STAND-UP"
  ],
  "adjacency_matrix": [
    [
      1.0,
      0.4904259145259857,
      0.4969269633293152,
      0.5421637892723083,
      0.3173517882823944,
      0.36878710985183716,
      0.4389190375804901,
      0.472461074590683,
      0.2548144459724426,
      0.3401183784008026,
      0.3347046971321106,
      0.2924340069293976,
      0.3059385120868683,
      0.28272008895874023,
      0.27766135334968567,
      0.37306928634643555
    ],
    [
      0.4904259145259857,
      1.0,
      0.5367677807807922,
      0.5119777321815491,
      0.32088178396224976,
      0.32031095027923584,
      0.45208802819252014,
      0.3483041822910309,
      0.22323893010616302,
      0.22043141722679138,
      0.33167436718940735,
      0.22507470846176147,
      0.31472131609916687,
      0.2690354287624359,
      0.2837335765361786,
      0.3997306823730469
    ],
    [
      0.4969269633293152,
      0.5367677807807922,
      1.0,
      0.535473108291626,
      0.30592453479766846,
      0.29726532101631165,
      0.3543122410774231,
      0.3987344801425934,
      0.21209365129470825,
      0.24728557467460632,
      0.29039961099624634,
      0.21886180341243744,
      0.243381068110466,
      0.2794434428215027,
      0.2862362265586853,
      0.3697424829006195
    ],
    [
      0.5421637892723083,
      0.5119777321815491,
      0.535473108291626,
      1.0,
      0.3684729337692261,
      0.33905985951423645,
      0.3967514634132385,
      0.47839856147766113,
      0.24739983677864075,
      0.32356956601142883,
      0.3762972056865692,
      0.3095431625843048,
      0.3131679892539978,
      0.3189443051815033,
      0.2940739393234253,
      0.32459190487861633
    ],
    [
      0.3173517882823944,
      0.32088178396224976,
      0.30592453479766846,
      0.3684729337692261,
      1.0,
      0.33350181579589844,
      0.5174517035484314,
      0.39163103699684143,
      0.18609866499900818,
      0.34152230620384216,
      0.28705400228500366,
      0.2822710871696472,
      0.3775007128715515,
      0.41015544533729553,
      0.3813263475894928,
      0.33715397119522095
    ],
    [
      0.36878710985183716,
      0.32031095027923584,
      0.29726532101631165,
      0.33905985951423645,
      0.33350181579589844,
      1.0,
      0.34650057554244995,
      0.5143551230430603,
      0.4046074151992798,
      0.3418463468551636,
      0.35937246680259705,
      0.40564480423927307,
      0.32419586181640625,
      0.21924370527267456,
      0.33165162801742554,
      0.3358168601989746
    ],
    [
      0.4389190375804901,
      0.45208802819252014,
      0.3543122410774231,
      0.3967514634132385,
      0.5174517035484314,
      0.34650057554244995,
      0.9999999403953552,
      0.4373570382595062,
      0.18907681107521057,
      0.27579060196876526,
      0.3939674198627472,
      0.2555824816226959,
      0.2279740422964096,
      0.30724263191223145,
      0.2376912385225296,
      0.29545968770980835
    ],
    [
      0.472461074590683,
      0.3483041822910309,
      0.3987344801425934,
      0.47839856147766113,
      0.39163103699684143,
      0.5143551230430603,
      0.4373570382595062,
      1.0,
      0.2641672194004059,
      0.3855232000350952,
      0.40355154871940613,
      0.3560183346271515,
      0.2965439558029175,
      0.2776082754135132,
      0.394478976726532,
      0.31478261947631836
    ],
    [
      0.2548144459724426,
      0.22323893010616302,
      0.21209365129470825,
      0.24739983677864075,
      0.18609866499900818,
      0.4046074151992798,
      0.18907681107521057,
      0.2641672194004059,
      0.9999999403953552,
      0.25852251052856445,
      0.4921666979789734,
      0.3683684170246124,
      0.2867588996887207,
      0.16924075782299042,
      0.2865488529205322,
      0.22340716421604156
    ],
    [
      0.3401183784008026,
      0.22043141722679138,
      0.24728557467460632,
      0.32356956601142883,
      0.34152230620384216,
      0.3418463468551636,
      0.27579060196876526,
      0.3855232000350952,
      0.25852251052856445,
      1.0,
      0.3244231641292572,
      0.3098699450492859,
      0.5300227403640747,
      0.3633987605571747,
      0.40024131536483765,
      0.39323747158050537
    ],
    [
      0.3347046971321106,
      0.33167436718940735,
      0.29039961099624634,
      0.3762972056865692,
      0.28705400228500366,
      0.35937246680259705,
      0.3939674198627472,
      0.40355154871940613,
      0.4921666979789734,
      0.3244231641292572,
      1.0,
      0.3547210395336151,
      0.39783236384391785,
      0.3496421277523041,
      0.3193078935146332,
      0.34107068181037903
    ],
    [
      0.2924340069293976,
      0.22507470846176147,
      0.21886180341243744,
      0.3095431625843048,
      0.2822710871696472,
      0.40564480423927307,
      0.2555824816226959,
      0.3560183346271515,
      0.3683684170246124,
      0.3098699450492859,
      0.3547210395336151,
      1.0,
      0.2785402238368988,
      0.157089501619339,
      0.26140472292900085,
      0.2729642987251282
    ],
    [
      0.3059385120868683,
      0.31472131609916687,
      0.243381068110466,
      0.3131679892539978,
      0.3775007128715515,
      0.32419586181640625,
      0.2279740422964096,
      0.2965439558029175,
      0.2867588996887207,
      0.5300227403640747,
      0.39783236384391785,
      0.2785402238368988,
      0.9999999403953552,
      0.5604121685028076,
      0.678558349609375,
      0.46623000502586365
    ],
    [
      0.28272008895874023,
      0.2690354287624359,
      0.2794434428215027,
      0.3189443051815033,
      0.41015544533729553,
      0.21924370527267456,
      0.30724263191223145,
      0.2776082754135132,
      0.16924075782299042,
      0.3633987605571747,
      0.3496421277523041,
      0.157089501619339,
      0.5604121685028076,
      1.0,
      0.6635438799858093,
      0.3948993682861328
    ],
    [
      0.27766135334968567,
      0.2837335765361786,
      0.2862362265586853,
      0.2940739393234253,
      0.3813263475894928,
      0.33165162801742554,
      0.2376912385225296,
      0.394478976726532,
      0.2865488529205322,
      0.40024131536483765,
      0.3193078935146332,
      0.26140472292900085,
      0.678558349609375,
      0.6635438799858093,
      1.0,
      0.44189274311065674
    ],
    [
      0.37306928634643555,
      0.3997306823730469,
      0.3697424829006195,
      0.32459190487861633,
      0.33715397119522095,
      0.3358168601989746,
      0.29545968770980835,
      0.31478261947631836,
      0.22340716421604156,
      0.39323747158050537,
      0.34107068181037903,
      0.2729642987251282,
      0.46623000502586365,
      0.3948993682861328,
      0.44189274311065674,
      1.0
    ]
  ]
}