{
  "game_number": 464,
  "words": [
    "BAR",
    "FINAL",
    "ORAL",
    "PHYSICAL",
    "BEAUTY",
    "GEM",
    "MARVEL",
    "PEACH",
    "BABY",
    "EYE",
    "SWEET",
    "WISDOM",
    "FUNK",
    "MUSK",
    "ODOR",
    "TANG"
  ],
  "adjacency_matrix": [
    [
      1.0,
      0.314817875623703,
      0.19553717970848083,
      0.21632790565490723,
      0.22051432728767395,
      0.26237013936042786,
      0.21594232320785522,
      0.31787362694740295,
      0.20575033128261566,
      0.293199360370636,
      0.26142987608909607,
      0.21880553662776947,
      0.300351619720459,
      0.1487499475479126,
      0.1584641933441162,
      0.3675445020198822
    ],
    [
      0.314817875623703,
      0.9999999403953552,
      0.4610058665275574,
      0.5034087300300598,
      0.34815964102745056,
      0.341777503490448,
      0.3813084363937378,
      0.339162141084671,
      0.32478663325309753,
      0.3118267059326172,
      0.4290737509727478,
      0.31605228781700134,
      0.28811994194984436,
      0.17016763985157013,
      0.19205071032047272,
      0.29286015033721924
    ],
    [
      0.19553717970848083,
      0.4610058665275574,
      1.0,
      0.4757991433143616,
      0.29223233461380005,
      0.23222920298576355,
      0.2128273844718933,
      0.2736218273639679,
      0.2502487599849701,
      0.33977559208869934,
      0.33707505464553833,
      0.3615650534629822,
      0.2936175465583801,
      0.2932843863964081,
      0.2685477137565613,
      0.28883323073387146
    ],
    [
      0.21632790565490723,
      0.5034087300300598,
      0.4757991433143616,
      0.9999999403953552,
      0.5101563334465027,
      0.26085031032562256,
      0.44612306356430054,
      0.3336452543735504,
      0.34978052973747253,
      0.39497196674346924,
      0.3685230016708374,
      0.3626013398170471,
      0.40182042121887207,
      0.24938997626304626,
      0.34030622243881226,
      0.31953519582748413
    ],
    [
      0.22051432728767395,
      0.34815964102745056,
      0.29223233461380005,
      0.5101563334465027,
      1.0,
      0.49291524291038513,
      0.5502146482467651,
      0.4315575957298279,
      0.35693472623825073,
      0.44760996103286743,
      0.48933830857276917,
      0.5594898462295532,
      0.31193703413009644,
      0.3270157277584076,
      0.3577992618083954,
      0.34859248995780945
    ],
    [
      0.26237013936042786,
      0.341777503490448,
      0.23222920298576355,
      0.26085031032562256,
      0.49291524291038513,
      1.0,
      0.4578234553337097,
      0.3941715955734253,
      0.3018082082271576,
      0.3156374394893646,
      0.4232197701931,
      0.38531050086021423,
      0.38571861386299133,
      0.3297064006328583,
      0.19395050406455994,
      0.39456984400749207
    ],
    [
      0.21594232320785522,
      0.3813084363937378,
      0.2128273844718933,
      0.44612306356430054,
      0.5502146482467651,
      0.4578234553337097,
      1.0,
      0.30137166380882263,
      0.2868448793888092,
      0.38523000478744507,
      0.3568800985813141,
      0.4411117136478424,
      0.31191667914390564,
      0.2419208139181137,
      0.17988529801368713,
      0.3344709575176239
    ],
    [
      0.31787362694740295,
      0.339162141084671,
      0.2736218273639679,
      0.3336452543735504,
      0.4315575957298279,
      0.3941715955734253,
      0.30137166380882263,
      0.9999999403953552,
      0.45737364888191223,
      0.35771992802619934,
      0.5943852066993713,
      0.3028542101383209,
      0.439433753490448,
      0.5205581188201904,
      0.36082664132118225,
      0.4593169391155243
    ],
    [
      0.20575033128261566,
      0.32478663325309753,
      0.2502487599849701,
      0.34978052973747253,
      0.35693472623825073,
      0.3018082082271576,
      0.2868448793888092,
      0.45737364888191223,
      1.0,
      0.3589703440666199,
      0.4259645342826843,
      0.2675880193710327,
      0.35557833313941956,
      0.3316986560821533,
      0.23488269746303558,
      0.30937525629997253
    ],
    [
      0.293199360370636,
      0.3118267059326172,
      0.33977559208869934,
      0.39497196674346924,
      0.44760996103286743,
      0.3156374394893646,
      0.38523000478744507,
      0.35771992802619934,
      0.3589703440666199,
      1.0,
      0.37218981981277466,
      0.35607388615608215,
      0.26463189721107483,
      0.32172906398773193,
      0.26385703682899475,
      0.32206547260284424
    ],
    [
      0.26142987608909607,
      0.4290737509727478,
      0.33707505464553833,
      0.3685230016708374,
      0.48933830857276917,
      0.4232197701931,
      0.3568800985813141,
      0.5943852066993713,
      0.4259645342826843,
      0.37218981981277466,
      1.0,
      0.39504939317703247,
      0.41355782747268677,
      0.46939343214035034,
      0.40708857774734497,
      0.5037472248077393
    ],
    [
      0.21880553662776947,
      0.31605228781700134,
      0.3615650534629822,
      0.3626013398170471,
      0.5594898462295532,
      0.38531050086021423,
      0.4411117136478424,
      0.3028542101383209,
      0.2675880193710327,
      0.35607388615608215,
      0.39504939317703247,
      1.0,
      0.29002851247787476,
      0.28280413150787354,
      0.2643248736858368,
      0.35080790519714355
    ],
    [
      0.300351619720459,
      0.28811994194984436,
      0.2936175465583801,
      0.40182042121887207,
      0.31193703413009644,
      0.38571861386299133,
      0.31191667914390564,
      0.439433753490448,
      0.35557833313941956,
      0.26463189721107483,
      0.41355782747268677,
      0.29002851247787476,
      1.0,
      0.3245730996131897,
      0.2675393223762512,
      0.40579625964164734
    ],
    [
      0.1487499475479126,
      0.17016763985157013,
      0.2932843863964081,
      0.24938997626304626,
      0.3270157277584076,
      0.3297064006328583,
      0.2419208139181137,
      0.5205581188201904,
      0.3316986560821533,
      0.32172906398773193,
      0.46939343214035034,
      0.28280413150787354,
      0.3245730996131897,
      1.0000001192092896,
      0.4847651422023773,
      0.48244887590408325
    ],
    [
      0.1584641933441162,
      0.19205071032047272,
      0.2685477137565613,
      0.34030622243881226,
      0.3577992618083954,
      0.19395050406455994,
      0.17988529801368713,
      0.36082664132118225,
      0.23488269746303558,
      0.26385703682899475,
      0.40708857774734497,
      0.2643248736858368,
      0.2675393223762512,
      0.4847651422023773,
      0.9999999403953552,
      0.35767802596092224
    ],
    [
      0.3675445020198822,
      0.29286015033721924,
      0.28883323073387146,
      0.31953519582748413,
      0.34859248995780945,
      0.39456984400749207,
      0.3344709575176239,
      0.4593169391155243,
      0.30937525629997253,
      0.32206547260284424,
      0.5037472248077393,
      0.35080790519714355,
      0.40579625964164734,
      0.48244887590408325,
      0.35767802596092224,
      1.0
    ]
  ]
}