{
  "game_number": 300,
  "words": [
    "MANE",
    "MOP",
    "SHOCK",
    "TANGLE",
    "CHEER",
    "FRIEND",
    "SCRUB",
    "WEED",
    "FUND",
    "HOG",
    "MAZE",
    "TRIMMER",
    "POINTER",
    "SUGGESTION",
    "TIP",
    "TRICK"
  ],
  "adjacency_matrix": [
    [
      1.0000001192092896,
      0.3360614776611328,
      0.32657793164253235,
      0.37271612882614136,
      0.23919151723384857,
      0.29283133149147034,
      0.2984285056591034,
      0.3107099235057831,
      0.268081933259964,
      0.3750973641872406,
      0.19540609419345856,
      0.3720802366733551,
      0.37555521726608276,
      0.25850969552993774,
      0.3273700177669525,
      0.3142588436603546
    ],
    [
      0.3360614776611328,
      1.0,
      0.16900843381881714,
      0.25423663854599,
      0.27005237340927124,
      0.21779750287532806,
      0.4400603473186493,
      0.3369901776313782,
      0.2813970744609833,
      0.325099378824234,
      0.12498022615909576,
      0.301035612821579,
      0.19157128036022186,
      0.1356208175420761,
      0.2704344391822815,
      0.23836921155452728
    ],
    [
      0.32657793164253235,
      0.16900843381881714,
      1.0,
      0.31408682465553284,
      0.4791164696216583,
      0.33064600825309753,
      0.2638482451438904,
      0.30298686027526855,
      0.30735892057418823,
      0.2243676334619522,
      0.21954424679279327,
      0.23984549939632416,
      0.2988179922103882,
      0.3969053328037262,
      0.37677496671676636,
      0.4062418043613434
    ],
    [
      0.37271612882614136,
      0.25423663854599,
      0.31408682465553284,
      1.0,
      0.23391881585121155,
      0.28425294160842896,
      0.37357866764068604,
      0.41204798221588135,
      0.26276636123657227,
      0.27520865201950073,
      0.5178767442703247,
      0.32676634192466736,
      0.2657453417778015,
      0.2610424757003784,
      0.2867899537086487,
      0.375631183385849
    ],
    [
      0.23919151723384857,
      0.27005237340927124,
      0.4791164696216583,
      0.23391881585121155,
      0.9999999403953552,
      0.41626060009002686,
      0.3416900634765625,
      0.3266018033027649,
      0.30729928612709045,
      0.2694791257381439,
      0.16993801295757294,
      0.2500862181186676,
      0.27514883875846863,
      0.37223678827285767,
      0.29902851581573486,
      0.34072768688201904
    ],
    [
      0.29283133149147034,
      0.21779750287532806,
      0.33064600825309753,
      0.28425294160842896,
      0.41626060009002686,
      1.0,
      0.2648482322692871,
      0.3574446141719818,
      0.344983845949173,
      0.21269214153289795,
      0.19514912366867065,
      0.3542057275772095,
      0.35344865918159485,
      0.47600290179252625,
      0.38744500279426575,
      0.4020226001739502
    ],
    [
      0.2984285056591034,
      0.4400603473186493,
      0.2638482451438904,
      0.37357866764068604,
      0.3416900634765625,
      0.2648482322692871,
      1.0,
      0.504400908946991,
      0.305632084608078,
      0.3629714548587799,
      0.24115492403507233,
      0.38377246260643005,
      0.22783833742141724,
      0.25634458661079407,
      0.335110604763031,
      0.3127037584781647
    ],
    [
      0.3107099235057831,
      0.3369901776313782,
      0.30298686027526855,
      0.41204798221588135,
      0.3266018033027649,
      0.3574446141719818,
      0.504400908946991,
      1.0,
      0.36254578828811646,
      0.42886415123939514,
      0.3353562653064728,
      0.46302875876426697,
      0.2937568724155426,
      0.313658207654953,
      0.3549394905567169,
      0.3741631805896759
    ],
    [
      0.268081933259964,
      0.2813970744609833,
      0.30735892057418823,
      0.26276636123657227,
      0.30729928612709045,
      0.344983845949173,
      0.305632084608078,
      0.36254578828811646,
      1.0,
      0.2850310206413269,
      0.2671475410461426,
      0.2524487376213074,
      0.2852037847042084,
      0.358936071395874,
      0.36019617319107056,
      0.36181873083114624
    ],
    [
      0.3750973641872406,
      0.325099378824234,
      0.2243676334619522,
      0.27520865201950073,
      0.2694791257381439,
      0.21269214153289795,
      0.3629714548587799,
      0.42886415123939514,
      0.2850310206413269,
      1.0000001192092896,
      0.18591757118701935,
      0.32062387466430664,
      0.23458412289619446,
      0.09255047142505646,
      0.24217583239078522,
      0.23261430859565735
    ],
    [
      0.19540609419345856,
      0.12498022615909576,
      0.21954424679279327,
      0.5178767442703247,
      0.16993801295757294,
      0.19514912366867065,
      0.24115492403507233,
      0.3353562653064728,
      0.2671475410461426,
      0.18591757118701935,
      1.0,
      0.21993626654148102,
      0.27836543321609497,
      0.19146911799907684,
      0.19614483416080475,
      0.3715340197086334
    ],
    [
      0.3720802366733551,
      0.301035612821579,
      0.23984549939632416,
      0.32676634192466736,
      0.2500862181186676,
      0.3542057275772095,
      0.38377246260643005,
      0.46302875876426697,
      0.2524487376213074,
      0.32062387466430664,
      0.21993626654148102,
      1.0,
      0.3518469035625458,
      0.2701462209224701,
      0.4235537052154541,
      0.3650338649749756
    ],
    [
      0.37555521726608276,
      0.19157128036022186,
      0.2988179922103882,
      0.2657453417778015,
      0.27514883875846863,
      0.35344865918159485,
      0.22783833742141724,
      0.2937568724155426,
      0.2852037847042084,
      0.23458412289619446,
      0.27836543321609497,
      0.3518469035625458,
      1.0,
      0.46229663491249084,
      0.4810126721858978,
      0.4281500279903412
    ],
    [
      0.25850969552993774,
      0.1356208175420761,
      0.3969053328037262,
      0.2610424757003784,
      0.37223678827285767,
      0.47600290179252625,
      0.25634458661079407,
      0.313658207654953,
      0.358936071395874,
      0.09255047142505646,
      0.19146911799907684,
      0.2701462209224701,
      0.46229663491249084,
      1.0,
      0.43800145387649536,
      0.47055867314338684
    ],
    [
      0.3273700177669525,
      0.2704344391822815,
      0.37677496671676636,
      0.2867899537086487,
      0.29902851581573486,
      0.38744500279426575,
      0.335110604763031,
      0.3549394905567169,
      0.36019617319107056,
      0.24217583239078522,
      0.19614483416080475,
      0.4235537052154541,
      0.4810126721858978,
      0.43800145387649536,
      0.9999999403953552,
      0.48095157742500305
    ],
    [
      0.3142588436603546,
      0.23836921155452728,
      0.4062418043613434,
      0.375631183385849,
      0.34072768688201904,
      0.4020226001739502,
      0.3127037584781647,
      0.3741631805896759,
      0.36181873083114624,
      0.23261430859565735,
      0.3715340197086334,
      0.3650338649749756,
      0.4281500279903412,
      0.47055867314338684,
      0.48095157742500305,
      1.0
    ]
  ]
}