{
  "game_number": 143,
  "words": [
    "FLAG",
    "GIVEAWAY",
    "SIGN",
    "TELL",
    "CUT",
    "DEAL",
    "FAN",
    "SHUFFLE",
    "BANKNOTE",
    "BEAK",
    "INVOICE",
    "WILLIAM",
    "KEEP",
    "PRESERVE",
    "SAVE",
    "STORE"
  ],
  "adjacency_matrix": [
    [
      1.0,
      0.32840725779533386,
      0.4865967035293579,
      0.32276490330696106,
      0.3338116705417633,
      0.34497132897377014,
      0.28892162442207336,
      0.2652243375778198,
      0.38235870003700256,
      0.3136409819126129,
      0.3592057526111603,
      0.25333553552627563,
      0.3142152428627014,
      0.34002986550331116,
      0.36989250779151917,
      0.3396942615509033
    ],
    [
      0.32840725779533386,
      1.0,
      0.42785078287124634,
      0.3210103511810303,
      0.42753949761390686,
      0.45763757824897766,
      0.36628660559654236,
      0.3891231417655945,
      0.2767484188079834,
      0.2811967134475708,
      0.354073703289032,
      0.1844187080860138,
      0.30655139684677124,
      0.3287227749824524,
      0.42409422993659973,
      0.38644132018089294
    ],
    [
      0.4865967035293579,
      0.42785078287124634,
      0.9999999403953552,
      0.39307647943496704,
      0.39532342553138733,
      0.5214367508888245,
      0.3425452411174774,
      0.31614255905151367,
      0.3565663695335388,
      0.3164699971675873,
      0.4565304219722748,
      0.26178574562072754,
      0.3994764983654022,
      0.3689509332180023,
      0.40672945976257324,
      0.4234502911567688
    ],
    [
      0.32276490330696106,
      0.3210103511810303,
      0.39307647943496704,
      1.0,
      0.3962791860103607,
      0.44903334975242615,
      0.27207061648368835,
      0.2680845856666565,
      0.21293334662914276,
      0.29889243841171265,
      0.2708878219127655,
      0.28701913356781006,
      0.5038474798202515,
      0.4472452700138092,
      0.4980505406856537,
      0.4318082630634308
    ],
    [
      0.3338116705417633,
      0.42753949761390686,
      0.39532342553138733,
      0.3962791860103607,
      1.0,
      0.5112634301185608,
      0.2925986647605896,
      0.4750639796257019,
      0.23381543159484863,
      0.41610631346702576,
      0.3192378282546997,
      0.2622752785682678,
      0.5028531551361084,
      0.4884009063243866,
      0.5968230366706848,
      0.41393962502479553
    ],
    [
      0.34497132897377014,
      0.45763757824897766,
      0.5214367508888245,
      0.44903334975242615,
      0.5112634301185608,
      1.0,
      0.32556861639022827,
      0.40875759720802307,
      0.24582165479660034,
      0.30900296568870544,
      0.3836401700973511,
      0.25072193145751953,
      0.43553102016448975,
      0.4147678315639496,
      0.5273560285568237,
      0.43547433614730835
    ],
    [
      0.28892162442207336,
      0.36628660559654236,
      0.3425452411174774,
      0.27207061648368835,
      0.2925986647605896,
      0.32556861639022827,
      1.0,
      0.22772668302059174,
      0.20273634791374207,
      0.23095543682575226,
      0.258881151676178,
      0.263305127620697,
      0.3359978497028351,
      0.223789781332016,
      0.2405378222465515,
      0.29312267899513245
    ],
    [
      0.2652243375778198,
      0.3891231417655945,
      0.31614255905151367,
      0.2680845856666565,
      0.4750639796257019,
      0.40875759720802307,
      0.22772668302059174,
      1.0,
      0.21840305626392365,
      0.2526773512363434,
      0.24980437755584717,
      0.15951819717884064,
      0.3807326853275299,
      0.36267516016960144,
      0.39876413345336914,
      0.3855244815349579
    ],
    [
      0.38235870003700256,
      0.2767484188079834,
      0.3565663695335388,
      0.21293334662914276,
      0.23381543159484863,
      0.24582165479660034,
      0.20273634791374207,
      0.21840305626392365,
      1.0,
      0.2735922038555145,
      0.3992663621902466,
      0.13986222445964813,
      0.19756974279880524,
      0.27919307351112366,
      0.24419653415679932,
      0.2754948139190674
    ],
    [
      0.3136409819126129,
      0.2811967134475708,
      0.3164699971675873,
      0.29889243841171265,
      0.41610631346702576,
      0.30900296568870544,
      0.23095543682575226,
      0.2526773512363434,
      0.2735922038555145,
      0.9999999403953552,
      0.26855772733688354,
      0.22319619357585907,
      0.29438069462776184,
      0.27167168259620667,
      0.26479974389076233,
      0.27821847796440125
    ],
    [
      0.3592057526111603,
      0.354073703289032,
      0.4565304219722748,
      0.2708878219127655,
      0.3192378282546997,
      0.3836401700973511,
      0.258881151676178,
      0.24980437755584717,
      0.3992663621902466,
      0.26855772733688354,
      1.0000001192092896,
      0.2155863493680954,
      0.2904551327228546,
      0.23147550225257874,
      0.3200015127658844,
      0.36922669410705566
    ],
    [
      0.25333553552627563,
      0.1844187080860138,
      0.26178574562072754,
      0.28701913356781006,
      0.2622752785682678,
      0.25072193145751953,
      0.263305127620697,
      0.15951819717884064,
      0.13986222445964813,
      0.22319619357585907,
      0.2155863493680954,
      1.0000001192092896,
      0.2417883276939392,
      0.20251469314098358,
      0.23134168982505798,
      0.18861062824726105
    ],
    [
      0.3142152428627014,
      0.30655139684677124,
      0.3994764983654022,
      0.5038474798202515,
      0.5028531551361084,
      0.43553102016448975,
      0.3359978497028351,
      0.3807326853275299,
      0.19756974279880524,
      0.29438069462776184,
      0.2904551327228546,
      0.2417883276939392,
      1.0000001192092896,
      0.5817806720733643,
      0.6000481843948364,
      0.4626249074935913
    ],
    [
      0.34002986550331116,
      0.3287227749824524,
      0.3689509332180023,
      0.4472452700138092,
      0.4884009063243866,
      0.4147678315639496,
      0.223789781332016,
      0.36267516016960144,
      0.27919307351112366,
      0.27167168259620667,
      0.23147550225257874,
      0.20251469314098358,
      0.5817806720733643,
      0.9999999403953552,
      0.6359642744064331,
      0.5046223998069763
    ],
    [
      0.36989250779151917,
      0.42409422993659973,
      0.40672945976257324,
      0.4980505406856537,
      0.5968230366706848,
      0.5273560285568237,
      0.2405378222465515,
      0.39876413345336914,
      0.24419653415679932,
      0.26479974389076233,
      0.3200015127658844,
      0.23134168982505798,
      0.6000481843948364,
      0.6359642744064331,
      1.0,
      0.5116696953773499
    ],
    [
      0.3396942615509033,
      0.38644132018089294,
      0.4234502911567688,
      0.4318082630634308,
      0.41393962502479553,
      0.43547433614730835,
      0.29312267899513245,
      0.3855244815349579,
      0.2754948139190674,
      0.27821847796440125,
      0.36922669410705566,
      0.18861062824726105,
      0.4626249074935913,
      0.5046223998069763,
      0.5116696953773499,
      1.0
    ]
  ]
}