{
  "game_number": 476,
  "words": [
    "FOLIO",
    "LEAF",
    "PAGE",
    "SHEET",
    "CHECK",
    "CURB",
    "LIMIT",
    "STEM",
    "BLOW",
    "HOLD",
    "PICK",
    "THUMB",
    "BABY",
    "BOO",
    "DEAR",
    "LOVE"
  ],
  "adjacency_matrix": [
    [
      1.0,
      0.4465689957141876,
      0.3105459213256836,
      0.48166900873184204,
      0.21638323366641998,
      0.16305866837501526,
      0.19248934090137482,
      0.20972925424575806,
      0.13494086265563965,
      0.2073354572057724,
      0.19418001174926758,
      0.25819000601768494,
      0.26317650079727173,
      0.08709421753883362,
      0.13380767405033112,
      0.1678817719221115
    ],
    [
      0.4465689957141876,
      1.0,
      0.3330031633377075,
      0.4302762448787689,
      0.2646137475967407,
      0.40197572112083435,
      0.31719908118247986,
      0.5783247351646423,
      0.40388575196266174,
      0.3549652695655823,
      0.3738146126270294,
      0.3490029275417328,
      0.3702051639556885,
      0.2691355347633362,
      0.25095802545547485,
      0.32515648007392883
    ],
    [
      0.3105459213256836,
      0.3330031633377075,
      1.0,
      0.43289870023727417,
      0.47247058153152466,
      0.29469984769821167,
      0.3870682120323181,
      0.3448476791381836,
      0.2649826109409332,
      0.35419341921806335,
      0.26204338669776917,
      0.33042600750923157,
      0.32057827711105347,
      0.253458708524704,
      0.31992974877357483,
      0.329867959022522
    ],
    [
      0.48166900873184204,
      0.4302762448787689,
      0.43289870023727417,
      1.0000001192092896,
      0.4417368471622467,
      0.28538691997528076,
      0.31325286626815796,
      0.3549160361289978,
      0.2966077923774719,
      0.3284677565097809,
      0.3254029452800751,
      0.36583730578422546,
      0.30229923129081726,
      0.17609481513500214,
      0.18270699679851532,
      0.27622750401496887
    ],
    [
      0.21638323366641998,
      0.2646137475967407,
      0.47247058153152466,
      0.4417368471622467,
      1.0,
      0.4030812084674835,
      0.4589514136314392,
      0.29018545150756836,
      0.4002307057380676,
      0.4843326807022095,
      0.5010820031166077,
      0.3797355890274048,
      0.29133331775665283,
      0.3370741605758667,
      0.3592871427536011,
      0.3573017418384552
    ],
    [
      0.16305866837501526,
      0.40197572112083435,
      0.29469984769821167,
      0.28538691997528076,
      0.4030812084674835,
      1.0,
      0.5784186124801636,
      0.5585645437240601,
      0.42692697048187256,
      0.4248802661895752,
      0.35472941398620605,
      0.30366945266723633,
      0.2756962776184082,
      0.34007206559181213,
      0.24597899615764618,
      0.3724580705165863
    ],
    [
      0.19248934090137482,
      0.31719908118247986,
      0.3870682120323181,
      0.31325286626815796,
      0.4589514136314392,
      0.5784186124801636,
      0.9999999403953552,
      0.4265292286872864,
      0.38947421312332153,
      0.480890154838562,
      0.3395638167858124,
      0.40631169080734253,
      0.24347834289073944,
      0.27803340554237366,
      0.3414069414138794,
      0.3759768009185791
    ],
    [
      0.20972925424575806,
      0.5783247351646423,
      0.3448476791381836,
      0.3549160361289978,
      0.29018545150756836,
      0.5585645437240601,
      0.4265292286872864,
      1.0,
      0.4531455338001251,
      0.43595507740974426,
      0.3533436059951782,
      0.2995348870754242,
      0.30062949657440186,
      0.27976253628730774,
      0.26621612906455994,
      0.3104015588760376
    ],
    [
      0.13494086265563965,
      0.40388575196266174,
      0.2649826109409332,
      0.2966077923774719,
      0.4002307057380676,
      0.42692697048187256,
      0.38947421312332153,
      0.4531455338001251,
      1.0,
      0.47397905588150024,
      0.461246132850647,
      0.38415268063545227,
      0.32565179467201233,
      0.438745379447937,
      0.3737371563911438,
      0.3880690038204193
    ],
    [
      0.2073354572057724,
      0.3549652695655823,
      0.35419341921806335,
      0.3284677565097809,
      0.4843326807022095,
      0.4248802661895752,
      0.480890154838562,
      0.43595507740974426,
      0.47397905588150024,
      1.0,
      0.48648127913475037,
      0.40281665325164795,
      0.33087587356567383,
      0.2753441333770752,
      0.5098994374275208,
      0.45478084683418274
    ],
    [
      0.19418001174926758,
      0.3738146126270294,
      0.26204338669776917,
      0.3254029452800751,
      0.5010820031166077,
      0.35472941398620605,
      0.3395638167858124,
      0.3533436059951782,
      0.461246132850647,
      0.48648127913475037,
      0.9999998807907104,
      0.3591713607311249,
      0.38800060749053955,
      0.3616076409816742,
      0.2958677411079407,
      0.342374712228775
    ],
    [
      0.25819000601768494,
      0.3490029275417328,
      0.33042600750923157,
      0.36583730578422546,
      0.3797355890274048,
      0.30366945266723633,
      0.40631169080734253,
      0.2995348870754242,
      0.38415268063545227,
      0.40281665325164795,
      0.3591713607311249,
      0.9999999403953552,
      0.3051786720752716,
      0.22990456223487854,
      0.3512347340583801,
      0.29876527190208435
    ],
    [
      0.26317650079727173,
      0.3702051639556885,
      0.32057827711105347,
      0.30229923129081726,
      0.29133331775665283,
      0.2756962776184082,
      0.24347834289073944,
      0.30062949657440186,
      0.32565179467201233,
      0.33087587356567383,
      0.38800060749053955,
      0.3051786720752716,
      1.0,
      0.40115979313850403,
      0.3841315507888794,
      0.4168343245983124
    ],
    [
      0.08709421753883362,
      0.2691355347633362,
      0.253458708524704,
      0.17609481513500214,
      0.3370741605758667,
      0.34007206559181213,
      0.27803340554237366,
      0.27976253628730774,
      0.438745379447937,
      0.2753441333770752,
      0.3616076409816742,
      0.22990456223487854,
      0.40115979313850403,
      1.0,
      0.3461471199989319,
      0.3418428897857666
    ],
    [
      0.13380767405033112,
      0.25095802545547485,
      0.31992974877357483,
      0.18270699679851532,
      0.3592871427536011,
      0.24597899615764618,
      0.3414069414138794,
      0.26621612906455994,
      0.3737371563911438,
      0.5098994374275208,
      0.2958677411079407,
      0.3512347340583801,
      0.3841315507888794,
      0.3461471199989319,
      1.0,
      0.574009895324707
    ],
    [
      0.1678817719221115,
      0.32515648007392883,
      0.329867959022522,
      0.27622750401496887,
      0.3573017418384552,
      0.3724580705165863,
      0.3759768009185791,
      0.3104015588760376,
      0.3880690038204193,
      0.45478084683418274,
      0.342374712228775,
      0.29876527190208435,
      0.4168343245983124,
      0.3418428897857666,
      0.574009895324707,
      1.0
    ]
  ]
}