{
  "game_number": 382,
  "words": [
    "HAT",
    "SHORTS",
    "SUNGLASSES",
    "TEE",
    "ARRAY",
    "BATTERY",
    "SET",
    "SERIES",
    "FLY",
    "POWER",
    "RADISH",
    "SHOE",
    "BED",
    "CHAIR",
    "COUCH",
    "TABLE"
  ],
  "adjacency_matrix": [
    [
      1.0,
      0.41334620118141174,
      0.5223115086555481,
      0.3757028877735138,
      0.3211576044559479,
      0.23781006038188934,
      0.36263737082481384,
      0.28822359442710876,
      0.3207278251647949,
      0.3393193483352661,
      0.3976300060749054,
      0.5094311833381653,
      0.3316604793071747,
      0.37705981731414795,
      0.3395846486091614,
      0.34493863582611084
    ],
    [
      0.41334620118141174,
      1.0,
      0.47619661688804626,
      0.3624652624130249,
      0.2707935571670532,
      0.22005432844161987,
      0.3699795603752136,
      0.4524833559989929,
      0.284808874130249,
      0.23389357328414917,
      0.3370186388492584,
      0.38150450587272644,
      0.2839624881744385,
      0.23169565200805664,
      0.2840496897697449,
      0.28088104724884033
    ],
    [
      0.5223115086555481,
      0.47619661688804626,
      1.0,
      0.2984066903591156,
      0.34386980533599854,
      0.2661174237728119,
      0.3355184495449066,
      0.2888646423816681,
      0.2610175311565399,
      0.26264098286628723,
      0.29433152079582214,
      0.420155793428421,
      0.2643662691116333,
      0.3076397180557251,
      0.2588679790496826,
      0.25353938341140747
    ],
    [
      0.3757028877735138,
      0.3624652624130249,
      0.2984066903591156,
      1.0,
      0.27894461154937744,
      0.28540173172950745,
      0.40235772728919983,
      0.29197022318840027,
      0.34059658646583557,
      0.30131417512893677,
      0.270404577255249,
      0.43832409381866455,
      0.36452579498291016,
      0.31712058186531067,
      0.36359068751335144,
      0.2918730080127716
    ],
    [
      0.3211576044559479,
      0.2707935571670532,
      0.34386980533599854,
      0.27894461154937744,
      1.0,
      0.4110410809516907,
      0.4629170000553131,
      0.3455637991428375,
      0.2997734248638153,
      0.38843658566474915,
      0.33395153284072876,
      0.24760420620441437,
      0.2768326997756958,
      0.22825577855110168,
      0.27326178550720215,
      0.44275298714637756
    ],
    [
      0.23781006038188934,
      0.22005432844161987,
      0.2661174237728119,
      0.28540173172950745,
      0.4110410809516907,
      1.0,
      0.37333086133003235,
      0.3131316900253296,
      0.3047143816947937,
      0.4813600182533264,
      0.24001623690128326,
      0.3098559081554413,
      0.3557398021221161,
      0.2938065230846405,
      0.24852174520492554,
      0.3016340434551239
    ],
    [
      0.36263737082481384,
      0.3699795603752136,
      0.3355184495449066,
      0.40235772728919983,
      0.4629170000553131,
      0.37333086133003235,
      1.0,
      0.5454000234603882,
      0.46009907126426697,
      0.4671873152256012,
      0.27487292885780334,
      0.3875887393951416,
      0.41057413816452026,
      0.4160216748714447,
      0.3916938006877899,
      0.542850911617279
    ],
    [
      0.28822359442710876,
      0.4524833559989929,
      0.2888646423816681,
      0.29197022318840027,
      0.3455637991428375,
      0.3131316900253296,
      0.5454000234603882,
      0.9999999403953552,
      0.2837018072605133,
      0.3404366075992584,
      0.24676676094532013,
      0.27520352602005005,
      0.28184640407562256,
      0.265625,
      0.2531336843967438,
      0.4393029808998108
    ],
    [
      0.3207278251647949,
      0.284808874130249,
      0.2610175311565399,
      0.34059658646583557,
      0.2997734248638153,
      0.3047143816947937,
      0.46009907126426697,
      0.2837018072605133,
      1.0,
      0.3769764304161072,
      0.33545932173728943,
      0.30027300119400024,
      0.3989832401275635,
      0.2774786055088043,
      0.3520030379295349,
      0.3455287516117096
    ],
    [
      0.3393193483352661,
      0.23389357328414917,
      0.26264098286628723,
      0.30131417512893677,
      0.38843658566474915,
      0.4813600182533264,
      0.4671873152256012,
      0.3404366075992584,
      0.3769764304161072,
      0.9999999403953552,
      0.35288912057876587,
      0.35057422518730164,
      0.37621352076530457,
      0.3728482127189636,
      0.3055979609489441,
      0.3320690393447876
    ],
    [
      0.3976300060749054,
      0.3370186388492584,
      0.29433152079582214,
      0.270404577255249,
      0.33395153284072876,
      0.24001623690128326,
      0.27487292885780334,
      0.24676676094532013,
      0.33545932173728943,
      0.35288912057876587,
      0.9999999403953552,
      0.36339402198791504,
      0.39134329557418823,
      0.2366277128458023,
      0.33211469650268555,
      0.380750447511673
    ],
    [
      0.5094311833381653,
      0.38150450587272644,
      0.420155793428421,
      0.43832409381866455,
      0.24760420620441437,
      0.3098559081554413,
      0.3875887393951416,
      0.27520352602005005,
      0.30027300119400024,
      0.35057422518730164,
      0.36339402198791504,
      0.9999999403953552,
      0.37110602855682373,
      0.38264602422714233,
      0.3349410891532898,
      0.3309502899646759
    ],
    [
      0.3316604793071747,
      0.2839624881744385,
      0.2643662691116333,
      0.36452579498291016,
      0.2768326997756958,
      0.3557398021221161,
      0.41057413816452026,
      0.28184640407562256,
      0.3989832401275635,
      0.37621352076530457,
      0.39134329557418823,
      0.37110602855682373,
      0.9999999403953552,
      0.4860599935054779,
      0.6493529677391052,
      0.5078449249267578
    ],
    [
      0.37705981731414795,
      0.23169565200805664,
      0.3076397180557251,
      0.31712058186531067,
      0.22825577855110168,
      0.2938065230846405,
      0.4160216748714447,
      0.265625,
      0.2774786055088043,
      0.3728482127189636,
      0.2366277128458023,
      0.38264602422714233,
      0.4860599935054779,
      1.0,
      0.5454035997390747,
      0.5071249008178711
    ],
    [
      0.3395846486091614,
      0.2840496897697449,
      0.2588679790496826,
      0.36359068751335144,
      0.27326178550720215,
      0.24852174520492554,
      0.3916938006877899,
      0.2531336843967438,
      0.3520030379295349,
      0.3055979609489441,
      0.33211469650268555,
      0.3349410891532898,
      0.6493529677391052,
      0.5454035997390747,
      1.0,
      0.48087069392204285
    ],
    [
      0.34493863582611084,
      0.28088104724884033,
      0.25353938341140747,
      0.2918730080127716,
      0.44275298714637756,
      0.3016340434551239,
      0.542850911617279,
      0.4393029808998108,
      0.3455287516117096,
      0.3320690393447876,
      0.380750447511673,
      0.3309502899646759,
      0.5078449249267578,
      0.5071249008178711,
      0.48087069392204285,
      1.0
    ]
  ]
}