{
  "game_number": 383,
  "words": [
    "BEAR",
    "HARBOR",
    "HOLD",
    "MAINTAIN",
    "BALANCED",
    "DRY",
    "FULL",
    "SWEET",
    "GOLDILOCKS",
    "IRONIC",
    "LEADERSHIP",
    "TINDER",
    "BOIL",
    "FRY",
    "POACH",
    "SCRAMBLE"
  ],
  "adjacency_matrix": [
    [
      0.9999999403953552,
      0.3690001368522644,
      0.5288260579109192,
      0.4490773677825928,
      0.3892100751399994,
      0.3359090983867645,
      0.44584694504737854,
      0.40031883120536804,
      0.3601807951927185,
      0.3547004163265228,
      0.3329867124557495,
      0.26992160081863403,
      0.3930705785751343,
      0.2580323815345764,
      0.30794286727905273,
      0.3611072301864624
    ],
    [
      0.3690001368522644,
      1.0,
      0.41785717010498047,
      0.39083680510520935,
      0.2968331575393677,
      0.33137157559394836,
      0.3340133726596832,
      0.3452426493167877,
      0.2737572193145752,
      0.25870075821876526,
      0.263388991355896,
      0.3073815703392029,
      0.28874048590660095,
      0.25030317902565,
      0.2448439598083496,
      0.30861106514930725
    ],
    [
      0.5288260579109192,
      0.41785717010498047,
      1.0,
      0.6216848492622375,
      0.4205617904663086,
      0.4027389883995056,
      0.5233346223831177,
      0.38534876704216003,
      0.26354023814201355,
      0.24095414578914642,
      0.4537961483001709,
      0.358135461807251,
      0.42506274580955505,
      0.27138155698776245,
      0.3151678442955017,
      0.4501747786998749
    ],
    [
      0.4490773677825928,
      0.39083680510520935,
      0.6216848492622375,
      1.0,
      0.5408663153648376,
      0.3926532566547394,
      0.4563371241092682,
      0.29342278838157654,
      0.27083709836006165,
      0.24841417372226715,
      0.3825306296348572,
      0.22814051806926727,
      0.33275747299194336,
      0.20032142102718353,
      0.3680848181247711,
      0.43657708168029785
    ],
    [
      0.3892100751399994,
      0.2968331575393677,
      0.4205617904663086,
      0.5408663153648376,
      1.0,
      0.4212036430835724,
      0.5783241987228394,
      0.47514355182647705,
      0.40786340832710266,
      0.4066072106361389,
      0.36555713415145874,
      0.22313261032104492,
      0.2680555284023285,
      0.17561458051204681,
      0.17850589752197266,
      0.30451273918151855
    ],
    [
      0.3359090983867645,
      0.33137157559394836,
      0.4027389883995056,
      0.3926532566547394,
      0.4212036430835724,
      1.0,
      0.5022069215774536,
      0.5313823223114014,
      0.3977418839931488,
      0.36468756198883057,
      0.282204270362854,
      0.48212510347366333,
      0.5211957097053528,
      0.29075103998184204,
      0.32480570673942566,
      0.3450898826122284
    ],
    [
      0.44584694504737854,
      0.3340133726596832,
      0.5233346223831177,
      0.4563371241092682,
      0.5783241987228394,
      0.5022069215774536,
      0.9999999403953552,
      0.5250904560089111,
      0.38027143478393555,
      0.40046074986457825,
      0.4369031488895416,
      0.3736017048358917,
      0.35415440797805786,
      0.20625519752502441,
      0.2031048983335495,
      0.3889882266521454
    ],
    [
      0.40031883120536804,
      0.3452426493167877,
      0.38534876704216003,
      0.29342278838157654,
      0.47514355182647705,
      0.5313823223114014,
      0.5250904560089111,
      1.0,
      0.46417349576950073,
      0.5125009417533875,
      0.27637356519699097,
      0.356736421585083,
      0.3530852794647217,
      0.30898919701576233,
      0.269138902425766,
      0.27748697996139526
    ],
    [
      0.3601807951927185,
      0.2737572193145752,
      0.26354023814201355,
      0.27083709836006165,
      0.40786340832710266,
      0.3977418839931488,
      0.38027143478393555,
      0.46417349576950073,
      1.0,
      0.4058855473995209,
      0.3364579677581787,
      0.2918454706668854,
      0.2744496464729309,
      0.1670691967010498,
      0.26933610439300537,
      0.26805639266967773
    ],
    [
      0.3547004163265228,
      0.25870075821876526,
      0.24095414578914642,
      0.24841417372226715,
      0.4066072106361389,
      0.36468756198883057,
      0.40046074986457825,
      0.5125009417533875,
      0.4058855473995209,
      1.0,
      0.2765369713306427,
      0.31214118003845215,
      0.2225230187177658,
      0.1471003293991089,
      0.16532041132450104,
      0.2583647668361664
    ],
    [
      0.3329867124557495,
      0.263388991355896,
      0.4537961483001709,
      0.3825306296348572,
      0.36555713415145874,
      0.282204270362854,
      0.4369031488895416,
      0.27637356519699097,
      0.3364579677581787,
      0.2765369713306427,
      1.0,
      0.2321607619524002,
      0.25822383165359497,
      0.10639531910419464,
      0.2540639340877533,
      0.31127864122390747
    ],
    [
      0.26992160081863403,
      0.3073815703392029,
      0.358135461807251,
      0.22814051806926727,
      0.22313261032104492,
      0.48212510347366333,
      0.3736017048358917,
      0.356736421585083,
      0.2918454706668854,
      0.31214118003845215,
      0.2321607619524002,
      1.0,
      0.3741307258605957,
      0.20590005815029144,
      0.25217586755752563,
      0.34903842210769653
    ],
    [
      0.3930705785751343,
      0.28874048590660095,
      0.42506274580955505,
      0.33275747299194336,
      0.2680555284023285,
      0.5211957097053528,
      0.35415440797805786,
      0.3530852794647217,
      0.2744496464729309,
      0.2225230187177658,
      0.25822383165359497,
      0.3741307258605957,
      1.0,
      0.46452799439430237,
      0.4319160580635071,
      0.3624170124530792
    ],
    [
      0.2580323815345764,
      0.25030317902565,
      0.27138155698776245,
      0.20032142102718353,
      0.17561458051204681,
      0.29075103998184204,
      0.20625519752502441,
      0.30898919701576233,
      0.1670691967010498,
      0.1471003293991089,
      0.10639531910419464,
      0.20590005815029144,
      0.46452799439430237,
      1.0,
      0.45280376076698303,
      0.32184940576553345
    ],
    [
      0.30794286727905273,
      0.2448439598083496,
      0.3151678442955017,
      0.3680848181247711,
      0.17850589752197266,
      0.32480570673942566,
      0.2031048983335495,
      0.269138902425766,
      0.26933610439300537,
      0.16532041132450104,
      0.2540639340877533,
      0.25217586755752563,
      0.4319160580635071,
      0.45280376076698303,
      1.0,
      0.41652044653892517
    ],
    [
      0.3611072301864624,
      0.30861106514930725,
      0.4501747786998749,
      0.43657708168029785,
      0.30451273918151855,
      0.3450898826122284,
      0.3889882266521454,
      0.27748697996139526,
      0.26805639266967773,
      0.2583647668361664,
      0.31127864122390747,
      0.34903842210769653,
      0.3624170124530792,
      0.32184940576553345,
      0.41652044653892517,
      1.0
    ]
  ]
}