{
  "game_number": 506,
  "words": [
    "ALONE",
    "CATFISH",
    "CHOPPED",
    "SURVIVOR",
    "FIAT",
    "JAGUAR",
    "MINI",
    "RAM",
    "BACHELOR",
    "LILY",
    "MAXI",
    "MOUSE",
    "PASTY",
    "PIE",
    "TART",
    "TURNOVER"
  ],
  "adjacency_matrix": [
    [
      1.0,
      0.27103790640830994,
      0.32871490716934204,
      0.34479764103889465,
      0.254635214805603,
      0.22656267881393433,
      0.22293461859226227,
      0.22744151949882507,
      0.2133752703666687,
      0.2744697034358978,
      0.2173813134431839,
      0.3000471591949463,
      0.22180503606796265,
      0.2220575213432312,
      0.20896078646183014,
      0.251263290643692
    ],
    [
      0.27103790640830994,
      1.0,
      0.29547327756881714,
      0.23147575557231903,
      0.15941071510314941,
      0.35653120279312134,
      0.3617730736732483,
      0.2991756200790405,
      0.19603198766708374,
      0.3444516360759735,
      0.22577711939811707,
      0.3234952986240387,
      0.3370356559753418,
      0.29544228315353394,
      0.25751444697380066,
      0.19324520230293274
    ],
    [
      0.32871490716934204,
      0.29547327756881714,
      1.0,
      0.18924906849861145,
      0.21212175488471985,
      0.23171007633209229,
      0.2814345359802246,
      0.3454074263572693,
      0.21584846079349518,
      0.24005098640918732,
      0.2695116400718689,
      0.26357129216194153,
      0.377653568983078,
      0.36195674538612366,
      0.3869892358779907,
      0.25468528270721436
    ],
    [
      0.34479764103889465,
      0.23147575557231903,
      0.18924906849861145,
      1.0,
      0.12072992324829102,
      0.22468119859695435,
      0.30760157108306885,
      0.22676579654216766,
      0.3498387336730957,
      0.16837355494499207,
      0.2605699598789215,
      0.2207016497850418,
      0.2521408796310425,
      0.19883443415164948,
      0.23903201520442963,
      0.2446829080581665
    ],
    [
      0.254635214805603,
      0.15941071510314941,
      0.21212175488471985,
      0.12072992324829102,
      1.0,
      0.2340230643749237,
      0.3458416759967804,
      0.25967973470687866,
      0.16408635675907135,
      0.19152839481830597,
      0.2809944450855255,
      0.19200348854064941,
      0.144419863820076,
      0.1608123928308487,
      0.1787765920162201,
      0.18334490060806274
    ],
    [
      0.22656267881393433,
      0.35653120279312134,
      0.23171007633209229,
      0.22468119859695435,
      0.2340230643749237,
      1.0,
      0.3030450642108917,
      0.31986865401268005,
      0.19194670021533966,
      0.28734079003334045,
      0.27278783917427063,
      0.3888833820819855,
      0.22563773393630981,
      0.20526087284088135,
      0.16154339909553528,
      0.14067205786705017
    ],
    [
      0.22293461859226227,
      0.3617730736732483,
      0.2814345359802246,
      0.30760157108306885,
      0.3458416759967804,
      0.3030450642108917,
      0.9999999403953552,
      0.37916767597198486,
      0.31356120109558105,
      0.28567588329315186,
      0.6119139194488525,
      0.38240373134613037,
      0.3934467136859894,
      0.3609641194343567,
      0.3520424962043762,
      0.2670624554157257
    ],
    [
      0.22744151949882507,
      0.2991756200790405,
      0.3454074263572693,
      0.22676579654216766,
      0.25967973470687866,
      0.31986865401268005,
      0.37916767597198486,
      1.0,
      0.2235390841960907,
      0.25622260570526123,
      0.3533930778503418,
      0.2988866865634918,
      0.27810415625572205,
      0.31069624423980713,
      0.29026100039482117,
      0.19354110956192017
    ],
    [
      0.2133752703666687,
      0.19603198766708374,
      0.21584846079349518,
      0.3498387336730957,
      0.16408635675907135,
      0.19194670021533966,
      0.31356120109558105,
      0.2235390841960907,
      1.0,
      0.24144956469535828,
      0.29872962832450867,
      0.291964054107666,
      0.2556290626525879,
      0.23233291506767273,
      0.3198971152305603,
      0.19014964997768402
    ],
    [
      0.2744697034358978,
      0.3444516360759735,
      0.24005098640918732,
      0.16837355494499207,
      0.19152839481830597,
      0.28734079003334045,
      0.28567588329315186,
      0.25622260570526123,
      0.24144956469535828,
      0.9999999403953552,
      0.2717224657535553,
      0.3239215016365051,
      0.28716138005256653,
      0.3092588186264038,
      0.35922372341156006,
      0.1562114953994751
    ],
    [
      0.2173813134431839,
      0.22577711939811707,
      0.2695116400718689,
      0.2605699598789215,
      0.2809944450855255,
      0.27278783917427063,
      0.6119139194488525,
      0.3533930778503418,
      0.29872962832450867,
      0.2717224657535553,
      1.0,
      0.29921016097068787,
      0.29473036527633667,
      0.323932021856308,
      0.32186058163642883,
      0.23593153059482574
    ],
    [
      0.3000471591949463,
      0.3234952986240387,
      0.26357129216194153,
      0.2207016497850418,
      0.19200348854064941,
      0.3888833820819855,
      0.38240373134613037,
      0.2988866865634918,
      0.291964054107666,
      0.3239215016365051,
      0.29921016097068787,
      1.0,
      0.31949153542518616,
      0.3340471386909485,
      0.2949161231517792,
      0.23937158286571503
    ],
    [
      0.22180503606796265,
      0.3370356559753418,
      0.377653568983078,
      0.2521408796310425,
      0.144419863820076,
      0.22563773393630981,
      0.3934467136859894,
      0.27810415625572205,
      0.2556290626525879,
      0.28716138005256653,
      0.29473036527633667,
      0.31949153542518616,
      0.9999999403953552,
      0.47555217146873474,
      0.4862707555294037,
      0.33765432238578796
    ],
    [
      0.2220575213432312,
      0.29544228315353394,
      0.36195674538612366,
      0.19883443415164948,
      0.1608123928308487,
      0.20526087284088135,
      0.3609641194343567,
      0.31069624423980713,
      0.23233291506767273,
      0.3092588186264038,
      0.323932021856308,
      0.3340471386909485,
      0.47555217146873474,
      1.0,
      0.5054038166999817,
      0.26799339056015015
    ],
    [
      0.20896078646183014,
      0.25751444697380066,
      0.3869892358779907,
      0.23903201520442963,
      0.1787765920162201,
      0.16154339909553528,
      0.3520424962043762,
      0.29026100039482117,
      0.3198971152305603,
      0.35922372341156006,
      0.32186058163642883,
      0.2949161231517792,
      0.4862707555294037,
      0.5054038166999817,
      1.0,
      0.2297973781824112
    ],
    [
      0.251263290643692,
      0.19324520230293274,
      0.25468528270721436,
      0.2446829080581665,
      0.18334490060806274,
      0.14067205786705017,
      0.2670624554157257,
      0.19354110956192017,
      0.19014964997768402,
      0.1562114953994751,
      0.23593153059482574,
      0.23937158286571503,
      0.33765432238578796,
      0.26799339056015015,
      0.2297973781824112,
      1.0
    ]
  ]
}