{
  "game_number": 461,
  "words": [
    "FLUE",
    "GRATE",
    "LOG",
    "POKER",
    "CARDS",
    "CHIPS",
    "DICE",
    "SLOTS",
    "CRUMBLE",
    "MELT",
    "SHRED",
    "SLICE",
    "BROOM",
    "MOP",
    "RAG",
    "SPONGE"
  ],
  "adjacency_matrix": [
    [
      1.0,
      0.5260418653488159,
      0.24474723637104034,
      0.28408464789390564,
      0.2723333537578583,
      0.2809554636478424,
      0.19290104508399963,
      0.2505934536457062,
      0.23435474932193756,
      0.3788132667541504,
      0.22443777322769165,
      0.3048190474510193,
      0.40686869621276855,
      0.27975210547447205,
      0.35958534479141235,
      0.38880467414855957
    ],
    [
      0.5260418653488159,
      1.0,
      0.3383212089538574,
      0.2963694930076599,
      0.305040180683136,
      0.3801405727863312,
      0.29227903485298157,
      0.27561986446380615,
      0.5013998746871948,
      0.5108514428138733,
      0.3828568160533905,
      0.4167083203792572,
      0.3596248924732208,
      0.29209282994270325,
      0.39865267276763916,
      0.3709273338317871
    ],
    [
      0.24474723637104034,
      0.3383212089538574,
      1.0,
      0.2391764223575592,
      0.2839706540107727,
      0.283510684967041,
      0.2121638059616089,
      0.2341051995754242,
      0.23450225591659546,
      0.23684710264205933,
      0.30483296513557434,
      0.286087304353714,
      0.2907443940639496,
      0.20491036772727966,
      0.258225679397583,
      0.2163936197757721
    ],
    [
      0.28408464789390564,
      0.2963694930076599,
      0.2391764223575592,
      1.0,
      0.49679064750671387,
      0.43128007650375366,
      0.5382828712463379,
      0.3930935561656952,
      0.2364293932914734,
      0.2488640695810318,
      0.18412697315216064,
      0.3511660397052765,
      0.27701395750045776,
      0.24981151521205902,
      0.37198540568351746,
      0.3202900290489197
    ],
    [
      0.2723333537578583,
      0.305040180683136,
      0.2839706540107727,
      0.49679064750671387,
      1.0,
      0.5902789831161499,
      0.5392902493476868,
      0.518669843673706,
      0.3185694217681885,
      0.23470482230186462,
      0.3503665626049042,
      0.32461273670196533,
      0.28235265612602234,
      0.1937045156955719,
      0.3131980001926422,
      0.28983235359191895
    ],
    [
      0.2809554636478424,
      0.3801405727863312,
      0.283510684967041,
      0.43128007650375366,
      0.5902789831161499,
      1.0,
      0.4711396098136902,
      0.4624142646789551,
      0.39961472153663635,
      0.40816107392311096,
      0.35296735167503357,
      0.4867900311946869,
      0.27096495032310486,
      0.17920856177806854,
      0.3233526349067688,
      0.3294525742530823
    ],
    [
      0.19290104508399963,
      0.29227903485298157,
      0.2121638059616089,
      0.5382828712463379,
      0.5392902493476868,
      0.4711396098136902,
      1.0,
      0.37656113505363464,
      0.3353433907032013,
      0.29697948694229126,
      0.26325446367263794,
      0.5378264784812927,
      0.24692054092884064,
      0.23501041531562805,
      0.35301700234413147,
      0.32422202825546265
    ],
    [
      0.2505934536457062,
      0.27561986446380615,
      0.2341051995754242,
      0.3930935561656952,
      0.518669843673706,
      0.4624142646789551,
      0.37656113505363464,
      0.9999999403953552,
      0.1676686406135559,
      0.2016834318637848,
      0.22996047139167786,
      0.41619059443473816,
      0.22377359867095947,
      0.21919585764408112,
      0.22325700521469116,
      0.33000877499580383
    ],
    [
      0.23435474932193756,
      0.5013998746871948,
      0.23450225591659546,
      0.2364293932914734,
      0.3185694217681885,
      0.39961472153663635,
      0.3353433907032013,
      0.1676686406135559,
      1.0,
      0.5467227697372437,
      0.43471500277519226,
      0.4063985347747803,
      0.2457655966281891,
      0.17105892300605774,
      0.3313656747341156,
      0.3237758278846741
    ],
    [
      0.3788132667541504,
      0.5108514428138733,
      0.23684710264205933,
      0.2488640695810318,
      0.23470482230186462,
      0.40816107392311096,
      0.29697948694229126,
      0.2016834318637848,
      0.5467227697372437,
      1.0,
      0.3503851890563965,
      0.41087743639945984,
      0.2450428456068039,
      0.27427101135253906,
      0.34445592761039734,
      0.3759675621986389
    ],
    [
      0.22443777322769165,
      0.3828568160533905,
      0.30483296513557434,
      0.18412697315216064,
      0.3503665626049042,
      0.35296735167503357,
      0.26325446367263794,
      0.22996047139167786,
      0.43471500277519226,
      0.3503851890563965,
      1.0,
      0.46151605248451233,
      0.3166683614253998,
      0.25294870138168335,
      0.42985910177230835,
      0.3568456172943115
    ],
    [
      0.3048190474510193,
      0.4167083203792572,
      0.286087304353714,
      0.3511660397052765,
      0.32461273670196533,
      0.4867900311946869,
      0.5378264784812927,
      0.41619059443473816,
      0.4063985347747803,
      0.41087743639945984,
      0.46151605248451233,
      1.0,
      0.32332777976989746,
      0.2670808732509613,
      0.37042301893234253,
      0.4595097005367279
    ],
    [
      0.40686869621276855,
      0.3596248924732208,
      0.2907443940639496,
      0.27701395750045776,
      0.28235265612602234,
      0.27096495032310486,
      0.24692054092884064,
      0.22377359867095947,
      0.2457655966281891,
      0.2450428456068039,
      0.3166683614253998,
      0.32332777976989746,
      1.0,
      0.6153677701950073,
      0.41123878955841064,
      0.39502155780792236
    ],
    [
      0.27975210547447205,
      0.29209282994270325,
      0.20491036772727966,
      0.24981151521205902,
      0.1937045156955719,
      0.17920856177806854,
      0.23501041531562805,
      0.21919585764408112,
      0.17105892300605774,
      0.27427101135253906,
      0.25294870138168335,
      0.2670808732509613,
      0.6153677701950073,
      1.0,
      0.39984196424484253,
      0.40078607201576233
    ],
    [
      0.35958534479141235,
      0.39865267276763916,
      0.258225679397583,
      0.37198540568351746,
      0.3131980001926422,
      0.3233526349067688,
      0.35301700234413147,
      0.22325700521469116,
      0.3313656747341156,
      0.34445592761039734,
      0.42985910177230835,
      0.37042301893234253,
      0.41123878955841064,
      0.39984196424484253,
      1.0,
      0.4501256048679352
    ],
    [
      0.38880467414855957,
      0.3709273338317871,
      0.2163936197757721,
      0.3202900290489197,
      0.28983235359191895,
      0.3294525742530823,
      0.32422202825546265,
      0.33000877499580383,
      0.3237758278846741,
      0.3759675621986389,
      0.3568456172943115,
      0.4595097005367279,
      0.39502155780792236,
      0.40078607201576233,
      0.4501256048679352,
      0.9999999403953552
    ]
  ]
}