{
  "game_number": 481,
  "words": [
    "APPENDIX",
    "CHAPTER",
    "INDEX",
    "PREFACE",
    "DINKY",
    "LITTLE",
    "MINUTE",
    "SLIGHT",
    "ITCHY",
    "JERRY",
    "PINKY",
    "SPEEDY",
    "BELT",
    "BRACELET",
    "TIE",
    "WATCH"
  ],
  "adjacency_matrix": [
    [
      1.0,
      0.5435836315155029,
      0.41753584146499634,
      0.5443732738494873,
      0.16603848338127136,
      0.2613803744316101,
      0.25741612911224365,
      0.21252427995204926,
      0.15179002285003662,
      0.090973861515522,
      0.1680719405412674,
      0.17990651726722717,
      0.2612779438495636,
      0.22679628431797028,
      0.184904545545578,
      0.22102849185466766
    ],
    [
      0.5435836315155029,
      1.0,
      0.3376341462135315,
      0.5681034922599792,
      0.13940376043319702,
      0.29140597581863403,
      0.31650084257125854,
      0.16781993210315704,
      0.051728755235672,
      0.07370372861623764,
      0.03683150187134743,
      0.21477456390857697,
      0.26213422417640686,
      0.21712052822113037,
      0.28739696741104126,
      0.25677210092544556
    ],
    [
      0.41753584146499634,
      0.3376341462135315,
      1.0,
      0.3525942265987396,
      0.19738686084747314,
      0.2588174641132355,
      0.21766652166843414,
      0.3014218807220459,
      0.16038785874843597,
      0.1516019105911255,
      0.2872287631034851,
      0.27209681272506714,
      0.3120107352733612,
      0.32438185811042786,
      0.3356829583644867,
      0.31043529510498047
    ],
    [
      0.5443732738494873,
      0.5681034922599792,
      0.3525942265987396,
      0.9999999403953552,
      0.2199682742357254,
      0.35648390650749207,
      0.35440826416015625,
      0.362420916557312,
      0.18019144237041473,
      0.17342381179332733,
      0.19299302995204926,
      0.307253360748291,
      0.29524609446525574,
      0.22237947583198547,
      0.2672295868396759,
      0.3354094326496124
    ],
    [
      0.16603848338127136,
      0.13940376043319702,
      0.19738686084747314,
      0.2199682742357254,
      0.9999999403953552,
      0.5380606055259705,
      0.34605324268341064,
      0.4060596823692322,
      0.36382508277893066,
      0.4285637140274048,
      0.5018559098243713,
      0.3280618190765381,
      0.29893144965171814,
      0.25821182131767273,
      0.27820053696632385,
      0.2992720305919647
    ],
    [
      0.2613803744316101,
      0.29140597581863403,
      0.2588174641132355,
      0.35648390650749207,
      0.5380606055259705,
      0.9999999403953552,
      0.4648490846157074,
      0.6951637268066406,
      0.35246822237968445,
      0.25383463501930237,
      0.4061656892299652,
      0.3128727376461029,
      0.3228722810745239,
      0.2746952176094055,
      0.3184267282485962,
      0.36147716641426086
    ],
    [
      0.25741612911224365,
      0.31650084257125854,
      0.21766652166843414,
      0.35440826416015625,
      0.34605324268341064,
      0.4648490846157074,
      1.0,
      0.43495044112205505,
      0.1998087614774704,
      0.12890616059303284,
      0.22131572663784027,
      0.3709036409854889,
      0.24930249154567719,
      0.223301500082016,
      0.3417862355709076,
      0.4714440405368805
    ],
    [
      0.21252427995204926,
      0.16781993210315704,
      0.3014218807220459,
      0.362420916557312,
      0.4060596823692322,
      0.6951637268066406,
      0.43495044112205505,
      1.0,
      0.3468524217605591,
      0.1767861694097519,
      0.39245253801345825,
      0.3675861358642578,
      0.3120381832122803,
      0.24497033655643463,
      0.3505870997905731,
      0.2851373851299286
    ],
    [
      0.15179002285003662,
      0.051728755235672,
      0.16038785874843597,
      0.18019144237041473,
      0.36382508277893066,
      0.35246822237968445,
      0.1998087614774704,
      0.3468524217605591,
      1.0,
      0.1469918191432953,
      0.48284009099006653,
      0.23745091259479523,
      0.20836319029331207,
      0.209753155708313,
      0.1688326746225357,
      0.18596650660037994
    ],
    [
      0.090973861515522,
      0.07370372861623764,
      0.1516019105911255,
      0.17342381179332733,
      0.4285637140274048,
      0.25383463501930237,
      0.12890616059303284,
      0.1767861694097519,
      0.1469918191432953,
      1.0,
      0.3675992786884308,
      0.2212369740009308,
      0.28276845812797546,
      0.21173501014709473,
      0.25842785835266113,
      0.31712743639945984
    ],
    [
      0.1680719405412674,
      0.03683150187134743,
      0.2872287631034851,
      0.19299302995204926,
      0.5018559098243713,
      0.4061656892299652,
      0.22131572663784027,
      0.39245253801345825,
      0.48284009099006653,
      0.3675992786884308,
      1.0,
      0.22118407487869263,
      0.30992430448532104,
      0.425057590007782,
      0.2954413890838623,
      0.27970317006111145
    ],
    [
      0.17990651726722717,
      0.21477456390857697,
      0.27209681272506714,
      0.307253360748291,
      0.3280618190765381,
      0.3128727376461029,
      0.3709036409854889,
      0.3675861358642578,
      0.23745091259479523,
      0.2212369740009308,
      0.22118407487869263,
      1.0,
      0.29456815123558044,
      0.27404433488845825,
      0.2934851348400116,
      0.3093707263469696
    ],
    [
      0.2612779438495636,
      0.26213422417640686,
      0.3120107352733612,
      0.29524609446525574,
      0.29893144965171814,
      0.3228722810745239,
      0.24930249154567719,
      0.3120381832122803,
      0.20836319029331207,
      0.28276845812797546,
      0.30992430448532104,
      0.29456815123558044,
      0.9999999403953552,
      0.46360838413238525,
      0.4077492356300354,
      0.35101208090782166
    ],
    [
      0.22679628431797028,
      0.21712052822113037,
      0.32438185811042786,
      0.22237947583198547,
      0.25821182131767273,
      0.2746952176094055,
      0.223301500082016,
      0.24497033655643463,
      0.209753155708313,
      0.21173501014709473,
      0.425057590007782,
      0.27404433488845825,
      0.46360838413238525,
      1.0,
      0.4386387765407562,
      0.4081239700317383
    ],
    [
      0.184904545545578,
      0.28739696741104126,
      0.3356829583644867,
      0.2672295868396759,
      0.27820053696632385,
      0.3184267282485962,
      0.3417862355709076,
      0.3505870997905731,
      0.1688326746225357,
      0.25842785835266113,
      0.2954413890838623,
      0.2934851348400116,
      0.4077492356300354,
      0.4386387765407562,
      1.0,
      0.43374988436698914
    ],
    [
      0.22102849185466766,
      0.25677210092544556,
      0.31043529510498047,
      0.3354094326496124,
      0.2992720305919647,
      0.36147716641426086,
      0.4714440405368805,
      0.2851373851299286,
      0.18596650660037994,
      0.31712743639945984,
      0.27970317006111145,
      0.3093707263469696,
      0.35101208090782166,
      0.4081239700317383,
      0.43374988436698914,
      1.0
    ]
  ]
}