{
  "game_number": 347,
  "words": [
    "DINE",
    "FEAST",
    "FEED",
    "SUP",
    "ELLA",
    "ME",
    "SUS",
    "YO",
    "FIT",
    "JIM",
    "PICKINGS",
    "SHADY",
    "BRAND",
    "COLLECTION",
    "LABEL",
    "LINE"
  ],
  "adjacency_matrix": [
    [
      1.0,
      0.43571972846984863,
      0.38368794322013855,
      0.44486042857170105,
      0.28107690811157227,
      0.29020166397094727,
      0.1919492930173874,
      0.23555313050746918,
      0.2570650279521942,
      0.21116028726100922,
      0.21005527675151825,
      0.21691890060901642,
      0.21626873314380646,
      0.15409564971923828,
      0.19241486489772797,
      0.2568050026893616
    ],
    [
      0.43571972846984863,
      1.0,
      0.4088152348995209,
      0.2848231792449951,
      0.18569932878017426,
      0.20970770716667175,
      0.23142987489700317,
      0.10630788654088974,
      0.3154487609863281,
      0.10451354831457138,
      0.3318789303302765,
      0.22534707188606262,
      0.2218901365995407,
      0.36177030205726624,
      0.24713808298110962,
      0.28669536113739014
    ],
    [
      0.38368794322013855,
      0.4088152348995209,
      1.0,
      0.3199274241924286,
      0.20561303198337555,
      0.32058605551719666,
      0.22618189454078674,
      0.19559118151664734,
      0.44966253638267517,
      0.11670014262199402,
      0.3067680895328522,
      0.22753141820430756,
      0.36743536591529846,
      0.3815946578979492,
      0.35875076055526733,
      0.43221375346183777
    ],
    [
      0.44486042857170105,
      0.2848231792449951,
      0.3199274241924286,
      1.0,
      0.3119909167289734,
      0.31628891825675964,
      0.30119675397872925,
      0.41754138469696045,
      0.26606279611587524,
      0.42277464270591736,
      0.15388169884681702,
      0.19957661628723145,
      0.17700885236263275,
      0.15413209795951843,
      0.22354651987552643,
      0.2971574664115906
    ],
    [
      0.28107690811157227,
      0.18569932878017426,
      0.20561303198337555,
      0.3119909167289734,
      1.0,
      0.2512722909450531,
      0.4370846450328827,
      0.43407484889030457,
      0.1928648203611374,
      0.46157440543174744,
      0.1427161693572998,
      0.2588312327861786,
      0.272573858499527,
      0.17214374244213104,
      0.19257384538650513,
      0.22565361857414246
    ],
    [
      0.29020166397094727,
      0.20970770716667175,
      0.32058605551719666,
      0.31628891825675964,
      0.2512722909450531,
      1.0,
      0.28614500164985657,
      0.38469594717025757,
      0.38911423087120056,
      0.27202966809272766,
      0.24767468869686127,
      0.24661807715892792,
      0.24118484556674957,
      0.21799977123737335,
      0.23276500403881073,
      0.33021438121795654
    ],
    [
      0.1919492930173874,
      0.23142987489700317,
      0.22618189454078674,
      0.30119675397872925,
      0.4370846450328827,
      0.28614500164985657,
      1.0,
      0.4085955321788788,
      0.2626573443412781,
      0.33708488941192627,
      0.27903515100479126,
      0.31002092361450195,
      0.23551352322101593,
      0.23782378435134888,
      0.2339017242193222,
      0.28550010919570923
    ],
    [
      0.23555313050746918,
      0.10630788654088974,
      0.19559118151664734,
      0.41754138469696045,
      0.43407484889030457,
      0.38469594717025757,
      0.4085955321788788,
      1.0,
      0.18018533289432526,
      0.48719674348831177,
      0.13273578882217407,
      0.12317713350057602,
      0.0892350971698761,
      0.06510977447032928,
      0.08913332968950272,
      0.1372341364622116
    ],
    [
      0.2570650279521942,
      0.3154487609863281,
      0.44966253638267517,
      0.26606279611587524,
      0.1928648203611374,
      0.38911423087120056,
      0.2626573443412781,
      0.18018533289432526,
      1.0,
      0.10074583441019058,
      0.3174755573272705,
      0.2830953001976013,
      0.4096794128417969,
      0.3613024055957794,
      0.3686748743057251,
      0.4488413631916046
    ],
    [
      0.21116028726100922,
      0.10451354831457138,
      0.11670014262199402,
      0.42277464270591736,
      0.46157440543174744,
      0.27202966809272766,
      0.33708488941192627,
      0.48719674348831177,
      0.10074583441019058,
      1.0,
      0.17457184195518494,
      0.20455008745193481,
      0.05702477693557739,
      0.017795559018850327,
      0.05623071268200874,
      0.10631446540355682
    ],
    [
      0.21005527675151825,
      0.3318789303302765,
      0.3067680895328522,
      0.15388169884681702,
      0.1427161693572998,
      0.24767468869686127,
      0.27903515100479126,
      0.13273578882217407,
      0.3174755573272705,
      0.17457184195518494,
      1.0,
      0.40528804063796997,
      0.17990632355213165,
      0.3305465877056122,
      0.19835737347602844,
      0.2527051270008087
    ],
    [
      0.21691890060901642,
      0.22534707188606262,
      0.22753141820430756,
      0.19957661628723145,
      0.2588312327861786,
      0.24661807715892792,
      0.31002092361450195,
      0.12317713350057602,
      0.2830953001976013,
      0.20455008745193481,
      0.40528804063796997,
      1.0,
      0.3077724277973175,
      0.23878830671310425,
      0.2317747175693512,
      0.31967470049858093
    ],
    [
      0.21626873314380646,
      0.2218901365995407,
      0.36743536591529846,
      0.17700885236263275,
      0.272573858499527,
      0.24118484556674957,
      0.23551352322101593,
      0.0892350971698761,
      0.4096794128417969,
      0.05702477693557739,
      0.17990632355213165,
      0.3077724277973175,
      1.0,
      0.42016831040382385,
      0.5872276425361633,
      0.5127924084663391
    ],
    [
      0.15409564971923828,
      0.36177030205726624,
      0.3815946578979492,
      0.15413209795951843,
      0.17214374244213104,
      0.21799977123737335,
      0.23782378435134888,
      0.06510977447032928,
      0.3613024055957794,
      0.017795559018850327,
      0.3305465877056122,
      0.23878830671310425,
      0.42016831040382385,
      1.0,
      0.3817031681537628,
      0.45374175906181335
    ],
    [
      0.19241486489772797,
      0.24713808298110962,
      0.35875076055526733,
      0.22354651987552643,
      0.19257384538650513,
      0.23276500403881073,
      0.2339017242193222,
      0.08913332968950272,
      0.3686748743057251,
      0.05623071268200874,
      0.19835737347602844,
      0.2317747175693512,
      0.5872276425361633,
      0.3817031681537628,
      0.9999999403953552,
      0.46817874908447266
    ],
    [
      0.2568050026893616,
      0.28669536113739014,
      0.43221375346183777,
      0.2971574664115906,
      0.22565361857414246,
      0.33021438121795654,
      0.28550010919570923,
      0.1372341364622116,
      0.4488413631916046,
      0.10631446540355682,
      0.2527051270008087,
      0.31967470049858093,
      0.5127924084663391,
      0.45374175906181335,
      0.46817874908447266,
      1.0
    ]
  ]
}