{
  "game_number": 462,
  "words": [
    "SALT",
    "FAT",
    "ACID",
    "HEAT",
    "DUST",
    "PEPPER",
    "POLLEN",
    "SMOKE",
    "MAGNUM",
    "MONK",
    "SHAFT",
    "TRACY",
    "BASKETBALL",
    "CARROT",
    "GOLDFISH",
    "PUMPKIN"
  ],
  "adjacency_matrix": [
    [
      1.0,
      0.4712585508823395,
      0.46796175837516785,
      0.4424256980419159,
      0.4998846650123596,
      0.6172891855239868,
      0.3179002106189728,
      0.3553200960159302,
      0.23223665356636047,
      0.22411133348941803,
      0.29949724674224854,
      0.3198901414871216,
      0.21615158021450043,
      0.2760094702243805,
      0.34571588039398193,
      0.3944600224494934
    ],
    [
      0.4712585508823395,
      1.0,
      0.3895529508590698,
      0.44160640239715576,
      0.3699592649936676,
      0.3067711293697357,
      0.2618550956249237,
      0.39283356070518494,
      0.2717038691043854,
      0.2669382095336914,
      0.321887344121933,
      0.4219057261943817,
      0.29217690229415894,
      0.36278805136680603,
      0.3316144347190857,
      0.38720741868019104
    ],
    [
      0.46796175837516785,
      0.3895529508590698,
      0.9999999403953552,
      0.3587516248226166,
      0.34502974152565,
      0.3427469730377197,
      0.2888854146003723,
      0.3032100200653076,
      0.3406926989555359,
      0.1844320297241211,
      0.26255515217781067,
      0.32572534680366516,
      0.14761990308761597,
      0.24250257015228271,
      0.24025946855545044,
      0.34753477573394775
    ],
    [
      0.4424256980419159,
      0.44160640239715576,
      0.3587516248226166,
      1.0,
      0.5095219016075134,
      0.4164128005504608,
      0.2955419719219208,
      0.5010257363319397,
      0.15284684300422668,
      0.18079513311386108,
      0.4008101522922516,
      0.36493220925331116,
      0.2805144786834717,
      0.30486801266670227,
      0.25716355443000793,
      0.3678925037384033
    ],
    [
      0.4998846650123596,
      0.3699592649936676,
      0.34502974152565,
      0.5095219016075134,
      1.0,
      0.3756020665168762,
      0.4452526569366455,
      0.536822497844696,
      0.1966134011745453,
      0.17608030140399933,
      0.36926770210266113,
      0.31747350096702576,
      0.23447956144809723,
      0.29794609546661377,
      0.24364224076271057,
      0.34826669096946716
    ],
    [
      0.6172891855239868,
      0.3067711293697357,
      0.3427469730377197,
      0.4164128005504608,
      0.3756020665168762,
      1.0,
      0.30912965536117554,
      0.382420152425766,
      0.28140541911125183,
      0.2742001712322235,
      0.25199440121650696,
      0.32058629393577576,
      0.2525852918624878,
      0.4198380410671234,
      0.33577561378479004,
      0.48200875520706177
    ],
    [
      0.3179002106189728,
      0.2618550956249237,
      0.2888854146003723,
      0.2955419719219208,
      0.4452526569366455,
      0.30912965536117554,
      1.0,
      0.32701095938682556,
      0.15408329665660858,
      0.20757374167442322,
      0.24252080917358398,
      0.2305128574371338,
      0.19969068467617035,
      0.26603981852531433,
      0.15865734219551086,
      0.2828969955444336
    ],
    [
      0.3553200960159302,
      0.39283356070518494,
      0.3032100200653076,
      0.5010257363319397,
      0.536822497844696,
      0.382420152425766,
      0.32701095938682556,
      1.0,
      0.1837817281484604,
      0.21855191886425018,
      0.3534838855266571,
      0.31398719549179077,
      0.2019187957048416,
      0.30716806650161743,
      0.23162083327770233,
      0.30811330676078796
    ],
    [
      0.23223665356636047,
      0.2717038691043854,
      0.3406926989555359,
      0.15284684300422668,
      0.1966134011745453,
      0.28140541911125183,
      0.15408329665660858,
      0.1837817281484604,
      1.0,
      0.3080670237541199,
      0.2634720206260681,
      0.3225559592247009,
      0.14797146618366241,
      0.2312646508216858,
      0.19708102941513062,
      0.29457423090934753
    ],
    [
      0.22411133348941803,
      0.2669382095336914,
      0.1844320297241211,
      0.18079513311386108,
      0.17608030140399933,
      0.2742001712322235,
      0.20757374167442322,
      0.21855191886425018,
      0.3080670237541199,
      1.0,
      0.22422464191913605,
      0.33603695034980774,
      0.2596592307090759,
      0.25108903646469116,
      0.3026895523071289,
      0.2663284242153168
    ],
    [
      0.29949724674224854,
      0.321887344121933,
      0.26255515217781067,
      0.4008101522922516,
      0.36926770210266113,
      0.25199440121650696,
      0.24252080917358398,
      0.3534838855266571,
      0.2634720206260681,
      0.22422464191913605,
      1.0,
      0.39169445633888245,
      0.22911949455738068,
      0.3403647840023041,
      0.20672883093357086,
      0.32098910212516785
    ],
    [
      0.3198901414871216,
      0.4219057261943817,
      0.32572534680366516,
      0.36493220925331116,
      0.31747350096702576,
      0.32058629393577576,
      0.2305128574371338,
      0.31398719549179077,
      0.3225559592247009,
      0.33603695034980774,
      0.39169445633888245,
      1.0,
      0.3600638806819916,
      0.2668549120426178,
      0.3367632031440735,
      0.4157956838607788
    ],
    [
      0.21615158021450043,
      0.29217690229415894,
      0.14761990308761597,
      0.2805144786834717,
      0.23447956144809723,
      0.2525852918624878,
      0.19969068467617035,
      0.2019187957048416,
      0.14797146618366241,
      0.2596592307090759,
      0.22911949455738068,
      0.3600638806819916,
      1.0,
      0.25447171926498413,
      0.31654348969459534,
      0.3569268584251404
    ],
    [
      0.2760094702243805,
      0.36278805136680603,
      0.24250257015228271,
      0.30486801266670227,
      0.29794609546661377,
      0.4198380410671234,
      0.26603981852531433,
      0.30716806650161743,
      0.2312646508216858,
      0.25108903646469116,
      0.3403647840023041,
      0.2668549120426178,
      0.25447171926498413,
      1.0,
      0.36422568559646606,
      0.5506477355957031
    ],
    [
      0.34571588039398193,
      0.3316144347190857,
      0.24025946855545044,
      0.25716355443000793,
      0.24364224076271057,
      0.33577561378479004,
      0.15865734219551086,
      0.23162083327770233,
      0.19708102941513062,
      0.3026895523071289,
      0.20672883093357086,
      0.3367632031440735,
      0.31654348969459534,
      0.36422568559646606,
      1.0,
      0.3460461497306824
    ],
    [
      0.3944600224494934,
      0.38720741868019104,
      0.34753477573394775,
      0.3678925037384033,
      0.34826669096946716,
      0.48200875520706177,
      0.2828969955444336,
      0.30811330676078796,
      0.29457423090934753,
      0.2663284242153168,
      0.32098910212516785,
      0.4157956838607788,
      0.3569268584251404,
      0.5506477355957031,
      0.3460461497306824,
      1.0
    ]
  ]
}