{
  "game_number": 125,
  "words": [
    "TOLLBOOTH",
    "TOMBOY",
    "TOOLBOX",
    "TOWBOAT",
    "FIDDLER",
    "MERRILY",
    "PHANTOM",
    "SUNSET",
    "DRUGSTORE",
    "MIDNIGHT",
    "RHINESTONE",
    "SPACE",
    "HESITATE",
    "WAFFLE",
    "WAVER",
    "YO-YO"
  ],
  "adjacency_matrix": [
    [
      1.0,
      0.2463480830192566,
      0.39583510160446167,
      0.3928492069244385,
      0.247490793466568,
      0.25313735008239746,
      0.3664381504058838,
      0.38051411509513855,
      0.39567258954048157,
      0.3620975911617279,
      0.3246913552284241,
      0.33111584186553955,
      0.14064456522464752,
      0.1978837549686432,
      0.2497713416814804,
      0.12548166513442993
    ],
    [
      0.2463480830192566,
      1.0,
      0.20887456834316254,
      0.32479944825172424,
      0.30211079120635986,
      0.1469019502401352,
      0.29219162464141846,
      0.16382266581058502,
      0.2874438166618347,
      0.16369149088859558,
      0.3466724455356598,
      0.22976410388946533,
      0.1100820004940033,
      0.24119344353675842,
      0.2388991415500641,
      0.31863558292388916
    ],
    [
      0.39583510160446167,
      0.20887456834316254,
      1.0,
      0.31797754764556885,
      0.2682090699672699,
      0.23421767354011536,
      0.2706887722015381,
      0.22181278467178345,
      0.38274845480918884,
      0.17874760925769806,
      0.30653810501098633,
      0.4023060202598572,
      0.2186807245016098,
      0.2316448837518692,
      0.13556624948978424,
      0.15273703634738922
    ],
    [
      0.3928492069244385,
      0.32479944825172424,
      0.31797754764556885,
      0.9999999403953552,
      0.3734257221221924,
      0.19320367276668549,
      0.30503353476524353,
      0.32142072916030884,
      0.28932520747184753,
      0.23260949552059174,
      0.3215002417564392,
      0.2971343994140625,
      0.15791675448417664,
      0.19795174896717072,
      0.3388127386569977,
      0.24835532903671265
    ],
    [
      0.247490793466568,
      0.30211079120635986,
      0.2682090699672699,
      0.3734257221221924,
      1.0000001192092896,
      0.3772180378437042,
      0.4163135290145874,
      0.25995203852653503,
      0.23189301788806915,
      0.24052488803863525,
      0.4050086736679077,
      0.15530695021152496,
      0.1360769420862198,
      0.310836523771286,
      0.2087395191192627,
      0.2836836576461792
    ],
    [
      0.25313735008239746,
      0.1469019502401352,
      0.23421767354011536,
      0.19320367276668549,
      0.3772180378437042,
      1.0,
      0.3223051428794861,
      0.3537036180496216,
      0.21024638414382935,
      0.34041842818260193,
      0.25103387236595154,
      0.19829879701137543,
      0.35916945338249207,
      0.2715418040752411,
      0.3357880413532257,
      0.17940106987953186
    ],
    [
      0.3664381504058838,
      0.29219162464141846,
      0.2706887722015381,
      0.30503353476524353,
      0.4163135290145874,
      0.3223051428794861,
      1.0,
      0.33068203926086426,
      0.3145829141139984,
      0.3552166819572449,
      0.4551785886287689,
      0.3653530776500702,
      0.2511986494064331,
      0.37395939230918884,
      0.3203049898147583,
      0.2754044532775879
    ],
    [
      0.38051411509513855,
      0.16382266581058502,
      0.22181278467178345,
      0.32142072916030884,
      0.25995203852653503,
      0.3537036180496216,
      0.33068203926086426,
      1.0,
      0.2525622844696045,
      0.6130513548851013,
      0.30413809418678284,
      0.29911622405052185,
      0.18509328365325928,
      0.2601962983608246,
      0.3525815010070801,
      0.13281898200511932
    ],
    [
      0.39567258954048157,
      0.2874438166618347,
      0.38274845480918884,
      0.28932520747184753,
      0.23189301788806915,
      0.21024638414382935,
      0.3145829141139984,
      0.2525622844696045,
      1.0,
      0.2620565593242645,
      0.3222942054271698,
      0.3400501012802124,
      0.19941231608390808,
      0.2367018312215805,
      0.17050781846046448,
      0.2166108936071396
    ],
    [
      0.3620975911617279,
      0.16369149088859558,
      0.17874760925769806,
      0.23260949552059174,
      0.24052488803863525,
      0.34041842818260193,
      0.3552166819572449,
      0.6130513548851013,
      0.2620565593242645,
      0.9999999403953552,
      0.23865553736686707,
      0.27383899688720703,
      0.20065607130527496,
      0.2815878391265869,
      0.2531849443912506,
      0.10953526198863983
    ],
    [
      0.3246913552284241,
      0.3466724455356598,
      0.30653810501098633,
      0.3215002417564392,
      0.4050086736679077,
      0.25103387236595154,
      0.4551785886287689,
      0.30413809418678284,
      0.3222942054271698,
      0.23865553736686707,
      1.0,
      0.2715613842010498,
      0.18682663142681122,
      0.32693997025489807,
      0.20800237357616425,
      0.2684881091117859
    ],
    [
      0.33111584186553955,
      0.22976410388946533,
      0.4023060202598572,
      0.2971343994140625,
      0.15530695021152496,
      0.19829879701137543,
      0.3653530776500702,
      0.29911622405052185,
      0.3400501012802124,
      0.27383899688720703,
      0.2715613842010498,
      1.0,
      0.23357540369033813,
      0.27150681614875793,
      0.2481100708246231,
      0.11492493003606796
    ],
    [
      0.14064456522464752,
      0.1100820004940033,
      0.2186807245016098,
      0.15791675448417664,
      0.1360769420862198,
      0.35916945338249207,
      0.2511986494064331,
      0.18509328365325928,
      0.19941231608390808,
      0.20065607130527496,
      0.18682663142681122,
      0.23357540369033813,
      1.0,
      0.2985770106315613,
      0.44917938113212585,
      0.06754732131958008
    ],
    [
      0.1978837549686432,
      0.24119344353675842,
      0.2316448837518692,
      0.19795174896717072,
      0.310836523771286,
      0.2715418040752411,
      0.37395939230918884,
      0.2601962983608246,
      0.2367018312215805,
      0.2815878391265869,
      0.32693997025489807,
      0.27150681614875793,
      0.2985770106315613,
      1.0,
      0.3770619034767151,
      0.3226793110370636
    ],
    [
      0.2497713416814804,
      0.2388991415500641,
      0.13556624948978424,
      0.3388127386569977,
      0.2087395191192627,
      0.3357880413532257,
      0.3203049898147583,
      0.3525815010070801,
      0.17050781846046448,
      0.2531849443912506,
      0.20800237357616425,
      0.2481100708246231,
      0.44917938113212585,
      0.3770619034767151,
      0.9999999403953552,
      0.2193853110074997
    ],
    [
      0.12548166513442993,
      0.31863558292388916,
      0.15273703634738922,
      0.24835532903671265,
      0.2836836576461792,
      0.17940106987953186,
      0.2754044532775879,
      0.13281898200511932,
      0.2166108936071396,
      0.10953526198863983,
      0.2684881091117859,
      0.11492493003606796,
      0.06754732131958008,
      0.3226793110370636,
      0.2193853110074997,
      1.0
    ]
  ]
}