{
  "game_number": 537,
  "words": [
    "FIDDLESTICKS",
    "FIE",
    "FRICK",
    "FUDGE",
    "FARGO",
    "FIREFLY",
    "FLEABAG",
    "FLIPPER",
    "FASHION",
    "FOOD",
    "FORWARD",
    "FRIENDS",
    "BORE",
    "DRAG",
    "SNOOZE",
    "YAWN"
  ],
  "adjacency_matrix": [
    [
      0.9999999403953552,
      0.39272263646125793,
      0.5557016730308533,
      0.4712376892566681,
      0.41699281334877014,
      0.31232139468193054,
      0.3991178870201111,
      0.3606549799442291,
      0.3115555942058563,
      0.32039937376976013,
      0.2682219445705414,
      0.39864274859428406,
      0.42351940274238586,
      0.40075087547302246,
      0.3610173463821411,
      0.3273520767688751
    ],
    [
      0.39272263646125793,
      1.0,
      0.4499102830886841,
      0.3196607530117035,
      0.4193062484264374,
      0.32315072417259216,
      0.3745960593223572,
      0.30359697341918945,
      0.29509401321411133,
      0.28638049960136414,
      0.289694607257843,
      0.25299856066703796,
      0.3425256609916687,
      0.364063560962677,
      0.34082522988319397,
      0.34586432576179504
    ],
    [
      0.5557016730308533,
      0.4499102830886841,
      1.0,
      0.4571610391139984,
      0.5734476447105408,
      0.4318524897098541,
      0.4389178156852722,
      0.4578217566013336,
      0.36308494210243225,
      0.37205591797828674,
      0.32490450143814087,
      0.37114256620407104,
      0.4716683030128479,
      0.58176589012146,
      0.39348775148391724,
      0.39563363790512085
    ],
    [
      0.4712376892566681,
      0.3196607530117035,
      0.4571610391139984,
      1.0000001192092896,
      0.3416326344013214,
      0.19334641098976135,
      0.3540027439594269,
      0.3009725511074066,
      0.30340108275413513,
      0.3077542185783386,
      0.23949110507965088,
      0.23150645196437836,
      0.3524254262447357,
      0.3928109407424927,
      0.3368726968765259,
      0.2936103343963623
    ],
    [
      0.41699281334877014,
      0.4193062484264374,
      0.5734476447105408,
      0.3416326344013214,
      0.9999999403953552,
      0.3980715870857239,
      0.5257354378700256,
      0.3140009641647339,
      0.3579654097557068,
      0.4129454791545868,
      0.40914082527160645,
      0.35234469175338745,
      0.4463437497615814,
      0.39456063508987427,
      0.3328654170036316,
      0.33239319920539856
    ],
    [
      0.31232139468193054,
      0.32315072417259216,
      0.4318524897098541,
      0.19334641098976135,
      0.3980715870857239,
      1.0,
      0.4514666199684143,
      0.34070253372192383,
      0.28551939129829407,
      0.36464133858680725,
      0.2385796308517456,
      0.29907774925231934,
      0.2886601984500885,
      0.32068657875061035,
      0.3416280150413513,
      0.3006979525089264
    ],
    [
      0.3991178870201111,
      0.3745960593223572,
      0.4389178156852722,
      0.3540027439594269,
      0.5257354378700256,
      0.4514666199684143,
      1.0,
      0.3863919973373413,
      0.42547181248664856,
      0.46642249822616577,
      0.32030829787254333,
      0.34877291321754456,
      0.356920450925827,
      0.397073358297348,
      0.440169095993042,
      0.31162598729133606
    ],
    [
      0.3606549799442291,
      0.30359697341918945,
      0.4578217566013336,
      0.3009725511074066,
      0.3140009641647339,
      0.34070253372192383,
      0.3863919973373413,
      1.0,
      0.30065053701400757,
      0.2920134365558624,
      0.28987589478492737,
      0.23895280063152313,
      0.37208372354507446,
      0.37758904695510864,
      0.34792688488960266,
      0.22055809199810028
    ],
    [
      0.3115555942058563,
      0.29509401321411133,
      0.36308494210243225,
      0.30340108275413513,
      0.3579654097557068,
      0.28551939129829407,
      0.42547181248664856,
      0.30065053701400757,
      0.9999999403953552,
      0.4290204644203186,
      0.4173593819141388,
      0.2907564043998718,
      0.2942909598350525,
      0.402238667011261,
      0.2582935690879822,
      0.2767327129840851
    ],
    [
      0.32039937376976013,
      0.28638049960136414,
      0.37205591797828674,
      0.3077542185783386,
      0.4129454791545868,
      0.36464133858680725,
      0.46642249822616577,
      0.2920134365558624,
      0.4290204644203186,
      1.0,
      0.28004851937294006,
      0.336421936750412,
      0.28470534086227417,
      0.33099374175071716,
      0.294761598110199,
      0.24135154485702515
    ],
    [
      0.2682219445705414,
      0.289694607257843,
      0.32490450143814087,
      0.23949110507965088,
      0.40914082527160645,
      0.2385796308517456,
      0.32030829787254333,
      0.28987589478492737,
      0.4173593819141388,
      0.28004851937294006,
      0.9999999403953552,
      0.30330216884613037,
      0.3475559651851654,
      0.4619193971157074,
      0.22047008574008942,
      0.22464455664157867
    ],
    [
      0.39864274859428406,
      0.25299856066703796,
      0.37114256620407104,
      0.23150645196437836,
      0.35234469175338745,
      0.29907774925231934,
      0.34877291321754456,
      0.23895280063152313,
      0.2907564043998718,
      0.336421936750412,
      0.30330216884613037,
      1.0,
      0.25790220499038696,
      0.31307828426361084,
      0.2501387894153595,
      0.2047489434480667
    ],
    [
      0.42351940274238586,
      0.3425256609916687,
      0.4716683030128479,
      0.3524254262447357,
      0.4463437497615814,
      0.2886601984500885,
      0.356920450925827,
      0.37208372354507446,
      0.2942909598350525,
      0.28470534086227417,
      0.3475559651851654,
      0.25790220499038696,
      0.9999999403953552,
      0.48639851808547974,
      0.3000663220882416,
      0.37284308671951294
    ],
    [
      0.40075087547302246,
      0.364063560962677,
      0.58176589012146,
      0.3928109407424927,
      0.39456063508987427,
      0.32068657875061035,
      0.397073358297348,
      0.37758904695510864,
      0.402238667011261,
      0.33099374175071716,
      0.4619193971157074,
      0.31307828426361084,
      0.48639851808547974,
      1.0,
      0.3588574528694153,
      0.31552499532699585
    ],
    [
      0.3610173463821411,
      0.34082522988319397,
      0.39348775148391724,
      0.3368726968765259,
      0.3328654170036316,
      0.3416280150413513,
      0.440169095993042,
      0.34792688488960266,
      0.2582935690879822,
      0.294761598110199,
      0.22047008574008942,
      0.2501387894153595,
      0.3000663220882416,
      0.3588574528694153,
      1.0,
      0.5554561018943787
    ],
    [
      0.3273520767688751,
      0.34586432576179504,
      0.39563363790512085,
      0.2936103343963623,
      0.33239319920539856,
      0.3006979525089264,
      0.31162598729133606,
      0.22055809199810028,
      0.2767327129840851,
      0.24135154485702515,
      0.22464455664157867,
      0.2047489434480667,
      0.37284308671951294,
      0.31552499532699585,
      0.5554561018943787,
      1.0
    ]
  ]
}