{
  "game_number": 106,
  "words": [
    "FANCY",
    "IMPULSE",
    "LARK",
    "WHIM",
    "KIND",
    "LIKE",
    "SORT",
    "TYPE",
    "HANK",
    "ROBIN",
    "TENNESSEE",
    "VENUS",
    "HERB",
    "JOB",
    "NICE",
    "READING"
  ],
  "adjacency_matrix": [
    [
      0.9999999403953552,
      0.44545871019363403,
      0.482673317193985,
      0.5399707555770874,
      0.5776020288467407,
      0.5390692949295044,
      0.5627444982528687,
      0.44019246101379395,
      0.3753483295440674,
      0.3036021590232849,
      0.27147024869918823,
      0.2672392725944519,
      0.28277909755706787,
      0.39879119396209717,
      0.5557231307029724,
      0.43462586402893066
    ],
    [
      0.44545871019363403,
      0.9999999403953552,
      0.33914777636528015,
      0.4688110053539276,
      0.5524930357933044,
      0.3766295611858368,
      0.48559361696243286,
      0.45859208703041077,
      0.2800375819206238,
      0.21127916872501373,
      0.22399044036865234,
      0.2610718905925751,
      0.29744014143943787,
      0.35248833894729614,
      0.29984673857688904,
      0.3503890335559845
    ],
    [
      0.482673317193985,
      0.33914777636528015,
      0.9999999403953552,
      0.3715820610523224,
      0.4476770758628845,
      0.3662560284137726,
      0.46732038259506226,
      0.39777570962905884,
      0.3311324119567871,
      0.48606231808662415,
      0.36034953594207764,
      0.332593709230423,
      0.3384205400943756,
      0.3879079520702362,
      0.37048453092575073,
      0.3514842092990875
    ],
    [
      0.5399707555770874,
      0.4688110053539276,
      0.3715820610523224,
      1.0,
      0.4086155593395233,
      0.36099496483802795,
      0.4219034016132355,
      0.3215844929218292,
      0.2981562912464142,
      0.18944495916366577,
      0.22961685061454773,
      0.16996976733207703,
      0.1772068589925766,
      0.3494080901145935,
      0.29223722219467163,
      0.26756545901298523
    ],
    [
      0.5776020288467407,
      0.5524930357933044,
      0.4476770758628845,
      0.4086155593395233,
      0.9999999403953552,
      0.5756203532218933,
      0.8120303153991699,
      0.6637248992919922,
      0.4019564390182495,
      0.32332277297973633,
      0.29447391629219055,
      0.2748877704143524,
      0.3790326416492462,
      0.49778783321380615,
      0.6732889413833618,
      0.45723894238471985
    ],
    [
      0.5390692949295044,
      0.3766295611858368,
      0.3662560284137726,
      0.36099496483802795,
      0.5756203532218933,
      0.9999999403953552,
      0.5175525546073914,
      0.4144817888736725,
      0.43081820011138916,
      0.2379777729511261,
      0.32365652918815613,
      0.2914901077747345,
      0.2325868457555771,
      0.39161694049835205,
      0.6111652851104736,
      0.43645408749580383
    ],
    [
      0.5627444982528687,
      0.48559361696243286,
      0.46732038259506226,
      0.4219034016132355,
      0.8120303153991699,
      0.5175525546073914,
      1.0,
      0.6298767328262329,
      0.34427109360694885,
      0.31316009163856506,
      0.24744190275669098,
      0.2536036968231201,
      0.3077469766139984,
      0.48969846963882446,
      0.5597320199012756,
      0.44987550377845764
    ],
    [
      0.44019246101379395,
      0.45859208703041077,
      0.39777570962905884,
      0.3215844929218292,
      0.6637248992919922,
      0.4144817888736725,
      0.6298767328262329,
      1.0000001192092896,
      0.3464425206184387,
      0.29588013887405396,
      0.3557314872741699,
      0.3317061960697174,
      0.33540859818458557,
      0.43669795989990234,
      0.36794453859329224,
      0.3751995861530304
    ],
    [
      0.3753483295440674,
      0.2800375819206238,
      0.3311324119567871,
      0.2981562912464142,
      0.4019564390182495,
      0.43081820011138916,
      0.34427109360694885,
      0.3464425206184387,
      1.0,
      0.363079696893692,
      0.30146652460098267,
      0.24764883518218994,
      0.22121308743953705,
      0.3144085109233856,
      0.4191609025001526,
      0.3264137804508209
    ],
    [
      0.3036021590232849,
      0.21127916872501373,
      0.48606231808662415,
      0.18944495916366577,
      0.32332277297973633,
      0.2379777729511261,
      0.31316009163856506,
      0.29588013887405396,
      0.363079696893692,
      1.0,
      0.3110322058200836,
      0.3104059100151062,
      0.3005227744579315,
      0.21454568207263947,
      0.2716065049171448,
      0.26355883479118347
    ],
    [
      0.27147024869918823,
      0.22399044036865234,
      0.36034953594207764,
      0.22961685061454773,
      0.29447391629219055,
      0.32365652918815613,
      0.24744190275669098,
      0.3557314872741699,
      0.30146652460098267,
      0.3110322058200836,
      1.0,
      0.3207859992980957,
      0.21763214468955994,
      0.31220319867134094,
      0.27455762028694153,
      0.2901318371295929
    ],
    [
      0.2672392725944519,
      0.2610718905925751,
      0.332593709230423,
      0.16996976733207703,
      0.2748877704143524,
      0.2914901077747345,
      0.2536036968231201,
      0.3317061960697174,
      0.24764883518218994,
      0.3104059100151062,
      0.3207859992980957,
      1.0,
      0.3075985312461853,
      0.21018362045288086,
      0.2310924530029297,
      0.1506580263376236
    ],
    [
      0.28277909755706787,
      0.29744014143943787,
      0.3384205400943756,
      0.1772068589925766,
      0.3790326416492462,
      0.2325868457555771,
      0.3077469766139984,
      0.33540859818458557,
      0.22121308743953705,
      0.3005227744579315,
      0.21763214468955994,
      0.3075985312461853,
      1.0,
      0.22588522732257843,
      0.26850029826164246,
      0.2482326328754425
    ],
    [
      0.39879119396209717,
      0.35248833894729614,
      0.3879079520702362,
      0.3494080901145935,
      0.49778783321380615,
      0.39161694049835205,
      0.48969846963882446,
      0.43669795989990234,
      0.3144085109233856,
      0.21454568207263947,
      0.31220319867134094,
      0.21018362045288086,
      0.22588522732257843,
      1.0,
      0.45145440101623535,
      0.43312889337539673
    ],
    [
      0.5557231307029724,
      0.29984673857688904,
      0.37048453092575073,
      0.29223722219467163,
      0.6732889413833618,
      0.6111652851104736,
      0.5597320199012756,
      0.36794453859329224,
      0.4191609025001526,
      0.2716065049171448,
      0.27455762028694153,
      0.2310924530029297,
      0.26850029826164246,
      0.45145440101623535,
      1.0,
      0.39936915040016174
    ],
    [
      0.43462586402893066,
      0.3503890335559845,
      0.3514842092990875,
      0.26756545901298523,
      0.45723894238471985,
      0.43645408749580383,
      0.44987550377845764,
      0.3751995861530304,
      0.3264137804508209,
      0.26355883479118347,
      0.2901318371295929,
      0.1506580263376236,
      0.2482326328754425,
      0.43312889337539673,
      0.39936915040016174,
      1.0
    ]
  ]
}