{
  "game_number": 380,
  "words": [
    "FIELD",
    "GREEN",
    "GROUNDS",
    "LAWN",
    "CHEST",
    "COCO",
    "HAZEL",
    "PEA",
    "BROWN",
    "DOGS",
    "FICTION",
    "UNCHAINED",
    "EXTENT",
    "RANGE",
    "REACH",
    "SCOPE"
  ],
  "adjacency_matrix": [
    [
      0.9999999403953552,
      0.43678680062294006,
      0.4530406594276428,
      0.4308405816555023,
      0.3935520052909851,
      0.16915228962898254,
      0.2300676852464676,
      0.29906800389289856,
      0.36436912417411804,
      0.32733938097953796,
      0.39229249954223633,
      0.3218107521533966,
      0.3705253005027771,
      0.5211425423622131,
      0.4117933213710785,
      0.47340694069862366
    ],
    [
      0.43678680062294006,
      1.0,
      0.35512590408325195,
      0.49016791582107544,
      0.3908487856388092,
      0.3988371789455414,
      0.46493759751319885,
      0.3801383972167969,
      0.7463657855987549,
      0.25461262464523315,
      0.2613857388496399,
      0.3362337350845337,
      0.31067368388175964,
      0.3692701756954193,
      0.3144013285636902,
      0.2556649148464203
    ],
    [
      0.4530406594276428,
      0.35512590408325195,
      1.0,
      0.5102490782737732,
      0.33066368103027344,
      0.19756817817687988,
      0.2564018666744232,
      0.19062474370002747,
      0.289278507232666,
      0.35995960235595703,
      0.3083156645298004,
      0.28562259674072266,
      0.3753868639469147,
      0.41084733605384827,
      0.33563756942749023,
      0.426137775182724
    ],
    [
      0.4308405816555023,
      0.49016791582107544,
      0.5102490782737732,
      1.0,
      0.38268426060676575,
      0.20720528066158295,
      0.2555454969406128,
      0.30388525128364563,
      0.42577508091926575,
      0.3571832776069641,
      0.24190014600753784,
      0.24504289031028748,
      0.22886335849761963,
      0.3024168312549591,
      0.28507566452026367,
      0.28896722197532654
    ],
    [
      0.3935520052909851,
      0.3908487856388092,
      0.33066368103027344,
      0.38268426060676575,
      1.0,
      0.2268836498260498,
      0.25455111265182495,
      0.27265939116477966,
      0.44247740507125854,
      0.3068922758102417,
      0.2119905799627304,
      0.332009494304657,
      0.26421624422073364,
      0.4387337863445282,
      0.41059720516204834,
      0.31448137760162354
    ],
    [
      0.16915228962898254,
      0.3988371789455414,
      0.19756817817687988,
      0.20720528066158295,
      0.2268836498260498,
      1.0,
      0.3485865592956543,
      0.4116043448448181,
      0.4485679268836975,
      0.23929950594902039,
      0.1870528757572174,
      0.30825698375701904,
      0.2414660006761551,
      0.17615647614002228,
      0.21175116300582886,
      0.17494788765907288
    ],
    [
      0.2300676852464676,
      0.46493759751319885,
      0.2564018666744232,
      0.2555454969406128,
      0.25455111265182495,
      0.3485865592956543,
      1.0,
      0.42049160599708557,
      0.532464861869812,
      0.2651899456977844,
      0.19117794930934906,
      0.2083224207162857,
      0.1889520138502121,
      0.2520023584365845,
      0.16931051015853882,
      0.2151639610528946
    ],
    [
      0.29906800389289856,
      0.3801383972167969,
      0.19062474370002747,
      0.30388525128364563,
      0.27265939116477966,
      0.4116043448448181,
      0.42049160599708557,
      1.0,
      0.4308812916278839,
      0.21950849890708923,
      0.17553861439228058,
      0.1593843251466751,
      0.17845872044563293,
      0.23934903740882874,
      0.1821405440568924,
      0.2020043581724167
    ],
    [
      0.36436912417411804,
      0.7463657855987549,
      0.289278507232666,
      0.42577508091926575,
      0.44247740507125854,
      0.4485679268836975,
      0.532464861869812,
      0.4308812916278839,
      1.0,
      0.38853320479393005,
      0.25877645611763,
      0.342439740896225,
      0.32018741965293884,
      0.3750687837600708,
      0.3168995976448059,
      0.24242185056209564
    ],
    [
      0.32733938097953796,
      0.25461262464523315,
      0.35995960235595703,
      0.3571832776069641,
      0.3068922758102417,
      0.23929950594902039,
      0.2651899456977844,
      0.21950849890708923,
      0.38853320479393005,
      0.9999999403953552,
      0.30038556456565857,
      0.39216336607933044,
      0.22635404765605927,
      0.28648337721824646,
      0.2227313369512558,
      0.1744200736284256
    ],
    [
      0.39229249954223633,
      0.2613857388496399,
      0.3083156645298004,
      0.24190014600753784,
      0.2119905799627304,
      0.1870528757572174,
      0.19117794930934906,
      0.17553861439228058,
      0.25877645611763,
      0.30038556456565857,
      1.0,
      0.2636665105819702,
      0.27784812450408936,
      0.27878084778785706,
      0.24625267088413239,
      0.31043708324432373
    ],
    [
      0.3218107521533966,
      0.3362337350845337,
      0.28562259674072266,
      0.24504289031028748,
      0.332009494304657,
      0.30825698375701904,
      0.2083224207162857,
      0.1593843251466751,
      0.342439740896225,
      0.39216336607933044,
      0.2636665105819702,
      1.0,
      0.24638478457927704,
      0.2854650318622589,
      0.26646435260772705,
      0.2781236469745636
    ],
    [
      0.3705253005027771,
      0.31067368388175964,
      0.3753868639469147,
      0.22886335849761963,
      0.26421624422073364,
      0.2414660006761551,
      0.1889520138502121,
      0.17845872044563293,
      0.32018741965293884,
      0.22635404765605927,
      0.27784812450408936,
      0.24638478457927704,
      1.0,
      0.5275759696960449,
      0.476887047290802,
      0.6070078015327454
    ],
    [
      0.5211425423622131,
      0.3692701756954193,
      0.41084733605384827,
      0.3024168312549591,
      0.4387337863445282,
      0.17615647614002228,
      0.2520023584365845,
      0.23934903740882874,
      0.3750687837600708,
      0.28648337721824646,
      0.27878084778785706,
      0.2854650318622589,
      0.5275759696960449,
      1.0000001192092896,
      0.5451810359954834,
      0.6075424551963806
    ],
    [
      0.4117933213710785,
      0.3144013285636902,
      0.33563756942749023,
      0.28507566452026367,
      0.41059720516204834,
      0.21175116300582886,
      0.16931051015853882,
      0.1821405440568924,
      0.3168995976448059,
      0.2227313369512558,
      0.24625267088413239,
      0.26646435260772705,
      0.476887047290802,
      0.5451810359954834,
      1.0,
      0.5163499712944031
    ],
    [
      0.47340694069862366,
      0.2556649148464203,
      0.426137775182724,
      0.28896722197532654,
      0.31448137760162354,
      0.17494788765907288,
      0.2151639610528946,
      0.2020043581724167,
      0.24242185056209564,
      0.1744200736284256,
      0.31043708324432373,
      0.2781236469745636,
      0.6070078015327454,
      0.6075424551963806,
      0.5163499712944031,
      1.0
    ]
  ]
}