{
  "game_number": 55,
  "words": [
    "SOLID",
    "SQUAT",
    "STOUT",
    "THICK",
    "CONCERN",
    "FIRM",
    "HOUSE",
    "OUTFIT",
    "BRANDY",
    "BUTTER",
    "CIDER",
    "SAUCE",
    "GERM",
    "LUXE",
    "MALT",
    "PORT"
  ],
  "adjacency_matrix": [
    [
      1.0,
      0.33582186698913574,
      0.5347663164138794,
      0.5751561522483826,
      0.3989477753639221,
      0.4780651926994324,
      0.3011453449726105,
      0.3409728407859802,
      0.3024328351020813,
      0.31083810329437256,
      0.19916333258152008,
      0.32512974739074707,
      0.3104276657104492,
      0.2614971101284027,
      0.31236201524734497,
      0.32081103324890137
    ],
    [
      0.33582186698913574,
      1.0,
      0.4465191960334778,
      0.42484986782073975,
      0.15306445956230164,
      0.2982502281665802,
      0.4294704496860504,
      0.35976845026016235,
      0.17042317986488342,
      0.279519647359848,
      0.13289129734039307,
      0.2637517750263214,
      0.15235967934131622,
      0.21560534834861755,
      0.21628865599632263,
      0.2743930220603943
    ],
    [
      0.5347663164138794,
      0.4465191960334778,
      1.0,
      0.5987864136695862,
      0.30122601985931396,
      0.41640299558639526,
      0.2951663136482239,
      0.3314405381679535,
      0.43224769830703735,
      0.3266523480415344,
      0.4107646644115448,
      0.34540578722953796,
      0.2516666054725647,
      0.2390611171722412,
      0.4338911771774292,
      0.3333633840084076
    ],
    [
      0.5751561522483826,
      0.42484986782073975,
      0.5987864136695862,
      1.0,
      0.3005339503288269,
      0.3507281243801117,
      0.30793917179107666,
      0.28261712193489075,
      0.35090142488479614,
      0.39540016651153564,
      0.2457682341337204,
      0.435144305229187,
      0.3178020119667053,
      0.27185025811195374,
      0.31478118896484375,
      0.31301480531692505
    ],
    [
      0.3989477753639221,
      0.15306445956230164,
      0.30122601985931396,
      0.3005339503288269,
      1.0,
      0.3584878444671631,
      0.3136316239833832,
      0.2513353228569031,
      0.16621753573417664,
      0.21138902008533478,
      0.13382208347320557,
      0.20995251834392548,
      0.2583809494972229,
      0.08729469776153564,
      0.13131555914878845,
      0.31325221061706543
    ],
    [
      0.4780651926994324,
      0.2982502281665802,
      0.41640299558639526,
      0.3507281243801117,
      0.3584878444671631,
      0.9999999403953552,
      0.4615175724029541,
      0.44783636927604675,
      0.2548488676548004,
      0.25491753220558167,
      0.2493429034948349,
      0.3056187033653259,
      0.2680320143699646,
      0.1498354822397232,
      0.2737862765789032,
      0.3724397122859955
    ],
    [
      0.3011453449726105,
      0.4294704496860504,
      0.2951663136482239,
      0.30793917179107666,
      0.3136316239833832,
      0.4615175724029541,
      0.9999999403953552,
      0.47447285056114197,
      0.30736425518989563,
      0.29991233348846436,
      0.31097471714019775,
      0.3081543743610382,
      0.2788945436477661,
      0.2519010603427887,
      0.36088117957115173,
      0.446868360042572
    ],
    [
      0.3409728407859802,
      0.35976845026016235,
      0.3314405381679535,
      0.28261712193489075,
      0.2513353228569031,
      0.44783636927604675,
      0.47447285056114197,
      1.0,
      0.2427501529455185,
      0.28184056282043457,
      0.19457495212554932,
      0.3924194276332855,
      0.23361624777317047,
      0.33308127522468567,
      0.23807525634765625,
      0.40616559982299805
    ],
    [
      0.3024328351020813,
      0.17042317986488342,
      0.43224769830703735,
      0.35090142488479614,
      0.16621753573417664,
      0.2548488676548004,
      0.30736425518989563,
      0.2427501529455185,
      1.0,
      0.46438419818878174,
      0.6215623021125793,
      0.4684436023235321,
      0.257396399974823,
      0.25281038880348206,
      0.5940542221069336,
      0.32584741711616516
    ],
    [
      0.31083810329437256,
      0.279519647359848,
      0.3266523480415344,
      0.39540016651153564,
      0.21138902008533478,
      0.25491753220558167,
      0.29991233348846436,
      0.28184056282043457,
      0.46438419818878174,
      1.0,
      0.4188927114009857,
      0.5180845856666565,
      0.34921202063560486,
      0.20945705473423004,
      0.41045716404914856,
      0.27356112003326416
    ],
    [
      0.19916333258152008,
      0.13289129734039307,
      0.4107646644115448,
      0.2457682341337204,
      0.13382208347320557,
      0.2493429034948349,
      0.31097471714019775,
      0.19457495212554932,
      0.6215623021125793,
      0.4188927114009857,
      1.0,
      0.45048514008522034,
      0.25106462836265564,
      0.18644210696220398,
      0.5607954263687134,
      0.2573896050453186
    ],
    [
      0.32512974739074707,
      0.2637517750263214,
      0.34540578722953796,
      0.435144305229187,
      0.20995251834392548,
      0.3056187033653259,
      0.3081543743610382,
      0.3924194276332855,
      0.4684436023235321,
      0.5180845856666565,
      0.45048514008522034,
      1.0,
      0.32787156105041504,
      0.2784532904624939,
      0.4178852438926697,
      0.36727258563041687
    ],
    [
      0.3104276657104492,
      0.15235967934131622,
      0.2516666054725647,
      0.3178020119667053,
      0.2583809494972229,
      0.2680320143699646,
      0.2788945436477661,
      0.23361624777317047,
      0.257396399974823,
      0.34921202063560486,
      0.25106462836265564,
      0.32787156105041504,
      1.0,
      0.15660296380519867,
      0.3432709276676178,
      0.19491511583328247
    ],
    [
      0.2614971101284027,
      0.21560534834861755,
      0.2390611171722412,
      0.27185025811195374,
      0.08729469776153564,
      0.1498354822397232,
      0.2519010603427887,
      0.33308127522468567,
      0.25281038880348206,
      0.20945705473423004,
      0.18644210696220398,
      0.2784532904624939,
      0.15660296380519867,
      1.0,
      0.29688745737075806,
      0.25636205077171326
    ],
    [
      0.31236201524734497,
      0.21628865599632263,
      0.4338911771774292,
      0.31478118896484375,
      0.13131555914878845,
      0.2737862765789032,
      0.36088117957115173,
      0.23807525634765625,
      0.5940542221069336,
      0.41045716404914856,
      0.5607954263687134,
      0.4178852438926697,
      0.3432709276676178,
      0.29688745737075806,
      1.0,
      0.3126963675022125
    ],
    [
      0.32081103324890137,
      0.2743930220603943,
      0.3333633840084076,
      0.31301480531692505,
      0.31325221061706543,
      0.3724397122859955,
      0.446868360042572,
      0.40616559982299805,
      0.32584741711616516,
      0.27356112003326416,
      0.2573896050453186,
      0.36727258563041687,
      0.19491511583328247,
      0.25636205077171326,
      0.3126963675022125,
      0.9999999403953552
    ]
  ]
}