{
  "game_number": 252,
  "words": [
    "LEVEL",
    "PEP",
    "REFER",
    "TENET",
    "BEANS",
    "COW",
    "GIANT",
    "JACK",
    "BEETLE",
    "CIVIC",
    "FOCUS",
    "VOLT",
    "BOOKMARK",
    "FAVORITE",
    "LIKE",
    "SAVE"
  ],
  "adjacency_matrix": [
    [
      1.0,
      0.20715396106243134,
      0.3096488118171692,
      0.3176316022872925,
      0.3021177053451538,
      0.2518101632595062,
      0.29581311345100403,
      0.3802626430988312,
      0.3108842670917511,
      0.40387701988220215,
      0.48710817098617554,
      0.25526705384254456,
      0.28408998250961304,
      0.3395075798034668,
      0.30383193492889404,
      0.3934766948223114
    ],
    [
      0.20715396106243134,
      1.0,
      0.15309752523899078,
      0.13725998997688293,
      0.27093103528022766,
      0.2581499516963959,
      0.2798614799976349,
      0.2451389729976654,
      0.16983972489833832,
      0.3013058006763458,
      0.17392593622207642,
      0.21229779720306396,
      0.1532045602798462,
      0.22262738645076752,
      0.18497921526432037,
      0.18779440224170685
    ],
    [
      0.3096488118171692,
      0.15309752523899078,
      1.0,
      0.2279001623392105,
      0.20986413955688477,
      0.2114374190568924,
      0.24606439471244812,
      0.30461010336875916,
      0.2152840942144394,
      0.21844039857387543,
      0.49510669708251953,
      0.22122125327587128,
      0.4043733477592468,
      0.3558429777622223,
      0.519883394241333,
      0.46992227435112
    ],
    [
      0.3176316022872925,
      0.13725998997688293,
      0.2279001623392105,
      1.0,
      0.20858751237392426,
      0.25660422444343567,
      0.2821345329284668,
      0.24654518067836761,
      0.2345605045557022,
      0.38722753524780273,
      0.3870373070240021,
      0.22115184366703033,
      0.297325998544693,
      0.45096296072006226,
      0.314447820186615,
      0.18848180770874023
    ],
    [
      0.3021177053451538,
      0.27093103528022766,
      0.20986413955688477,
      0.20858751237392426,
      0.9999999403953552,
      0.3575192093849182,
      0.32336029410362244,
      0.3392157256603241,
      0.2780212461948395,
      0.1860746145248413,
      0.19377316534519196,
      0.14727626740932465,
      0.22807972133159637,
      0.2572098672389984,
      0.25963252782821655,
      0.232594296336174
    ],
    [
      0.2518101632595062,
      0.2581499516963959,
      0.2114374190568924,
      0.25660422444343567,
      0.3575192093849182,
      1.0,
      0.4598501920700073,
      0.3819115161895752,
      0.3709220886230469,
      0.22722002863883972,
      0.19643534719944,
      0.2427128702402115,
      0.21706244349479675,
      0.30500027537345886,
      0.30037838220596313,
      0.3333556652069092
    ],
    [
      0.29581311345100403,
      0.2798614799976349,
      0.24606439471244812,
      0.2821345329284668,
      0.32336029410362244,
      0.4598501920700073,
      1.0,
      0.3561398684978485,
      0.44503024220466614,
      0.39231225848197937,
      0.2693830132484436,
      0.24687770009040833,
      0.23013091087341309,
      0.4351583421230316,
      0.4060445725917816,
      0.3154738247394562
    ],
    [
      0.3802626430988312,
      0.2451389729976654,
      0.30461010336875916,
      0.24654518067836761,
      0.3392157256603241,
      0.3819115161895752,
      0.3561398684978485,
      1.0,
      0.35864415764808655,
      0.21385744214057922,
      0.23161286115646362,
      0.29248473048210144,
      0.312173992395401,
      0.30766016244888306,
      0.3247780203819275,
      0.34427863359451294
    ],
    [
      0.3108842670917511,
      0.16983972489833832,
      0.2152840942144394,
      0.2345605045557022,
      0.2780212461948395,
      0.3709220886230469,
      0.44503024220466614,
      0.35864415764808655,
      1.0,
      0.23431403934955597,
      0.2848377525806427,
      0.21654409170150757,
      0.27407005429267883,
      0.2941245436668396,
      0.2666532099246979,
      0.32713109254837036
    ],
    [
      0.40387701988220215,
      0.3013058006763458,
      0.21844039857387543,
      0.38722753524780273,
      0.1860746145248413,
      0.22722002863883972,
      0.39231225848197937,
      0.21385744214057922,
      0.23431403934955597,
      1.0,
      0.3656863570213318,
      0.18834306299686432,
      0.2636890709400177,
      0.363574743270874,
      0.25404006242752075,
      0.2500164806842804
    ],
    [
      0.48710817098617554,
      0.17392593622207642,
      0.49510669708251953,
      0.3870373070240021,
      0.19377316534519196,
      0.19643534719944,
      0.2693830132484436,
      0.23161286115646362,
      0.2848377525806427,
      0.3656863570213318,
      1.0,
      0.14419178664684296,
      0.3544342815876007,
      0.4648096561431885,
      0.4414978623390198,
      0.47204095125198364
    ],
    [
      0.25526705384254456,
      0.21229779720306396,
      0.22122125327587128,
      0.22115184366703033,
      0.14727626740932465,
      0.2427128702402115,
      0.24687770009040833,
      0.29248473048210144,
      0.21654409170150757,
      0.18834306299686432,
      0.14419178664684296,
      1.0,
      0.12074333429336548,
      0.1855964958667755,
      0.19191205501556396,
      0.17981378734111786
    ],
    [
      0.28408998250961304,
      0.1532045602798462,
      0.4043733477592468,
      0.297325998544693,
      0.22807972133159637,
      0.21706244349479675,
      0.23013091087341309,
      0.312173992395401,
      0.27407005429267883,
      0.2636890709400177,
      0.3544342815876007,
      0.12074333429336548,
      1.0,
      0.5225710868835449,
      0.294678658246994,
      0.461823970079422
    ],
    [
      0.3395075798034668,
      0.22262738645076752,
      0.3558429777622223,
      0.45096296072006226,
      0.2572098672389984,
      0.30500027537345886,
      0.4351583421230316,
      0.30766016244888306,
      0.2941245436668396,
      0.363574743270874,
      0.4648096561431885,
      0.1855964958667755,
      0.5225710868835449,
      1.0,
      0.4443244934082031,
      0.40169405937194824
    ],
    [
      0.30383193492889404,
      0.18497921526432037,
      0.519883394241333,
      0.314447820186615,
      0.25963252782821655,
      0.30037838220596313,
      0.4060445725917816,
      0.3247780203819275,
      0.2666532099246979,
      0.25404006242752075,
      0.4414978623390198,
      0.19191205501556396,
      0.294678658246994,
      0.4443244934082031,
      0.9999999403953552,
      0.4463939368724823
    ],
    [
      0.3934766948223114,
      0.18779440224170685,
      0.46992227435112,
      0.18848180770874023,
      0.232594296336174,
      0.3333556652069092,
      0.3154738247394562,
      0.34427863359451294,
      0.32713109254837036,
      0.2500164806842804,
      0.47204095125198364,
      0.17981378734111786,
      0.461823970079422,
      0.40169405937194824,
      0.4463939368724823,
      1.0
    ]
  ]
}