{
  "game_number": 463,
  "words": [
    "POLE",
    "ROD",
    "STAFF",
    "STICK",
    "CART",
    "CLUB",
    "HOLE",
    "TEE",
    "CIRCLE",
    "HORSESHOE",
    "PITCHFORK",
    "TRIANGLE",
    "ALPHABET",
    "AMAZON",
    "APPLE",
    "META"
  ],
  "adjacency_matrix": [
    [
      1.0,
      0.5455644130706787,
      0.23960621654987335,
      0.4716181457042694,
      0.4403573274612427,
      0.3116525113582611,
      0.4268690049648285,
      0.3380563259124756,
      0.4798872172832489,
      0.48660629987716675,
      0.41349226236343384,
      0.4891781508922577,
      0.24208611249923706,
      0.26509952545166016,
      0.35292938351631165,
      0.30116134881973267
    ],
    [
      0.5455644130706787,
      1.0,
      0.21930399537086487,
      0.5170199275016785,
      0.4657161831855774,
      0.22908149659633636,
      0.39220643043518066,
      0.32847458124160767,
      0.42349785566329956,
      0.44004783034324646,
      0.41690587997436523,
      0.45015838742256165,
      0.25833219289779663,
      0.1729418784379959,
      0.3630662262439728,
      0.2883407175540924
    ],
    [
      0.23960621654987335,
      0.21930399537086487,
      1.0,
      0.29880860447883606,
      0.29912009835243225,
      0.4767508804798126,
      0.2158999741077423,
      0.2824392020702362,
      0.35743433237075806,
      0.20572416484355927,
      0.2674488425254822,
      0.23735311627388,
      0.20184576511383057,
      0.17961494624614716,
      0.23431514203548431,
      0.22934812307357788
    ],
    [
      0.4716181457042694,
      0.5170199275016785,
      0.29880860447883606,
      1.0,
      0.46103060245513916,
      0.36858034133911133,
      0.48133206367492676,
      0.40741467475891113,
      0.4313027858734131,
      0.37091976404190063,
      0.5190330147743225,
      0.448679655790329,
      0.29930055141448975,
      0.22385236620903015,
      0.4825303256511688,
      0.33910828828811646
    ],
    [
      0.4403573274612427,
      0.4657161831855774,
      0.29912009835243225,
      0.46103060245513916,
      0.9999999403953552,
      0.3113877475261688,
      0.40927115082740784,
      0.39841705560684204,
      0.34575730562210083,
      0.42360711097717285,
      0.44102218747138977,
      0.32938525080680847,
      0.2972448170185089,
      0.29654136300086975,
      0.4502316117286682,
      0.34313833713531494
    ],
    [
      0.3116525113582611,
      0.22908149659633636,
      0.4767508804798126,
      0.36858034133911133,
      0.3113877475261688,
      1.0,
      0.33271482586860657,
      0.37371382117271423,
      0.3875991106033325,
      0.32930678129196167,
      0.3084142506122589,
      0.31984809041023254,
      0.22247648239135742,
      0.22046823799610138,
      0.24723407626152039,
      0.303472101688385
    ],
    [
      0.4268690049648285,
      0.39220643043518066,
      0.2158999741077423,
      0.48133206367492676,
      0.40927115082740784,
      0.33271482586860657,
      0.9999999403953552,
      0.5302531719207764,
      0.4465778172016144,
      0.42297810316085815,
      0.3584904968738556,
      0.42674723267555237,
      0.19882754981517792,
      0.22222913801670074,
      0.4473459720611572,
      0.24847082793712616
    ],
    [
      0.3380563259124756,
      0.32847458124160767,
      0.2824392020702362,
      0.40741467475891113,
      0.39841705560684204,
      0.37371382117271423,
      0.5302531719207764,
      1.0,
      0.3338463008403778,
      0.44293543696403503,
      0.3255802392959595,
      0.3191474676132202,
      0.21609875559806824,
      0.19272606074810028,
      0.3514834940433502,
      0.207699716091156
    ],
    [
      0.4798872172832489,
      0.42349785566329956,
      0.35743433237075806,
      0.4313027858734131,
      0.34575730562210083,
      0.3875991106033325,
      0.4465778172016144,
      0.3338463008403778,
      1.0,
      0.4489055573940277,
      0.3628886938095093,
      0.6594417095184326,
      0.3496948778629303,
      0.2249927669763565,
      0.30324968695640564,
      0.24181081354618073
    ],
    [
      0.48660629987716675,
      0.44004783034324646,
      0.20572416484355927,
      0.37091976404190063,
      0.42360711097717285,
      0.32930678129196167,
      0.42297810316085815,
      0.44293543696403503,
      0.4489055573940277,
      1.0000001192092896,
      0.3343826234340668,
      0.47092434763908386,
      0.3235619068145752,
      0.18123210966587067,
      0.3610643744468689,
      0.27125123143196106
    ],
    [
      0.41349226236343384,
      0.41690587997436523,
      0.2674488425254822,
      0.5190330147743225,
      0.44102218747138977,
      0.3084142506122589,
      0.3584904968738556,
      0.3255802392959595,
      0.3628886938095093,
      0.3343826234340668,
      0.9999999403953552,
      0.3540753424167633,
      0.18660062551498413,
      0.30426838994026184,
      0.32198530435562134,
      0.35334512591362
    ],
    [
      0.4891781508922577,
      0.45015838742256165,
      0.23735311627388,
      0.448679655790329,
      0.32938525080680847,
      0.31984809041023254,
      0.42674723267555237,
      0.3191474676132202,
      0.6594417095184326,
      0.47092434763908386,
      0.3540753424167633,
      1.0,
      0.3918408453464508,
      0.27428504824638367,
      0.39598047733306885,
      0.3445475101470947
    ],
    [
      0.24208611249923706,
      0.25833219289779663,
      0.20184576511383057,
      0.29930055141448975,
      0.2972448170185089,
      0.22247648239135742,
      0.19882754981517792,
      0.21609875559806824,
      0.3496948778629303,
      0.3235619068145752,
      0.18660062551498413,
      0.3918408453464508,
      0.9999999403953552,
      0.1817895621061325,
      0.293362557888031,
      0.2467069923877716
    ],
    [
      0.26509952545166016,
      0.1729418784379959,
      0.17961494624614716,
      0.22385236620903015,
      0.29654136300086975,
      0.22046823799610138,
      0.22222913801670074,
      0.19272606074810028,
      0.2249927669763565,
      0.18123210966587067,
      0.30426838994026184,
      0.27428504824638367,
      0.1817895621061325,
      1.0,
      0.30133211612701416,
      0.3110892176628113
    ],
    [
      0.35292938351631165,
      0.3630662262439728,
      0.23431514203548431,
      0.4825303256511688,
      0.4502316117286682,
      0.24723407626152039,
      0.4473459720611572,
      0.3514834940433502,
      0.30324968695640564,
      0.3610643744468689,
      0.32198530435562134,
      0.39598047733306885,
      0.293362557888031,
      0.30133211612701416,
      1.0,
      0.2308378666639328
    ],
    [
      0.30116134881973267,
      0.2883407175540924,
      0.22934812307357788,
      0.33910828828811646,
      0.34313833713531494,
      0.303472101688385,
      0.24847082793712616,
      0.207699716091156,
      0.24181081354618073,
      0.27125123143196106,
      0.35334512591362,
      0.3445475101470947,
      0.2467069923877716,
      0.3110892176628113,
      0.2308378666639328,
      1.0
    ]
  ]
}