{
  "game_number": 54,
  "words": [
    "BULLETIN",
    "FLASH",
    "REPORT",
    "WIRE",
    "HAPPINESS",
    "LIBERTY",
    "LIFE",
    "PURSUIT",
    "ENTOURAGE",
    "EUPHORIA",
    "INSECURE",
    "SUCCESSION",
    "DEPARTED",
    "PORT",
    "PROGRESSIVE",
    "REMAINING"
  ],
  "adjacency_matrix": [
    [
      1.0,
      0.3443247973918915,
      0.5002084374427795,
      0.33530908823013306,
      0.14008955657482147,
      0.16748690605163574,
      0.24015437066555023,
      0.23384307324886322,
      0.15638022124767303,
      0.1635749638080597,
      0.15814998745918274,
      0.2052592635154724,
      0.19712898135185242,
      0.2685099244117737,
      0.18134871125221252,
      0.19840259850025177
    ],
    [
      0.3443247973918915,
      1.0,
      0.34467360377311707,
      0.4465792775154114,
      0.3392135202884674,
      0.22899813950061798,
      0.33671852946281433,
      0.35263895988464355,
      0.28469425439834595,
      0.3964514136314392,
      0.28925657272338867,
      0.33971697092056274,
      0.20143601298332214,
      0.3232909142971039,
      0.3675973415374756,
      0.3002910614013672
    ],
    [
      0.5002084374427795,
      0.34467360377311707,
      0.9999999403953552,
      0.3396642804145813,
      0.2674183249473572,
      0.17030508816242218,
      0.2996101379394531,
      0.3454667925834656,
      0.2843569815158844,
      0.2734501361846924,
      0.20199178159236908,
      0.23302793502807617,
      0.26364976167678833,
      0.3760310709476471,
      0.3098551630973816,
      0.306357204914093
    ],
    [
      0.33530908823013306,
      0.4465792775154114,
      0.3396642804145813,
      1.0,
      0.21636000275611877,
      0.275210976600647,
      0.33362191915512085,
      0.31608614325523376,
      0.22180482745170593,
      0.19493113458156586,
      0.34812766313552856,
      0.26410800218582153,
      0.17657209932804108,
      0.3903789520263672,
      0.24389158189296722,
      0.343911349773407
    ],
    [
      0.14008955657482147,
      0.3392135202884674,
      0.2674183249473572,
      0.21636000275611877,
      0.9999999403953552,
      0.5873239040374756,
      0.6247464418411255,
      0.5270931124687195,
      0.27868160605430603,
      0.5140874981880188,
      0.3688546121120453,
      0.37398016452789307,
      0.26885339617729187,
      0.2599857449531555,
      0.34770768880844116,
      0.3393990397453308
    ],
    [
      0.16748690605163574,
      0.22899813950061798,
      0.17030508816242218,
      0.275210976600647,
      0.5873239040374756,
      1.0,
      0.5126115679740906,
      0.46083205938339233,
      0.26167845726013184,
      0.3287641108036041,
      0.31642916798591614,
      0.31199216842651367,
      0.23605959117412567,
      0.3120947480201721,
      0.35428735613822937,
      0.2953726649284363
    ],
    [
      0.24015437066555023,
      0.33671852946281433,
      0.2996101379394531,
      0.33362191915512085,
      0.6247464418411255,
      0.5126115679740906,
      1.0,
      0.5504058003425598,
      0.318892240524292,
      0.2911619544029236,
      0.3700808882713318,
      0.4723399579524994,
      0.29415395855903625,
      0.34666383266448975,
      0.4342144727706909,
      0.4186501204967499
    ],
    [
      0.23384307324886322,
      0.35263895988464355,
      0.3454667925834656,
      0.31608614325523376,
      0.5270931124687195,
      0.46083205938339233,
      0.5504058003425598,
      1.0,
      0.36946818232536316,
      0.31630444526672363,
      0.34667858481407166,
      0.39717021584510803,
      0.3055415749549866,
      0.30326440930366516,
      0.42775341868400574,
      0.4062405228614807
    ],
    [
      0.15638022124767303,
      0.28469425439834595,
      0.2843569815158844,
      0.22180482745170593,
      0.27868160605430603,
      0.26167845726013184,
      0.318892240524292,
      0.36946818232536316,
      1.0,
      0.2845633625984192,
      0.3011878430843353,
      0.3477317690849304,
      0.4162043631076813,
      0.31222230195999146,
      0.32948821783065796,
      0.3519824147224426
    ],
    [
      0.1635749638080597,
      0.3964514136314392,
      0.2734501361846924,
      0.19493113458156586,
      0.5140874981880188,
      0.3287641108036041,
      0.2911619544029236,
      0.31630444526672363,
      0.2845633625984192,
      1.0000001192092896,
      0.23465831577777863,
      0.24150189757347107,
      0.20015187561511993,
      0.2173314392566681,
      0.28756529092788696,
      0.15587034821510315
    ],
    [
      0.15814998745918274,
      0.28925657272338867,
      0.20199178159236908,
      0.34812766313552856,
      0.3688546121120453,
      0.31642916798591614,
      0.3700808882713318,
      0.34667858481407166,
      0.3011878430843353,
      0.23465831577777863,
      1.0,
      0.27376237511634827,
      0.18752041459083557,
      0.29060694575309753,
      0.385534405708313,
      0.3097546398639679
    ],
    [
      0.2052592635154724,
      0.33971697092056274,
      0.23302793502807617,
      0.26410800218582153,
      0.37398016452789307,
      0.31199216842651367,
      0.4723399579524994,
      0.39717021584510803,
      0.3477317690849304,
      0.24150189757347107,
      0.27376237511634827,
      1.0,
      0.20787827670574188,
      0.22882477939128876,
      0.45133551955223083,
      0.3792980909347534
    ],
    [
      0.19712898135185242,
      0.20143601298332214,
      0.26364976167678833,
      0.17657209932804108,
      0.26885339617729187,
      0.23605959117412567,
      0.29415395855903625,
      0.3055415749549866,
      0.4162043631076813,
      0.20015187561511993,
      0.18752041459083557,
      0.20787827670574188,
      1.0,
      0.3471545875072479,
      0.2500517964363098,
      0.49661704897880554
    ],
    [
      0.2685099244117737,
      0.3232909142971039,
      0.3760310709476471,
      0.3903789520263672,
      0.2599857449531555,
      0.3120947480201721,
      0.34666383266448975,
      0.30326440930366516,
      0.31222230195999146,
      0.2173314392566681,
      0.29060694575309753,
      0.22882477939128876,
      0.3471545875072479,
      0.9999999403953552,
      0.32190513610839844,
      0.3618389070034027
    ],
    [
      0.18134871125221252,
      0.3675973415374756,
      0.3098551630973816,
      0.24389158189296722,
      0.34770768880844116,
      0.35428735613822937,
      0.4342144727706909,
      0.42775341868400574,
      0.32948821783065796,
      0.28756529092788696,
      0.385534405708313,
      0.45133551955223083,
      0.2500517964363098,
      0.32190513610839844,
      1.0,
      0.4016968309879303
    ],
    [
      0.19840259850025177,
      0.3002910614013672,
      0.306357204914093,
      0.343911349773407,
      0.3393990397453308,
      0.2953726649284363,
      0.4186501204967499,
      0.4062405228614807,
      0.3519824147224426,
      0.15587034821510315,
      0.3097546398639679,
      0.3792980909347534,
      0.49661704897880554,
      0.3618389070034027,
      0.4016968309879303,
      1.0
    ]
  ]
}