{
  "game_number": 74,
  "words": [
    "BASH",
    "BLAST",
    "BLOWOUT",
    "RAVE",
    "CHARACTER",
    "FIBER",
    "MAKEUP",
    "NATURE",
    "DRAM",
    "OUNCE",
    "POUND",
    "STONE",
    "EYELINER",
    "GLASSES",
    "MARBLE",
    "NEBULA"
  ],
  "adjacency_matrix": [
    [
      0.9999999403953552,
      0.5147750973701477,
      0.4206496477127075,
      0.4761873781681061,
      0.331256628036499,
      0.12534578144550323,
      0.3088105618953705,
      0.28942766785621643,
      0.35660064220428467,
      0.12879417836666107,
      0.3329647183418274,
      0.3660421073436737,
      0.2165284901857376,
      0.21586622297763824,
      0.2845076322555542,
      0.13279832899570465
    ],
    [
      0.5147750973701477,
      1.0,
      0.495434045791626,
      0.45537951588630676,
      0.32068705558776855,
      0.18317058682441711,
      0.37718597054481506,
      0.3398239314556122,
      0.287762850522995,
      0.11460788547992706,
      0.28420108556747437,
      0.4049990773200989,
      0.20574533939361572,
      0.26019543409347534,
      0.35775360465049744,
      0.27586624026298523
    ],
    [
      0.4206496477127075,
      0.495434045791626,
      1.0,
      0.3815988302230835,
      0.1799771785736084,
      0.20890238881111145,
      0.34927311539649963,
      0.27737727761268616,
      0.2618924677371979,
      0.11636246740818024,
      0.20789757370948792,
      0.23282556235790253,
      0.25730493664741516,
      0.20281557738780975,
      0.29412326216697693,
      0.2523379921913147
    ],
    [
      0.4761873781681061,
      0.45537951588630676,
      0.3815988302230835,
      1.0,
      0.22500865161418915,
      0.10756708681583405,
      0.25447484850883484,
      0.27296093106269836,
      0.3027236759662628,
      0.08108683675527573,
      0.2006799578666687,
      0.22673901915550232,
      0.2029704749584198,
      0.20134969055652618,
      0.18096451461315155,
      0.1549665331840515
    ],
    [
      0.331256628036499,
      0.32068705558776855,
      0.1799771785736084,
      0.22500865161418915,
      1.0,
      0.28397372364997864,
      0.4850883185863495,
      0.5644288659095764,
      0.3327428698539734,
      0.11928007006645203,
      0.24570325016975403,
      0.3752599060535431,
      0.27524641156196594,
      0.2690250277519226,
      0.33524012565612793,
      0.2599915564060211
    ],
    [
      0.12534578144550323,
      0.18317058682441711,
      0.20890238881111145,
      0.10756708681583405,
      0.28397372364997864,
      0.9999999403953552,
      0.31103554368019104,
      0.3910801112651825,
      0.25455355644226074,
      0.16635718941688538,
      0.24695637822151184,
      0.2864293158054352,
      0.2909340262413025,
      0.34307861328125,
      0.2806975841522217,
      0.2641584575176239
    ],
    [
      0.3088105618953705,
      0.37718597054481506,
      0.34927311539649963,
      0.25447484850883484,
      0.4850883185863495,
      0.31103554368019104,
      1.0,
      0.4985358715057373,
      0.3057032823562622,
      0.11285009980201721,
      0.22024109959602356,
      0.3499176800251007,
      0.5966187119483948,
      0.42872193455696106,
      0.3617497384548187,
      0.2615338861942291
    ],
    [
      0.28942766785621643,
      0.3398239314556122,
      0.27737727761268616,
      0.27296093106269836,
      0.5644288659095764,
      0.3910801112651825,
      0.4985358715057373,
      1.0,
      0.2994280159473419,
      0.032414425164461136,
      0.18083828687667847,
      0.40116986632347107,
      0.2957824170589447,
      0.30403009057044983,
      0.3653702437877655,
      0.3236454427242279
    ],
    [
      0.35660064220428467,
      0.287762850522995,
      0.2618924677371979,
      0.3027236759662628,
      0.3327428698539734,
      0.25455355644226074,
      0.3057032823562622,
      0.2994280159473419,
      0.9999998807907104,
      0.35351499915122986,
      0.38692063093185425,
      0.40986230969429016,
      0.2678545415401459,
      0.3397694230079651,
      0.33481162786483765,
      0.18311315774917603
    ],
    [
      0.12879417836666107,
      0.11460788547992706,
      0.11636246740818024,
      0.08108683675527573,
      0.11928007006645203,
      0.16635718941688538,
      0.11285009980201721,
      0.032414425164461136,
      0.35351499915122986,
      0.9999998807907104,
      0.5750304460525513,
      0.2463245838880539,
      0.2293395698070526,
      0.18925464153289795,
      0.21455542743206024,
      0.020670486614108086
    ],
    [
      0.3329647183418274,
      0.28420108556747437,
      0.20789757370948792,
      0.2006799578666687,
      0.24570325016975403,
      0.24695637822151184,
      0.22024109959602356,
      0.18083828687667847,
      0.38692063093185425,
      0.5750304460525513,
      1.0,
      0.4274437129497528,
      0.2132682502269745,
      0.2378750890493393,
      0.3292122483253479,
      0.06688647717237473
    ],
    [
      0.3660421073436737,
      0.4049990773200989,
      0.23282556235790253,
      0.22673901915550232,
      0.3752599060535431,
      0.2864293158054352,
      0.3499176800251007,
      0.40116986632347107,
      0.40986230969429016,
      0.2463245838880539,
      0.4274437129497528,
      1.0,
      0.31104961037635803,
      0.41002315282821655,
      0.685736358165741,
      0.19881808757781982
    ],
    [
      0.2165284901857376,
      0.20574533939361572,
      0.25730493664741516,
      0.2029704749584198,
      0.27524641156196594,
      0.2909340262413025,
      0.5966187119483948,
      0.2957824170589447,
      0.2678545415401459,
      0.2293395698070526,
      0.2132682502269745,
      0.31104961037635803,
      1.0,
      0.4723060727119446,
      0.28992852568626404,
      0.16289865970611572
    ],
    [
      0.21586622297763824,
      0.26019543409347534,
      0.20281557738780975,
      0.20134969055652618,
      0.2690250277519226,
      0.34307861328125,
      0.42872193455696106,
      0.30403009057044983,
      0.3397694230079651,
      0.18925464153289795,
      0.2378750890493393,
      0.41002315282821655,
      0.4723060727119446,
      1.0,
      0.3896670341491699,
      0.17583559453487396
    ],
    [
      0.2845076322555542,
      0.35775360465049744,
      0.29412326216697693,
      0.18096451461315155,
      0.33524012565612793,
      0.2806975841522217,
      0.3617497384548187,
      0.3653702437877655,
      0.33481162786483765,
      0.21455542743206024,
      0.3292122483253479,
      0.685736358165741,
      0.28992852568626404,
      0.3896670341491699,
      1.0,
      0.2655969262123108
    ],
    [
      0.13279832899570465,
      0.27586624026298523,
      0.2523379921913147,
      0.1549665331840515,
      0.2599915564060211,
      0.2641584575176239,
      0.2615338861942291,
      0.3236454427242279,
      0.18311315774917603,
      0.020670486614108086,
      0.06688647717237473,
      0.19881808757781982,
      0.16289865970611572,
      0.17583559453487396,
      0.2655969262123108,
      1.0
    ]
  ]
}