{
  "game_number": 601,
  "words": [
    "GERBIL",
    "HAMSTER",
    "RAT",
    "VOLE",
    "HARP",
    "HORN",
    "ORGAN",
    "TRIANGLE",
    "CARP",
    "GRIPE",
    "GROUSE",
    "MOAN",
    "HERO",
    "HOAGIE",
    "GRINDER",
    "SUB"
  ],
  "adjacency_matrix": [
    [
      0.9999999403953552,
      0.7173413038253784,
      0.5219695568084717,
      0.4340968728065491,
      0.2710716426372528,
      0.3332058787345886,
      0.22938963770866394,
      0.2558494806289673,
      0.24878008663654327,
      0.24385873973369598,
      0.2564643919467926,
      0.21383683383464813,
      0.230848491191864,
      0.3039572238922119,
      0.23680651187896729,
      0.21969899535179138
    ],
    [
      0.7173413038253784,
      1.0,
      0.607219398021698,
      0.47797080874443054,
      0.26239439845085144,
      0.35341984033584595,
      0.31726905703544617,
      0.2939680218696594,
      0.353753000497818,
      0.2832200527191162,
      0.30560317635536194,
      0.288934588432312,
      0.33785054087638855,
      0.4082363545894623,
      0.3668816089630127,
      0.27060139179229736
    ],
    [
      0.5219695568084717,
      0.607219398021698,
      1.0,
      0.5788398385047913,
      0.288589745759964,
      0.3417401909828186,
      0.32618972659111023,
      0.3643374741077423,
      0.4207882583141327,
      0.31481072306632996,
      0.3907739222049713,
      0.28938668966293335,
      0.41622424125671387,
      0.3486008048057556,
      0.34908485412597656,
      0.34791243076324463
    ],
    [
      0.4340968728065491,
      0.47797080874443054,
      0.5788398385047913,
      1.0,
      0.33386796712875366,
      0.29742467403411865,
      0.2805976867675781,
      0.21987088024616241,
      0.41898980736732483,
      0.28386759757995605,
      0.5102224349975586,
      0.28823938965797424,
      0.30460983514785767,
      0.22733809053897858,
      0.2236105501651764,
      0.2705445885658264
    ],
    [
      0.2710716426372528,
      0.26239439845085144,
      0.288589745759964,
      0.33386796712875366,
      1.0,
      0.5656570792198181,
      0.43169623613357544,
      0.3720090091228485,
      0.42526787519454956,
      0.37407103180885315,
      0.3181151747703552,
      0.4307151734828949,
      0.2971404492855072,
      0.20797599852085114,
      0.29772648215293884,
      0.22998981177806854
    ],
    [
      0.3332058787345886,
      0.35341984033584595,
      0.3417401909828186,
      0.29742467403411865,
      0.5656570792198181,
      1.0,
      0.5046369433403015,
      0.38956061005592346,
      0.36837732791900635,
      0.3106996715068817,
      0.29887455701828003,
      0.34713900089263916,
      0.3236713111400604,
      0.3115037977695465,
      0.411171019077301,
      0.29287171363830566
    ],
    [
      0.22938963770866394,
      0.31726905703544617,
      0.32618972659111023,
      0.2805976867675781,
      0.43169623613357544,
      0.5046369433403015,
      1.0,
      0.335212379693985,
      0.34222108125686646,
      0.2904844880104065,
      0.2699853181838989,
      0.27546635270118713,
      0.3089745044708252,
      0.24420516192913055,
      0.4551200568675995,
      0.2936133146286011
    ],
    [
      0.2558494806289673,
      0.2939680218696594,
      0.3643374741077423,
      0.21987088024616241,
      0.3720090091228485,
      0.38956061005592346,
      0.335212379693985,
      1.0,
      0.251745343208313,
      0.3133246898651123,
      0.21322402358055115,
      0.20206259191036224,
      0.3341885805130005,
      0.32767587900161743,
      0.3872987926006317,
      0.33898627758026123
    ],
    [
      0.24878008663654327,
      0.353753000497818,
      0.4207882583141327,
      0.41898980736732483,
      0.42526787519454956,
      0.36837732791900635,
      0.34222108125686646,
      0.251745343208313,
      1.0,
      0.40271368622779846,
      0.3829575777053833,
      0.4448598623275757,
      0.24971510469913483,
      0.2774355709552765,
      0.27006766200065613,
      0.2128487527370453
    ],
    [
      0.24385873973369598,
      0.2832200527191162,
      0.31481072306632996,
      0.28386759757995605,
      0.37407103180885315,
      0.3106996715068817,
      0.2904844880104065,
      0.3133246898651123,
      0.40271368622779846,
      1.0,
      0.47782522439956665,
      0.6285215616226196,
      0.4002760350704193,
      0.296098917722702,
      0.3718368411064148,
      0.31701555848121643
    ],
    [
      0.2564643919467926,
      0.30560317635536194,
      0.3907739222049713,
      0.5102224349975586,
      0.3181151747703552,
      0.29887455701828003,
      0.2699853181838989,
      0.21322402358055115,
      0.3829575777053833,
      0.47782522439956665,
      0.9999999403953552,
      0.42602384090423584,
      0.27263686060905457,
      0.24691885709762573,
      0.22925671935081482,
      0.2643927037715912
    ],
    [
      0.21383683383464813,
      0.288934588432312,
      0.28938668966293335,
      0.28823938965797424,
      0.4307151734828949,
      0.34713900089263916,
      0.27546635270118713,
      0.20206259191036224,
      0.4448598623275757,
      0.6285215616226196,
      0.42602384090423584,
      1.0000001192092896,
      0.26291871070861816,
      0.22182147204875946,
      0.3064061105251312,
      0.2491782307624817
    ],
    [
      0.230848491191864,
      0.33785054087638855,
      0.41622424125671387,
      0.30460983514785767,
      0.2971404492855072,
      0.3236713111400604,
      0.3089745044708252,
      0.3341885805130005,
      0.24971510469913483,
      0.4002760350704193,
      0.27263686060905457,
      0.26291871070861816,
      0.9999999403953552,
      0.3876531720161438,
      0.36099180579185486,
      0.3746482729911804
    ],
    [
      0.3039572238922119,
      0.4082363545894623,
      0.3486008048057556,
      0.22733809053897858,
      0.20797599852085114,
      0.3115037977695465,
      0.24420516192913055,
      0.32767587900161743,
      0.2774355709552765,
      0.296098917722702,
      0.24691885709762573,
      0.22182147204875946,
      0.3876531720161438,
      0.9999999403953552,
      0.46713489294052124,
      0.4538216292858124
    ],
    [
      0.23680651187896729,
      0.3668816089630127,
      0.34908485412597656,
      0.2236105501651764,
      0.29772648215293884,
      0.411171019077301,
      0.4551200568675995,
      0.3872987926006317,
      0.27006766200065613,
      0.3718368411064148,
      0.22925671935081482,
      0.3064061105251312,
      0.36099180579185486,
      0.46713489294052124,
      1.0,
      0.2958598732948303
    ],
    [
      0.21969899535179138,
      0.27060139179229736,
      0.34791243076324463,
      0.2705445885658264,
      0.22998981177806854,
      0.29287171363830566,
      0.2936133146286011,
      0.33898627758026123,
      0.2128487527370453,
      0.31701555848121643,
      0.2643927037715912,
      0.2491782307624817,
      0.3746482729911804,
      0.4538216292858124,
      0.2958598732948303,
      0.9999999403953552
    ]
  ]
}