{
  "game_number": 238,
  "words": [
    "CONDITION",
    "FORM",
    "HEALTH",
    "SHAPE",
    "CASCADE",
    "CURRENT",
    "RAPID",
    "WAVE",
    "NORMAL",
    "QUICK",
    "RINSE",
    "SANITIZE",
    "BLANCH",
    "BOIL",
    "POACH",
    "STEAM"
  ],
  "adjacency_matrix": [
    [
      1.0,
      0.5440059304237366,
      0.5442240834236145,
      0.5202783346176147,
      0.3081587255001068,
      0.5172444581985474,
      0.381344735622406,
      0.3455010652542114,
      0.5461521148681641,
      0.2955370247364044,
      0.22874748706817627,
      0.3282206058502197,
      0.3420412838459015,
      0.2847457230091095,
      0.17947208881378174,
      0.27849408984184265
    ],
    [
      0.5440059304237366,
      1.0,
      0.3634747266769409,
      0.6568649411201477,
      0.43722644448280334,
      0.5007010698318481,
      0.35709574818611145,
      0.49286648631095886,
      0.4895871579647064,
      0.38014543056488037,
      0.29807567596435547,
      0.3405308425426483,
      0.3689180612564087,
      0.35881665349006653,
      0.25289204716682434,
      0.3957630395889282
    ],
    [
      0.5442240834236145,
      0.3634747266769409,
      1.0000001192092896,
      0.4306931495666504,
      0.31800955533981323,
      0.47018784284591675,
      0.35221153497695923,
      0.3296974301338196,
      0.42109915614128113,
      0.2596582770347595,
      0.15929168462753296,
      0.3787384033203125,
      0.2319461852312088,
      0.30424144864082336,
      0.2249605357646942,
      0.3320532441139221
    ],
    [
      0.5202783346176147,
      0.6568649411201477,
      0.4306931495666504,
      1.0,
      0.3586529493331909,
      0.46766433119773865,
      0.3190881013870239,
      0.40996405482292175,
      0.4650697112083435,
      0.30161532759666443,
      0.232296422123909,
      0.33132249116897583,
      0.33578482270240784,
      0.32236093282699585,
      0.25001513957977295,
      0.3168654143810272
    ],
    [
      0.3081587255001068,
      0.43722644448280334,
      0.31800955533981323,
      0.3586529493331909,
      0.9999999403953552,
      0.3776005804538727,
      0.4181327223777771,
      0.46916428208351135,
      0.37114253640174866,
      0.32489654421806335,
      0.3369046449661255,
      0.23930393159389496,
      0.3519911766052246,
      0.3658113181591034,
      0.20374050736427307,
      0.40960466861724854
    ],
    [
      0.5172444581985474,
      0.5007010698318481,
      0.47018784284591675,
      0.46766433119773865,
      0.3776005804538727,
      1.0,
      0.4192226529121399,
      0.4527144432067871,
      0.604680061340332,
      0.34557855129241943,
      0.19682914018630981,
      0.3216138780117035,
      0.29266560077667236,
      0.2702801525592804,
      0.21314895153045654,
      0.3479782044887543
    ],
    [
      0.381344735622406,
      0.35709574818611145,
      0.35221153497695923,
      0.3190881013870239,
      0.4181327223777771,
      0.4192226529121399,
      1.0,
      0.41902628540992737,
      0.45344555377960205,
      0.7316054701805115,
      0.2961691915988922,
      0.24271197617053986,
      0.3678396940231323,
      0.30184563994407654,
      0.20463798940181732,
      0.37302079796791077
    ],
    [
      0.3455010652542114,
      0.49286648631095886,
      0.3296974301338196,
      0.40996405482292175,
      0.46916428208351135,
      0.4527144432067871,
      0.41902628540992737,
      0.9999998807907104,
      0.3713018298149109,
      0.3295590281486511,
      0.3125515282154083,
      0.22721579670906067,
      0.3392622768878937,
      0.3690129816532135,
      0.22797295451164246,
      0.4226280748844147
    ],
    [
      0.5461521148681641,
      0.4895871579647064,
      0.42109915614128113,
      0.4650697112083435,
      0.37114253640174866,
      0.604680061340332,
      0.45344555377960205,
      0.3713018298149109,
      1.0,
      0.3892379105091095,
      0.2237095683813095,
      0.3003416359424591,
      0.38353270292282104,
      0.3180582523345947,
      0.18130052089691162,
      0.30909743905067444
    ],
    [
      0.2955370247364044,
      0.38014543056488037,
      0.2596582770347595,
      0.30161532759666443,
      0.32489654421806335,
      0.34557855129241943,
      0.7316054701805115,
      0.3295590281486511,
      0.3892379105091095,
      0.9999998807907104,
      0.37195682525634766,
      0.30203768610954285,
      0.452912300825119,
      0.36631664633750916,
      0.2585360109806061,
      0.3321753144264221
    ],
    [
      0.22874748706817627,
      0.29807567596435547,
      0.15929168462753296,
      0.232296422123909,
      0.3369046449661255,
      0.19682914018630981,
      0.2961691915988922,
      0.3125515282154083,
      0.2237095683813095,
      0.37195682525634766,
      1.0,
      0.45665109157562256,
      0.44790011644363403,
      0.4771215617656708,
      0.2974056899547577,
      0.32249540090560913
    ],
    [
      0.3282206058502197,
      0.3405308425426483,
      0.3787384033203125,
      0.33132249116897583,
      0.23930393159389496,
      0.3216138780117035,
      0.24271197617053986,
      0.22721579670906067,
      0.3003416359424591,
      0.30203768610954285,
      0.45665109157562256,
      1.0,
      0.416708767414093,
      0.43140536546707153,
      0.35867929458618164,
      0.3306961953639984
    ],
    [
      0.3420412838459015,
      0.3689180612564087,
      0.2319461852312088,
      0.33578482270240784,
      0.3519911766052246,
      0.29266560077667236,
      0.3678396940231323,
      0.3392622768878937,
      0.38353270292282104,
      0.452912300825119,
      0.44790011644363403,
      0.416708767414093,
      1.0,
      0.5786767601966858,
      0.4240404963493347,
      0.4016845226287842
    ],
    [
      0.2847457230091095,
      0.35881665349006653,
      0.30424144864082336,
      0.32236093282699585,
      0.3658113181591034,
      0.2702801525592804,
      0.30184563994407654,
      0.3690129816532135,
      0.3180582523345947,
      0.36631664633750916,
      0.4771215617656708,
      0.43140536546707153,
      0.5786767601966858,
      1.0,
      0.4319160580635071,
      0.5490344762802124
    ],
    [
      0.17947208881378174,
      0.25289204716682434,
      0.2249605357646942,
      0.25001513957977295,
      0.20374050736427307,
      0.21314895153045654,
      0.20463798940181732,
      0.22797295451164246,
      0.18130052089691162,
      0.2585360109806061,
      0.2974056899547577,
      0.35867929458618164,
      0.4240404963493347,
      0.4319160580635071,
      1.0,
      0.29735609889030457
    ],
    [
      0.27849408984184265,
      0.3957630395889282,
      0.3320532441139221,
      0.3168654143810272,
      0.40960466861724854,
      0.3479782044887543,
      0.37302079796791077,
      0.4226280748844147,
      0.30909743905067444,
      0.3321753144264221,
      0.32249540090560913,
      0.3306961953639984,
      0.4016845226287842,
      0.5490344762802124,
      0.29735609889030457,
      1.0
    ]
  ]
}