{
  "game_number": 180,
  "words": [
    "COMMAND",
    "EXCLAMATION",
    "QUESTION",
    "STATEMENT",
    "CRYPTO",
    "FINANCE",
    "PHARMA",
    "TECH",
    "GROWN",
    "MOWN",
    "WHALE",
    "WINE",
    "DELAY",
    "POSTPONE",
    "SHELVE",
    "TABLE"
  ],
  "adjacency_matrix": [
    [
      0.9999999403953552,
      0.32857587933540344,
      0.36798983812332153,
      0.39227524399757385,
      0.25126752257347107,
      0.40984848141670227,
      0.20914550125598907,
      0.3545369505882263,
      0.2996179163455963,
      0.26275381445884705,
      0.2347380816936493,
      0.3214690685272217,
      0.30022287368774414,
      0.26764723658561707,
      0.3292488157749176,
      0.3755394220352173
    ],
    [
      0.32857587933540344,
      1.0,
      0.3943461775779724,
      0.4300866723060608,
      0.07952572405338287,
      0.14714351296424866,
      0.10857044160366058,
      0.2025543600320816,
      0.12815766036510468,
      0.14686717092990875,
      0.2578078508377075,
      0.2391715943813324,
      0.22050729393959045,
      0.12234587222337723,
      0.1636478304862976,
      0.2540952265262604
    ],
    [
      0.36798983812332153,
      0.3943461775779724,
      0.9999999403953552,
      0.5621035695075989,
      0.19771486520767212,
      0.3611907362937927,
      0.21420405805110931,
      0.34901776909828186,
      0.27852651476860046,
      0.1969795525074005,
      0.25543972849845886,
      0.2461969405412674,
      0.3925481140613556,
      0.34492260217666626,
      0.3820757269859314,
      0.42298147082328796
    ],
    [
      0.39227524399757385,
      0.4300866723060608,
      0.5621035695075989,
      1.0,
      0.17449669539928436,
      0.36069315671920776,
      0.15651260316371918,
      0.23882831633090973,
      0.19920030236244202,
      0.16047954559326172,
      0.2189944088459015,
      0.22512505948543549,
      0.28908488154411316,
      0.2869226038455963,
      0.2922291159629822,
      0.46110406517982483
    ],
    [
      0.25126752257347107,
      0.07952572405338287,
      0.19771486520767212,
      0.17449669539928436,
      1.0000001192092896,
      0.3601221442222595,
      0.3803321421146393,
      0.4231714606285095,
      0.16735342144966125,
      0.17311842739582062,
      0.1629972606897354,
      0.29179078340530396,
      0.19600889086723328,
      0.15801960229873657,
      0.23339219391345978,
      0.2004869431257248
    ],
    [
      0.40984848141670227,
      0.14714351296424866,
      0.3611907362937927,
      0.36069315671920776,
      0.3601221442222595,
      1.0,
      0.40782201290130615,
      0.486233651638031,
      0.2796771228313446,
      0.17281708121299744,
      0.24847179651260376,
      0.3798583447933197,
      0.3508433699607849,
      0.41967764496803284,
      0.3870406746864319,
      0.3082055151462555
    ],
    [
      0.20914550125598907,
      0.10857044160366058,
      0.21420405805110931,
      0.15651260316371918,
      0.3803321421146393,
      0.40782201290130615,
      1.0,
      0.5394893884658813,
      0.24313530325889587,
      0.16017039120197296,
      0.21325182914733887,
      0.2836724817752838,
      0.17353826761245728,
      0.16382788121700287,
      0.22686173021793365,
      0.1972249150276184
    ],
    [
      0.3545369505882263,
      0.2025543600320816,
      0.34901776909828186,
      0.23882831633090973,
      0.4231714606285095,
      0.486233651638031,
      0.5394893884658813,
      1.0,
      0.28343647718429565,
      0.16646447777748108,
      0.3061656653881073,
      0.3196508288383484,
      0.2624727785587311,
      0.22127407789230347,
      0.3361665606498718,
      0.2834877669811249
    ],
    [
      0.2996179163455963,
      0.12815766036510468,
      0.27852651476860046,
      0.19920030236244202,
      0.16735342144966125,
      0.2796771228313446,
      0.24313530325889587,
      0.28343647718429565,
      1.0,
      0.5023648738861084,
      0.2577746510505676,
      0.3842765688896179,
      0.21736276149749756,
      0.2141365259885788,
      0.27631720900535583,
      0.32261818647384644
    ],
    [
      0.26275381445884705,
      0.14686717092990875,
      0.1969795525074005,
      0.16047954559326172,
      0.17311842739582062,
      0.17281708121299744,
      0.16017039120197296,
      0.16646447777748108,
      0.5023648738861084,
      1.0,
      0.13722850382328033,
      0.18383599817752838,
      0.19727908074855804,
      0.19761711359024048,
      0.26866263151168823,
      0.2518670856952667
    ],
    [
      0.2347380816936493,
      0.2578078508377075,
      0.25543972849845886,
      0.2189944088459015,
      0.1629972606897354,
      0.24847179651260376,
      0.21325182914733887,
      0.3061656653881073,
      0.2577746510505676,
      0.13722850382328033,
      0.9999999403953552,
      0.3693059980869293,
      0.23203985393047333,
      0.21102286875247955,
      0.28539344668388367,
      0.215989887714386
    ],
    [
      0.3214690685272217,
      0.2391715943813324,
      0.2461969405412674,
      0.22512505948543549,
      0.29179078340530396,
      0.3798583447933197,
      0.2836724817752838,
      0.3196508288383484,
      0.3842765688896179,
      0.18383599817752838,
      0.3693059980869293,
      1.0,
      0.26664721965789795,
      0.22522461414337158,
      0.28089088201522827,
      0.38455718755722046
    ],
    [
      0.30022287368774414,
      0.22050729393959045,
      0.3925481140613556,
      0.28908488154411316,
      0.19600889086723328,
      0.3508433699607849,
      0.17353826761245728,
      0.2624727785587311,
      0.21736276149749756,
      0.19727908074855804,
      0.23203985393047333,
      0.26664721965789795,
      0.9999999403953552,
      0.7137728929519653,
      0.40349844098091125,
      0.29644209146499634
    ],
    [
      0.26764723658561707,
      0.12234587222337723,
      0.34492260217666626,
      0.2869226038455963,
      0.15801960229873657,
      0.41967764496803284,
      0.16382788121700287,
      0.22127407789230347,
      0.2141365259885788,
      0.19761711359024048,
      0.21102286875247955,
      0.22522461414337158,
      0.7137728929519653,
      1.0,
      0.5696232914924622,
      0.28473883867263794
    ],
    [
      0.3292488157749176,
      0.1636478304862976,
      0.3820757269859314,
      0.2922291159629822,
      0.23339219391345978,
      0.3870406746864319,
      0.22686173021793365,
      0.3361665606498718,
      0.27631720900535583,
      0.26866263151168823,
      0.28539344668388367,
      0.28089088201522827,
      0.40349844098091125,
      0.5696232914924622,
      1.0000001192092896,
      0.39678293466567993
    ],
    [
      0.3755394220352173,
      0.2540952265262604,
      0.42298147082328796,
      0.46110406517982483,
      0.2004869431257248,
      0.3082055151462555,
      0.1972249150276184,
      0.2834877669811249,
      0.32261818647384644,
      0.2518670856952667,
      0.215989887714386,
      0.38455718755722046,
      0.29644209146499634,
      0.28473883867263794,
      0.39678293466567993,
      1.0
    ]
  ]
}