{
  "game_number": 611,
  "words": [
    "HILL",
    "MOUNTAIN",
    "PLATEAU",
    "VALLEY",
    "EVERYTHING",
    "ONION",
    "PLAIN",
    "POPPY",
    "ELM",
    "FEAR",
    "JUMP",
    "SESAME",
    "DOLPHIN",
    "MANATEE",
    "OTTER",
    "SEAL"
  ],
  "adjacency_matrix": [
    [
      1.0,
      0.7736624479293823,
      0.6401568651199341,
      0.7311819791793823,
      0.3019118309020996,
      0.39153024554252625,
      0.5032420754432678,
      0.3188128173351288,
      0.33146512508392334,
      0.2889460027217865,
      0.3991086483001709,
      0.2926347255706787,
      0.21568673849105835,
      0.1597757786512375,
      0.21210877597332,
      0.2817511558532715
    ],
    [
      0.7736624479293823,
      0.9999999403953552,
      0.6406852006912231,
      0.7034656405448914,
      0.3425942659378052,
      0.3851009011268616,
      0.5330380797386169,
      0.34407520294189453,
      0.2727946639060974,
      0.3632294535636902,
      0.4123586416244507,
      0.26933085918426514,
      0.31205713748931885,
      0.2156929224729538,
      0.2935261130332947,
      0.37179428339004517
    ],
    [
      0.6401568651199341,
      0.6406852006912231,
      1.0,
      0.6690730452537537,
      0.2469048649072647,
      0.3165484368801117,
      0.43861162662506104,
      0.23279069364070892,
      0.12009211629629135,
      0.2511041760444641,
      0.3549678325653076,
      0.26964643597602844,
      0.25459736585617065,
      0.22693942487239838,
      0.21621942520141602,
      0.30408990383148193
    ],
    [
      0.7311819791793823,
      0.7034656405448914,
      0.6690730452537537,
      0.9999999403953552,
      0.26872730255126953,
      0.34243258833885193,
      0.5219897031784058,
      0.29448482394218445,
      0.22212450206279755,
      0.32608333230018616,
      0.2897704541683197,
      0.2557350695133209,
      0.256689190864563,
      0.16789504885673523,
      0.30909404158592224,
      0.3026491403579712
    ],
    [
      0.3019118309020996,
      0.3425942659378052,
      0.2469048649072647,
      0.26872730255126953,
      1.0,
      0.21825537085533142,
      0.4322305917739868,
      0.27581971883773804,
      0.04110230505466461,
      0.443289577960968,
      0.33908310532569885,
      0.22041817009449005,
      0.19301359355449677,
      0.2020738571882248,
      0.11635130643844604,
      0.3069508373737335
    ],
    [
      0.39153024554252625,
      0.3851009011268616,
      0.3165484368801117,
      0.34243258833885193,
      0.21825537085533142,
      1.0,
      0.30768969655036926,
      0.42722949385643005,
      0.3030082881450653,
      0.20652471482753754,
      0.25973695516586304,
      0.4686334729194641,
      0.24960966408252716,
      0.2839163839817047,
      0.2949478030204773,
      0.28944846987724304
    ],
    [
      0.5032420754432678,
      0.5330380797386169,
      0.43861162662506104,
      0.5219897031784058,
      0.4322305917739868,
      0.30768969655036926,
      1.0,
      0.3986533284187317,
      0.22937513887882233,
      0.4309528172016144,
      0.34795454144477844,
      0.3875296115875244,
      0.2535664141178131,
      0.22001004219055176,
      0.19798846542835236,
      0.31645265221595764
    ],
    [
      0.3188128173351288,
      0.34407520294189453,
      0.23279069364070892,
      0.29448482394218445,
      0.27581971883773804,
      0.42722949385643005,
      0.3986533284187317,
      1.0,
      0.2332083284854889,
      0.2739664614200592,
      0.24611586332321167,
      0.4216749668121338,
      0.21251074969768524,
      0.2137826681137085,
      0.19586244225502014,
      0.2744714319705963
    ],
    [
      0.33146512508392334,
      0.2727946639060974,
      0.12009211629629135,
      0.22212450206279755,
      0.04110230505466461,
      0.3030082881450653,
      0.22937513887882233,
      0.2332083284854889,
      1.0,
      0.11846279352903366,
      0.14560925960540771,
      0.271975040435791,
      0.09198395162820816,
      0.15278762578964233,
      0.3233204483985901,
      0.18774576485157013
    ],
    [
      0.2889460027217865,
      0.3632294535636902,
      0.2511041760444641,
      0.32608333230018616,
      0.443289577960968,
      0.20652471482753754,
      0.4309528172016144,
      0.2739664614200592,
      0.11846279352903366,
      1.0,
      0.38093283772468567,
      0.22825083136558533,
      0.22655710577964783,
      0.23914290964603424,
      0.15885642170906067,
      0.3310481309890747
    ],
    [
      0.3991086483001709,
      0.4123586416244507,
      0.3549678325653076,
      0.2897704541683197,
      0.33908310532569885,
      0.25973695516586304,
      0.34795454144477844,
      0.24611586332321167,
      0.14560925960540771,
      0.38093283772468567,
      1.0,
      0.2761975824832916,
      0.3230810761451721,
      0.2713008224964142,
      0.2428605705499649,
      0.2927466630935669
    ],
    [
      0.2926347255706787,
      0.26933085918426514,
      0.26964643597602844,
      0.2557350695133209,
      0.22041817009449005,
      0.4686334729194641,
      0.3875296115875244,
      0.4216749668121338,
      0.271975040435791,
      0.22825083136558533,
      0.2761975824832916,
      1.0,
      0.22076526284217834,
      0.2166154682636261,
      0.21137385070323944,
      0.2592453360557556
    ],
    [
      0.21568673849105835,
      0.31205713748931885,
      0.25459736585617065,
      0.256689190864563,
      0.19301359355449677,
      0.24960966408252716,
      0.2535664141178131,
      0.21251074969768524,
      0.09198395162820816,
      0.22655710577964783,
      0.3230810761451721,
      0.22076526284217834,
      1.0,
      0.6072792410850525,
      0.5605846643447876,
      0.44114986062049866
    ],
    [
      0.1597757786512375,
      0.2156929224729538,
      0.22693942487239838,
      0.16789504885673523,
      0.2020738571882248,
      0.2839163839817047,
      0.22001004219055176,
      0.2137826681137085,
      0.15278762578964233,
      0.23914290964603424,
      0.2713008224964142,
      0.2166154682636261,
      0.6072792410850525,
      1.0,
      0.5030093193054199,
      0.32985246181488037
    ],
    [
      0.21210877597332,
      0.2935261130332947,
      0.21621942520141602,
      0.30909404158592224,
      0.11635130643844604,
      0.2949478030204773,
      0.19798846542835236,
      0.19586244225502014,
      0.3233204483985901,
      0.15885642170906067,
      0.2428605705499649,
      0.21137385070323944,
      0.5605846643447876,
      0.5030093193054199,
      1.0,
      0.38195565342903137
    ],
    [
      0.2817511558532715,
      0.37179428339004517,
      0.30408990383148193,
      0.3026491403579712,
      0.3069508373737335,
      0.28944846987724304,
      0.31645265221595764,
      0.2744714319705963,
      0.18774576485157013,
      0.3310481309890747,
      0.2927466630935669,
      0.2592453360557556,
      0.44114986062049866,
      0.32985246181488037,
      0.38195565342903137,
      1.0
    ]
  ]
}