{
  "game_number": 42,
  "words": [
    "GOOGLE",
    "PHOTOSHOP",
    "UBER",
    "ZOOM",
    "DODO",
    "GOOF",
    "GOOSE",
    "YAHOO",
    "FOLK",
    "LOVE",
    "SIREN",
    "SWAN",
    "FOWL",
    "MIEN",
    "OFFAL",
    "VIAL"
  ],
  "adjacency_matrix": [
    [
      1.0,
      0.3786039352416992,
      0.2542256712913513,
      0.3772115111351013,
      0.22331005334854126,
      0.2958718538284302,
      0.24666006863117218,
      0.6059005260467529,
      0.2670948803424835,
      0.31101468205451965,
      0.23067422211170197,
      0.2195974886417389,
      0.18997904658317566,
      0.1096438318490982,
      0.17940030992031097,
      0.16575472056865692
    ],
    [
      0.3786039352416992,
      0.9999999403953552,
      0.2484174370765686,
      0.4773315489292145,
      0.2467365860939026,
      0.4125420153141022,
      0.27852481603622437,
      0.32718122005462646,
      0.2991180419921875,
      0.3381330072879791,
      0.19871830940246582,
      0.2833394408226013,
      0.17404207587242126,
      0.13311780989170074,
      0.1733672320842743,
      0.05757361277937889
    ],
    [
      0.2542256712913513,
      0.2484174370765686,
      0.9999999403953552,
      0.28084513545036316,
      0.2609861195087433,
      0.33856672048568726,
      0.2865103483200073,
      0.40272459387779236,
      0.34086254239082336,
      0.2787872552871704,
      0.2802886366844177,
      0.25643426179885864,
      0.1756381243467331,
      0.33469492197036743,
      0.20003248751163483,
      0.10547591000795364
    ],
    [
      0.3772115111351013,
      0.4773315489292145,
      0.28084513545036316,
      0.9999999403953552,
      0.19708679616451263,
      0.3327741026878357,
      0.27241161465644836,
      0.24552494287490845,
      0.22083944082260132,
      0.28740692138671875,
      0.21498820185661316,
      0.2670190930366516,
      0.14197209477424622,
      0.20388732850551605,
      0.0832267478108406,
      0.11697709560394287
    ],
    [
      0.22331005334854126,
      0.2467365860939026,
      0.2609861195087433,
      0.19708679616451263,
      1.0,
      0.27798160910606384,
      0.4346907436847687,
      0.2752162218093872,
      0.25222718715667725,
      0.24964100122451782,
      0.1657724380493164,
      0.4451501667499542,
      0.4942074120044708,
      0.3044496774673462,
      0.3687422573566437,
      0.1656832993030548
    ],
    [
      0.2958718538284302,
      0.4125420153141022,
      0.33856672048568726,
      0.3327741026878357,
      0.27798160910606384,
      0.9999999403953552,
      0.400413453578949,
      0.3360160291194916,
      0.31021589040756226,
      0.39153042435646057,
      0.2827697992324829,
      0.34929710626602173,
      0.2554430067539215,
      0.2674987018108368,
      0.22960315644741058,
      0.256926029920578
    ],
    [
      0.24666006863117218,
      0.27852481603622437,
      0.2865103483200073,
      0.27241161465644836,
      0.4346907436847687,
      0.400413453578949,
      1.0,
      0.29723259806632996,
      0.3237420320510864,
      0.2880864143371582,
      0.2989794909954071,
      0.6690213084220886,
      0.6046826243400574,
      0.23811577260494232,
      0.4061417877674103,
      0.1752108335494995
    ],
    [
      0.6059005260467529,
      0.32718122005462646,
      0.40272459387779236,
      0.24552494287490845,
      0.2752162218093872,
      0.3360160291194916,
      0.29723259806632996,
      1.0,
      0.32546916604042053,
      0.23770542442798615,
      0.2676624059677124,
      0.2389729768037796,
      0.24488472938537598,
      0.21082130074501038,
      0.13408702611923218,
      0.11560893803834915
    ],
    [
      0.2670948803424835,
      0.2991180419921875,
      0.34086254239082336,
      0.22083944082260132,
      0.25222718715667725,
      0.31021589040756226,
      0.3237420320510864,
      0.32546916604042053,
      1.0,
      0.4135782718658447,
      0.30884531140327454,
      0.36403194069862366,
      0.32248494029045105,
      0.25518593192100525,
      0.33231571316719055,
      0.0661209300160408
    ],
    [
      0.31101468205451965,
      0.3381330072879791,
      0.2787872552871704,
      0.28740692138671875,
      0.24964100122451782,
      0.39153042435646057,
      0.2880864143371582,
      0.23770542442798615,
      0.4135782718658447,
      1.0,
      0.31239190697669983,
      0.31161749362945557,
      0.27364370226860046,
      0.19362476468086243,
      0.29304713010787964,
      0.17523765563964844
    ],
    [
      0.23067422211170197,
      0.19871830940246582,
      0.2802886366844177,
      0.21498820185661316,
      0.1657724380493164,
      0.2827697992324829,
      0.2989794909954071,
      0.2676624059677124,
      0.30884531140327454,
      0.31239190697669983,
      1.0,
      0.41402995586395264,
      0.25097623467445374,
      0.20160654187202454,
      0.16711395978927612,
      0.18881219625473022
    ],
    [
      0.2195974886417389,
      0.2833394408226013,
      0.25643426179885864,
      0.2670190930366516,
      0.4451501667499542,
      0.34929710626602173,
      0.6690213084220886,
      0.2389729768037796,
      0.36403194069862366,
      0.31161749362945557,
      0.41402995586395264,
      1.0,
      0.5168883800506592,
      0.23986130952835083,
      0.3220858573913574,
      0.2241392731666565
    ],
    [
      0.18997904658317566,
      0.17404207587242126,
      0.1756381243467331,
      0.14197209477424622,
      0.4942074120044708,
      0.2554430067539215,
      0.6046826243400574,
      0.24488472938537598,
      0.32248494029045105,
      0.27364370226860046,
      0.25097623467445374,
      0.5168883800506592,
      1.0,
      0.2673296630382538,
      0.518942654132843,
      0.12948501110076904
    ],
    [
      0.1096438318490982,
      0.13311780989170074,
      0.33469492197036743,
      0.20388732850551605,
      0.3044496774673462,
      0.2674987018108368,
      0.23811577260494232,
      0.21082130074501038,
      0.25518593192100525,
      0.19362476468086243,
      0.20160654187202454,
      0.23986130952835083,
      0.2673296630382538,
      1.0,
      0.17786867916584015,
      0.09925290942192078
    ],
    [
      0.17940030992031097,
      0.1733672320842743,
      0.20003248751163483,
      0.0832267478108406,
      0.3687422573566437,
      0.22960315644741058,
      0.4061417877674103,
      0.13408702611923218,
      0.33231571316719055,
      0.29304713010787964,
      0.16711395978927612,
      0.3220858573913574,
      0.518942654132843,
      0.17786867916584015,
      0.9999999403953552,
      0.19997164607048035
    ],
    [
      0.16575472056865692,
      0.05757361277937889,
      0.10547591000795364,
      0.11697709560394287,
      0.1656832993030548,
      0.256926029920578,
      0.1752108335494995,
      0.11560893803834915,
      0.0661209300160408,
      0.17523765563964844,
      0.18881219625473022,
      0.2241392731666565,
      0.12948501110076904,
      0.09925290942192078,
      0.19997164607048035,
      1.0
    ]
  ]
}