{
  "game_number": 110,
  "words": [
    "FLEW",
    "ROSE",
    "SHOT",
    "THRUST",
    "CARD",
    "CLOUD",
    "DISK",
    "DRIVE",
    "BOUNCE",
    "GALLEON",
    "PINOT",
    "QUARTZ",
    "CROSSWORD",
    "OREO",
    "PANDA",
    "TUXEDO"
  ],
  "adjacency_matrix": [
    [
      1.0000001192092896,
      0.4951126277446747,
      0.45005348324775696,
      0.4150533974170685,
      0.22984521090984344,
      0.3405560553073883,
      0.22358427941799164,
      0.4239932894706726,
      0.37660324573516846,
      0.2450667768716812,
      0.18886728584766388,
      0.15911731123924255,
      0.09733875095844269,
      -0.006754009518772364,
      0.21978752315044403,
      0.2037035971879959
    ],
    [
      0.4951126277446747,
      1.0,
      0.40660637617111206,
      0.3581567704677582,
      0.3414197862148285,
      0.4077531099319458,
      0.261583536863327,
      0.3382270336151123,
      0.39671406149864197,
      0.30265575647354126,
      0.3662251830101013,
      0.33801892399787903,
      0.1869673728942871,
      0.11948717385530472,
      0.30058375000953674,
      0.2638467252254486
    ],
    [
      0.45005348324775696,
      0.40660637617111206,
      1.0,
      0.39156484603881836,
      0.34141653776168823,
      0.31675243377685547,
      0.2895831763744354,
      0.45582643151283264,
      0.5032275915145874,
      0.2952428162097931,
      0.3441005349159241,
      0.24204076826572418,
      0.14685694873332977,
      0.13637223839759827,
      0.29608669877052307,
      0.256351500749588
    ],
    [
      0.4150533974170685,
      0.3581567704677582,
      0.39156484603881836,
      1.0,
      0.3048838675022125,
      0.40189582109451294,
      0.320198118686676,
      0.46417322754859924,
      0.417996883392334,
      0.22699454426765442,
      0.2875428795814514,
      0.2551077902317047,
      0.14631713926792145,
      0.11169534921646118,
      0.2501792013645172,
      0.21035918593406677
    ],
    [
      0.22984521090984344,
      0.3414197862148285,
      0.34141653776168823,
      0.3048838675022125,
      0.9999999403953552,
      0.30007123947143555,
      0.38618266582489014,
      0.3962526321411133,
      0.3974486291408539,
      0.27743691205978394,
      0.2665781080722809,
      0.18454018235206604,
      0.3125286400318146,
      0.12227970361709595,
      0.3234308660030365,
      0.274314284324646
    ],
    [
      0.3405560553073883,
      0.4077531099319458,
      0.31675243377685547,
      0.40189582109451294,
      0.30007123947143555,
      1.0,
      0.41893470287323,
      0.33088815212249756,
      0.37725529074668884,
      0.2783624827861786,
      0.3244304955005646,
      0.28925222158432007,
      0.2159411460161209,
      0.21139883995056152,
      0.20516684651374817,
      0.2352045625448227
    ],
    [
      0.22358427941799164,
      0.261583536863327,
      0.2895831763744354,
      0.320198118686676,
      0.38618266582489014,
      0.41893470287323,
      1.0,
      0.532866895198822,
      0.3348962664604187,
      0.3043697476387024,
      0.2487468421459198,
      0.34449711441993713,
      0.25406259298324585,
      0.1981094926595688,
      0.2517988085746765,
      0.17086976766586304
    ],
    [
      0.4239932894706726,
      0.3382270336151123,
      0.45582643151283264,
      0.46417322754859924,
      0.3962526321411133,
      0.33088815212249756,
      0.532866895198822,
      1.0,
      0.44319596886634827,
      0.23612700402736664,
      0.35368552803993225,
      0.2572652995586395,
      0.23338335752487183,
      0.0506056547164917,
      0.25701308250427246,
      0.16421666741371155
    ],
    [
      0.37660324573516846,
      0.39671406149864197,
      0.5032275915145874,
      0.417996883392334,
      0.3974486291408539,
      0.37725529074668884,
      0.3348962664604187,
      0.44319596886634827,
      1.0000001192092896,
      0.25402459502220154,
      0.2797873020172119,
      0.29647889733314514,
      0.1410280168056488,
      0.11768537014722824,
      0.2937678396701813,
      0.21121753752231598
    ],
    [
      0.2450667768716812,
      0.30265575647354126,
      0.2952428162097931,
      0.22699454426765442,
      0.27743691205978394,
      0.2783624827861786,
      0.3043697476387024,
      0.23612700402736664,
      0.25402459502220154,
      1.0,
      0.2920917570590973,
      0.1896516978740692,
      0.2492443323135376,
      0.1936553567647934,
      0.28626319766044617,
      0.2744442820549011
    ],
    [
      0.18886728584766388,
      0.3662251830101013,
      0.3441005349159241,
      0.2875428795814514,
      0.2665781080722809,
      0.3244304955005646,
      0.2487468421459198,
      0.35368552803993225,
      0.2797873020172119,
      0.2920917570590973,
      1.0000001192092896,
      0.37198734283447266,
      0.2585275173187256,
      0.26853081583976746,
      0.2447141855955124,
      0.29319143295288086
    ],
    [
      0.15911731123924255,
      0.33801892399787903,
      0.24204076826572418,
      0.2551077902317047,
      0.18454018235206604,
      0.28925222158432007,
      0.34449711441993713,
      0.2572652995586395,
      0.29647889733314514,
      0.1896516978740692,
      0.37198734283447266,
      1.0,
      0.14414186775684357,
      0.30758336186408997,
      0.1812782883644104,
      0.29769477248191833
    ],
    [
      0.09733875095844269,
      0.1869673728942871,
      0.14685694873332977,
      0.14631713926792145,
      0.3125286400318146,
      0.2159411460161209,
      0.25406259298324585,
      0.23338335752487183,
      0.1410280168056488,
      0.2492443323135376,
      0.2585275173187256,
      0.14414186775684357,
      1.0,
      0.09229200333356857,
      0.20329883694648743,
      0.19758376479148865
    ],
    [
      -0.006754009518772364,
      0.11948717385530472,
      0.13637223839759827,
      0.11169534921646118,
      0.12227970361709595,
      0.21139883995056152,
      0.1981094926595688,
      0.0506056547164917,
      0.11768537014722824,
      0.1936553567647934,
      0.26853081583976746,
      0.30758336186408997,
      0.09229200333356857,
      1.0,
      0.22563622891902924,
      0.19821451604366302
    ],
    [
      0.21978752315044403,
      0.30058375000953674,
      0.29608669877052307,
      0.2501792013645172,
      0.3234308660030365,
      0.20516684651374817,
      0.2517988085746765,
      0.25701308250427246,
      0.2937678396701813,
      0.28626319766044617,
      0.2447141855955124,
      0.1812782883644104,
      0.20329883694648743,
      0.22563622891902924,
      1.0,
      0.3145759105682373
    ],
    [
      0.2037035971879959,
      0.2638467252254486,
      0.256351500749588,
      0.21035918593406677,
      0.274314284324646,
      0.2352045625448227,
      0.17086976766586304,
      0.16421666741371155,
      0.21121753752231598,
      0.2744442820549011,
      0.29319143295288086,
      0.29769477248191833,
      0.19758376479148865,
      0.19821451604366302,
      0.3145759105682373,
      1.0
    ]
  ]
}