{
  "game_number": 64,
  "words": [
    "BRINK",
    "CUSP",
    "EVE",
    "VERGE",
    "PIPE",
    "PLUNGER",
    "SNAKE",
    "WRENCH",
    "BUMPER",
    "GRILLE",
    "RIM",
    "SPOILER",
    "APPLE",
    "CROW",
    "SUMMER",
    "TURNER"
  ],
  "adjacency_matrix": [
    [
      1.0,
      0.47290998697280884,
      0.40289512276649475,
      0.7051364779472351,
      0.19845180213451385,
      0.4112343490123749,
      0.24586355686187744,
      0.3320145010948181,
      0.27047622203826904,
      0.1863810271024704,
      0.2859775424003601,
      0.19371908903121948,
      0.27303019165992737,
      0.26032745838165283,
      0.24593964219093323,
      0.3574557900428772
    ],
    [
      0.47290998697280884,
      0.9999999403953552,
      0.3475629985332489,
      0.5783681869506836,
      0.17630629241466522,
      0.20558486878871918,
      0.19509786367416382,
      0.18575948476791382,
      0.2901361584663391,
      0.2605634331703186,
      0.3540971279144287,
      0.2590188682079315,
      0.1796686202287674,
      0.21193203330039978,
      0.20181527733802795,
      0.2555047571659088
    ],
    [
      0.40289512276649475,
      0.3475629985332489,
      1.0,
      0.4078000485897064,
      0.23324915766716003,
      0.2086729109287262,
      0.2308725118637085,
      0.2207964062690735,
      0.3424149751663208,
      0.22118188440799713,
      0.16918691992759705,
      0.2779666781425476,
      0.3659087121486664,
      0.3014376163482666,
      0.46987223625183105,
      0.32400819659233093
    ],
    [
      0.7051364779472351,
      0.5783681869506836,
      0.4078000485897064,
      1.0,
      0.24185146391391754,
      0.3184432089328766,
      0.31886783242225647,
      0.3349282741546631,
      0.36150479316711426,
      0.2760745882987976,
      0.3346647024154663,
      0.31340646743774414,
      0.31287941336631775,
      0.3027079701423645,
      0.25937607884407043,
      0.3892401158809662
    ],
    [
      0.19845180213451385,
      0.17630629241466522,
      0.23324915766716003,
      0.24185146391391754,
      1.0,
      0.44206833839416504,
      0.44154807925224304,
      0.4640769064426422,
      0.3376557528972626,
      0.37646281719207764,
      0.36199596524238586,
      0.30722153186798096,
      0.3436482548713684,
      0.3364953100681305,
      0.25049251317977905,
      0.3506823480129242
    ],
    [
      0.4112343490123749,
      0.20558486878871918,
      0.2086729109287262,
      0.3184432089328766,
      0.44206833839416504,
      0.9999999403953552,
      0.3523750305175781,
      0.5432600975036621,
      0.43851765990257263,
      0.3747859001159668,
      0.402209997177124,
      0.2841108739376068,
      0.3344763517379761,
      0.28270167112350464,
      0.20942802727222443,
      0.4515555500984192
    ],
    [
      0.24586355686187744,
      0.19509786367416382,
      0.2308725118637085,
      0.31886783242225647,
      0.44154807925224304,
      0.3523750305175781,
      0.9999999403953552,
      0.4490727484226227,
      0.3564043343067169,
      0.33428066968917847,
      0.2936791777610779,
      0.3574460744857788,
      0.4064022898674011,
      0.5031144022941589,
      0.20633694529533386,
      0.38373520970344543
    ],
    [
      0.3320145010948181,
      0.18575948476791382,
      0.2207964062690735,
      0.3349282741546631,
      0.4640769064426422,
      0.5432600975036621,
      0.4490727484226227,
      0.9999999403953552,
      0.3565422296524048,
      0.34812265634536743,
      0.3444594740867615,
      0.3246667683124542,
      0.40286174416542053,
      0.36136823892593384,
      0.2305762618780136,
      0.4318827688694
    ],
    [
      0.27047622203826904,
      0.2901361584663391,
      0.3424149751663208,
      0.36150479316711426,
      0.3376557528972626,
      0.43851765990257263,
      0.3564043343067169,
      0.3565422296524048,
      1.0,
      0.5664735436439514,
      0.35665640234947205,
      0.49465397000312805,
      0.39972954988479614,
      0.35615599155426025,
      0.3574069142341614,
      0.36727482080459595
    ],
    [
      0.1863810271024704,
      0.2605634331703186,
      0.22118188440799713,
      0.2760745882987976,
      0.37646281719207764,
      0.3747859001159668,
      0.33428066968917847,
      0.34812265634536743,
      0.5664735436439514,
      1.0,
      0.43673175573349,
      0.44111859798431396,
      0.24600525200366974,
      0.29961660504341125,
      0.19395728409290314,
      0.28956538438796997
    ],
    [
      0.2859775424003601,
      0.3540971279144287,
      0.16918691992759705,
      0.3346647024154663,
      0.36199596524238586,
      0.402209997177124,
      0.2936791777610779,
      0.3444594740867615,
      0.35665640234947205,
      0.43673175573349,
      0.9999999403953552,
      0.2103387713432312,
      0.24468480050563812,
      0.306513249874115,
      0.18145368993282318,
      0.24277013540267944
    ],
    [
      0.19371908903121948,
      0.2590188682079315,
      0.2779666781425476,
      0.31340646743774414,
      0.30722153186798096,
      0.2841108739376068,
      0.3574460744857788,
      0.3246667683124542,
      0.49465397000312805,
      0.44111859798431396,
      0.2103387713432312,
      1.0,
      0.24555261433124542,
      0.29283279180526733,
      0.22658391296863556,
      0.2834615409374237
    ],
    [
      0.27303019165992737,
      0.1796686202287674,
      0.3659087121486664,
      0.31287941336631775,
      0.3436482548713684,
      0.3344763517379761,
      0.4064022898674011,
      0.40286174416542053,
      0.39972954988479614,
      0.24600525200366974,
      0.24468480050563812,
      0.24555261433124542,
      1.0,
      0.4738633334636688,
      0.2997443377971649,
      0.35431718826293945
    ],
    [
      0.26032745838165283,
      0.21193203330039978,
      0.3014376163482666,
      0.3027079701423645,
      0.3364953100681305,
      0.28270167112350464,
      0.5031144022941589,
      0.36136823892593384,
      0.35615599155426025,
      0.29961660504341125,
      0.306513249874115,
      0.29283279180526733,
      0.4738633334636688,
      0.9999999403953552,
      0.24616648256778717,
      0.35243621468544006
    ],
    [
      0.24593964219093323,
      0.20181527733802795,
      0.46987223625183105,
      0.25937607884407043,
      0.25049251317977905,
      0.20942802727222443,
      0.20633694529533386,
      0.2305762618780136,
      0.3574069142341614,
      0.19395728409290314,
      0.18145368993282318,
      0.22658391296863556,
      0.2997443377971649,
      0.24616648256778717,
      1.0,
      0.3168276846408844
    ],
    [
      0.3574557900428772,
      0.2555047571659088,
      0.32400819659233093,
      0.3892401158809662,
      0.3506823480129242,
      0.4515555500984192,
      0.38373520970344543,
      0.4318827688694,
      0.36727482080459595,
      0.28956538438796997,
      0.24277013540267944,
      0.2834615409374237,
      0.35431718826293945,
      0.35243621468544006,
      0.3168276846408844,
      1.0
    ]
  ]
}