{
  "game_number": 82,
  "words": [
    "BRIGHTNESS",
    "COLOR",
    "CONTRAST",
    "TINT",
    "DIM",
    "FAINT",
    "REMOTE",
    "VAGUE",
    "DIFFERENCE",
    "PRODUCT",
    "QUOTIENT",
    "SUM",
    "BLIND",
    "DRAPE",
    "SHADE",
    "SHUTTER"
  ],
  "adjacency_matrix": [
    [
      1.0000001192092896,
      0.5609162449836731,
      0.5433664321899414,
      0.5271333456039429,
      0.4974297285079956,
      0.500010073184967,
      0.32462888956069946,
      0.30185988545417786,
      0.4524887204170227,
      0.3491855561733246,
      0.3448818027973175,
      0.34928491711616516,
      0.3385164439678192,
      0.3261665105819702,
      0.5835506319999695,
      0.39761069416999817
    ],
    [
      0.5609162449836731,
      1.0,
      0.4303548336029053,
      0.6210699677467346,
      0.2943120002746582,
      0.37151259183883667,
      0.24818971753120422,
      0.254063218832016,
      0.38089802861213684,
      0.4143674373626709,
      0.25257691740989685,
      0.23449420928955078,
      0.39722511172294617,
      0.3727458417415619,
      0.5949156880378723,
      0.30070361495018005
    ],
    [
      0.5433664321899414,
      0.4303548336029053,
      1.0,
      0.4409278631210327,
      0.37095603346824646,
      0.3630894124507904,
      0.3868207335472107,
      0.40806007385253906,
      0.5863747000694275,
      0.35241732001304626,
      0.3195946216583252,
      0.3922517001628876,
      0.3382570147514343,
      0.2835387885570526,
      0.4710877537727356,
      0.2897312045097351
    ],
    [
      0.5271333456039429,
      0.6210699677467346,
      0.4409278631210327,
      1.0,
      0.4098743796348572,
      0.43663281202316284,
      0.32293248176574707,
      0.36470332741737366,
      0.3497723937034607,
      0.34798043966293335,
      0.2816820442676544,
      0.3020487129688263,
      0.35041940212249756,
      0.38476964831352234,
      0.6124120950698853,
      0.3795110285282135
    ],
    [
      0.4974297285079956,
      0.2943120002746582,
      0.37095603346824646,
      0.4098743796348572,
      1.0,
      0.5918903350830078,
      0.43620461225509644,
      0.5035026669502258,
      0.2619725167751312,
      0.20355185866355896,
      0.2997603118419647,
      0.42500990629196167,
      0.3679087162017822,
      0.18497495353221893,
      0.4574020504951477,
      0.2960800230503082
    ],
    [
      0.500010073184967,
      0.37151259183883667,
      0.3630894124507904,
      0.43663281202316284,
      0.5918903350830078,
      1.0,
      0.4337756633758545,
      0.5264444351196289,
      0.35429665446281433,
      0.24828600883483887,
      0.2437959909439087,
      0.31033509969711304,
      0.4273611009120941,
      0.27750203013420105,
      0.4533427357673645,
      0.2657633423805237
    ],
    [
      0.32462888956069946,
      0.24818971753120422,
      0.3868207335472107,
      0.32293248176574707,
      0.43620461225509644,
      0.4337756633758545,
      1.0,
      0.4189256727695465,
      0.33001866936683655,
      0.36922696232795715,
      0.23236718773841858,
      0.2695048451423645,
      0.4176105260848999,
      0.2794538140296936,
      0.39249393343925476,
      0.34749165177345276
    ],
    [
      0.30185988545417786,
      0.254063218832016,
      0.40806007385253906,
      0.36470332741737366,
      0.5035026669502258,
      0.5264444351196289,
      0.4189256727695465,
      1.0,
      0.3593063950538635,
      0.28910017013549805,
      0.2243398278951645,
      0.336725115776062,
      0.3388775885105133,
      0.22535985708236694,
      0.39882737398147583,
      0.203715518116951
    ],
    [
      0.4524887204170227,
      0.38089802861213684,
      0.5863747000694275,
      0.3497723937034607,
      0.2619725167751312,
      0.35429665446281433,
      0.33001866936683655,
      0.3593063950538635,
      1.0,
      0.41946396231651306,
      0.386832594871521,
      0.4953113794326782,
      0.35960495471954346,
      0.22609014809131622,
      0.4150692820549011,
      0.20961175858974457
    ],
    [
      0.3491855561733246,
      0.4143674373626709,
      0.35241732001304626,
      0.34798043966293335,
      0.20355185866355896,
      0.24828600883483887,
      0.36922696232795715,
      0.28910017013549805,
      0.41946396231651306,
      1.0000001192092896,
      0.4502682387828827,
      0.40713876485824585,
      0.323077529668808,
      0.3075914680957794,
      0.39266669750213623,
      0.30963656306266785
    ],
    [
      0.3448818027973175,
      0.25257691740989685,
      0.3195946216583252,
      0.2816820442676544,
      0.2997603118419647,
      0.2437959909439087,
      0.23236718773841858,
      0.2243398278951645,
      0.386832594871521,
      0.4502682387828827,
      1.0,
      0.4795018136501312,
      0.19596967101097107,
      0.2956402599811554,
      0.3499518036842346,
      0.18739449977874756
    ],
    [
      0.34928491711616516,
      0.23449420928955078,
      0.3922517001628876,
      0.3020487129688263,
      0.42500990629196167,
      0.31033509969711304,
      0.2695048451423645,
      0.336725115776062,
      0.4953113794326782,
      0.40713876485824585,
      0.4795018136501312,
      1.0,
      0.2110700011253357,
      0.23754753172397614,
      0.3861476480960846,
      0.215716153383255
    ],
    [
      0.3385164439678192,
      0.39722511172294617,
      0.3382570147514343,
      0.35041940212249756,
      0.3679087162017822,
      0.4273611009120941,
      0.4176105260848999,
      0.3388775885105133,
      0.35960495471954346,
      0.323077529668808,
      0.19596967101097107,
      0.2110700011253357,
      1.0,
      0.2826564908027649,
      0.3894035816192627,
      0.34600210189819336
    ],
    [
      0.3261665105819702,
      0.3727458417415619,
      0.2835387885570526,
      0.38476964831352234,
      0.18497495353221893,
      0.27750203013420105,
      0.2794538140296936,
      0.22535985708236694,
      0.22609014809131622,
      0.3075914680957794,
      0.2956402599811554,
      0.23754753172397614,
      0.2826564908027649,
      1.0,
      0.5140457153320312,
      0.3398910164833069
    ],
    [
      0.5835506319999695,
      0.5949156880378723,
      0.4710877537727356,
      0.6124120950698853,
      0.4574020504951477,
      0.4533427357673645,
      0.39249393343925476,
      0.39882737398147583,
      0.4150692820549011,
      0.39266669750213623,
      0.3499518036842346,
      0.3861476480960846,
      0.3894035816192627,
      0.5140457153320312,
      1.0,
      0.36133691668510437
    ],
    [
      0.39761069416999817,
      0.30070361495018005,
      0.2897312045097351,
      0.3795110285282135,
      0.2960800230503082,
      0.2657633423805237,
      0.34749165177345276,
      0.203715518116951,
      0.20961175858974457,
      0.30963656306266785,
      0.18739449977874756,
      0.215716153383255,
      0.34600210189819336,
      0.3398910164833069,
      0.36133691668510437,
      1.0
    ]
  ]
}