{
  "game_number": 239,
  "words": [
    "AMBERGRIS",
    "MUSK",
    "ROSE",
    "VANILLA",
    "CHARLIE",
    "DOROTHY",
    "SHAGGY",
    "WALLACE",
    "KETO",
    "ROAM",
    "SOPHIA",
    "SOUL",
    "FULFILL",
    "HONOR",
    "KEEP",
    "UPHOLD"
  ],
  "adjacency_matrix": [
    [
      1.0,
      0.5998643040657043,
      0.24623502790927887,
      0.3940752148628235,
      0.2720808982849121,
      0.40596646070480347,
      0.3501318395137787,
      0.3079197406768799,
      0.22842271625995636,
      0.09991203993558884,
      0.40727853775024414,
      0.30856627225875854,
      0.12631189823150635,
      0.2156323939561844,
      0.1421886682510376,
      0.12176178395748138
    ],
    [
      0.5998643040657043,
      1.0000001192092896,
      0.34923842549324036,
      0.3905073404312134,
      0.2938711941242218,
      0.33836403489112854,
      0.42053917050361633,
      0.30861106514930725,
      0.24363598227500916,
      0.24363666772842407,
      0.3427591621875763,
      0.3236183524131775,
      0.1745508462190628,
      0.1851150542497635,
      0.19212833046913147,
      0.07445240020751953
    ],
    [
      0.24623502790927887,
      0.34923842549324036,
      1.0,
      0.34096360206604004,
      0.3381499648094177,
      0.2932784855365753,
      0.32901787757873535,
      0.31826844811439514,
      0.206190824508667,
      0.25333815813064575,
      0.2426033914089203,
      0.29596230387687683,
      0.24252949655056,
      0.3302306830883026,
      0.24863970279693604,
      0.25229212641716003
    ],
    [
      0.3940752148628235,
      0.3905073404312134,
      0.34096360206604004,
      1.0,
      0.3248782455921173,
      0.3445242941379547,
      0.31089720129966736,
      0.25436243414878845,
      0.38842475414276123,
      0.2353004366159439,
      0.30811306834220886,
      0.24924886226654053,
      0.1967920958995819,
      0.2126712054014206,
      0.2729194164276123,
      0.1961929053068161
    ],
    [
      0.2720808982849121,
      0.2938711941242218,
      0.3381499648094177,
      0.3248782455921173,
      1.0,
      0.5750313997268677,
      0.40237292647361755,
      0.5824363827705383,
      0.25674861669540405,
      0.2157953977584839,
      0.462529718875885,
      0.29041191935539246,
      0.17901469767093658,
      0.26250746846199036,
      0.27552416920661926,
      0.19293074309825897
    ],
    [
      0.40596646070480347,
      0.33836403489112854,
      0.2932784855365753,
      0.3445242941379547,
      0.5750313997268677,
      1.0,
      0.4654771089553833,
      0.5891613960266113,
      0.3871210813522339,
      0.1653691679239273,
      0.5556207895278931,
      0.4030672311782837,
      0.17116861045360565,
      0.2896994948387146,
      0.23656021058559418,
      0.2123933881521225
    ],
    [
      0.3501318395137787,
      0.42053917050361633,
      0.32901787757873535,
      0.31089720129966736,
      0.40237292647361755,
      0.4654771089553833,
      0.9999999403953552,
      0.3760543167591095,
      0.21070361137390137,
      0.31239959597587585,
      0.33473923802375793,
      0.3672962188720703,
      0.1637391448020935,
      0.24912625551223755,
      0.2500709891319275,
      0.17723514139652252
    ],
    [
      0.3079197406768799,
      0.30861106514930725,
      0.31826844811439514,
      0.25436243414878845,
      0.5824363827705383,
      0.5891613960266113,
      0.3760543167591095,
      1.0,
      0.3052417039871216,
      0.21189989149570465,
      0.49401959776878357,
      0.3841320872306824,
      0.23629069328308105,
      0.3157373070716858,
      0.23679792881011963,
      0.27009692788124084
    ],
    [
      0.22842271625995636,
      0.24363598227500916,
      0.206190824508667,
      0.38842475414276123,
      0.25674861669540405,
      0.3871210813522339,
      0.21070361137390137,
      0.3052417039871216,
      1.0,
      0.08884090185165405,
      0.28843867778778076,
      0.2874600291252136,
      0.20163466036319733,
      0.16400402784347534,
      0.2029018998146057,
      0.1415715217590332
    ],
    [
      0.09991203993558884,
      0.24363666772842407,
      0.25333815813064575,
      0.2353004366159439,
      0.2157953977584839,
      0.1653691679239273,
      0.31239959597587585,
      0.21189989149570465,
      0.08884090185165405,
      1.0,
      0.1350380927324295,
      0.2734278440475464,
      0.3223842680454254,
      0.2099810242652893,
      0.3789103925228119,
      0.29239994287490845
    ],
    [
      0.40727853775024414,
      0.3427591621875763,
      0.2426033914089203,
      0.30811306834220886,
      0.462529718875885,
      0.5556207895278931,
      0.33473923802375793,
      0.49401959776878357,
      0.28843867778778076,
      0.1350380927324295,
      1.0,
      0.45724713802337646,
      0.19223453104496002,
      0.30179548263549805,
      0.1750805675983429,
      0.24202266335487366
    ],
    [
      0.30856627225875854,
      0.3236183524131775,
      0.29596230387687683,
      0.24924886226654053,
      0.29041191935539246,
      0.4030672311782837,
      0.3672962188720703,
      0.3841320872306824,
      0.2874600291252136,
      0.2734278440475464,
      0.45724713802337646,
      1.0,
      0.2680237293243408,
      0.34971851110458374,
      0.312406986951828,
      0.28908249735832214
    ],
    [
      0.12631189823150635,
      0.1745508462190628,
      0.24252949655056,
      0.1967920958995819,
      0.17901469767093658,
      0.17116861045360565,
      0.1637391448020935,
      0.23629069328308105,
      0.20163466036319733,
      0.3223842680454254,
      0.19223453104496002,
      0.2680237293243408,
      1.0,
      0.5033243298530579,
      0.4503432810306549,
      0.6564356684684753
    ],
    [
      0.2156323939561844,
      0.1851150542497635,
      0.3302306830883026,
      0.2126712054014206,
      0.26250746846199036,
      0.2896994948387146,
      0.24912625551223755,
      0.3157373070716858,
      0.16400402784347534,
      0.2099810242652893,
      0.30179548263549805,
      0.34971851110458374,
      0.5033243298530579,
      0.9999999403953552,
      0.4109739065170288,
      0.6055057644844055
    ],
    [
      0.1421886682510376,
      0.19212833046913147,
      0.24863970279693604,
      0.2729194164276123,
      0.27552416920661926,
      0.23656021058559418,
      0.2500709891319275,
      0.23679792881011963,
      0.2029018998146057,
      0.3789103925228119,
      0.1750805675983429,
      0.312406986951828,
      0.4503432810306549,
      0.4109739065170288,
      1.0000001192092896,
      0.5110533833503723
    ],
    [
      0.12176178395748138,
      0.07445240020751953,
      0.25229212641716003,
      0.1961929053068161,
      0.19293074309825897,
      0.2123933881521225,
      0.17723514139652252,
      0.27009692788124084,
      0.1415715217590332,
      0.29239994287490845,
      0.24202266335487366,
      0.28908249735832214,
      0.6564356684684753,
      0.6055057644844055,
      0.5110533833503723,
      1.0
    ]
  ]
}