{
  "game_number": 630,
  "words": [
    "JONAS",
    "MARX",
    "WARNER",
    "WRIGHT",
    "ACCORD",
    "CIVIC",
    "PASSPORT",
    "PILOT",
    "CRASH",
    "LINK",
    "MARIO",
    "SONIC",
    "FRONTIER",
    "SPIRIT",
    "UNITED",
    "VIRGIN"
  ],
  "adjacency_matrix": [
    [
      0.9999999403953552,
      0.4488261342048645,
      0.34512731432914734,
      0.43993526697158813,
      0.07221316546201706,
      0.02470899373292923,
      0.07792527973651886,
      0.10030287504196167,
      0.06889543682336807,
      0.10246014595031738,
      0.45828986167907715,
      0.1406330019235611,
      0.06710093468427658,
      0.12164090573787689,
      0.13860619068145752,
      0.2411963790655136
    ],
    [
      0.4488261342048645,
      1.0,
      0.36792752146720886,
      0.5337586998939514,
      0.18273158371448517,
      0.18081338703632355,
      0.16907621920108795,
      0.17925840616226196,
      0.16928702592849731,
      0.25967419147491455,
      0.4438881278038025,
      0.2079337239265442,
      0.18795977532863617,
      0.2946224510669708,
      0.3029317557811737,
      0.22961516678333282
    ],
    [
      0.34512731432914734,
      0.36792752146720886,
      1.0,
      0.46605414152145386,
      0.2775554358959198,
      0.19359438121318817,
      0.24620407819747925,
      0.3626076579093933,
      0.1985228955745697,
      0.34680694341659546,
      0.4030483067035675,
      0.3122093975543976,
      0.2673095762729645,
      0.3193080425262451,
      0.3110136091709137,
      0.27529555559158325
    ],
    [
      0.43993526697158813,
      0.5337586998939514,
      0.46605414152145386,
      1.0,
      0.28565436601638794,
      0.26939764618873596,
      0.29414132237434387,
      0.33476904034614563,
      0.20603837072849274,
      0.31863558292388916,
      0.47812744975090027,
      0.29066964983940125,
      0.25126132369041443,
      0.3055909276008606,
      0.3480952978134155,
      0.2818804979324341
    ],
    [
      0.07221316546201706,
      0.18273158371448517,
      0.2775554358959198,
      0.28565436601638794,
      1.0000001192092896,
      0.27729982137680054,
      0.22434477508068085,
      0.28965237736701965,
      0.23199675977230072,
      0.3771973252296448,
      0.15593096613883972,
      0.13071748614311218,
      0.26889657974243164,
      0.41990408301353455,
      0.38547471165657043,
      0.18444178998470306
    ],
    [
      0.02470899373292923,
      0.18081338703632355,
      0.19359438121318817,
      0.26939764618873596,
      0.27729982137680054,
      1.0,
      0.32597583532333374,
      0.31934842467308044,
      0.2187202274799347,
      0.2126014083623886,
      0.2110918015241623,
      0.35280436277389526,
      0.3822167217731476,
      0.46134141087532043,
      0.3895423114299774,
      0.2711751461029053
    ],
    [
      0.07792527973651886,
      0.16907621920108795,
      0.24620407819747925,
      0.29414132237434387,
      0.22434477508068085,
      0.32597583532333374,
      1.0,
      0.3389368951320648,
      0.2712095379829407,
      0.32655012607574463,
      0.2117261290550232,
      0.26540908217430115,
      0.32840245962142944,
      0.33563145995140076,
      0.2758171558380127,
      0.29691678285598755
    ],
    [
      0.10030287504196167,
      0.17925840616226196,
      0.3626076579093933,
      0.33476904034614563,
      0.28965237736701965,
      0.31934842467308044,
      0.3389368951320648,
      1.0,
      0.49103406071662903,
      0.32401078939437866,
      0.2306286096572876,
      0.3364763855934143,
      0.36387619376182556,
      0.3335011899471283,
      0.2797918915748596,
      0.29697567224502563
    ],
    [
      0.06889543682336807,
      0.16928702592849731,
      0.1985228955745697,
      0.20603837072849274,
      0.23199675977230072,
      0.2187202274799347,
      0.2712095379829407,
      0.49103406071662903,
      1.0,
      0.3558364510536194,
      0.20966391265392303,
      0.25845688581466675,
      0.23335404694080353,
      0.23562124371528625,
      0.23110096156597137,
      0.23618026077747345
    ],
    [
      0.10246014595031738,
      0.25967419147491455,
      0.34680694341659546,
      0.31863558292388916,
      0.3771973252296448,
      0.2126014083623886,
      0.32655012607574463,
      0.32401078939437866,
      0.3558364510536194,
      1.0,
      0.2531973719596863,
      0.23222218453884125,
      0.2648202180862427,
      0.35353797674179077,
      0.2935618758201599,
      0.19108521938323975
    ],
    [
      0.45828986167907715,
      0.4438881278038025,
      0.4030483067035675,
      0.47812744975090027,
      0.15593096613883972,
      0.2110918015241623,
      0.2117261290550232,
      0.2306286096572876,
      0.20966391265392303,
      0.2531973719596863,
      1.0,
      0.3496212661266327,
      0.15882942080497742,
      0.23078835010528564,
      0.2649421691894531,
      0.23439030349254608
    ],
    [
      0.1406330019235611,
      0.2079337239265442,
      0.3122093975543976,
      0.29066964983940125,
      0.13071748614311218,
      0.35280436277389526,
      0.26540908217430115,
      0.3364763855934143,
      0.25845688581466675,
      0.23222218453884125,
      0.3496212661266327,
      1.0,
      0.30113837122917175,
      0.3499121069908142,
      0.19399981200695038,
      0.2905186414718628
    ],
    [
      0.06710093468427658,
      0.18795977532863617,
      0.2673095762729645,
      0.25126132369041443,
      0.26889657974243164,
      0.3822167217731476,
      0.32840245962142944,
      0.36387619376182556,
      0.23335404694080353,
      0.2648202180862427,
      0.15882942080497742,
      0.30113837122917175,
      1.0,
      0.4125472605228424,
      0.38824039697647095,
      0.3772050440311432
    ],
    [
      0.12164090573787689,
      0.2946224510669708,
      0.3193080425262451,
      0.3055909276008606,
      0.41990408301353455,
      0.46134141087532043,
      0.33563145995140076,
      0.3335011899471283,
      0.23562124371528625,
      0.35353797674179077,
      0.23078835010528564,
      0.3499121069908142,
      0.4125472605228424,
      1.0,
      0.44223856925964355,
      0.36420121788978577
    ],
    [
      0.13860619068145752,
      0.3029317557811737,
      0.3110136091709137,
      0.3480952978134155,
      0.38547471165657043,
      0.3895423114299774,
      0.2758171558380127,
      0.2797918915748596,
      0.23110096156597137,
      0.2935618758201599,
      0.2649421691894531,
      0.19399981200695038,
      0.38824039697647095,
      0.44223856925964355,
      1.0,
      0.29165562987327576
    ],
    [
      0.2411963790655136,
      0.22961516678333282,
      0.27529555559158325,
      0.2818804979324341,
      0.18444178998470306,
      0.2711751461029053,
      0.29691678285598755,
      0.29697567224502563,
      0.23618026077747345,
      0.19108521938323975,
      0.23439030349254608,
      0.2905186414718628,
      0.3772050440311432,
      0.36420121788978577,
      0.29165562987327576,
      1.0
    ]
  ]
}