{
  "game_number": 432,
  "words": [
    "JAM",
    "PACK",
    "SQUEEZE",
    "STUFF",
    "CAT",
    "COW",
    "MOUNTAIN",
    "TRIANGLE",
    "BUTTER",
    "DRAGON",
    "FIRE",
    "HORSE",
    "REWIND",
    "SHUFFLE",
    "SKIP",
    "STOP"
  ],
  "adjacency_matrix": [
    [
      1.0,
      0.3907833993434906,
      0.49057459831237793,
      0.3580784797668457,
      0.21617282927036285,
      0.2791319489479065,
      0.2661758065223694,
      0.3203456699848175,
      0.4553963243961334,
      0.20293574035167694,
      0.3072570562362671,
      0.1690925508737564,
      0.31136420369148254,
      0.4207279086112976,
      0.32910284399986267,
      0.3314477801322937
    ],
    [
      0.3907833993434906,
      1.0,
      0.5098546147346497,
      0.45810481905937195,
      0.39287805557250977,
      0.34400123357772827,
      0.4349900186061859,
      0.32385626435279846,
      0.32344335317611694,
      0.36799338459968567,
      0.42017385363578796,
      0.40256139636039734,
      0.3085622787475586,
      0.47642087936401367,
      0.4418882131576538,
      0.4186457395553589
    ],
    [
      0.49057459831237793,
      0.5098546147346497,
      1.0,
      0.4013788104057312,
      0.3281179666519165,
      0.3485138714313507,
      0.3077615201473236,
      0.42898672819137573,
      0.3974436819553375,
      0.35323241353034973,
      0.36595281958580017,
      0.2811236083507538,
      0.40628641843795776,
      0.48424091935157776,
      0.36499959230422974,
      0.4906316101551056
    ],
    [
      0.3580784797668457,
      0.45810481905937195,
      0.4013788104057312,
      1.0,
      0.37201762199401855,
      0.3297509253025055,
      0.3765014111995697,
      0.34175676107406616,
      0.40501418709754944,
      0.350374698638916,
      0.33628833293914795,
      0.33177250623703003,
      0.2984095513820648,
      0.4150488078594208,
      0.4024997055530548,
      0.36989521980285645
    ],
    [
      0.21617282927036285,
      0.39287805557250977,
      0.3281179666519165,
      0.37201762199401855,
      1.0,
      0.4518999755382538,
      0.35961106419563293,
      0.2910343110561371,
      0.256327360868454,
      0.42502838373184204,
      0.30805131793022156,
      0.4614456295967102,
      0.14006483554840088,
      0.338661789894104,
      0.30341655015945435,
      0.2421220988035202
    ],
    [
      0.2791319489479065,
      0.34400123357772827,
      0.3485138714313507,
      0.3297509253025055,
      0.4518999755382538,
      1.0,
      0.42669081687927246,
      0.3304973542690277,
      0.4885387122631073,
      0.4450521469116211,
      0.3129083812236786,
      0.6014713644981384,
      0.16482208669185638,
      0.23376110196113586,
      0.2316966950893402,
      0.29104337096214294
    ],
    [
      0.2661758065223694,
      0.4349900186061859,
      0.3077615201473236,
      0.3765014111995697,
      0.35961106419563293,
      0.42669081687927246,
      0.9999999403953552,
      0.407297819852829,
      0.3365241289138794,
      0.47300732135772705,
      0.4235454797744751,
      0.47500914335250854,
      0.17752590775489807,
      0.23155134916305542,
      0.3192754089832306,
      0.3464911878108978
    ],
    [
      0.3203456699848175,
      0.32385626435279846,
      0.42898672819137573,
      0.34175676107406616,
      0.2910343110561371,
      0.3304973542690277,
      0.407297819852829,
      1.0,
      0.38385114073753357,
      0.41607803106307983,
      0.35888540744781494,
      0.28665757179260254,
      0.2242158055305481,
      0.33021703362464905,
      0.30610424280166626,
      0.34110674262046814
    ],
    [
      0.4553963243961334,
      0.32344335317611694,
      0.3974436819553375,
      0.40501418709754944,
      0.256327360868454,
      0.4885387122631073,
      0.3365241289138794,
      0.38385114073753357,
      1.0,
      0.3060706853866577,
      0.34114113450050354,
      0.353095144033432,
      0.17640690505504608,
      0.1859554499387741,
      0.267508864402771,
      0.2650478184223175
    ],
    [
      0.20293574035167694,
      0.36799338459968567,
      0.35323241353034973,
      0.350374698638916,
      0.42502838373184204,
      0.4450521469116211,
      0.47300732135772705,
      0.41607803106307983,
      0.3060706853866577,
      1.0,
      0.4291892945766449,
      0.48369452357292175,
      0.19343940913677216,
      0.23907601833343506,
      0.29196807742118835,
      0.30748119950294495
    ],
    [
      0.3072570562362671,
      0.42017385363578796,
      0.36595281958580017,
      0.33628833293914795,
      0.30805131793022156,
      0.3129083812236786,
      0.4235454797744751,
      0.35888540744781494,
      0.34114113450050354,
      0.4291892945766449,
      1.0,
      0.3714601695537567,
      0.3479272425174713,
      0.3592683672904968,
      0.2875179946422577,
      0.4005645513534546
    ],
    [
      0.1690925508737564,
      0.40256139636039734,
      0.2811236083507538,
      0.33177250623703003,
      0.4614456295967102,
      0.6014713644981384,
      0.47500914335250854,
      0.28665757179260254,
      0.353095144033432,
      0.48369452357292175,
      0.3714601695537567,
      1.0,
      0.17638002336025238,
      0.26891785860061646,
      0.2589516043663025,
      0.335835725069046
    ],
    [
      0.31136420369148254,
      0.3085622787475586,
      0.40628641843795776,
      0.2984095513820648,
      0.14006483554840088,
      0.16482208669185638,
      0.17752590775489807,
      0.2242158055305481,
      0.17640690505504608,
      0.19343940913677216,
      0.3479272425174713,
      0.17638002336025238,
      0.9999999403953552,
      0.4340331554412842,
      0.4849541485309601,
      0.4904870390892029
    ],
    [
      0.4207279086112976,
      0.47642087936401367,
      0.48424091935157776,
      0.4150488078594208,
      0.338661789894104,
      0.23376110196113586,
      0.23155134916305542,
      0.33021703362464905,
      0.1859554499387741,
      0.23907601833343506,
      0.3592683672904968,
      0.26891785860061646,
      0.4340331554412842,
      1.0,
      0.5224344730377197,
      0.36032727360725403
    ],
    [
      0.32910284399986267,
      0.4418882131576538,
      0.36499959230422974,
      0.4024997055530548,
      0.30341655015945435,
      0.2316966950893402,
      0.3192754089832306,
      0.30610424280166626,
      0.267508864402771,
      0.29196807742118835,
      0.2875179946422577,
      0.2589516043663025,
      0.4849541485309601,
      0.5224344730377197,
      1.0,
      0.5265145301818848
    ],
    [
      0.3314477801322937,
      0.4186457395553589,
      0.4906316101551056,
      0.36989521980285645,
      0.2421220988035202,
      0.29104337096214294,
      0.3464911878108978,
      0.34110674262046814,
      0.2650478184223175,
      0.30748119950294495,
      0.4005645513534546,
      0.335835725069046,
      0.4904870390892029,
      0.36032727360725403,
      0.5265145301818848,
      1.0
    ]
  ]
}