{
  "game_number": 311,
  "words": [
    "JACK",
    "OUTLET",
    "PORT",
    "SOCKET",
    "APPETITE",
    "AUDIENCE",
    "DEMAND",
    "MARKET",
    "ATTACK",
    "PERSONAL",
    "POP-UP",
    "WANT",
    "DISH",
    "SPILL",
    "TALK",
    "TELL"
  ],
  "adjacency_matrix": [
    [
      1.0,
      0.38703545928001404,
      0.4290582835674286,
      0.439416766166687,
      0.17988300323486328,
      0.19102413952350616,
      0.3470950126647949,
      0.35280823707580566,
      0.31626108288764954,
      0.3163106143474579,
      0.31263041496276855,
      0.2875506579875946,
      0.3411919176578522,
      0.3349030017852783,
      0.25620120763778687,
      0.3198173940181732
    ],
    [
      0.38703545928001404,
      0.9999999403953552,
      0.46736907958984375,
      0.4226231276988983,
      0.3189701437950134,
      0.3828333616256714,
      0.38751864433288574,
      0.5155279040336609,
      0.3357420265674591,
      0.382455438375473,
      0.39461439847946167,
      0.3085452616214752,
      0.4116036593914032,
      0.30861765146255493,
      0.1811690330505371,
      0.2985689640045166
    ],
    [
      0.4290582835674286,
      0.46736907958984375,
      0.9999999403953552,
      0.45017677545547485,
      0.2395874410867691,
      0.25803884863853455,
      0.37186098098754883,
      0.4852941632270813,
      0.38298335671424866,
      0.3100728988647461,
      0.318973183631897,
      0.24801531434059143,
      0.3802170157432556,
      0.35613343119621277,
      0.1726171225309372,
      0.30080121755599976
    ],
    [
      0.439416766166687,
      0.4226231276988983,
      0.45017677545547485,
      1.0,
      0.20777401328086853,
      0.2626757323741913,
      0.3015884757041931,
      0.3494877815246582,
      0.29560884833335876,
      0.254739910364151,
      0.3262881934642792,
      0.19742363691329956,
      0.36234113574028015,
      0.19183094799518585,
      0.24406075477600098,
      0.19309023022651672
    ],
    [
      0.17988300323486328,
      0.3189701437950134,
      0.2395874410867691,
      0.20777401328086853,
      0.9999999403953552,
      0.36319324374198914,
      0.5241044759750366,
      0.4064045548439026,
      0.27677056193351746,
      0.36733278632164,
      0.20341776311397552,
      0.4163969159126282,
      0.37210288643836975,
      0.24081915616989136,
      0.24620968103408813,
      0.2543295621871948
    ],
    [
      0.19102413952350616,
      0.3828333616256714,
      0.25803884863853455,
      0.2626757323741913,
      0.36319324374198914,
      1.0,
      0.4043401777744293,
      0.45182591676712036,
      0.3116053342819214,
      0.3646695911884308,
      0.28624090552330017,
      0.31854477524757385,
      0.31739163398742676,
      0.16872064769268036,
      0.39643773436546326,
      0.37686511874198914
    ],
    [
      0.3470950126647949,
      0.38751864433288574,
      0.37186098098754883,
      0.3015884757041931,
      0.5241044759750366,
      0.4043401777744293,
      1.0,
      0.5477535128593445,
      0.4113735854625702,
      0.4122924506664276,
      0.28641924262046814,
      0.5585079789161682,
      0.35745176672935486,
      0.34898826479911804,
      0.2515190541744232,
      0.37602531909942627
    ],
    [
      0.35280823707580566,
      0.5155279040336609,
      0.4852941632270813,
      0.3494877815246582,
      0.4064045548439026,
      0.45182591676712036,
      0.5477535128593445,
      1.0,
      0.3827783465385437,
      0.4069939851760864,
      0.373073011636734,
      0.3190311789512634,
      0.4350360035896301,
      0.31304410099983215,
      0.25329381227493286,
      0.3067012429237366
    ],
    [
      0.31626108288764954,
      0.3357420265674591,
      0.38298335671424866,
      0.29560884833335876,
      0.27677056193351746,
      0.3116053342819214,
      0.4113735854625702,
      0.3827783465385437,
      1.0,
      0.4496731460094452,
      0.41578054428100586,
      0.3511950373649597,
      0.37039923667907715,
      0.3954770863056183,
      0.29902535676956177,
      0.34760597348213196
    ],
    [
      0.3163106143474579,
      0.382455438375473,
      0.3100728988647461,
      0.254739910364151,
      0.36733278632164,
      0.3646695911884308,
      0.4122924506664276,
      0.4069939851760864,
      0.4496731460094452,
      0.9999999403953552,
      0.406523734331131,
      0.3583567142486572,
      0.370238721370697,
      0.2606044113636017,
      0.266878217458725,
      0.29108569025993347
    ],
    [
      0.31263041496276855,
      0.39461439847946167,
      0.318973183631897,
      0.3262881934642792,
      0.20341776311397552,
      0.28624090552330017,
      0.28641924262046814,
      0.373073011636734,
      0.41578054428100586,
      0.406523734331131,
      1.0,
      0.2679060101509094,
      0.3637644052505493,
      0.28318503499031067,
      0.21256721019744873,
      0.22884608805179596
    ],
    [
      0.2875506579875946,
      0.3085452616214752,
      0.24801531434059143,
      0.19742363691329956,
      0.4163969159126282,
      0.31854477524757385,
      0.5585079789161682,
      0.3190311789512634,
      0.3511950373649597,
      0.3583567142486572,
      0.2679060101509094,
      0.9999999403953552,
      0.34508973360061646,
      0.27338728308677673,
      0.3391836881637573,
      0.5679436326026917
    ],
    [
      0.3411919176578522,
      0.4116036593914032,
      0.3802170157432556,
      0.36234113574028015,
      0.37210288643836975,
      0.31739163398742676,
      0.35745176672935486,
      0.4350360035896301,
      0.37039923667907715,
      0.370238721370697,
      0.3637644052505493,
      0.34508973360061646,
      0.9999999403953552,
      0.3376902639865875,
      0.255337119102478,
      0.3664313852787018
    ],
    [
      0.3349030017852783,
      0.30861765146255493,
      0.35613343119621277,
      0.19183094799518585,
      0.24081915616989136,
      0.16872064769268036,
      0.34898826479911804,
      0.31304410099983215,
      0.3954770863056183,
      0.2606044113636017,
      0.28318503499031067,
      0.27338728308677673,
      0.3376902639865875,
      1.0,
      0.209867462515831,
      0.30040445923805237
    ],
    [
      0.25620120763778687,
      0.1811690330505371,
      0.1726171225309372,
      0.24406075477600098,
      0.24620968103408813,
      0.39643773436546326,
      0.2515190541744232,
      0.25329381227493286,
      0.29902535676956177,
      0.266878217458725,
      0.21256721019744873,
      0.3391836881637573,
      0.255337119102478,
      0.209867462515831,
      1.0,
      0.3548819124698639
    ],
    [
      0.3198173940181732,
      0.2985689640045166,
      0.30080121755599976,
      0.19309023022651672,
      0.2543295621871948,
      0.37686511874198914,
      0.37602531909942627,
      0.3067012429237366,
      0.34760597348213196,
      0.29108569025993347,
      0.22884608805179596,
      0.5679436326026917,
      0.3664313852787018,
      0.30040445923805237,
      0.3548819124698639,
      1.0
    ]
  ]
}