{
  "game_number": 15,
  "words": [
    "BACKSIDE",
    "CABOOSE",
    "SEAT",
    "TAIL",
    "BAT",
    "MALLET",
    "RACKET",
    "STICK",
    "BOUQUET",
    "BUSTLE",
    "TRAIN",
    "VEIL",
    "BACKPACK",
    "COOKBOOK",
    "HUBBUB",
    "NITWIT"
  ],
  "adjacency_matrix": [
    [
      1.0,
      0.40978723764419556,
      0.40577441453933716,
      0.5275869369506836,
      0.3452504873275757,
      0.33172041177749634,
      0.3674626052379608,
      0.5122277140617371,
      0.26261645555496216,
      0.29002174735069275,
      0.3644706904888153,
      0.3459464907646179,
      0.35975441336631775,
      0.19021275639533997,
      0.23473773896694183,
      0.323248028755188
    ],
    [
      0.40978723764419556,
      1.0,
      0.35184141993522644,
      0.41937679052352905,
      0.2290734201669693,
      0.3297972083091736,
      0.2919843792915344,
      0.39068692922592163,
      0.2706992030143738,
      0.3824866712093353,
      0.6078668236732483,
      0.24826322495937347,
      0.3863905966281891,
      0.1810927838087082,
      0.20549432933330536,
      0.21992525458335876
    ],
    [
      0.40577441453933716,
      0.35184141993522644,
      1.0,
      0.3760030269622803,
      0.3005424439907074,
      0.32034069299697876,
      0.3226644992828369,
      0.3970916271209717,
      0.2895827889442444,
      0.35473403334617615,
      0.4356122314929962,
      0.2719591557979584,
      0.36519497632980347,
      0.22445324063301086,
      0.27932852506637573,
      0.2099422812461853
    ],
    [
      0.5275869369506836,
      0.41937679052352905,
      0.3760030269622803,
      0.9999999403953552,
      0.5023720264434814,
      0.3543151915073395,
      0.40643805265426636,
      0.5043612122535706,
      0.31378376483917236,
      0.3190380930900574,
      0.3848794996738434,
      0.3483847379684448,
      0.3409672677516937,
      0.19977223873138428,
      0.23635222017765045,
      0.21480099856853485
    ],
    [
      0.3452504873275757,
      0.2290734201669693,
      0.3005424439907074,
      0.5023720264434814,
      0.9999999403953552,
      0.4298754036426544,
      0.4167269170284271,
      0.45638200640678406,
      0.3092328608036041,
      0.2337455153465271,
      0.32398542761802673,
      0.23511633276939392,
      0.36779090762138367,
      0.21683356165885925,
      0.17420969903469086,
      0.21532042324543
    ],
    [
      0.33172041177749634,
      0.3297972083091736,
      0.32034069299697876,
      0.3543151915073395,
      0.4298754036426544,
      1.0,
      0.4842251241207123,
      0.5236671566963196,
      0.30769655108451843,
      0.2789129614830017,
      0.33416327834129333,
      0.2720215320587158,
      0.37412384152412415,
      0.18324297666549683,
      0.15922045707702637,
      0.2396239936351776
    ],
    [
      0.3674626052379608,
      0.2919843792915344,
      0.3226644992828369,
      0.40643805265426636,
      0.4167269170284271,
      0.4842251241207123,
      1.0,
      0.3536812663078308,
      0.2969796359539032,
      0.44660958647727966,
      0.384792298078537,
      0.28313446044921875,
      0.3195984959602356,
      0.20952454209327698,
      0.3640182912349701,
      0.22237750887870789
    ],
    [
      0.5122277140617371,
      0.39068692922592163,
      0.3970916271209717,
      0.5043612122535706,
      0.45638200640678406,
      0.5236671566963196,
      0.3536812663078308,
      1.0,
      0.35772064328193665,
      0.2810990810394287,
      0.43103542923927307,
      0.3356276750564575,
      0.3965657651424408,
      0.2549521327018738,
      0.22401712834835052,
      0.24598166346549988
    ],
    [
      0.26261645555496216,
      0.2706992030143738,
      0.2895827889442444,
      0.31378376483917236,
      0.3092328608036041,
      0.30769655108451843,
      0.2969796359539032,
      0.35772064328193665,
      1.0,
      0.299283891916275,
      0.29824700951576233,
      0.37301599979400635,
      0.31639713048934937,
      0.26864463090896606,
      0.27731987833976746,
      0.18167978525161743
    ],
    [
      0.29002174735069275,
      0.3824866712093353,
      0.35473403334617615,
      0.3190380930900574,
      0.2337455153465271,
      0.2789129614830017,
      0.44660958647727966,
      0.2810990810394287,
      0.299283891916275,
      1.0,
      0.4029186964035034,
      0.37908098101615906,
      0.3123714029788971,
      0.22641073167324066,
      0.670556366443634,
      0.17680276930332184
    ],
    [
      0.3644706904888153,
      0.6078668236732483,
      0.4356122314929962,
      0.3848794996738434,
      0.32398542761802673,
      0.33416327834129333,
      0.384792298078537,
      0.43103542923927307,
      0.29824700951576233,
      0.4029186964035034,
      1.0,
      0.22960186004638672,
      0.42641252279281616,
      0.2578031122684479,
      0.22199110686779022,
      0.24397805333137512
    ],
    [
      0.3459464907646179,
      0.24826322495937347,
      0.2719591557979584,
      0.3483847379684448,
      0.23511633276939392,
      0.2720215320587158,
      0.28313446044921875,
      0.3356276750564575,
      0.37301599979400635,
      0.37908098101615906,
      0.22960186004638672,
      0.9999999403953552,
      0.2461961805820465,
      0.15645161271095276,
      0.33208024501800537,
      0.17494314908981323
    ],
    [
      0.35975441336631775,
      0.3863905966281891,
      0.36519497632980347,
      0.3409672677516937,
      0.36779090762138367,
      0.37412384152412415,
      0.3195984959602356,
      0.3965657651424408,
      0.31639713048934937,
      0.3123714029788971,
      0.42641252279281616,
      0.2461961805820465,
      1.0,
      0.3025040328502655,
      0.176458939909935,
      0.185967817902565
    ],
    [
      0.19021275639533997,
      0.1810927838087082,
      0.22445324063301086,
      0.19977223873138428,
      0.21683356165885925,
      0.18324297666549683,
      0.20952454209327698,
      0.2549521327018738,
      0.26864463090896606,
      0.22641073167324066,
      0.2578031122684479,
      0.15645161271095276,
      0.3025040328502655,
      0.9999999403953552,
      0.21985001862049103,
      0.21186579763889313
    ],
    [
      0.23473773896694183,
      0.20549432933330536,
      0.27932852506637573,
      0.23635222017765045,
      0.17420969903469086,
      0.15922045707702637,
      0.3640182912349701,
      0.22401712834835052,
      0.27731987833976746,
      0.670556366443634,
      0.22199110686779022,
      0.33208024501800537,
      0.176458939909935,
      0.21985001862049103,
      1.0,
      0.3610708713531494
    ],
    [
      0.323248028755188,
      0.21992525458335876,
      0.2099422812461853,
      0.21480099856853485,
      0.21532042324543,
      0.2396239936351776,
      0.22237750887870789,
      0.24598166346549988,
      0.18167978525161743,
      0.17680276930332184,
      0.24397805333137512,
      0.17494314908981323,
      0.185967817902565,
      0.21186579763889313,
      0.3610708713531494,
      1.0
    ]
  ]
}