{
  "game_number": 364,
  "words": [
    "OUTAGE",
    "SHORT",
    "SPIKE",
    "SURGE",
    "ABSTRACT",
    "BRIEF",
    "DIGEST",
    "OUTLINE",
    "CURT",
    "HAIRY",
    "KNEEL",
    "WANE",
    "ELEGANCE",
    "GRACE",
    "STYLE",
    "TASTE"
  ],
  "adjacency_matrix": [
    [
      0.9999999403953552,
      0.34865501523017883,
      0.4305013120174408,
      0.4114125370979309,
      0.15784293413162231,
      0.35004135966300964,
      0.1588851511478424,
      0.23439127206802368,
      0.2479017972946167,
      0.11566967517137527,
      0.1053171381354332,
      0.2009671926498413,
      0.24725081026554108,
      0.2654491662979126,
      0.20418284833431244,
      0.18196259438991547
    ],
    [
      0.34865501523017883,
      1.0,
      0.4383944869041443,
      0.37975597381591797,
      0.4473209083080292,
      0.7009974122047424,
      0.37428873777389526,
      0.5115176439285278,
      0.46160343289375305,
      0.3781830966472626,
      0.2683538496494293,
      0.3011172115802765,
      0.306472510099411,
      0.4282800555229187,
      0.4531344771385193,
      0.3490241765975952
    ],
    [
      0.4305013120174408,
      0.4383944869041443,
      1.0,
      0.6139389872550964,
      0.2897144854068756,
      0.35918688774108887,
      0.27856382727622986,
      0.3642635941505432,
      0.2945680320262909,
      0.3444980978965759,
      0.23699064552783966,
      0.36427611112594604,
      0.22295574843883514,
      0.2926160991191864,
      0.2927722930908203,
      0.30012914538383484
    ],
    [
      0.4114125370979309,
      0.37975597381591797,
      0.6139389872550964,
      1.0,
      0.2556472718715668,
      0.35907289385795593,
      0.23472914099693298,
      0.3401285707950592,
      0.2515591084957123,
      0.22396792471408844,
      0.18364959955215454,
      0.4481302797794342,
      0.3049578368663788,
      0.37845316529273987,
      0.3517929017543793,
      0.32080841064453125
    ],
    [
      0.15784293413162231,
      0.4473209083080292,
      0.2897144854068756,
      0.2556472718715668,
      0.9999999403953552,
      0.49153372645378113,
      0.3608953654766083,
      0.4630393385887146,
      0.38215604424476624,
      0.3162401020526886,
      0.1993725597858429,
      0.16424429416656494,
      0.42695847153663635,
      0.32580214738845825,
      0.4588366150856018,
      0.36994537711143494
    ],
    [
      0.35004135966300964,
      0.7009974122047424,
      0.35918688774108887,
      0.35907289385795593,
      0.49153372645378113,
      1.0,
      0.38622531294822693,
      0.5902658700942993,
      0.5619723796844482,
      0.24512742459774017,
      0.19985969364643097,
      0.2615901827812195,
      0.2552552819252014,
      0.33680686354637146,
      0.35222962498664856,
      0.2925701141357422
    ],
    [
      0.1588851511478424,
      0.37428873777389526,
      0.27856382727622986,
      0.23472914099693298,
      0.3608953654766083,
      0.38622531294822693,
      1.0000001192092896,
      0.3826885223388672,
      0.25783395767211914,
      0.23706191778182983,
      0.17870260775089264,
      0.17367224395275116,
      0.2399594634771347,
      0.28571584820747375,
      0.28912919759750366,
      0.4173315763473511
    ],
    [
      0.23439127206802368,
      0.5115176439285278,
      0.3642635941505432,
      0.3401285707950592,
      0.4630393385887146,
      0.5902658700942993,
      0.3826885223388672,
      1.0,
      0.31118249893188477,
      0.29319876432418823,
      0.2453344464302063,
      0.197262704372406,
      0.2900051176548004,
      0.33675286173820496,
      0.4405065178871155,
      0.3402230143547058
    ],
    [
      0.2479017972946167,
      0.46160343289375305,
      0.2945680320262909,
      0.2515591084957123,
      0.38215604424476624,
      0.5619723796844482,
      0.25783395767211914,
      0.31118249893188477,
      1.0,
      0.35152292251586914,
      0.2661958336830139,
      0.22916555404663086,
      0.30748021602630615,
      0.3378671109676361,
      0.36550378799438477,
      0.24092522263526917
    ],
    [
      0.11566967517137527,
      0.3781830966472626,
      0.3444980978965759,
      0.22396792471408844,
      0.3162401020526886,
      0.24512742459774017,
      0.23706191778182983,
      0.29319876432418823,
      0.35152292251586914,
      1.0,
      0.26798686385154724,
      0.2162511795759201,
      0.25228917598724365,
      0.27129074931144714,
      0.3074251413345337,
      0.31947919726371765
    ],
    [
      0.1053171381354332,
      0.2683538496494293,
      0.23699064552783966,
      0.18364959955215454,
      0.1993725597858429,
      0.19985969364643097,
      0.17870260775089264,
      0.2453344464302063,
      0.2661958336830139,
      0.26798686385154724,
      1.0,
      0.18708489835262299,
      0.1578986644744873,
      0.3655613958835602,
      0.18972836434841156,
      0.15349602699279785
    ],
    [
      0.2009671926498413,
      0.3011172115802765,
      0.36427611112594604,
      0.4481302797794342,
      0.16424429416656494,
      0.2615901827812195,
      0.17367224395275116,
      0.197262704372406,
      0.22916555404663086,
      0.2162511795759201,
      0.18708489835262299,
      0.9999999403953552,
      0.2558608949184418,
      0.37060776352882385,
      0.27917614579200745,
      0.28001120686531067
    ],
    [
      0.24725081026554108,
      0.306472510099411,
      0.22295574843883514,
      0.3049578368663788,
      0.42695847153663635,
      0.2552552819252014,
      0.2399594634771347,
      0.2900051176548004,
      0.30748021602630615,
      0.25228917598724365,
      0.1578986644744873,
      0.2558608949184418,
      1.0,
      0.6204103827476501,
      0.6000925302505493,
      0.5652710795402527
    ],
    [
      0.2654491662979126,
      0.4282800555229187,
      0.2926160991191864,
      0.37845316529273987,
      0.32580214738845825,
      0.33680686354637146,
      0.28571584820747375,
      0.33675286173820496,
      0.3378671109676361,
      0.27129074931144714,
      0.3655613958835602,
      0.37060776352882385,
      0.6204103827476501,
      1.0,
      0.4976879954338074,
      0.474265992641449
    ],
    [
      0.20418284833431244,
      0.4531344771385193,
      0.2927722930908203,
      0.3517929017543793,
      0.4588366150856018,
      0.35222962498664856,
      0.28912919759750366,
      0.4405065178871155,
      0.36550378799438477,
      0.3074251413345337,
      0.18972836434841156,
      0.27917614579200745,
      0.6000925302505493,
      0.4976879954338074,
      1.0,
      0.540436327457428
    ],
    [
      0.18196259438991547,
      0.3490241765975952,
      0.30012914538383484,
      0.32080841064453125,
      0.36994537711143494,
      0.2925701141357422,
      0.4173315763473511,
      0.3402230143547058,
      0.24092522263526917,
      0.31947919726371765,
      0.15349602699279785,
      0.28001120686531067,
      0.5652710795402527,
      0.474265992641449,
      0.540436327457428,
      1.0
    ]
  ]
}