{
  "game_number": 598,
  "words": [
    "BAGGAGE",
    "EGGNOG",
    "GIGGLE",
    "LEGGINGS",
    "DUNCAN",
    "JULIET",
    "PUCK",
    "VIOLA",
    "FISH",
    "HOCKEY",
    "MEMORY",
    "SELFIE",
    "ALTAR",
    "RELIQUARY",
    "SHRINE",
    "TEMPLE"
  ],
  "adjacency_matrix": [
    [
      1.0,
      0.19343289732933044,
      0.19562315940856934,
      0.30909425020217896,
      0.15698818862438202,
      0.13624195754528046,
      0.15547989308834076,
      0.08964990079402924,
      0.2448253482580185,
      0.2372947782278061,
      0.3441965878009796,
      0.2170117050409317,
      0.24833501875400543,
      0.32176148891448975,
      0.2581496238708496,
      0.2421363741159439
    ],
    [
      0.19343289732933044,
      0.9999999403953552,
      0.3315342366695404,
      0.22430583834648132,
      0.18745267391204834,
      0.24001523852348328,
      0.27180948853492737,
      0.1421017348766327,
      0.26285696029663086,
      0.21908660233020782,
      0.22047045826911926,
      0.24755623936653137,
      0.27512797713279724,
      0.22620631754398346,
      0.17778371274471283,
      0.1565229892730713
    ],
    [
      0.19562315940856934,
      0.3315342366695404,
      1.0,
      0.28206220269203186,
      0.30320635437965393,
      0.2290969341993332,
      0.24932853877544403,
      0.23721098899841309,
      0.2467261403799057,
      0.19513414800167084,
      0.24019120633602142,
      0.3454841673374176,
      0.17114490270614624,
      0.18206296861171722,
      0.19283168017864227,
      0.14132905006408691
    ],
    [
      0.30909425020217896,
      0.22430583834648132,
      0.28206220269203186,
      1.0,
      0.3070458769798279,
      0.2768074572086334,
      0.17746929824352264,
      0.27371618151664734,
      0.3051581382751465,
      0.26386332511901855,
      0.2254563868045807,
      0.3227076530456543,
      0.25598859786987305,
      0.2969033122062683,
      0.27236902713775635,
      0.2497006207704544
    ],
    [
      0.15698818862438202,
      0.18745267391204834,
      0.30320635437965393,
      0.3070458769798279,
      1.0,
      0.4906611442565918,
      0.29536062479019165,
      0.38742396235466003,
      0.3476846516132355,
      0.3020012676715851,
      0.22833208739757538,
      0.271170049905777,
      0.24864329397678375,
      0.24288702011108398,
      0.32316306233406067,
      0.3188178539276123
    ],
    [
      0.13624195754528046,
      0.24001523852348328,
      0.2290969341993332,
      0.2768074572086334,
      0.4906611442565918,
      1.0,
      0.2104378044605255,
      0.30627015233039856,
      0.2685536742210388,
      0.2691706120967865,
      0.17630721628665924,
      0.22409537434577942,
      0.2626342177391052,
      0.17291288077831268,
      0.24168109893798828,
      0.2669691741466522
    ],
    [
      0.15547989308834076,
      0.27180948853492737,
      0.24932853877544403,
      0.17746929824352264,
      0.29536062479019165,
      0.2104378044605255,
      1.0,
      0.18112099170684814,
      0.26228442788124084,
      0.6228229999542236,
      0.23782841861248016,
      0.30586522817611694,
      0.2577829957008362,
      0.2576589286327362,
      0.23029853403568268,
      0.20172807574272156
    ],
    [
      0.08964990079402924,
      0.1421017348766327,
      0.23721098899841309,
      0.27371618151664734,
      0.38742396235466003,
      0.30627015233039856,
      0.18112099170684814,
      1.0,
      0.2857396900653839,
      0.2722499668598175,
      0.2411300241947174,
      0.21206051111221313,
      0.33672448992729187,
      0.2522837817668915,
      0.29684463143348694,
      0.23998047411441803
    ],
    [
      0.2448253482580185,
      0.26285696029663086,
      0.2467261403799057,
      0.3051581382751465,
      0.3476846516132355,
      0.2685536742210388,
      0.26228442788124084,
      0.2857396900653839,
      1.0,
      0.3136701285839081,
      0.3007398545742035,
      0.24719281494617462,
      0.27015388011932373,
      0.3314957618713379,
      0.352811336517334,
      0.3190070688724518
    ],
    [
      0.2372947782278061,
      0.21908660233020782,
      0.19513414800167084,
      0.26386332511901855,
      0.3020012676715851,
      0.2691706120967865,
      0.6228229999542236,
      0.2722499668598175,
      0.3136701285839081,
      1.0,
      0.2979806661605835,
      0.26296907663345337,
      0.2517399787902832,
      0.2451799064874649,
      0.3085132837295532,
      0.2849447429180145
    ],
    [
      0.3441965878009796,
      0.22047045826911926,
      0.24019120633602142,
      0.2254563868045807,
      0.22833208739757538,
      0.17630721628665924,
      0.23782841861248016,
      0.2411300241947174,
      0.3007398545742035,
      0.2979806661605835,
      1.0,
      0.25325074791908264,
      0.34300974011421204,
      0.3702823519706726,
      0.41556909680366516,
      0.3459211587905884
    ],
    [
      0.2170117050409317,
      0.24755623936653137,
      0.3454841673374176,
      0.3227076530456543,
      0.271170049905777,
      0.22409537434577942,
      0.30586522817611694,
      0.21206051111221313,
      0.24719281494617462,
      0.26296907663345337,
      0.25325074791908264,
      1.0,
      0.2855367660522461,
      0.24486704170703888,
      0.2917727828025818,
      0.21672239899635315
    ],
    [
      0.24833501875400543,
      0.27512797713279724,
      0.17114490270614624,
      0.25598859786987305,
      0.24864329397678375,
      0.2626342177391052,
      0.2577829957008362,
      0.33672448992729187,
      0.27015388011932373,
      0.2517399787902832,
      0.34300974011421204,
      0.2855367660522461,
      1.0,
      0.5353564620018005,
      0.5955131649971008,
      0.5889638066291809
    ],
    [
      0.32176148891448975,
      0.22620631754398346,
      0.18206296861171722,
      0.2969033122062683,
      0.24288702011108398,
      0.17291288077831268,
      0.2576589286327362,
      0.2522837817668915,
      0.3314957618713379,
      0.2451799064874649,
      0.3702823519706726,
      0.24486704170703888,
      0.5353564620018005,
      1.0,
      0.618860125541687,
      0.4649088978767395
    ],
    [
      0.2581496238708496,
      0.17778371274471283,
      0.19283168017864227,
      0.27236902713775635,
      0.32316306233406067,
      0.24168109893798828,
      0.23029853403568268,
      0.29684463143348694,
      0.352811336517334,
      0.3085132837295532,
      0.41556909680366516,
      0.2917727828025818,
      0.5955131649971008,
      0.618860125541687,
      1.0,
      0.7314698100090027
    ],
    [
      0.2421363741159439,
      0.1565229892730713,
      0.14132905006408691,
      0.2497006207704544,
      0.3188178539276123,
      0.2669691741466522,
      0.20172807574272156,
      0.23998047411441803,
      0.3190070688724518,
      0.2849447429180145,
      0.3459211587905884,
      0.21672239899635315,
      0.5889638066291809,
      0.4649088978767395,
      0.7314698100090027,
      1.0
    ]
  ]
}