{
  "game_number": 434,
  "words": [
    "BRIDGE",
    "GIN",
    "SPIT",
    "WAR",
    "BELT",
    "CLOCK",
    "DECK",
    "SLUG",
    "ANCHOR",
    "DRAGON",
    "HEART",
    "ROSE",
    "CRAB",
    "RAY",
    "SPONGE",
    "SQUID"
  ],
  "adjacency_matrix": [
    [
      1.0,
      0.3279234766960144,
      0.3777883052825928,
      0.33322766423225403,
      0.355975478887558,
      0.34107425808906555,
      0.5032383799552917,
      0.31284159421920776,
      0.43456318974494934,
      0.3487853407859802,
      0.4063723087310791,
      0.3284297585487366,
      0.31870728731155396,
      0.1984102725982666,
      0.2975192964076996,
      0.2540450394153595
    ],
    [
      0.3279234766960144,
      1.0,
      0.40585651993751526,
      0.2811742126941681,
      0.29384517669677734,
      0.28557196259498596,
      0.2629106342792511,
      0.3871272802352905,
      0.22060638666152954,
      0.34197381138801575,
      0.29850393533706665,
      0.33074742555618286,
      0.3324933648109436,
      0.27681997418403625,
      0.3590845465660095,
      0.3353051543235779
    ],
    [
      0.3777883052825928,
      0.40585651993751526,
      1.0,
      0.26637375354766846,
      0.35782381892204285,
      0.3112858533859253,
      0.35962000489234924,
      0.4890778064727783,
      0.2818813621997833,
      0.4532739520072937,
      0.3993440866470337,
      0.3157300353050232,
      0.44063302874565125,
      0.3331418037414551,
      0.5193917751312256,
      0.38883593678474426
    ],
    [
      0.33322766423225403,
      0.2811742126941681,
      0.26637375354766846,
      1.0,
      0.2664647102355957,
      0.3329876959323883,
      0.27069705724716187,
      0.24971771240234375,
      0.20936016738414764,
      0.321746289730072,
      0.4101046621799469,
      0.29659926891326904,
      0.2276240885257721,
      0.17284998297691345,
      0.22090676426887512,
      0.2204718291759491
    ],
    [
      0.355975478887558,
      0.29384517669677734,
      0.35782381892204285,
      0.2664647102355957,
      0.9999999403953552,
      0.3062940239906311,
      0.3686036467552185,
      0.37851032614707947,
      0.3353426456451416,
      0.33641478419303894,
      0.35623660683631897,
      0.34450995922088623,
      0.36926570534706116,
      0.27075567841529846,
      0.3710106909275055,
      0.21782222390174866
    ],
    [
      0.34107425808906555,
      0.28557196259498596,
      0.3112858533859253,
      0.3329876959323883,
      0.3062940239906311,
      1.0,
      0.30529266595840454,
      0.2865886688232422,
      0.3459591865539551,
      0.3429834246635437,
      0.3860560953617096,
      0.3306328356266022,
      0.3454539477825165,
      0.30848562717437744,
      0.3331698179244995,
      0.27351680397987366
    ],
    [
      0.5032383799552917,
      0.2629106342792511,
      0.35962000489234924,
      0.27069705724716187,
      0.3686036467552185,
      0.30529266595840454,
      1.0,
      0.3120371699333191,
      0.3776851296424866,
      0.3734101951122284,
      0.312661737203598,
      0.35893991589546204,
      0.3854028880596161,
      0.23047824203968048,
      0.32470524311065674,
      0.3063543438911438
    ],
    [
      0.31284159421920776,
      0.3871272802352905,
      0.4890778064727783,
      0.24971771240234375,
      0.37851032614707947,
      0.2865886688232422,
      0.3120371699333191,
      1.0,
      0.34848034381866455,
      0.4353708028793335,
      0.3638220429420471,
      0.3119956851005554,
      0.506675660610199,
      0.42173489928245544,
      0.5508567690849304,
      0.5172514915466309
    ],
    [
      0.43456318974494934,
      0.22060638666152954,
      0.2818813621997833,
      0.20936016738414764,
      0.3353426456451416,
      0.3459591865539551,
      0.3776851296424866,
      0.34848034381866455,
      1.0,
      0.3107888400554657,
      0.3526773154735565,
      0.27801981568336487,
      0.3245064914226532,
      0.2437678426504135,
      0.3688064515590668,
      0.317598432302475
    ],
    [
      0.3487853407859802,
      0.34197381138801575,
      0.4532739520072937,
      0.321746289730072,
      0.33641478419303894,
      0.3429834246635437,
      0.3734101951122284,
      0.4353708028793335,
      0.3107888400554657,
      1.0,
      0.40194442868232727,
      0.3886139392852783,
      0.5019593834877014,
      0.38981762528419495,
      0.3789215683937073,
      0.47781527042388916
    ],
    [
      0.4063723087310791,
      0.29850393533706665,
      0.3993440866470337,
      0.4101046621799469,
      0.35623660683631897,
      0.3860560953617096,
      0.312661737203598,
      0.3638220429420471,
      0.3526773154735565,
      0.40194442868232727,
      1.0,
      0.3593723177909851,
      0.2918333411216736,
      0.3420574963092804,
      0.35157281160354614,
      0.3004249632358551
    ],
    [
      0.3284297585487366,
      0.33074742555618286,
      0.3157300353050232,
      0.29659926891326904,
      0.34450995922088623,
      0.3306328356266022,
      0.35893991589546204,
      0.3119956851005554,
      0.27801981568336487,
      0.3886139392852783,
      0.3593723177909851,
      1.0,
      0.3171819746494293,
      0.27313894033432007,
      0.3554712235927582,
      0.22612403333187103
    ],
    [
      0.31870728731155396,
      0.3324933648109436,
      0.44063302874565125,
      0.2276240885257721,
      0.36926570534706116,
      0.3454539477825165,
      0.3854028880596161,
      0.506675660610199,
      0.3245064914226532,
      0.5019593834877014,
      0.2918333411216736,
      0.3171819746494293,
      1.0,
      0.4287230968475342,
      0.5452480912208557,
      0.6020347476005554
    ],
    [
      0.1984102725982666,
      0.27681997418403625,
      0.3331418037414551,
      0.17284998297691345,
      0.27075567841529846,
      0.30848562717437744,
      0.23047824203968048,
      0.42173489928245544,
      0.2437678426504135,
      0.38981762528419495,
      0.3420574963092804,
      0.27313894033432007,
      0.4287230968475342,
      1.0,
      0.41158801317214966,
      0.4084864556789398
    ],
    [
      0.2975192964076996,
      0.3590845465660095,
      0.5193917751312256,
      0.22090676426887512,
      0.3710106909275055,
      0.3331698179244995,
      0.32470524311065674,
      0.5508567690849304,
      0.3688064515590668,
      0.3789215683937073,
      0.35157281160354614,
      0.3554712235927582,
      0.5452480912208557,
      0.41158801317214966,
      0.9999999403953552,
      0.49553918838500977
    ],
    [
      0.2540450394153595,
      0.3353051543235779,
      0.38883593678474426,
      0.2204718291759491,
      0.21782222390174866,
      0.27351680397987366,
      0.3063543438911438,
      0.5172514915466309,
      0.317598432302475,
      0.47781527042388916,
      0.3004249632358551,
      0.22612403333187103,
      0.6020347476005554,
      0.4084864556789398,
      0.49553918838500977,
      1.0
    ]
  ]
}