{
  "game_number": 478,
  "words": [
    "BELLY",
    "CHOP",
    "HOCK",
    "SHOULDER",
    "CROWN",
    "ROBE",
    "TABLET",
    "TORCH",
    "CANDLE",
    "DANDELION",
    "DICE",
    "EYELASH",
    "BOAT",
    "CAR",
    "PLANE",
    "TRAIN"
  ],
  "adjacency_matrix": [
    [
      0.9999999403953552,
      0.42475625872612,
      0.4565458595752716,
      0.5148444175720215,
      0.3967946767807007,
      0.3851556181907654,
      0.3099580407142639,
      0.3644307851791382,
      0.38266807794570923,
      0.35741016268730164,
      0.35128480195999146,
      0.40441447496414185,
      0.4703841805458069,
      0.3874756097793579,
      0.4665330648422241,
      0.4146256446838379
    ],
    [
      0.42475625872612,
      1.0,
      0.44970303773880005,
      0.4551197588443756,
      0.3714885413646698,
      0.2927262783050537,
      0.24229326844215393,
      0.4120092988014221,
      0.3160509467124939,
      0.389787882566452,
      0.3769477605819702,
      0.30343422293663025,
      0.42202556133270264,
      0.3567312955856323,
      0.3648511469364166,
      0.42501214146614075
    ],
    [
      0.4565458595752716,
      0.44970303773880005,
      1.0,
      0.3985006809234619,
      0.3546834886074066,
      0.2627396881580353,
      0.2668953835964203,
      0.2293291836977005,
      0.25583407282829285,
      0.3206854462623596,
      0.2045384645462036,
      0.313595175743103,
      0.38376036286354065,
      0.39058512449264526,
      0.3457033932209015,
      0.3512892425060272
    ],
    [
      0.5148444175720215,
      0.4551197588443756,
      0.3985006809234619,
      1.0,
      0.4528290033340454,
      0.3929545283317566,
      0.33661335706710815,
      0.42936500906944275,
      0.28258416056632996,
      0.34821614623069763,
      0.24038313329219818,
      0.3824666738510132,
      0.33205580711364746,
      0.3822610080242157,
      0.36322304606437683,
      0.3630099892616272
    ],
    [
      0.3967946767807007,
      0.3714885413646698,
      0.3546834886074066,
      0.4528290033340454,
      1.0,
      0.5054055452346802,
      0.3948441445827484,
      0.4339522421360016,
      0.3661978244781494,
      0.40138742327690125,
      0.2360028624534607,
      0.39920365810394287,
      0.310014933347702,
      0.3693971037864685,
      0.3482297658920288,
      0.3379155695438385
    ],
    [
      0.3851556181907654,
      0.2927262783050537,
      0.2627396881580353,
      0.3929545283317566,
      0.5054055452346802,
      1.0,
      0.3189731240272522,
      0.4047739505767822,
      0.3950619101524353,
      0.3525998890399933,
      0.2597275972366333,
      0.27768993377685547,
      0.276498943567276,
      0.30439063906669617,
      0.274396687746048,
      0.35268500447273254
    ],
    [
      0.3099580407142639,
      0.24229326844215393,
      0.2668953835964203,
      0.33661335706710815,
      0.3948441445827484,
      0.3189731240272522,
      0.9999999403953552,
      0.3387901782989502,
      0.3585909903049469,
      0.33896416425704956,
      0.2843615412712097,
      0.28516536951065063,
      0.3386601507663727,
      0.36165180802345276,
      0.384542852640152,
      0.33009448647499084
    ],
    [
      0.3644307851791382,
      0.4120092988014221,
      0.2293291836977005,
      0.42936500906944275,
      0.4339522421360016,
      0.4047739505767822,
      0.3387901782989502,
      1.0,
      0.6016011834144592,
      0.33571258187294006,
      0.19118060171604156,
      0.2770806550979614,
      0.3800991475582123,
      0.39571863412857056,
      0.3519553244113922,
      0.4135090410709381
    ],
    [
      0.38266807794570923,
      0.3160509467124939,
      0.25583407282829285,
      0.28258416056632996,
      0.3661978244781494,
      0.3950619101524353,
      0.3585909903049469,
      0.6016011834144592,
      0.9999999403953552,
      0.3569791913032532,
      0.20772378146648407,
      0.3171214759349823,
      0.3105701804161072,
      0.3253169357776642,
      0.3175414204597473,
      0.36589840054512024
    ],
    [
      0.35741016268730164,
      0.389787882566452,
      0.3206854462623596,
      0.34821614623069763,
      0.40138742327690125,
      0.3525998890399933,
      0.33896416425704956,
      0.33571258187294006,
      0.3569791913032532,
      1.0,
      0.2748579680919647,
      0.3575875759124756,
      0.2389640510082245,
      0.28909337520599365,
      0.2915564775466919,
      0.27818676829338074
    ],
    [
      0.35128480195999146,
      0.3769477605819702,
      0.2045384645462036,
      0.24038313329219818,
      0.2360028624534607,
      0.2597275972366333,
      0.2843615412712097,
      0.19118060171604156,
      0.20772378146648407,
      0.2748579680919647,
      1.0,
      0.20288218557834625,
      0.31224870681762695,
      0.27872779965400696,
      0.3091854155063629,
      0.2405616194009781
    ],
    [
      0.40441447496414185,
      0.30343422293663025,
      0.313595175743103,
      0.3824666738510132,
      0.39920365810394287,
      0.27768993377685547,
      0.28516536951065063,
      0.2770806550979614,
      0.3171214759349823,
      0.3575875759124756,
      0.20288218557834625,
      1.0,
      0.24252575635910034,
      0.23357956111431122,
      0.2428015172481537,
      0.22939424216747284
    ],
    [
      0.4703841805458069,
      0.42202556133270264,
      0.38376036286354065,
      0.33205580711364746,
      0.310014933347702,
      0.276498943567276,
      0.3386601507663727,
      0.3800991475582123,
      0.3105701804161072,
      0.2389640510082245,
      0.31224870681762695,
      0.24252575635910034,
      0.9999998807907104,
      0.5858569741249084,
      0.571226179599762,
      0.4844883382320404
    ],
    [
      0.3874756097793579,
      0.3567312955856323,
      0.39058512449264526,
      0.3822610080242157,
      0.3693971037864685,
      0.30439063906669617,
      0.36165180802345276,
      0.39571863412857056,
      0.3253169357776642,
      0.28909337520599365,
      0.27872779965400696,
      0.23357956111431122,
      0.5858569741249084,
      1.0,
      0.5511772036552429,
      0.5546691417694092
    ],
    [
      0.4665330648422241,
      0.3648511469364166,
      0.3457033932209015,
      0.36322304606437683,
      0.3482297658920288,
      0.274396687746048,
      0.384542852640152,
      0.3519553244113922,
      0.3175414204597473,
      0.2915564775466919,
      0.3091854155063629,
      0.2428015172481537,
      0.571226179599762,
      0.5511772036552429,
      1.0,
      0.5371501445770264
    ],
    [
      0.4146256446838379,
      0.42501214146614075,
      0.3512892425060272,
      0.3630099892616272,
      0.3379155695438385,
      0.35268500447273254,
      0.33009448647499084,
      0.4135090410709381,
      0.36589840054512024,
      0.27818676829338074,
      0.2405616194009781,
      0.22939424216747284,
      0.4844883382320404,
      0.5546691417694092,
      0.5371501445770264,
      1.0
    ]
  ]
}