{
  "game_number": 212,
  "words": [
    "CLAM",
    "EGG",
    "NUT",
    "TURTLE",
    "DONKEY",
    "DRAGON",
    "OGRE",
    "PRINCESS",
    "CARPET",
    "KINGDOM",
    "MARKER",
    "MUSHROOM",
    "FURNISH",
    "OUTFIT",
    "PROVISION",
    "STOCK"
  ],
  "adjacency_matrix": [
    [
      1.0,
      0.4179328382015228,
      0.45040321350097656,
      0.5033355355262756,
      0.32751786708831787,
      0.3353937864303589,
      0.16815772652626038,
      0.3216570019721985,
      0.31167513132095337,
      0.28449559211730957,
      0.2826160192489624,
      0.3649137020111084,
      0.2815157175064087,
      0.2827247679233551,
      0.2507631182670593,
      0.3424797058105469
    ],
    [
      0.4179328382015228,
      1.0,
      0.37394800782203674,
      0.5720439553260803,
      0.3643623888492584,
      0.46342673897743225,
      0.2810856103897095,
      0.3261379897594452,
      0.33285173773765564,
      0.28143373131752014,
      0.33312368392944336,
      0.46370503306388855,
      0.2330387979745865,
      0.2764582335948944,
      0.21521522104740143,
      0.33707839250564575
    ],
    [
      0.45040321350097656,
      0.37394800782203674,
      1.0,
      0.38684380054473877,
      0.40349334478378296,
      0.3477326035499573,
      0.2821381390094757,
      0.34156131744384766,
      0.3313201367855072,
      0.25623223185539246,
      0.29970213770866394,
      0.43875983357429504,
      0.23857414722442627,
      0.3191363215446472,
      0.18909576535224915,
      0.3680630326271057
    ],
    [
      0.5033355355262756,
      0.5720439553260803,
      0.38684380054473877,
      1.0,
      0.5021717548370361,
      0.530131995677948,
      0.26940158009529114,
      0.4049149453639984,
      0.33536234498023987,
      0.29670023918151855,
      0.3968390226364136,
      0.42306163907051086,
      0.22276823222637177,
      0.30624324083328247,
      0.2326725423336029,
      0.34591779112815857
    ],
    [
      0.32751786708831787,
      0.3643623888492584,
      0.40349334478378296,
      0.5021717548370361,
      1.0,
      0.48254042863845825,
      0.4296087622642517,
      0.4189019203186035,
      0.35004177689552307,
      0.354274183511734,
      0.31459441781044006,
      0.3326462209224701,
      0.23070324957370758,
      0.39413297176361084,
      0.24737441539764404,
      0.3465821444988251
    ],
    [
      0.3353937864303589,
      0.46342673897743225,
      0.3477326035499573,
      0.530131995677948,
      0.48254042863845825,
      1.0,
      0.5620084404945374,
      0.5438648462295532,
      0.39281269907951355,
      0.44441136717796326,
      0.3325955867767334,
      0.4849376976490021,
      0.25865399837493896,
      0.36162441968917847,
      0.20027931034564972,
      0.2940908372402191
    ],
    [
      0.16815772652626038,
      0.2810856103897095,
      0.2821381390094757,
      0.26940158009529114,
      0.4296087622642517,
      0.5620084404945374,
      0.9999999403953552,
      0.49207043647766113,
      0.22119799256324768,
      0.24001389741897583,
      0.15258905291557312,
      0.3084803521633148,
      0.08742726594209671,
      0.2680266797542572,
      0.07337231934070587,
      0.18116183578968048
    ],
    [
      0.3216570019721985,
      0.3261379897594452,
      0.34156131744384766,
      0.4049149453639984,
      0.4189019203186035,
      0.5438648462295532,
      0.49207043647766113,
      0.9999999403953552,
      0.3794558048248291,
      0.5667609572410583,
      0.2846083641052246,
      0.2912593185901642,
      0.29506057500839233,
      0.4455063045024872,
      0.2606472373008728,
      0.345713347196579
    ],
    [
      0.31167513132095337,
      0.33285173773765564,
      0.3313201367855072,
      0.33536234498023987,
      0.35004177689552307,
      0.39281269907951355,
      0.22119799256324768,
      0.3794558048248291,
      1.0,
      0.3374808430671692,
      0.2989892065525055,
      0.34797409176826477,
      0.311209112405777,
      0.4014993906021118,
      0.28917020559310913,
      0.35068759322166443
    ],
    [
      0.28449559211730957,
      0.28143373131752014,
      0.25623223185539246,
      0.29670023918151855,
      0.354274183511734,
      0.44441136717796326,
      0.24001389741897583,
      0.5667609572410583,
      0.3374808430671692,
      1.0,
      0.2737202048301697,
      0.29382646083831787,
      0.2928980886936188,
      0.34440556168556213,
      0.30738696455955505,
      0.3510025441646576
    ],
    [
      0.2826160192489624,
      0.33312368392944336,
      0.29970213770866394,
      0.3968390226364136,
      0.31459441781044006,
      0.3325955867767334,
      0.15258905291557312,
      0.2846083641052246,
      0.2989892065525055,
      0.2737202048301697,
      1.0,
      0.2926084101200104,
      0.2706799805164337,
      0.27845409512519836,
      0.32272785902023315,
      0.36121028661727905
    ],
    [
      0.3649137020111084,
      0.46370503306388855,
      0.43875983357429504,
      0.42306163907051086,
      0.3326462209224701,
      0.4849376976490021,
      0.3084803521633148,
      0.2912593185901642,
      0.34797409176826477,
      0.29382646083831787,
      0.2926084101200104,
      1.0,
      0.2591591477394104,
      0.34812068939208984,
      0.2900671064853668,
      0.3287791609764099
    ],
    [
      0.2815157175064087,
      0.2330387979745865,
      0.23857414722442627,
      0.22276823222637177,
      0.23070324957370758,
      0.25865399837493896,
      0.08742726594209671,
      0.29506057500839233,
      0.311209112405777,
      0.2928980886936188,
      0.2706799805164337,
      0.2591591477394104,
      1.0000001192092896,
      0.39672762155532837,
      0.41714709997177124,
      0.3979890048503876
    ],
    [
      0.2827247679233551,
      0.2764582335948944,
      0.3191363215446472,
      0.30624324083328247,
      0.39413297176361084,
      0.36162441968917847,
      0.2680266797542572,
      0.4455063045024872,
      0.4014993906021118,
      0.34440556168556213,
      0.27845409512519836,
      0.34812068939208984,
      0.39672762155532837,
      1.0,
      0.3486291468143463,
      0.452400267124176
    ],
    [
      0.2507631182670593,
      0.21521522104740143,
      0.18909576535224915,
      0.2326725423336029,
      0.24737441539764404,
      0.20027931034564972,
      0.07337231934070587,
      0.2606472373008728,
      0.28917020559310913,
      0.30738696455955505,
      0.32272785902023315,
      0.2900671064853668,
      0.41714709997177124,
      0.3486291468143463,
      1.0,
      0.3655156195163727
    ],
    [
      0.3424797058105469,
      0.33707839250564575,
      0.3680630326271057,
      0.34591779112815857,
      0.3465821444988251,
      0.2940908372402191,
      0.18116183578968048,
      0.345713347196579,
      0.35068759322166443,
      0.3510025441646576,
      0.36121028661727905,
      0.3287791609764099,
      0.3979890048503876,
      0.452400267124176,
      0.3655156195163727,
      0.9999999403953552
    ]
  ]
}