{
  "game_number": 422,
  "words": [
    "BRASS",
    "RHYTHM",
    "STRING",
    "WIND",
    "BEAD",
    "DROP",
    "GLOB",
    "TEAR",
    "BEAT",
    "CHARRED",
    "LEAK",
    "PEE",
    "KINDLING",
    "LOG",
    "MATCH",
    "TINDER"
  ],
  "adjacency_matrix": [
    [
      1.0,
      0.3633895218372345,
      0.507488489151001,
      0.40659719705581665,
      0.5402262210845947,
      0.3586272597312927,
      0.3401266038417816,
      0.3319202661514282,
      0.37956729531288147,
      0.31895527243614197,
      0.32825976610183716,
      0.2779396176338196,
      0.27071666717529297,
      0.22410783171653748,
      0.26757827401161194,
      0.35974958539009094
    ],
    [
      0.3633895218372345,
      1.0,
      0.3623809814453125,
      0.37972912192344666,
      0.39190927147865295,
      0.2975051701068878,
      0.18975335359573364,
      0.26447489857673645,
      0.5447112917900085,
      0.1541430652141571,
      0.195119708776474,
      0.27339011430740356,
      0.2914761006832123,
      0.2724621295928955,
      0.34262698888778687,
      0.19339366257190704
    ],
    [
      0.507488489151001,
      0.3623809814453125,
      1.0,
      0.4270698130130768,
      0.4827616214752197,
      0.3958944082260132,
      0.48372626304626465,
      0.3205015957355499,
      0.3756774961948395,
      0.2930697798728943,
      0.3714505434036255,
      0.24152745306491852,
      0.29527243971824646,
      0.28655189275741577,
      0.42885181307792664,
      0.33949902653694153
    ],
    [
      0.40659719705581665,
      0.37972912192344666,
      0.4270698130130768,
      1.0000001192092896,
      0.3837316334247589,
      0.4255823493003845,
      0.3044036626815796,
      0.3976324796676636,
      0.4520784914493561,
      0.2830992639064789,
      0.35683584213256836,
      0.3170219957828522,
      0.29859820008277893,
      0.23604120314121246,
      0.31123486161231995,
      0.3080369234085083
    ],
    [
      0.5402262210845947,
      0.39190927147865295,
      0.4827616214752197,
      0.3837316334247589,
      1.0,
      0.4080395996570587,
      0.3999813497066498,
      0.40472668409347534,
      0.39634284377098083,
      0.25421714782714844,
      0.2824278473854065,
      0.2941538393497467,
      0.28392621874809265,
      0.24526694416999817,
      0.307742178440094,
      0.2786925137042999
    ],
    [
      0.3586272597312927,
      0.2975051701068878,
      0.3958944082260132,
      0.4255823493003845,
      0.4080395996570587,
      1.0,
      0.35256442427635193,
      0.5001218318939209,
      0.48719215393066406,
      0.2744917869567871,
      0.4579048156738281,
      0.4104759097099304,
      0.25342798233032227,
      0.36940905451774597,
      0.4456898272037506,
      0.31369441747665405
    ],
    [
      0.3401266038417816,
      0.18975335359573364,
      0.48372626304626465,
      0.3044036626815796,
      0.3999813497066498,
      0.35256442427635193,
      1.0,
      0.30888062715530396,
      0.27129340171813965,
      0.3033568263053894,
      0.2594120502471924,
      0.34671759605407715,
      0.2699311375617981,
      0.18992815911769867,
      0.31508538126945496,
      0.3929601311683655
    ],
    [
      0.3319202661514282,
      0.26447489857673645,
      0.3205015957355499,
      0.3976324796676636,
      0.40472668409347534,
      0.5001218318939209,
      0.30888062715530396,
      1.0,
      0.4233051836490631,
      0.3421604633331299,
      0.4792354702949524,
      0.3902032971382141,
      0.3512628376483917,
      0.29070714116096497,
      0.3402036428451538,
      0.3053342401981354
    ],
    [
      0.37956729531288147,
      0.5447112917900085,
      0.3756774961948395,
      0.4520784914493561,
      0.39634284377098083,
      0.48719215393066406,
      0.27129340171813965,
      0.4233051836490631,
      1.0,
      0.2895146608352661,
      0.3123828172683716,
      0.37006711959838867,
      0.2768799960613251,
      0.3605498671531677,
      0.5373715162277222,
      0.2772650122642517
    ],
    [
      0.31895527243614197,
      0.1541430652141571,
      0.2930697798728943,
      0.2830992639064789,
      0.25421714782714844,
      0.2744917869567871,
      0.3033568263053894,
      0.3421604633331299,
      0.2895146608352661,
      0.9999999403953552,
      0.25790533423423767,
      0.2264430671930313,
      0.3562820553779602,
      0.2670126259326935,
      0.261821985244751,
      0.425597608089447
    ],
    [
      0.32825976610183716,
      0.195119708776474,
      0.3714505434036255,
      0.35683584213256836,
      0.2824278473854065,
      0.4579048156738281,
      0.2594120502471924,
      0.4792354702949524,
      0.3123828172683716,
      0.25790533423423767,
      1.0,
      0.3548485040664673,
      0.2989434003829956,
      0.32690539956092834,
      0.365390807390213,
      0.3225889801979065
    ],
    [
      0.2779396176338196,
      0.27339011430740356,
      0.24152745306491852,
      0.3170219957828522,
      0.2941538393497467,
      0.4104759097099304,
      0.34671759605407715,
      0.3902032971382141,
      0.37006711959838867,
      0.2264430671930313,
      0.3548485040664673,
      1.0,
      0.14386431872844696,
      0.27457350492477417,
      0.21532918512821198,
      0.26492342352867126
    ],
    [
      0.27071666717529297,
      0.2914761006832123,
      0.29527243971824646,
      0.29859820008277893,
      0.28392621874809265,
      0.25342798233032227,
      0.2699311375617981,
      0.3512628376483917,
      0.2768799960613251,
      0.3562820553779602,
      0.2989434003829956,
      0.14386431872844696,
      1.0,
      0.2304619699716568,
      0.24945127964019775,
      0.6369224786758423
    ],
    [
      0.22410783171653748,
      0.2724621295928955,
      0.28655189275741577,
      0.23604120314121246,
      0.24526694416999817,
      0.36940905451774597,
      0.18992815911769867,
      0.29070714116096497,
      0.3605498671531677,
      0.2670126259326935,
      0.32690539956092834,
      0.27457350492477417,
      0.2304619699716568,
      1.0,
      0.359807550907135,
      0.2858308255672455
    ],
    [
      0.26757827401161194,
      0.34262698888778687,
      0.42885181307792664,
      0.31123486161231995,
      0.307742178440094,
      0.4456898272037506,
      0.31508538126945496,
      0.3402036428451538,
      0.5373715162277222,
      0.261821985244751,
      0.365390807390213,
      0.21532918512821198,
      0.24945127964019775,
      0.359807550907135,
      1.0,
      0.35574695467948914
    ],
    [
      0.35974958539009094,
      0.19339366257190704,
      0.33949902653694153,
      0.3080369234085083,
      0.2786925137042999,
      0.31369441747665405,
      0.3929601311683655,
      0.3053342401981354,
      0.2772650122642517,
      0.425597608089447,
      0.3225889801979065,
      0.26492342352867126,
      0.6369224786758423,
      0.2858308255672455,
      0.35574695467948914,
      1.0
    ]
  ]
}