{
  "game_number": 406,
  "words": [
    "BLOCK",
    "COVER",
    "HIDE",
    "OBSCURE",
    "COMMAND",
    "CONTROL",
    "OPTION",
    "SHIFT",
    "BLANK",
    "FLAKE",
    "FORGET",
    "SPACE",
    "DOWN",
    "INHALE",
    "SCARF",
    "WOLF"
  ],
  "adjacency_matrix": [
    [
      1.0,
      0.42307281494140625,
      0.43390804529190063,
      0.34373795986175537,
      0.37333235144615173,
      0.47586196660995483,
      0.44454023241996765,
      0.4204220771789551,
      0.47009530663490295,
      0.4035453200340271,
      0.3271426260471344,
      0.4705590605735779,
      0.44564661383628845,
      0.2333371341228485,
      0.3503711521625519,
      0.2589752972126007
    ],
    [
      0.42307281494140625,
      1.0,
      0.5821937322616577,
      0.4798407554626465,
      0.3669859766960144,
      0.487414687871933,
      0.42779141664505005,
      0.3719736337661743,
      0.44391363859176636,
      0.35530930757522583,
      0.4245540201663971,
      0.42550814151763916,
      0.43232014775276184,
      0.2475191354751587,
      0.43436241149902344,
      0.22666329145431519
    ],
    [
      0.43390804529190063,
      0.5821937322616577,
      1.0,
      0.5338243842124939,
      0.33617690205574036,
      0.45678338408470154,
      0.3875373601913452,
      0.3808729946613312,
      0.4672723412513733,
      0.3563258945941925,
      0.5389684438705444,
      0.33019500970840454,
      0.43980613350868225,
      0.291198194026947,
      0.4282433092594147,
      0.3040821850299835
    ],
    [
      0.34373795986175537,
      0.4798407554626465,
      0.5338243842124939,
      1.0,
      0.2783557176589966,
      0.35883599519729614,
      0.2766514718532562,
      0.315598726272583,
      0.43591931462287903,
      0.3007783591747284,
      0.46651574969291687,
      0.3619595468044281,
      0.36854878067970276,
      0.22917062044143677,
      0.3052005171775818,
      0.1923965960741043
    ],
    [
      0.37333235144615173,
      0.3669859766960144,
      0.33617690205574036,
      0.2783557176589966,
      0.9999999403953552,
      0.6006093621253967,
      0.45788291096687317,
      0.3811865448951721,
      0.360638827085495,
      0.23235046863555908,
      0.3783958852291107,
      0.4054059386253357,
      0.35594624280929565,
      0.19942861795425415,
      0.2938138544559479,
      0.2686254382133484
    ],
    [
      0.47586196660995483,
      0.487414687871933,
      0.45678338408470154,
      0.35883599519729614,
      0.6006093621253967,
      0.9999999403953552,
      0.4453292191028595,
      0.4702681601047516,
      0.3589252829551697,
      0.3534119725227356,
      0.4014279246330261,
      0.46990159153938293,
      0.4673469066619873,
      0.2536962926387787,
      0.316498339176178,
      0.28055816888809204
    ],
    [
      0.44454023241996765,
      0.42779141664505005,
      0.3875373601913452,
      0.2766514718532562,
      0.45788291096687317,
      0.4453292191028595,
      0.9999999403953552,
      0.3800828754901886,
      0.39957723021507263,
      0.3097802698612213,
      0.35599517822265625,
      0.38495954871177673,
      0.2844424843788147,
      0.19336429238319397,
      0.3518170714378357,
      0.2177990972995758
    ],
    [
      0.4204220771789551,
      0.3719736337661743,
      0.3808729946613312,
      0.315598726272583,
      0.3811865448951721,
      0.4702681601047516,
      0.3800828754901886,
      1.0,
      0.3155021369457245,
      0.36213675141334534,
      0.3613990545272827,
      0.4160561263561249,
      0.4184395372867584,
      0.1510845273733139,
      0.30485251545906067,
      0.25831881165504456
    ],
    [
      0.47009530663490295,
      0.44391363859176636,
      0.4672723412513733,
      0.43591931462287903,
      0.360638827085495,
      0.3589252829551697,
      0.39957723021507263,
      0.3155021369457245,
      1.0,
      0.41927003860473633,
      0.42237696051597595,
      0.4231164753437042,
      0.40898892283439636,
      0.24132297933101654,
      0.36381685733795166,
      0.20570430159568787
    ],
    [
      0.4035453200340271,
      0.35530930757522583,
      0.3563258945941925,
      0.3007783591747284,
      0.23235046863555908,
      0.3534119725227356,
      0.3097802698612213,
      0.36213675141334534,
      0.41927003860473633,
      1.0,
      0.29864951968193054,
      0.27978163957595825,
      0.3692754805088043,
      0.2855069935321808,
      0.3552555739879608,
      0.31983551383018494
    ],
    [
      0.3271426260471344,
      0.4245540201663971,
      0.5389684438705444,
      0.46651574969291687,
      0.3783958852291107,
      0.4014279246330261,
      0.35599517822265625,
      0.3613990545272827,
      0.42237696051597595,
      0.29864951968193054,
      1.0,
      0.3266318738460541,
      0.411040723323822,
      0.35444462299346924,
      0.33354225754737854,
      0.16068430244922638
    ],
    [
      0.4705590605735779,
      0.42550814151763916,
      0.33019500970840454,
      0.3619595468044281,
      0.4054059386253357,
      0.46990159153938293,
      0.38495954871177673,
      0.4160561263561249,
      0.4231164753437042,
      0.27978163957595825,
      0.3266318738460541,
      1.0,
      0.3631031811237335,
      0.2752813696861267,
      0.29416921734809875,
      0.2355853021144867
    ],
    [
      0.44564661383628845,
      0.43232014775276184,
      0.43980613350868225,
      0.36854878067970276,
      0.35594624280929565,
      0.4673469066619873,
      0.2844424843788147,
      0.4184395372867584,
      0.40898892283439636,
      0.3692754805088043,
      0.411040723323822,
      0.3631031811237335,
      1.0,
      0.2288365662097931,
      0.33107057213783264,
      0.27983492612838745
    ],
    [
      0.2333371341228485,
      0.2475191354751587,
      0.291198194026947,
      0.22917062044143677,
      0.19942861795425415,
      0.2536962926387787,
      0.19336429238319397,
      0.1510845273733139,
      0.24132297933101654,
      0.2855069935321808,
      0.35444462299346924,
      0.2752813696861267,
      0.2288365662097931,
      1.0,
      0.26806551218032837,
      0.15022265911102295
    ],
    [
      0.3503711521625519,
      0.43436241149902344,
      0.4282433092594147,
      0.3052005171775818,
      0.2938138544559479,
      0.316498339176178,
      0.3518170714378357,
      0.30485251545906067,
      0.36381685733795166,
      0.3552555739879608,
      0.33354225754737854,
      0.29416921734809875,
      0.33107057213783264,
      0.26806551218032837,
      0.9999999403953552,
      0.3690304160118103
    ],
    [
      0.2589752972126007,
      0.22666329145431519,
      0.3040821850299835,
      0.1923965960741043,
      0.2686254382133484,
      0.28055816888809204,
      0.2177990972995758,
      0.25831881165504456,
      0.20570430159568787,
      0.31983551383018494,
      0.16068430244922638,
      0.2355853021144867,
      0.27983492612838745,
      0.15022265911102295,
      0.3690304160118103,
      1.0
    ]
  ]
}