{
  "game_number": 295,
  "words": [
    "FAIR",
    "FINE",
    "GOOD",
    "MINT",
    "BUSINESS",
    "FIELD",
    "LINE",
    "TRADE",
    "BRAZIL",
    "BUTTER",
    "DOUGH",
    "PINE",
    "GIANT",
    "MAMMOTH",
    "MONSTER",
    "TITANIC"
  ],
  "adjacency_matrix": [
    [
      1.0,
      0.5595846772193909,
      0.673826277256012,
      0.2942753732204437,
      0.4094124138355255,
      0.3494845926761627,
      0.36970970034599304,
      0.4576144218444824,
      0.2524377107620239,
      0.31161901354789734,
      0.33829644322395325,
      0.22657309472560883,
      0.3072940707206726,
      0.255024790763855,
      0.31263232231140137,
      0.21228045225143433
    ],
    [
      0.5595846772193909,
      1.0,
      0.6694576144218445,
      0.40600553154945374,
      0.46213531494140625,
      0.429258793592453,
      0.49419036507606506,
      0.3948250114917755,
      0.24662208557128906,
      0.29135119915008545,
      0.3951044976711273,
      0.33599984645843506,
      0.39857110381126404,
      0.37798675894737244,
      0.3391903340816498,
      0.3118760883808136
    ],
    [
      0.673826277256012,
      0.6694576144218445,
      1.0,
      0.33194470405578613,
      0.5355125069618225,
      0.4044839143753052,
      0.42436283826828003,
      0.44137266278266907,
      0.2787342369556427,
      0.32712507247924805,
      0.41025716066360474,
      0.27710163593292236,
      0.36527037620544434,
      0.27996689081192017,
      0.3762519359588623,
      0.26176443696022034
    ],
    [
      0.2942753732204437,
      0.40600553154945374,
      0.33194470405578613,
      1.0,
      0.3680952787399292,
      0.34035181999206543,
      0.34847769141197205,
      0.40894073247909546,
      0.33661288022994995,
      0.3848947584629059,
      0.3363656997680664,
      0.3774472773075104,
      0.3275371491909027,
      0.31812745332717896,
      0.27425262331962585,
      0.22081300616264343
    ],
    [
      0.4094124138355255,
      0.46213531494140625,
      0.5355125069618225,
      0.3680952787399292,
      1.0,
      0.5560498237609863,
      0.49391934275627136,
      0.6616775393486023,
      0.26812106370925903,
      0.29687970876693726,
      0.3502175211906433,
      0.30043619871139526,
      0.4278893768787384,
      0.3909904658794403,
      0.33366504311561584,
      0.3247705399990082
    ],
    [
      0.3494845926761627,
      0.429258793592453,
      0.4044839143753052,
      0.34035181999206543,
      0.5560498237609863,
      0.9999999403953552,
      0.5537582635879517,
      0.4438115656375885,
      0.32782548666000366,
      0.21957094967365265,
      0.259359210729599,
      0.3456430733203888,
      0.3650181293487549,
      0.3194538354873657,
      0.33417657017707825,
      0.2748977243900299
    ],
    [
      0.36970970034599304,
      0.49419036507606506,
      0.42436283826828003,
      0.34847769141197205,
      0.49391934275627136,
      0.5537582635879517,
      1.0,
      0.410597562789917,
      0.23218077421188354,
      0.3250825107097626,
      0.3261249363422394,
      0.36052682995796204,
      0.37746256589889526,
      0.33998528122901917,
      0.3752659857273102,
      0.330032080411911
    ],
    [
      0.4576144218444824,
      0.3948250114917755,
      0.44137266278266907,
      0.40894073247909546,
      0.6616775393486023,
      0.4438115656375885,
      0.410597562789917,
      1.0,
      0.33780577778816223,
      0.36485525965690613,
      0.24796977639198303,
      0.3239072263240814,
      0.378528356552124,
      0.3773074150085449,
      0.340740829706192,
      0.2962169647216797
    ],
    [
      0.2524377107620239,
      0.24662208557128906,
      0.2787342369556427,
      0.33661288022994995,
      0.26812106370925903,
      0.32782548666000366,
      0.23218077421188354,
      0.33780577778816223,
      1.0,
      0.2802909314632416,
      0.24566203355789185,
      0.3971810042858124,
      0.30264756083488464,
      0.2213485836982727,
      0.2854078710079193,
      0.2949666380882263
    ],
    [
      0.31161901354789734,
      0.29135119915008545,
      0.32712507247924805,
      0.3848947584629059,
      0.29687970876693726,
      0.21957094967365265,
      0.3250825107097626,
      0.36485525965690613,
      0.2802909314632416,
      1.0,
      0.590248167514801,
      0.3755607306957245,
      0.3147454857826233,
      0.25343552231788635,
      0.32913047075271606,
      0.17004047334194183
    ],
    [
      0.33829644322395325,
      0.3951044976711273,
      0.41025716066360474,
      0.3363656997680664,
      0.3502175211906433,
      0.259359210729599,
      0.3261249363422394,
      0.24796977639198303,
      0.24566203355789185,
      0.590248167514801,
      0.9999999403953552,
      0.3040774464607239,
      0.35046178102493286,
      0.30579134821891785,
      0.3675645589828491,
      0.25493526458740234
    ],
    [
      0.22657309472560883,
      0.33599984645843506,
      0.27710163593292236,
      0.3774472773075104,
      0.30043619871139526,
      0.3456430733203888,
      0.36052682995796204,
      0.3239072263240814,
      0.3971810042858124,
      0.3755607306957245,
      0.3040774464607239,
      1.0,
      0.4195309579372406,
      0.36271366477012634,
      0.35186636447906494,
      0.2883222699165344
    ],
    [
      0.3072940707206726,
      0.39857110381126404,
      0.36527037620544434,
      0.3275371491909027,
      0.4278893768787384,
      0.3650181293487549,
      0.37746256589889526,
      0.378528356552124,
      0.30264756083488464,
      0.3147454857826233,
      0.35046178102493286,
      0.4195309579372406,
      1.0,
      0.6730896830558777,
      0.6366419196128845,
      0.5386843681335449
    ],
    [
      0.255024790763855,
      0.37798675894737244,
      0.27996689081192017,
      0.31812745332717896,
      0.3909904658794403,
      0.3194538354873657,
      0.33998528122901917,
      0.3773074150085449,
      0.2213485836982727,
      0.25343552231788635,
      0.30579134821891785,
      0.36271366477012634,
      0.6730896830558777,
      1.0,
      0.5575475692749023,
      0.5757699608802795
    ],
    [
      0.31263232231140137,
      0.3391903340816498,
      0.3762519359588623,
      0.27425262331962585,
      0.33366504311561584,
      0.33417657017707825,
      0.3752659857273102,
      0.340740829706192,
      0.2854078710079193,
      0.32913047075271606,
      0.3675645589828491,
      0.35186636447906494,
      0.6366419196128845,
      0.5575475692749023,
      1.0,
      0.4963145852088928
    ],
    [
      0.21228045225143433,
      0.3118760883808136,
      0.26176443696022034,
      0.22081300616264343,
      0.3247705399990082,
      0.2748977243900299,
      0.330032080411911,
      0.2962169647216797,
      0.2949666380882263,
      0.17004047334194183,
      0.25493526458740234,
      0.2883222699165344,
      0.5386843681335449,
      0.5757699608802795,
      0.4963145852088928,
      1.0
    ]
  ]
}