{
  "game_number": 247,
  "words": [
    "DISH",
    "DOPE",
    "INFO",
    "SCOOP",
    "BLOOPER",
    "DEMO",
    "HIGHLIGHT",
    "SIZZLE",
    "DROOP",
    "GOOF",
    "LAD",
    "SNOOP",
    "AMP",
    "FIRE",
    "HYPE",
    "PSYCH"
  ],
  "adjacency_matrix": [
    [
      0.9999999403953552,
      0.2632458806037903,
      0.3363594710826874,
      0.5502248406410217,
      0.3884965181350708,
      0.3189363181591034,
      0.39802470803260803,
      0.40643274784088135,
      0.2905256152153015,
      0.3805754780769348,
      0.32971277832984924,
      0.3341791033744812,
      0.2656444013118744,
      0.3568713366985321,
      0.26684629917144775,
      0.14377270638942719
    ],
    [
      0.2632458806037903,
      1.0,
      0.2769850492477417,
      0.29736608266830444,
      0.3693079352378845,
      0.2410629540681839,
      0.18936902284622192,
      0.3573410212993622,
      0.2401597797870636,
      0.40004366636276245,
      0.3505099415779114,
      0.4262653589248657,
      0.3466300070285797,
      0.27416813373565674,
      0.37972292304039,
      0.36803895235061646
    ],
    [
      0.3363594710826874,
      0.2769850492477417,
      1.0000001192092896,
      0.37930968403816223,
      0.3665534257888794,
      0.39699843525886536,
      0.3576911985874176,
      0.29358482360839844,
      0.1660732477903366,
      0.40532657504081726,
      0.21550515294075012,
      0.37314316630363464,
      0.25915417075157166,
      0.2683178782463074,
      0.4137716591358185,
      0.28275853395462036
    ],
    [
      0.5502248406410217,
      0.29736608266830444,
      0.37930968403816223,
      1.0,
      0.38277292251586914,
      0.30989617109298706,
      0.3681669235229492,
      0.3877330422401428,
      0.3073367774486542,
      0.3887878954410553,
      0.32475316524505615,
      0.402380108833313,
      0.2647603154182434,
      0.33840081095695496,
      0.3786761164665222,
      0.1944354623556137
    ],
    [
      0.3884965181350708,
      0.3693079352378845,
      0.3665534257888794,
      0.38277292251586914,
      0.9999999403953552,
      0.41583260893821716,
      0.38198840618133545,
      0.34532204270362854,
      0.24767105281352997,
      0.6357107758522034,
      0.2611709237098694,
      0.3096519410610199,
      0.26880913972854614,
      0.26512598991394043,
      0.30622661113739014,
      0.25846201181411743
    ],
    [
      0.3189363181591034,
      0.2410629540681839,
      0.39699843525886536,
      0.30989617109298706,
      0.41583260893821716,
      1.0,
      0.37058141827583313,
      0.3250727653503418,
      0.12350604683160782,
      0.3523646295070648,
      0.24867933988571167,
      0.27782127261161804,
      0.37899383902549744,
      0.2862250804901123,
      0.36323976516723633,
      0.31111791729927063
    ],
    [
      0.39802470803260803,
      0.18936902284622192,
      0.3576911985874176,
      0.3681669235229492,
      0.38198840618133545,
      0.37058141827583313,
      1.0,
      0.38411715626716614,
      0.2719440460205078,
      0.36901164054870605,
      0.2534622550010681,
      0.24333733320236206,
      0.20388565957546234,
      0.2984360158443451,
      0.3697800934314728,
      0.09737099707126617
    ],
    [
      0.40643274784088135,
      0.3573410212993622,
      0.29358482360839844,
      0.3877330422401428,
      0.34532204270362854,
      0.3250727653503418,
      0.38411715626716614,
      0.9999999403953552,
      0.3959285616874695,
      0.3460031747817993,
      0.20373143255710602,
      0.2856622040271759,
      0.3326960504055023,
      0.44732677936553955,
      0.48672133684158325,
      0.16112887859344482
    ],
    [
      0.2905256152153015,
      0.2401597797870636,
      0.1660732477903366,
      0.3073367774486542,
      0.24767105281352997,
      0.12350604683160782,
      0.2719440460205078,
      0.3959285616874695,
      1.0,
      0.3779371678829193,
      0.27349594235420227,
      0.2871725261211395,
      0.30355367064476013,
      0.3230395019054413,
      0.2706155776977539,
      0.16145892441272736
    ],
    [
      0.3805754780769348,
      0.40004366636276245,
      0.40532657504081726,
      0.3887878954410553,
      0.6357107758522034,
      0.3523646295070648,
      0.36901164054870605,
      0.3460031747817993,
      0.3779371678829193,
      0.9999999403953552,
      0.36850300431251526,
      0.3654744327068329,
      0.2785397171974182,
      0.34289947152137756,
      0.3842512369155884,
      0.27669161558151245
    ],
    [
      0.32971277832984924,
      0.3505099415779114,
      0.21550515294075012,
      0.32475316524505615,
      0.2611709237098694,
      0.24867933988571167,
      0.2534622550010681,
      0.20373143255710602,
      0.27349594235420227,
      0.36850300431251526,
      1.0,
      0.2994515001773834,
      0.2250126302242279,
      0.25542786717414856,
      0.25989988446235657,
      0.24351230263710022
    ],
    [
      0.3341791033744812,
      0.4262653589248657,
      0.37314316630363464,
      0.402380108833313,
      0.3096519410610199,
      0.27782127261161804,
      0.24333733320236206,
      0.2856622040271759,
      0.2871725261211395,
      0.3654744327068329,
      0.2994515001773834,
      1.0,
      0.2486772984266281,
      0.28526487946510315,
      0.2544887065887451,
      0.3330972194671631
    ],
    [
      0.2656444013118744,
      0.3466300070285797,
      0.25915417075157166,
      0.2647603154182434,
      0.26880913972854614,
      0.37899383902549744,
      0.20388565957546234,
      0.3326960504055023,
      0.30355367064476013,
      0.2785397171974182,
      0.2250126302242279,
      0.2486772984266281,
      1.0,
      0.23586001992225647,
      0.28155532479286194,
      0.37389084696769714
    ],
    [
      0.3568713366985321,
      0.27416813373565674,
      0.2683178782463074,
      0.33840081095695496,
      0.26512598991394043,
      0.2862250804901123,
      0.2984360158443451,
      0.44732677936553955,
      0.3230395019054413,
      0.34289947152137756,
      0.25542786717414856,
      0.28526487946510315,
      0.23586001992225647,
      1.0,
      0.3136429488658905,
      0.22647622227668762
    ],
    [
      0.26684629917144775,
      0.37972292304039,
      0.4137716591358185,
      0.3786761164665222,
      0.30622661113739014,
      0.36323976516723633,
      0.3697800934314728,
      0.48672133684158325,
      0.2706155776977539,
      0.3842512369155884,
      0.25989988446235657,
      0.2544887065887451,
      0.28155532479286194,
      0.3136429488658905,
      1.0,
      0.2647683918476105
    ],
    [
      0.14377270638942719,
      0.36803895235061646,
      0.28275853395462036,
      0.1944354623556137,
      0.25846201181411743,
      0.31111791729927063,
      0.09737099707126617,
      0.16112887859344482,
      0.16145892441272736,
      0.27669161558151245,
      0.24351230263710022,
      0.3330972194671631,
      0.37389084696769714,
      0.22647622227668762,
      0.2647683918476105,
      1.0
    ]
  ]
}