{
  "game_number": 477,
  "words": [
    "LINE",
    "POINT",
    "RAY",
    "SEGMENT",
    "ENERGY",
    "FIRE",
    "JUICE",
    "ZIP",
    "AGENT",
    "CODE",
    "SANTA",
    "SAUCE",
    "LIGHT",
    "MELLOW",
    "MILD",
    "SOFT"
  ],
  "adjacency_matrix": [
    [
      1.0,
      0.5855306386947632,
      0.345747709274292,
      0.5576424598693848,
      0.3256458342075348,
      0.4185929000377655,
      0.3484630286693573,
      0.3924058675765991,
      0.35845881700515747,
      0.5285747051239014,
      0.2607059180736542,
      0.35328787565231323,
      0.4587956368923187,
      0.2553293704986572,
      0.321870893239975,
      0.4198929965496063
    ],
    [
      0.5855306386947632,
      1.0000001192092896,
      0.3249060809612274,
      0.44204476475715637,
      0.3361169099807739,
      0.3521845042705536,
      0.24292702972888947,
      0.2602689564228058,
      0.3482014238834381,
      0.33929571509361267,
      0.187057226896286,
      0.24477754533290863,
      0.42250436544418335,
      0.3031851053237915,
      0.31373098492622375,
      0.2789389491081238
    ],
    [
      0.345747709274292,
      0.3249060809612274,
      1.0,
      0.29862233996391296,
      0.3943594694137573,
      0.352661669254303,
      0.37638866901397705,
      0.2534618675708771,
      0.2776363790035248,
      0.26046907901763916,
      0.2945188879966736,
      0.2657831609249115,
      0.5304484367370605,
      0.29963940382003784,
      0.2320380061864853,
      0.32296258211135864
    ],
    [
      0.5576424598693848,
      0.44204476475715637,
      0.29862233996391296,
      1.0,
      0.26711660623550415,
      0.2698161005973816,
      0.2916561961174011,
      0.26978710293769836,
      0.3232794404029846,
      0.38970446586608887,
      0.17905698716640472,
      0.31091466546058655,
      0.35090649127960205,
      0.2167610079050064,
      0.2429608702659607,
      0.2990569770336151
    ],
    [
      0.3256458342075348,
      0.3361169099807739,
      0.3943594694137573,
      0.26711660623550415,
      1.0,
      0.4138224422931671,
      0.441271036863327,
      0.28833067417144775,
      0.3039676547050476,
      0.3058519661426544,
      0.1298999935388565,
      0.26538336277008057,
      0.47982558608055115,
      0.3714298605918884,
      0.3011362850666046,
      0.3573330342769623
    ],
    [
      0.4185929000377655,
      0.3521845042705536,
      0.352661669254303,
      0.2698161005973816,
      0.4138224422931671,
      1.0,
      0.3341069519519806,
      0.2807830274105072,
      0.3626956641674042,
      0.3332913815975189,
      0.28471437096595764,
      0.3441029191017151,
      0.5256943702697754,
      0.31244418025016785,
      0.30925020575523376,
      0.2801484167575836
    ],
    [
      0.3484630286693573,
      0.24292702972888947,
      0.37638866901397705,
      0.2916561961174011,
      0.441271036863327,
      0.3341069519519806,
      1.0,
      0.3219783306121826,
      0.29514315724372864,
      0.27899855375289917,
      0.34979450702667236,
      0.5468685030937195,
      0.42514511942863464,
      0.37472251057624817,
      0.3377971649169922,
      0.4017266631126404
    ],
    [
      0.3924058675765991,
      0.2602689564228058,
      0.2534618675708771,
      0.26978710293769836,
      0.28833067417144775,
      0.2807830274105072,
      0.3219783306121826,
      1.0,
      0.1468256562948227,
      0.5459872484207153,
      0.29159438610076904,
      0.3201158046722412,
      0.2830299437046051,
      0.23332563042640686,
      0.25198298692703247,
      0.2981690764427185
    ],
    [
      0.35845881700515747,
      0.3482014238834381,
      0.2776363790035248,
      0.3232794404029846,
      0.3039676547050476,
      0.3626956641674042,
      0.29514315724372864,
      0.1468256562948227,
      1.0,
      0.3062734603881836,
      0.30180320143699646,
      0.2926778793334961,
      0.2685627341270447,
      0.24221402406692505,
      0.23203033208847046,
      0.29076024889945984
    ],
    [
      0.5285747051239014,
      0.33929571509361267,
      0.26046907901763916,
      0.38970446586608887,
      0.3058519661426544,
      0.3332913815975189,
      0.27899855375289917,
      0.5459872484207153,
      0.3062734603881836,
      0.9999999403953552,
      0.21429377794265747,
      0.2778156101703644,
      0.3049416244029999,
      0.17695432901382446,
      0.20024855434894562,
      0.29495564103126526
    ],
    [
      0.2607059180736542,
      0.187057226896286,
      0.2945188879966736,
      0.17905698716640472,
      0.1298999935388565,
      0.28471437096595764,
      0.34979450702667236,
      0.29159438610076904,
      0.30180320143699646,
      0.21429377794265747,
      1.0,
      0.33032792806625366,
      0.25868770480155945,
      0.255587100982666,
      0.26785486936569214,
      0.245897576212883
    ],
    [
      0.35328787565231323,
      0.24477754533290863,
      0.2657831609249115,
      0.31091466546058655,
      0.26538336277008057,
      0.3441029191017151,
      0.5468685030937195,
      0.3201158046722412,
      0.2926778793334961,
      0.2778156101703644,
      0.33032792806625366,
      1.0,
      0.3681059181690216,
      0.3753577172756195,
      0.340054988861084,
      0.3869771659374237
    ],
    [
      0.4587956368923187,
      0.42250436544418335,
      0.5304484367370605,
      0.35090649127960205,
      0.47982558608055115,
      0.5256943702697754,
      0.42514511942863464,
      0.2830299437046051,
      0.2685627341270447,
      0.3049416244029999,
      0.25868770480155945,
      0.3681059181690216,
      1.0,
      0.4692974090576172,
      0.4557401239871979,
      0.4890444278717041
    ],
    [
      0.2553293704986572,
      0.3031851053237915,
      0.29963940382003784,
      0.2167610079050064,
      0.3714298605918884,
      0.31244418025016785,
      0.37472251057624817,
      0.23332563042640686,
      0.24221402406692505,
      0.17695432901382446,
      0.255587100982666,
      0.3753577172756195,
      0.4692974090576172,
      1.0,
      0.5706579685211182,
      0.581703782081604
    ],
    [
      0.321870893239975,
      0.31373098492622375,
      0.2320380061864853,
      0.2429608702659607,
      0.3011362850666046,
      0.30925020575523376,
      0.3377971649169922,
      0.25198298692703247,
      0.23203033208847046,
      0.20024855434894562,
      0.26785486936569214,
      0.340054988861084,
      0.4557401239871979,
      0.5706579685211182,
      1.0,
      0.5827077031135559
    ],
    [
      0.4198929965496063,
      0.2789389491081238,
      0.32296258211135864,
      0.2990569770336151,
      0.3573330342769623,
      0.2801484167575836,
      0.4017266631126404,
      0.2981690764427185,
      0.29076024889945984,
      0.29495564103126526,
      0.245897576212883,
      0.3869771659374237,
      0.4890444278717041,
      0.581703782081604,
      0.5827077031135559,
      1.0
    ]
  ]
}