{
  "game_number": 509,
  "words": [
    "CHIC",
    "HIP",
    "HOT",
    "IN",
    "FLOSS",
    "ROBOT",
    "VOGUE",
    "WORM",
    "LEECH",
    "STRAW",
    "VACUUM",
    "VAMPIRE",
    "CARDINAL",
    "LAMA",
    "MONK",
    "PASTOR"
  ],
  "adjacency_matrix": [
    [
      1.0,
      0.567814826965332,
      0.4594378173351288,
      0.24347835779190063,
      0.27485236525535583,
      0.29073336720466614,
      0.515142560005188,
      0.24253790080547333,
      0.2430991530418396,
      0.2231399416923523,
      0.2622489631175995,
      0.3673868179321289,
      0.30870190262794495,
      0.23603862524032593,
      0.23529328405857086,
      0.1689824014902115
    ],
    [
      0.567814826965332,
      1.0,
      0.44001305103302,
      0.2562350630760193,
      0.2733283042907715,
      0.3302431106567383,
      0.4159832000732422,
      0.21294043958187103,
      0.31317442655563354,
      0.2761326730251312,
      0.22928334772586823,
      0.3289240002632141,
      0.24391168355941772,
      0.23409566283226013,
      0.22991032898426056,
      0.19227392971515656
    ],
    [
      0.4594378173351288,
      0.44001305103302,
      1.0,
      0.38155871629714966,
      0.29700759053230286,
      0.270391583442688,
      0.4238172471523285,
      0.3027731478214264,
      0.29950782656669617,
      0.38560426235198975,
      0.39840152859687805,
      0.36076924204826355,
      0.2890459895133972,
      0.3059518039226532,
      0.2258906364440918,
      0.24382811784744263
    ],
    [
      0.24347835779190063,
      0.2562350630760193,
      0.38155871629714966,
      1.0,
      0.2514904737472534,
      0.23020988702774048,
      0.39777401089668274,
      0.23505893349647522,
      0.15864165127277374,
      0.25396251678466797,
      0.3346949815750122,
      0.21313263475894928,
      0.3183610141277313,
      0.10252779722213745,
      0.17754261195659637,
      0.2503684163093567
    ],
    [
      0.27485236525535583,
      0.2733283042907715,
      0.29700759053230286,
      0.2514904737472534,
      1.0,
      0.2692684233188629,
      0.2666705846786499,
      0.3451498746871948,
      0.3839574158191681,
      0.36319252848625183,
      0.3643683195114136,
      0.2282525897026062,
      0.19846592843532562,
      0.2620652914047241,
      0.2639400064945221,
      0.18232083320617676
    ],
    [
      0.29073336720466614,
      0.3302431106567383,
      0.270391583442688,
      0.23020988702774048,
      0.2692684233188629,
      1.0,
      0.13219279050827026,
      0.4358246922492981,
      0.2973991632461548,
      0.27209970355033875,
      0.31681203842163086,
      0.3582685589790344,
      0.24321633577346802,
      0.21334220468997955,
      0.2746400237083435,
      0.24966977536678314
    ],
    [
      0.515142560005188,
      0.4159832000732422,
      0.4238172471523285,
      0.39777401089668274,
      0.2666705846786499,
      0.13219279050827026,
      1.0,
      0.15685902535915375,
      0.17719779908657074,
      0.22863337397575378,
      0.27928081154823303,
      0.26117411255836487,
      0.21413080394268036,
      0.1906229704618454,
      0.1721503585577011,
      0.14958658814430237
    ],
    [
      0.24253790080547333,
      0.21294043958187103,
      0.3027731478214264,
      0.23505893349647522,
      0.3451498746871948,
      0.4358246922492981,
      0.15685902535915375,
      0.9999999403953552,
      0.5175148248672485,
      0.3737615942955017,
      0.29253727197647095,
      0.3828869163990021,
      0.20893968641757965,
      0.24415965378284454,
      0.27846845984458923,
      0.2699659764766693
    ],
    [
      0.2430991530418396,
      0.31317442655563354,
      0.29950782656669617,
      0.15864165127277374,
      0.3839574158191681,
      0.2973991632461548,
      0.17719779908657074,
      0.5175148248672485,
      1.0,
      0.368795782327652,
      0.2630946934223175,
      0.48032957315444946,
      0.20098507404327393,
      0.28219565749168396,
      0.30798548460006714,
      0.17196083068847656
    ],
    [
      0.2231399416923523,
      0.2761326730251312,
      0.38560426235198975,
      0.25396251678466797,
      0.36319252848625183,
      0.27209970355033875,
      0.22863337397575378,
      0.3737615942955017,
      0.368795782327652,
      1.0000001192092896,
      0.3435560166835785,
      0.254336416721344,
      0.29554277658462524,
      0.2901971936225891,
      0.2768533229827881,
      0.2523866593837738
    ],
    [
      0.2622489631175995,
      0.22928334772586823,
      0.39840152859687805,
      0.3346949815750122,
      0.3643683195114136,
      0.31681203842163086,
      0.27928081154823303,
      0.29253727197647095,
      0.2630946934223175,
      0.3435560166835785,
      1.0,
      0.2603667378425598,
      0.24018964171409607,
      0.1581917703151703,
      0.19196970760822296,
      0.1609993427991867
    ],
    [
      0.3673868179321289,
      0.3289240002632141,
      0.36076924204826355,
      0.21313263475894928,
      0.2282525897026062,
      0.3582685589790344,
      0.26117411255836487,
      0.3828869163990021,
      0.48032957315444946,
      0.254336416721344,
      0.2603667378425598,
      1.0,
      0.33748385310173035,
      0.24367643892765045,
      0.3711477220058441,
      0.2965083420276642
    ],
    [
      0.30870190262794495,
      0.24391168355941772,
      0.2890459895133972,
      0.3183610141277313,
      0.19846592843532562,
      0.24321633577346802,
      0.21413080394268036,
      0.20893968641757965,
      0.20098507404327393,
      0.29554277658462524,
      0.24018964171409607,
      0.33748385310173035,
      1.0,
      0.3578469455242157,
      0.4519408941268921,
      0.39756083488464355
    ],
    [
      0.23603862524032593,
      0.23409566283226013,
      0.3059518039226532,
      0.10252779722213745,
      0.2620652914047241,
      0.21334220468997955,
      0.1906229704618454,
      0.24415965378284454,
      0.28219565749168396,
      0.2901971936225891,
      0.1581917703151703,
      0.24367643892765045,
      0.3578469455242157,
      1.0,
      0.5855464935302734,
      0.3891603946685791
    ],
    [
      0.23529328405857086,
      0.22991032898426056,
      0.2258906364440918,
      0.17754261195659637,
      0.2639400064945221,
      0.2746400237083435,
      0.1721503585577011,
      0.27846845984458923,
      0.30798548460006714,
      0.2768533229827881,
      0.19196970760822296,
      0.3711477220058441,
      0.4519408941268921,
      0.5855464935302734,
      1.0,
      0.4796921908855438
    ],
    [
      0.1689824014902115,
      0.19227392971515656,
      0.24382811784744263,
      0.2503684163093567,
      0.18232083320617676,
      0.24966977536678314,
      0.14958658814430237,
      0.2699659764766693,
      0.17196083068847656,
      0.2523866593837738,
      0.1609993427991867,
      0.2965083420276642,
      0.39756083488464355,
      0.3891603946685791,
      0.4796921908855438,
      1.0
    ]
  ]
}