{
  "game_number": 448,
  "words": [
    "FINE",
    "PRIME",
    "QUALITY",
    "STERLING",
    "AT",
    "DOLLAR",
    "PERCENT",
    "POUND",
    "BAR",
    "BUCK",
    "TIME",
    "TORCH",
    "BATON",
    "SCEPTER",
    "STAFF",
    "WAND"
  ],
  "adjacency_matrix": [
    [
      1.0,
      0.3577708303928375,
      0.5106769800186157,
      0.5405378341674805,
      0.3205755650997162,
      0.36583176255226135,
      0.2962214946746826,
      0.35798075795173645,
      0.3335796892642975,
      0.3165498971939087,
      0.4019315838813782,
      0.2972680330276489,
      0.3012239933013916,
      0.23439384996891022,
      0.3223303258419037,
      0.3007236421108246
    ],
    [
      0.3577708303928375,
      1.0,
      0.470039963722229,
      0.347459614276886,
      0.2602825462818146,
      0.3786352574825287,
      0.296271413564682,
      0.29262933135032654,
      0.2674153745174408,
      0.27782994508743286,
      0.47754523158073425,
      0.28435030579566956,
      0.23485538363456726,
      0.24620504677295685,
      0.33217135071754456,
      0.1283997744321823
    ],
    [
      0.5106769800186157,
      0.470039963722229,
      1.0,
      0.46701326966285706,
      0.25582554936408997,
      0.3912687599658966,
      0.3193797767162323,
      0.27539005875587463,
      0.30753323435783386,
      0.30654147267341614,
      0.4373380243778229,
      0.31347817182540894,
      0.22929543256759644,
      0.19814208149909973,
      0.39771154522895813,
      0.2081851065158844
    ],
    [
      0.5405378341674805,
      0.347459614276886,
      0.46701326966285706,
      1.0,
      0.19302456080913544,
      0.569017231464386,
      0.2619316577911377,
      0.5900958776473999,
      0.27175408601760864,
      0.36596012115478516,
      0.3073160946369171,
      0.30088046193122864,
      0.32685068249702454,
      0.2545393705368042,
      0.307769775390625,
      0.2653171718120575
    ],
    [
      0.3205755650997162,
      0.2602825462818146,
      0.25582554936408997,
      0.19302456080913544,
      1.0,
      0.18883328139781952,
      0.23253531754016876,
      0.23497095704078674,
      0.35854747891426086,
      0.2099054902791977,
      0.504459798336029,
      0.24298937618732452,
      0.2264559268951416,
      0.23939014971256256,
      0.29893049597740173,
      0.24000026285648346
    ],
    [
      0.36583176255226135,
      0.3786352574825287,
      0.3912687599658966,
      0.569017231464386,
      0.18883328139781952,
      0.9999999403953552,
      0.4129602611064911,
      0.6503550410270691,
      0.26716652512550354,
      0.4333420991897583,
      0.41423508524894714,
      0.21886856853961945,
      0.24409858882427216,
      0.22963590919971466,
      0.23897038400173187,
      0.2189568430185318
    ],
    [
      0.2962214946746826,
      0.296271413564682,
      0.3193797767162323,
      0.2619316577911377,
      0.23253531754016876,
      0.4129602611064911,
      1.0,
      0.3886469006538391,
      0.268061101436615,
      0.2291322499513626,
      0.37150272727012634,
      0.11647148430347443,
      0.1107255071401596,
      0.17915360629558563,
      0.29141566157341003,
      0.1495504528284073
    ],
    [
      0.35798075795173645,
      0.29262933135032654,
      0.27539005875587463,
      0.5900958776473999,
      0.23497095704078674,
      0.6503550410270691,
      0.3886469006538391,
      1.0,
      0.27439773082733154,
      0.3906635046005249,
      0.320523738861084,
      0.27247855067253113,
      0.2887619733810425,
      0.2522702217102051,
      0.25335249304771423,
      0.2613928020000458
    ],
    [
      0.3335796892642975,
      0.2674153745174408,
      0.30753323435783386,
      0.27175408601760864,
      0.35854747891426086,
      0.26716652512550354,
      0.268061101436615,
      0.27439773082733154,
      1.0,
      0.31601986289024353,
      0.29957565665245056,
      0.30423590540885925,
      0.3221936821937561,
      0.2648128569126129,
      0.31350794434547424,
      0.2509976625442505
    ],
    [
      0.3165498971939087,
      0.27782994508743286,
      0.30654147267341614,
      0.36596012115478516,
      0.2099054902791977,
      0.4333420991897583,
      0.2291322499513626,
      0.3906635046005249,
      0.31601986289024353,
      0.9999999403953552,
      0.33193063735961914,
      0.373318612575531,
      0.42353567481040955,
      0.3330352306365967,
      0.20511651039123535,
      0.3474544882774353
    ],
    [
      0.4019315838813782,
      0.47754523158073425,
      0.4373380243778229,
      0.3073160946369171,
      0.504459798336029,
      0.41423508524894714,
      0.37150272727012634,
      0.320523738861084,
      0.29957565665245056,
      0.33193063735961914,
      1.0,
      0.28705960512161255,
      0.30318620800971985,
      0.2404908388853073,
      0.391117662191391,
      0.28502708673477173
    ],
    [
      0.2972680330276489,
      0.28435030579566956,
      0.31347817182540894,
      0.30088046193122864,
      0.24298937618732452,
      0.21886856853961945,
      0.11647148430347443,
      0.27247855067253113,
      0.30423590540885925,
      0.373318612575531,
      0.28705960512161255,
      1.0,
      0.6623765230178833,
      0.4413394033908844,
      0.2324344664812088,
      0.4577914774417877
    ],
    [
      0.3012239933013916,
      0.23485538363456726,
      0.22929543256759644,
      0.32685068249702454,
      0.2264559268951416,
      0.24409858882427216,
      0.1107255071401596,
      0.2887619733810425,
      0.3221936821937561,
      0.42353567481040955,
      0.30318620800971985,
      0.6623765230178833,
      1.0,
      0.46757930517196655,
      0.271136611700058,
      0.5443609356880188
    ],
    [
      0.23439384996891022,
      0.24620504677295685,
      0.19814208149909973,
      0.2545393705368042,
      0.23939014971256256,
      0.22963590919971466,
      0.17915360629558563,
      0.2522702217102051,
      0.2648128569126129,
      0.3330352306365967,
      0.2404908388853073,
      0.4413394033908844,
      0.46757930517196655,
      1.0,
      0.24395155906677246,
      0.503944993019104
    ],
    [
      0.3223303258419037,
      0.33217135071754456,
      0.39771154522895813,
      0.307769775390625,
      0.29893049597740173,
      0.23897038400173187,
      0.29141566157341003,
      0.25335249304771423,
      0.31350794434547424,
      0.20511651039123535,
      0.391117662191391,
      0.2324344664812088,
      0.271136611700058,
      0.24395155906677246,
      1.0,
      0.2301017791032791
    ],
    [
      0.3007236421108246,
      0.1283997744321823,
      0.2081851065158844,
      0.2653171718120575,
      0.24000026285648346,
      0.2189568430185318,
      0.1495504528284073,
      0.2613928020000458,
      0.2509976625442505,
      0.3474544882774353,
      0.28502708673477173,
      0.4577914774417877,
      0.5443609356880188,
      0.503944993019104,
      0.2301017791032791,
      1.0
    ]
  ]
}