{
  "game_number": 502,
  "words": [
    "ATOLL",
    "BAR",
    "ISLAND",
    "KEY",
    "CRAM",
    "JAM",
    "PACK",
    "STUFF",
    "BAG",
    "COUNTER",
    "DIP",
    "SPROUT",
    "HUM",
    "SING",
    "SCAT",
    "WHISTLE"
  ],
  "adjacency_matrix": [
    [
      1.0,
      0.23789441585540771,
      0.6843979954719543,
      0.24248623847961426,
      0.2116985321044922,
      0.1322145313024521,
      0.2348051816225052,
      0.2207878828048706,
      0.248490571975708,
      0.3212844431400299,
      0.26437506079673767,
      0.20210742950439453,
      0.17800800502300262,
      0.13881699740886688,
      0.20660400390625,
      0.18789178133010864
    ],
    [
      0.23789441585540771,
      1.0,
      0.27735450863838196,
      0.3576953709125519,
      0.2516888678073883,
      0.288318008184433,
      0.3131493330001831,
      0.29476219415664673,
      0.3192255198955536,
      0.4373582899570465,
      0.338843435049057,
      0.23255227506160736,
      0.24785925447940826,
      0.2541462481021881,
      0.261657178401947,
      0.288582444190979
    ],
    [
      0.6843979954719543,
      0.27735450863838196,
      1.0,
      0.27467548847198486,
      0.26859956979751587,
      0.2123449593782425,
      0.3118365406990051,
      0.2712179720401764,
      0.30779874324798584,
      0.3001057505607605,
      0.24578967690467834,
      0.2786732614040375,
      0.18884535133838654,
      0.21510352194309235,
      0.23007217049598694,
      0.2471800595521927
    ],
    [
      0.24248623847961426,
      0.3576953709125519,
      0.27467548847198486,
      1.0,
      0.18670210242271423,
      0.24419373273849487,
      0.3689732849597931,
      0.41756579279899597,
      0.36418700218200684,
      0.41317781805992126,
      0.25579899549484253,
      0.28475049138069153,
      0.21817144751548767,
      0.23434165120124817,
      0.2664749026298523,
      0.2989763021469116
    ],
    [
      0.2116985321044922,
      0.2516888678073883,
      0.26859956979751587,
      0.18670210242271423,
      1.0,
      0.3990360200405121,
      0.48229798674583435,
      0.3622111976146698,
      0.39812561869621277,
      0.28814348578453064,
      0.2692616581916809,
      0.2919861972332001,
      0.27415937185287476,
      0.35598817467689514,
      0.22305828332901,
      0.19740042090415955
    ],
    [
      0.1322145313024521,
      0.288318008184433,
      0.2123449593782425,
      0.24419373273849487,
      0.3990360200405121,
      1.0,
      0.3907833993434906,
      0.3580784797668457,
      0.40863651037216187,
      0.3070095181465149,
      0.3802459239959717,
      0.29962971806526184,
      0.3471516966819763,
      0.32353320717811584,
      0.3580721318721771,
      0.2911028265953064
    ],
    [
      0.2348051816225052,
      0.3131493330001831,
      0.3118365406990051,
      0.3689732849597931,
      0.48229798674583435,
      0.3907833993434906,
      1.0,
      0.45810481905937195,
      0.644250214099884,
      0.4411492347717285,
      0.3510650396347046,
      0.35656505823135376,
      0.18969878554344177,
      0.26787543296813965,
      0.3493860960006714,
      0.4213404059410095
    ],
    [
      0.2207878828048706,
      0.29476219415664673,
      0.2712179720401764,
      0.41756579279899597,
      0.3622111976146698,
      0.3580784797668457,
      0.45810481905937195,
      1.0,
      0.48167750239372253,
      0.3925950825214386,
      0.2956567108631134,
      0.37052178382873535,
      0.2851373255252838,
      0.2988714575767517,
      0.4421660900115967,
      0.28724536299705505
    ],
    [
      0.248490571975708,
      0.3192255198955536,
      0.30779874324798584,
      0.36418700218200684,
      0.39812561869621277,
      0.40863651037216187,
      0.644250214099884,
      0.48167750239372253,
      0.9999999403953552,
      0.4270009398460388,
      0.4039432108402252,
      0.35934168100357056,
      0.20230065286159515,
      0.19716466963291168,
      0.40896692872047424,
      0.39216503500938416
    ],
    [
      0.3212844431400299,
      0.4373582899570465,
      0.3001057505607605,
      0.41317781805992126,
      0.28814348578453064,
      0.3070095181465149,
      0.4411492347717285,
      0.3925950825214386,
      0.4270009398460388,
      1.0,
      0.3945869207382202,
      0.36396586894989014,
      0.27620929479599,
      0.2554793953895569,
      0.33618009090423584,
      0.3357847332954407
    ],
    [
      0.26437506079673767,
      0.338843435049057,
      0.24578967690467834,
      0.25579899549484253,
      0.2692616581916809,
      0.3802459239959717,
      0.3510650396347046,
      0.2956567108631134,
      0.4039432108402252,
      0.3945869207382202,
      1.0,
      0.37652119994163513,
      0.2551199793815613,
      0.29748496413230896,
      0.305583655834198,
      0.3221834599971771
    ],
    [
      0.20210742950439453,
      0.23255227506160736,
      0.2786732614040375,
      0.28475049138069153,
      0.2919861972332001,
      0.29962971806526184,
      0.35656505823135376,
      0.37052178382873535,
      0.35934168100357056,
      0.36396586894989014,
      0.37652119994163513,
      0.9999999403953552,
      0.28838419914245605,
      0.3000226616859436,
      0.28511086106300354,
      0.2529442012310028
    ],
    [
      0.17800800502300262,
      0.24785925447940826,
      0.18884535133838654,
      0.21817144751548767,
      0.27415937185287476,
      0.3471516966819763,
      0.18969878554344177,
      0.2851373255252838,
      0.20230065286159515,
      0.27620929479599,
      0.2551199793815613,
      0.28838419914245605,
      0.9999999403953552,
      0.44900739192962646,
      0.3716759979724884,
      0.4682517945766449
    ],
    [
      0.13881699740886688,
      0.2541462481021881,
      0.21510352194309235,
      0.23434165120124817,
      0.35598817467689514,
      0.32353320717811584,
      0.26787543296813965,
      0.2988714575767517,
      0.19716466963291168,
      0.2554793953895569,
      0.29748496413230896,
      0.3000226616859436,
      0.44900739192962646,
      1.0,
      0.3997964859008789,
      0.4498614966869354
    ],
    [
      0.20660400390625,
      0.261657178401947,
      0.23007217049598694,
      0.2664749026298523,
      0.22305828332901,
      0.3580721318721771,
      0.3493860960006714,
      0.4421660900115967,
      0.40896692872047424,
      0.33618009090423584,
      0.305583655834198,
      0.28511086106300354,
      0.3716759979724884,
      0.3997964859008789,
      1.0000001192092896,
      0.41278523206710815
    ],
    [
      0.18789178133010864,
      0.288582444190979,
      0.2471800595521927,
      0.2989763021469116,
      0.19740042090415955,
      0.2911028265953064,
      0.4213404059410095,
      0.28724536299705505,
      0.39216503500938416,
      0.3357847332954407,
      0.3221834599971771,
      0.2529442012310028,
      0.4682517945766449,
      0.4498614966869354,
      0.41278523206710815,
      1.0
    ]
  ]
}