{
  "game_number": 333,
  "words": [
    "DIRECT",
    "GUIDE",
    "LEAD",
    "STEER",
    "BULLY",
    "COW",
    "DAUNT",
    "RATTLE",
    "BULL",
    "FLEA",
    "MEAT",
    "STOCK",
    "EASY",
    "FLEXIBLE",
    "OPEN",
    "RECEPTIVE"
  ],
  "adjacency_matrix": [
    [
      1.0,
      0.5568156242370605,
      0.5771968364715576,
      0.5317948460578918,
      0.2746562659740448,
      0.2777710556983948,
      0.39733418822288513,
      0.3168703317642212,
      0.3398837745189667,
      0.29444482922554016,
      0.4066203236579895,
      0.36231985688209534,
      0.49992480874061584,
      0.44471678137779236,
      0.556627631187439,
      0.4659711420536041
    ],
    [
      0.5568156242370605,
      0.9999999403953552,
      0.5504400730133057,
      0.5665808916091919,
      0.33998921513557434,
      0.23746071755886078,
      0.4261128604412079,
      0.35378801822662354,
      0.33128824830055237,
      0.3112149238586426,
      0.31800538301467896,
      0.3011898994445801,
      0.44724753499031067,
      0.40551304817199707,
      0.4198140799999237,
      0.34828174114227295
    ],
    [
      0.5771968364715576,
      0.5504400730133057,
      1.0,
      0.4865237772464752,
      0.30931025743484497,
      0.26356419920921326,
      0.4087493419647217,
      0.38657093048095703,
      0.3422872722148895,
      0.30919522047042847,
      0.3946865499019623,
      0.3425905704498291,
      0.3930147588253021,
      0.33959758281707764,
      0.5059693455696106,
      0.3636115789413452
    ],
    [
      0.5317948460578918,
      0.5665808916091919,
      0.4865237772464752,
      0.9999999403953552,
      0.4330635070800781,
      0.4665672779083252,
      0.3400052487850189,
      0.40697163343429565,
      0.4709884226322174,
      0.27990370988845825,
      0.3635164499282837,
      0.3676619231700897,
      0.36394399404525757,
      0.29031091928482056,
      0.3683830499649048,
      0.3232481777667999
    ],
    [
      0.2746562659740448,
      0.33998921513557434,
      0.30931025743484497,
      0.4330635070800781,
      0.9999999403953552,
      0.42395514249801636,
      0.36624011397361755,
      0.3954712450504303,
      0.47573620080947876,
      0.33993950486183167,
      0.30868133902549744,
      0.2805880010128021,
      0.30859681963920593,
      0.22820216417312622,
      0.2642019987106323,
      0.23652474582195282
    ],
    [
      0.2777710556983948,
      0.23746071755886078,
      0.26356419920921326,
      0.4665672779083252,
      0.42395514249801636,
      1.0,
      0.21390752494335175,
      0.3694254755973816,
      0.6669889688491821,
      0.4084526598453522,
      0.5727161765098572,
      0.4446142911911011,
      0.2134436070919037,
      0.17665469646453857,
      0.19388161599636078,
      0.21438437700271606
    ],
    [
      0.39733418822288513,
      0.4261128604412079,
      0.4087493419647217,
      0.3400052487850189,
      0.36624011397361755,
      0.21390752494335175,
      1.0,
      0.43017494678497314,
      0.3262959122657776,
      0.22234906256198883,
      0.2300393283367157,
      0.2294166386127472,
      0.5513225793838501,
      0.3155352771282196,
      0.37948843836784363,
      0.3500889539718628
    ],
    [
      0.3168703317642212,
      0.35378801822662354,
      0.38657093048095703,
      0.40697163343429565,
      0.3954712450504303,
      0.3694254755973816,
      0.43017494678497314,
      1.0,
      0.4571434557437897,
      0.4161498546600342,
      0.3648303747177124,
      0.40079817175865173,
      0.2911718487739563,
      0.2660748064517975,
      0.3744245767593384,
      0.31306886672973633
    ],
    [
      0.3398837745189667,
      0.33128824830055237,
      0.3422872722148895,
      0.4709884226322174,
      0.47573620080947876,
      0.6669889688491821,
      0.3262959122657776,
      0.4571434557437897,
      1.0,
      0.43282783031463623,
      0.4860546588897705,
      0.5194277763366699,
      0.25649839639663696,
      0.21353787183761597,
      0.3320825695991516,
      0.2881869971752167
    ],
    [
      0.29444482922554016,
      0.3112149238586426,
      0.30919522047042847,
      0.27990370988845825,
      0.33993950486183167,
      0.4084526598453522,
      0.22234906256198883,
      0.4161498546600342,
      0.43282783031463623,
      1.0,
      0.36315637826919556,
      0.39639654755592346,
      0.2061934769153595,
      0.2077891230583191,
      0.29334181547164917,
      0.31039297580718994
    ],
    [
      0.4066203236579895,
      0.31800538301467896,
      0.3946865499019623,
      0.3635164499282837,
      0.30868133902549744,
      0.5727161765098572,
      0.2300393283367157,
      0.3648303747177124,
      0.4860546588897705,
      0.36315637826919556,
      1.0,
      0.4745062589645386,
      0.29832643270492554,
      0.2844024896621704,
      0.36197787523269653,
      0.29617229104042053
    ],
    [
      0.36231985688209534,
      0.3011898994445801,
      0.3425905704498291,
      0.3676619231700897,
      0.2805880010128021,
      0.4446142911911011,
      0.2294166386127472,
      0.40079817175865173,
      0.5194277763366699,
      0.39639654755592346,
      0.4745062589645386,
      0.9999999403953552,
      0.2728169560432434,
      0.29350459575653076,
      0.38220199942588806,
      0.2966168224811554
    ],
    [
      0.49992480874061584,
      0.44724753499031067,
      0.3930147588253021,
      0.36394399404525757,
      0.30859681963920593,
      0.2134436070919037,
      0.5513225793838501,
      0.2911718487739563,
      0.25649839639663696,
      0.2061934769153595,
      0.29832643270492554,
      0.2728169560432434,
      1.0,
      0.5857179164886475,
      0.5322071313858032,
      0.42598408460617065
    ],
    [
      0.44471678137779236,
      0.40551304817199707,
      0.33959758281707764,
      0.29031091928482056,
      0.22820216417312622,
      0.17665469646453857,
      0.3155352771282196,
      0.2660748064517975,
      0.21353787183761597,
      0.2077891230583191,
      0.2844024896621704,
      0.29350459575653076,
      0.5857179164886475,
      1.0,
      0.5614206194877625,
      0.5239967107772827
    ],
    [
      0.556627631187439,
      0.4198140799999237,
      0.5059693455696106,
      0.3683830499649048,
      0.2642019987106323,
      0.19388161599636078,
      0.37948843836784363,
      0.3744245767593384,
      0.3320825695991516,
      0.29334181547164917,
      0.36197787523269653,
      0.38220199942588806,
      0.5322071313858032,
      0.5614206194877625,
      1.0,
      0.5258108973503113
    ],
    [
      0.4659711420536041,
      0.34828174114227295,
      0.3636115789413452,
      0.3232481777667999,
      0.23652474582195282,
      0.21438437700271606,
      0.3500889539718628,
      0.31306886672973633,
      0.2881869971752167,
      0.31039297580718994,
      0.29617229104042053,
      0.2966168224811554,
      0.42598408460617065,
      0.5239967107772827,
      0.5258108973503113,
      1.0
    ]
  ]
}