{
  "game_number": 438,
  "words": [
    "BORING",
    "DULL",
    "MUNDANE",
    "VANILLA",
    "ACT",
    "BIT",
    "ROUTINE",
    "SET",
    "DIRTY",
    "DRY",
    "TWIST",
    "UP",
    "AGENCY",
    "COMPANY",
    "ENTERPRISE",
    "FIRM"
  ],
  "adjacency_matrix": [
    [
      0.9999999403953552,
      0.8222466707229614,
      0.612777054309845,
      0.3936561048030853,
      0.2945367693901062,
      0.4843645393848419,
      0.5179895758628845,
      0.32803234457969666,
      0.5498802661895752,
      0.5523606538772583,
      0.3923235833644867,
      0.3301420211791992,
      0.18855226039886475,
      0.33259811997413635,
      0.3346763253211975,
      0.2603980302810669
    ],
    [
      0.8222466707229614,
      1.0,
      0.6159781813621521,
      0.3943382203578949,
      0.3155282139778137,
      0.5018845200538635,
      0.44475552439689636,
      0.3339593708515167,
      0.5729494690895081,
      0.6286022067070007,
      0.3767373859882355,
      0.34579095244407654,
      0.18721617758274078,
      0.26591894030570984,
      0.31274130940437317,
      0.2856890857219696
    ],
    [
      0.612777054309845,
      0.6159781813621521,
      1.0,
      0.3753592073917389,
      0.2525401711463928,
      0.3677239418029785,
      0.5639485120773315,
      0.2528080642223358,
      0.4357096552848816,
      0.42639827728271484,
      0.3440062403678894,
      0.23075631260871887,
      0.2784096598625183,
      0.29152148962020874,
      0.37200841307640076,
      0.2574895918369293
    ],
    [
      0.3936561048030853,
      0.3943382203578949,
      0.3753592073917389,
      1.0,
      0.2527810335159302,
      0.33608511090278625,
      0.3477250635623932,
      0.2437366545200348,
      0.37431931495666504,
      0.4353451728820801,
      0.2994886040687561,
      0.1692408323287964,
      0.09702779352664948,
      0.2552820146083832,
      0.2838069200515747,
      0.2291955202817917
    ],
    [
      0.2945367693901062,
      0.3155282139778137,
      0.2525401711463928,
      0.2527810335159302,
      1.0,
      0.4268966019153595,
      0.52254319190979,
      0.5552621483802795,
      0.36749333143234253,
      0.3023965358734131,
      0.4232048988342285,
      0.4125756025314331,
      0.4404756426811218,
      0.41517308354377747,
      0.4458911418914795,
      0.3564547598361969
    ],
    [
      0.4843645393848419,
      0.5018845200538635,
      0.3677239418029785,
      0.33608511090278625,
      0.4268966019153595,
      1.0,
      0.4294463098049164,
      0.43544068932533264,
      0.4912872910499573,
      0.4161262810230255,
      0.4830694794654846,
      0.4736067056655884,
      0.22039954364299774,
      0.2816234230995178,
      0.31714513897895813,
      0.30897197127342224
    ],
    [
      0.5179895758628845,
      0.44475552439689636,
      0.5639485120773315,
      0.3477250635623932,
      0.52254319190979,
      0.4294463098049164,
      1.0,
      0.4614001512527466,
      0.48890984058380127,
      0.40059372782707214,
      0.3634895086288452,
      0.30291563272476196,
      0.3995809555053711,
      0.3924403190612793,
      0.4571239948272705,
      0.3463137447834015
    ],
    [
      0.32803234457969666,
      0.3339593708515167,
      0.2528080642223358,
      0.2437366545200348,
      0.5552621483802795,
      0.43544068932533264,
      0.4614001512527466,
      1.0,
      0.3364003002643585,
      0.3774091899394989,
      0.43399578332901,
      0.5877182483673096,
      0.3736034631729126,
      0.44369277358055115,
      0.3935212194919586,
      0.41363903880119324
    ],
    [
      0.5498802661895752,
      0.5729494690895081,
      0.4357096552848816,
      0.37431931495666504,
      0.36749333143234253,
      0.4912872910499573,
      0.48890984058380127,
      0.3364003002643585,
      0.9999999403953552,
      0.5667659640312195,
      0.3559741973876953,
      0.3561056852340698,
      0.19626423716545105,
      0.26755011081695557,
      0.2798866927623749,
      0.2838778495788574
    ],
    [
      0.5523606538772583,
      0.6286022067070007,
      0.42639827728271484,
      0.4353451728820801,
      0.3023965358734131,
      0.4161262810230255,
      0.40059372782707214,
      0.3774091899394989,
      0.5667659640312195,
      1.0,
      0.3489556312561035,
      0.4144783020019531,
      0.2228931188583374,
      0.31945714354515076,
      0.35049930214881897,
      0.3691873848438263
    ],
    [
      0.3923235833644867,
      0.3767373859882355,
      0.3440062403678894,
      0.2994886040687561,
      0.4232048988342285,
      0.4830694794654846,
      0.3634895086288452,
      0.43399578332901,
      0.3559741973876953,
      0.3489556312561035,
      0.9999999403953552,
      0.3296920657157898,
      0.24636606872081757,
      0.2890995144844055,
      0.3008193075656891,
      0.2899141013622284
    ],
    [
      0.3301420211791992,
      0.34579095244407654,
      0.23075631260871887,
      0.1692408323287964,
      0.4125756025314331,
      0.4736067056655884,
      0.30291563272476196,
      0.5877182483673096,
      0.3561056852340698,
      0.4144783020019531,
      0.3296920657157898,
      1.0,
      0.3056677281856537,
      0.35491469502449036,
      0.30880796909332275,
      0.3593481481075287
    ],
    [
      0.18855226039886475,
      0.18721617758274078,
      0.2784096598625183,
      0.09702779352664948,
      0.4404756426811218,
      0.22039954364299774,
      0.3995809555053711,
      0.3736034631729126,
      0.19626423716545105,
      0.2228931188583374,
      0.24636606872081757,
      0.3056677281856537,
      1.0,
      0.6036534905433655,
      0.5360957980155945,
      0.5391732454299927
    ],
    [
      0.33259811997413635,
      0.26591894030570984,
      0.29152148962020874,
      0.2552820146083832,
      0.41517308354377747,
      0.2816234230995178,
      0.3924403190612793,
      0.44369277358055115,
      0.26755011081695557,
      0.31945714354515076,
      0.2890995144844055,
      0.35491469502449036,
      0.6036534905433655,
      1.0,
      0.638186514377594,
      0.7301731705665588
    ],
    [
      0.3346763253211975,
      0.31274130940437317,
      0.37200841307640076,
      0.2838069200515747,
      0.4458911418914795,
      0.31714513897895813,
      0.4571239948272705,
      0.3935212194919586,
      0.2798866927623749,
      0.35049930214881897,
      0.3008193075656891,
      0.30880796909332275,
      0.5360957980155945,
      0.638186514377594,
      0.9999999403953552,
      0.5142511129379272
    ],
    [
      0.2603980302810669,
      0.2856890857219696,
      0.2574895918369293,
      0.2291955202817917,
      0.3564547598361969,
      0.30897197127342224,
      0.3463137447834015,
      0.41363903880119324,
      0.2838778495788574,
      0.3691873848438263,
      0.2899141013622284,
      0.3593481481075287,
      0.5391732454299927,
      0.7301731705665588,
      0.5142511129379272,
      0.9999999403953552
    ]
  ]
}