{
  "game_number": 216,
  "words": [
    "BAT",
    "BLINK",
    "FLUTTER",
    "WINK",
    "DIABLO",
    "MUSTANG",
    "SPIDER",
    "VIPER",
    "EGG",
    "JOB",
    "SCAVENGER",
    "WITCH",
    "BOOM",
    "RISE",
    "SPIKE",
    "SURGE"
  ],
  "adjacency_matrix": [
    [
      0.9999999403953552,
      0.38229843974113464,
      0.3603154420852661,
      0.32880932092666626,
      0.23501914739608765,
      0.2354968786239624,
      0.44492602348327637,
      0.32621946930885315,
      0.37004533410072327,
      0.3016134202480316,
      0.3347649872303009,
      0.41113948822021484,
      0.315790593624115,
      0.3196430802345276,
      0.39805471897125244,
      0.30848562717437744
    ],
    [
      0.38229843974113464,
      1.0,
      0.47176486253738403,
      0.592395544052124,
      0.1381082534790039,
      0.20302382111549377,
      0.3076564073562622,
      0.21168895065784454,
      0.2053210288286209,
      0.24899132549762726,
      0.23607882857322693,
      0.3067462146282196,
      0.30088481307029724,
      0.37354934215545654,
      0.37511590123176575,
      0.31939607858657837
    ],
    [
      0.3603154420852661,
      0.47176486253738403,
      0.9999999403953552,
      0.4267692267894745,
      0.1916540265083313,
      0.31729361414909363,
      0.3842940032482147,
      0.24925582110881805,
      0.298276424407959,
      0.1717907339334488,
      0.24370849132537842,
      0.32695522904396057,
      0.38547974824905396,
      0.40317589044570923,
      0.3902203440666199,
      0.42019927501678467
    ],
    [
      0.32880932092666626,
      0.592395544052124,
      0.4267692267894745,
      1.0,
      0.23004044592380524,
      0.1570027619600296,
      0.30295872688293457,
      0.1577925831079483,
      0.19548068940639496,
      0.2725884020328522,
      0.19594234228134155,
      0.28743186593055725,
      0.29632997512817383,
      0.36093196272850037,
      0.31458190083503723,
      0.29886704683303833
    ],
    [
      0.23501914739608765,
      0.1381082534790039,
      0.1916540265083313,
      0.23004044592380524,
      0.9999999403953552,
      0.31427955627441406,
      0.32642844319343567,
      0.32778871059417725,
      0.24477697908878326,
      0.14236652851104736,
      0.2915422320365906,
      0.3400704860687256,
      0.22934892773628235,
      0.174283966422081,
      0.2034781277179718,
      0.2294827550649643
    ],
    [
      0.2354968786239624,
      0.20302382111549377,
      0.31729361414909363,
      0.1570027619600296,
      0.31427955627441406,
      1.0,
      0.31927597522735596,
      0.3025812804698944,
      0.1834537535905838,
      0.20542821288108826,
      0.24867331981658936,
      0.31065279245376587,
      0.2734016180038452,
      0.26135584712028503,
      0.27666956186294556,
      0.3143063485622406
    ],
    [
      0.44492602348327637,
      0.3076564073562622,
      0.3842940032482147,
      0.30295872688293457,
      0.32642844319343567,
      0.31927597522735596,
      1.0,
      0.48405781388282776,
      0.3928412199020386,
      0.27829819917678833,
      0.45244964957237244,
      0.4797312319278717,
      0.3190106749534607,
      0.2725864052772522,
      0.35545462369918823,
      0.3178008794784546
    ],
    [
      0.32621946930885315,
      0.21168895065784454,
      0.24925582110881805,
      0.1577925831079483,
      0.32778871059417725,
      0.3025812804698944,
      0.48405781388282776,
      1.0,
      0.33029091358184814,
      0.08144798874855042,
      0.29967883229255676,
      0.3425569236278534,
      0.16411301493644714,
      0.12279541045427322,
      0.21382363140583038,
      0.11649323254823685
    ],
    [
      0.37004533410072327,
      0.2053210288286209,
      0.298276424407959,
      0.19548068940639496,
      0.24477697908878326,
      0.1834537535905838,
      0.3928412199020386,
      0.33029091358184814,
      1.0,
      0.2357609122991562,
      0.2543947696685791,
      0.3141770362854004,
      0.32574519515037537,
      0.2864498496055603,
      0.3911575973033905,
      0.2685481011867523
    ],
    [
      0.3016134202480316,
      0.24899132549762726,
      0.1717907339334488,
      0.2725884020328522,
      0.14236652851104736,
      0.20542821288108826,
      0.27829819917678833,
      0.08144798874855042,
      0.2357609122991562,
      1.0,
      0.3760235607624054,
      0.31269416213035583,
      0.35527634620666504,
      0.3648521602153778,
      0.30687254667282104,
      0.35008352994918823
    ],
    [
      0.3347649872303009,
      0.23607882857322693,
      0.24370849132537842,
      0.19594234228134155,
      0.2915422320365906,
      0.24867331981658936,
      0.45244964957237244,
      0.29967883229255676,
      0.2543947696685791,
      0.3760235607624054,
      1.0,
      0.47934308648109436,
      0.2624869644641876,
      0.2351209968328476,
      0.28854143619537354,
      0.28792938590049744
    ],
    [
      0.41113948822021484,
      0.3067462146282196,
      0.32695522904396057,
      0.28743186593055725,
      0.3400704860687256,
      0.31065279245376587,
      0.4797312319278717,
      0.3425569236278534,
      0.3141770362854004,
      0.31269416213035583,
      0.47934308648109436,
      0.9999999403953552,
      0.3217979073524475,
      0.34449660778045654,
      0.3293295204639435,
      0.33440205454826355
    ],
    [
      0.315790593624115,
      0.30088481307029724,
      0.38547974824905396,
      0.29632997512817383,
      0.22934892773628235,
      0.2734016180038452,
      0.3190106749534607,
      0.16411301493644714,
      0.32574519515037537,
      0.35527634620666504,
      0.2624869644641876,
      0.3217979073524475,
      0.9999999403953552,
      0.5179443359375,
      0.5399062633514404,
      0.6117123961448669
    ],
    [
      0.3196430802345276,
      0.37354934215545654,
      0.40317589044570923,
      0.36093196272850037,
      0.174283966422081,
      0.26135584712028503,
      0.2725864052772522,
      0.12279541045427322,
      0.2864498496055603,
      0.3648521602153778,
      0.2351209968328476,
      0.34449660778045654,
      0.5179443359375,
      0.9999999403953552,
      0.6010313630104065,
      0.6452652215957642
    ],
    [
      0.39805471897125244,
      0.37511590123176575,
      0.3902203440666199,
      0.31458190083503723,
      0.2034781277179718,
      0.27666956186294556,
      0.35545462369918823,
      0.21382363140583038,
      0.3911575973033905,
      0.30687254667282104,
      0.28854143619537354,
      0.3293295204639435,
      0.5399062633514404,
      0.6010313630104065,
      1.0,
      0.6139389872550964
    ],
    [
      0.30848562717437744,
      0.31939607858657837,
      0.42019927501678467,
      0.29886704683303833,
      0.2294827550649643,
      0.3143063485622406,
      0.3178008794784546,
      0.11649323254823685,
      0.2685481011867523,
      0.35008352994918823,
      0.28792938590049744,
      0.33440205454826355,
      0.6117123961448669,
      0.6452652215957642,
      0.6139389872550964,
      1.0
    ]
  ]
}