{
  "game_number": 567,
  "words": [
    "DELUXE",
    "GRAND",
    "LAVISH",
    "OPULENT",
    "BERRY",
    "FOSTER",
    "STONE",
    "SWANK",
    "ENVIOUS",
    "FRESH",
    "NAIVE",
    "UNWELL",
    "GIANT",
    "PRINCESS",
    "WITCH",
    "WOLF"
  ],
  "adjacency_matrix": [
    [
      1.0,
      0.41109123826026917,
      0.49412453174591064,
      0.47350627183914185,
      0.24931615591049194,
      0.13650821149349213,
      0.23922064900398254,
      0.5129291415214539,
      0.18880487978458405,
      0.3208225667476654,
      0.22942504286766052,
      0.10303448140621185,
      0.3237401247024536,
      0.30982348322868347,
      0.21639911830425262,
      0.20430898666381836
    ],
    [
      0.41109123826026917,
      1.0,
      0.49956589937210083,
      0.4832589030265808,
      0.33039626479148865,
      0.29832229018211365,
      0.3643355369567871,
      0.5204416513442993,
      0.2942468822002411,
      0.3996066451072693,
      0.3930754065513611,
      0.19289341568946838,
      0.47205814719200134,
      0.4026084840297699,
      0.3486790359020233,
      0.2547403573989868
    ],
    [
      0.49412453174591064,
      0.49956589937210083,
      1.0,
      0.7713427543640137,
      0.26028868556022644,
      0.30343687534332275,
      0.3011307418346405,
      0.583314061164856,
      0.381838858127594,
      0.45712125301361084,
      0.3689076006412506,
      0.28617802262306213,
      0.3927071690559387,
      0.371466726064682,
      0.23667722940444946,
      0.1519603431224823
    ],
    [
      0.47350627183914185,
      0.4832589030265808,
      0.7713427543640137,
      1.0,
      0.2434358298778534,
      0.20728151500225067,
      0.24970869719982147,
      0.6082850694656372,
      0.3982466757297516,
      0.35592684149742126,
      0.34774264693260193,
      0.3439854085445404,
      0.3506888449192047,
      0.3350237309932709,
      0.16364607214927673,
      0.14444856345653534
    ],
    [
      0.24931615591049194,
      0.33039626479148865,
      0.26028868556022644,
      0.2434358298778534,
      0.9999999403953552,
      0.1798374354839325,
      0.3853580057621002,
      0.30455026030540466,
      0.2019375115633011,
      0.36677926778793335,
      0.1950349509716034,
      0.17904920876026154,
      0.38921964168548584,
      0.3477340042591095,
      0.4048481285572052,
      0.356583833694458
    ],
    [
      0.13650821149349213,
      0.29832229018211365,
      0.30343687534332275,
      0.20728151500225067,
      0.1798374354839325,
      1.0,
      0.1839885711669922,
      0.24612078070640564,
      0.2597963809967041,
      0.3478415012359619,
      0.33573466539382935,
      0.24043922126293182,
      0.224393829703331,
      0.31573447585105896,
      0.24869228899478912,
      0.24655063450336456
    ],
    [
      0.23922064900398254,
      0.3643355369567871,
      0.3011307418346405,
      0.24970869719982147,
      0.3853580057621002,
      0.1839885711669922,
      1.0,
      0.29732951521873474,
      0.23140573501586914,
      0.39181676506996155,
      0.28218701481819153,
      0.1863899528980255,
      0.45202961564064026,
      0.3696846663951874,
      0.3589896261692047,
      0.32758861780166626
    ],
    [
      0.5129291415214539,
      0.5204416513442993,
      0.583314061164856,
      0.6082850694656372,
      0.30455026030540466,
      0.24612078070640564,
      0.29732951521873474,
      1.0,
      0.3056183159351349,
      0.3880389630794525,
      0.346147745847702,
      0.2285594791173935,
      0.4442150592803955,
      0.37819236516952515,
      0.2534876763820648,
      0.20619986951351166
    ],
    [
      0.18880487978458405,
      0.2942468822002411,
      0.381838858127594,
      0.3982466757297516,
      0.2019375115633011,
      0.2597963809967041,
      0.23140573501586914,
      0.3056183159351349,
      1.0,
      0.3389233946800232,
      0.5739002823829651,
      0.4228995740413666,
      0.3518626093864441,
      0.3696146309375763,
      0.30740025639533997,
      0.2020377367734909
    ],
    [
      0.3208225667476654,
      0.3996066451072693,
      0.45712125301361084,
      0.35592684149742126,
      0.36677926778793335,
      0.3478415012359619,
      0.39181676506996155,
      0.3880389630794525,
      0.3389233946800232,
      1.0,
      0.4183274209499359,
      0.332598477602005,
      0.3627285957336426,
      0.3138943910598755,
      0.27350160479545593,
      0.2749985456466675
    ],
    [
      0.22942504286766052,
      0.3930754065513611,
      0.3689076006412506,
      0.34774264693260193,
      0.1950349509716034,
      0.33573466539382935,
      0.28218701481819153,
      0.346147745847702,
      0.5739002823829651,
      0.4183274209499359,
      1.0000001192092896,
      0.3805566728115082,
      0.3418283760547638,
      0.40933698415756226,
      0.3559311330318451,
      0.2280576527118683
    ],
    [
      0.10303448140621185,
      0.19289341568946838,
      0.28617802262306213,
      0.3439854085445404,
      0.17904920876026154,
      0.24043922126293182,
      0.1863899528980255,
      0.2285594791173935,
      0.4228995740413666,
      0.332598477602005,
      0.3805566728115082,
      0.9999999403953552,
      0.2427852302789688,
      0.30958059430122375,
      0.1912841498851776,
      0.14462049305438995
    ],
    [
      0.3237401247024536,
      0.47205814719200134,
      0.3927071690559387,
      0.3506888449192047,
      0.38921964168548584,
      0.224393829703331,
      0.45202961564064026,
      0.4442150592803955,
      0.3518626093864441,
      0.3627285957336426,
      0.3418283760547638,
      0.2427852302789688,
      1.0,
      0.43888095021247864,
      0.42481476068496704,
      0.40168923139572144
    ],
    [
      0.30982348322868347,
      0.4026084840297699,
      0.371466726064682,
      0.3350237309932709,
      0.3477340042591095,
      0.31573447585105896,
      0.3696846663951874,
      0.37819236516952515,
      0.3696146309375763,
      0.3138943910598755,
      0.40933698415756226,
      0.30958059430122375,
      0.43888095021247864,
      0.9999999403953552,
      0.513198733329773,
      0.40934816002845764
    ],
    [
      0.21639911830425262,
      0.3486790359020233,
      0.23667722940444946,
      0.16364607214927673,
      0.4048481285572052,
      0.24869228899478912,
      0.3589896261692047,
      0.2534876763820648,
      0.30740025639533997,
      0.27350160479545593,
      0.3559311330318451,
      0.1912841498851776,
      0.42481476068496704,
      0.513198733329773,
      0.9999999403953552,
      0.5201693177223206
    ],
    [
      0.20430898666381836,
      0.2547403573989868,
      0.1519603431224823,
      0.14444856345653534,
      0.356583833694458,
      0.24655063450336456,
      0.32758861780166626,
      0.20619986951351166,
      0.2020377367734909,
      0.2749985456466675,
      0.2280576527118683,
      0.14462049305438995,
      0.40168923139572144,
      0.40934816002845764,
      0.5201693177223206,
      1.0
    ]
  ]
}