{
  "game_number": 154,
  "words": [
    "INTERRUPT",
    "LITTER",
    "POINT",
    "STARE",
    "CRAFT",
    "LINE",
    "TRADE",
    "WORK",
    "CABBAGE",
    "NICOTINE",
    "ROUGH",
    "SOUL",
    "BETTER",
    "ECLIPSE",
    "SURPASS",
    "TOP"
  ],
  "adjacency_matrix": [
    [
      1.0,
      0.24191029369831085,
      0.41408446431159973,
      0.34873563051223755,
      0.28546464443206787,
      0.42303499579429626,
      0.38361573219299316,
      0.46317964792251587,
      0.20318178832530975,
      0.2631986141204834,
      0.3160671591758728,
      0.22508598864078522,
      0.3746379315853119,
      0.3469656705856323,
      0.3159791827201843,
      0.2634510397911072
    ],
    [
      0.24191029369831085,
      1.0,
      0.2570919990539551,
      0.20959626138210297,
      0.2759035527706146,
      0.3667163550853729,
      0.2631946802139282,
      0.34398046135902405,
      0.3919433355331421,
      0.27450916171073914,
      0.36085835099220276,
      0.26745638251304626,
      0.32671239972114563,
      0.1647963672876358,
      0.192794531583786,
      0.35442307591438293
    ],
    [
      0.41408446431159973,
      0.2570919990539551,
      1.0000001192092896,
      0.3893515169620514,
      0.39011669158935547,
      0.5855306386947632,
      0.3570939004421234,
      0.4672175645828247,
      0.21915967762470245,
      0.2219729721546173,
      0.4001874625682831,
      0.29582563042640686,
      0.4465787410736084,
      0.3384447693824768,
      0.35141149163246155,
      0.4911940097808838
    ],
    [
      0.34873563051223755,
      0.20959626138210297,
      0.3893515169620514,
      1.0,
      0.25271275639533997,
      0.3463493883609772,
      0.20293503999710083,
      0.31213605403900146,
      0.18346981704235077,
      0.1865691989660263,
      0.3214738667011261,
      0.25502434372901917,
      0.21727274358272552,
      0.285521537065506,
      0.27849212288856506,
      0.2327193170785904
    ],
    [
      0.28546464443206787,
      0.2759035527706146,
      0.39011669158935547,
      0.25271275639533997,
      1.0,
      0.42075634002685547,
      0.5728335976600647,
      0.5606171488761902,
      0.27256491780281067,
      0.19614720344543457,
      0.3756542503833771,
      0.3937665820121765,
      0.4219214916229248,
      0.3344576954841614,
      0.3097470998764038,
      0.33020803332328796
    ],
    [
      0.42303499579429626,
      0.3667163550853729,
      0.5855306386947632,
      0.3463493883609772,
      0.42075634002685547,
      1.0,
      0.410597562789917,
      0.4974184036254883,
      0.31688082218170166,
      0.2292521595954895,
      0.43429335951805115,
      0.3114610016345978,
      0.39672186970710754,
      0.3488638699054718,
      0.3234332203865051,
      0.5231965780258179
    ],
    [
      0.38361573219299316,
      0.2631946802139282,
      0.3570939004421234,
      0.20293503999710083,
      0.5728335976600647,
      0.410597562789917,
      1.0,
      0.49870747327804565,
      0.3286803960800171,
      0.27886685729026794,
      0.38712918758392334,
      0.3589528203010559,
      0.37728914618492126,
      0.34347930550575256,
      0.3171798884868622,
      0.3502483665943146
    ],
    [
      0.46317964792251587,
      0.34398046135902405,
      0.4672175645828247,
      0.31213605403900146,
      0.5606171488761902,
      0.4974184036254883,
      0.49870747327804565,
      1.0000001192092896,
      0.292790025472641,
      0.2741491496562958,
      0.4339820146560669,
      0.37796902656555176,
      0.5325146317481995,
      0.35053902864456177,
      0.36169490218162537,
      0.4181134104728699
    ],
    [
      0.20318178832530975,
      0.3919433355331421,
      0.21915967762470245,
      0.18346981704235077,
      0.27256491780281067,
      0.31688082218170166,
      0.3286803960800171,
      0.292790025472641,
      1.0,
      0.37253159284591675,
      0.2826423943042755,
      0.3624424338340759,
      0.26949456334114075,
      0.1898256540298462,
      0.17676372826099396,
      0.3121894299983978
    ],
    [
      0.2631986141204834,
      0.27450916171073914,
      0.2219729721546173,
      0.1865691989660263,
      0.19614720344543457,
      0.2292521595954895,
      0.27886685729026794,
      0.2741491496562958,
      0.37253159284591675,
      1.0,
      0.25664570927619934,
      0.30088484287261963,
      0.255427747964859,
      0.18324412405490875,
      0.18101400136947632,
      0.14600025117397308
    ],
    [
      0.3160671591758728,
      0.36085835099220276,
      0.4001874625682831,
      0.3214738667011261,
      0.3756542503833771,
      0.43429335951805115,
      0.38712918758392334,
      0.4339820146560669,
      0.2826423943042755,
      0.25664570927619934,
      1.0,
      0.3066810071468353,
      0.4514358341693878,
      0.29171663522720337,
      0.31908097863197327,
      0.40680116415023804
    ],
    [
      0.22508598864078522,
      0.26745638251304626,
      0.29582563042640686,
      0.25502434372901917,
      0.3937665820121765,
      0.3114610016345978,
      0.3589528203010559,
      0.37796902656555176,
      0.3624424338340759,
      0.30088484287261963,
      0.3066810071468353,
      1.0,
      0.38783881068229675,
      0.2098010629415512,
      0.255675345659256,
      0.3312380611896515
    ],
    [
      0.3746379315853119,
      0.32671239972114563,
      0.4465787410736084,
      0.21727274358272552,
      0.4219214916229248,
      0.39672186970710754,
      0.37728914618492126,
      0.5325146317481995,
      0.26949456334114075,
      0.255427747964859,
      0.4514358341693878,
      0.38783881068229675,
      1.0,
      0.28258371353149414,
      0.4380868971347809,
      0.4309605062007904
    ],
    [
      0.3469656705856323,
      0.1647963672876358,
      0.3384447693824768,
      0.285521537065506,
      0.3344576954841614,
      0.3488638699054718,
      0.34347930550575256,
      0.35053902864456177,
      0.1898256540298462,
      0.18324412405490875,
      0.29171663522720337,
      0.2098010629415512,
      0.28258371353149414,
      1.0,
      0.507426917552948,
      0.29899871349334717
    ],
    [
      0.3159791827201843,
      0.192794531583786,
      0.35141149163246155,
      0.27849212288856506,
      0.3097470998764038,
      0.3234332203865051,
      0.3171798884868622,
      0.36169490218162537,
      0.17676372826099396,
      0.18101400136947632,
      0.31908097863197327,
      0.255675345659256,
      0.4380868971347809,
      0.507426917552948,
      1.0,
      0.38811224699020386
    ],
    [
      0.2634510397911072,
      0.35442307591438293,
      0.4911940097808838,
      0.2327193170785904,
      0.33020803332328796,
      0.5231965780258179,
      0.3502483665943146,
      0.4181134104728699,
      0.3121894299983978,
      0.14600025117397308,
      0.40680116415023804,
      0.3312380611896515,
      0.4309605062007904,
      0.29899871349334717,
      0.38811224699020386,
      1.0
    ]
  ]
}