{
  "game_number": 459,
  "words": [
    "CHAPTER",
    "PERIOD",
    "PHASE",
    "STAGE",
    "DASH",
    "SHOCK",
    "TANK",
    "WHEEL",
    "BLEW",
    "CHORAL",
    "READ",
    "ROWS",
    "GAS",
    "LIQUID",
    "PLASMA",
    "SOLID"
  ],
  "adjacency_matrix": [
    [
      1.0,
      0.3545302748680115,
      0.36168715357780457,
      0.3114439845085144,
      0.13901473581790924,
      0.1825087070465088,
      0.18495820462703705,
      0.25552165508270264,
      0.10741936415433884,
      0.36567002534866333,
      0.42337897419929504,
      0.19918563961982727,
      0.10407720506191254,
      0.09101498872041702,
      0.16695457696914673,
      0.25276902318000793
    ],
    [
      0.3545302748680115,
      1.0,
      0.6269358396530151,
      0.5235192775726318,
      0.25151771306991577,
      0.3367842137813568,
      0.2732945680618286,
      0.3074009418487549,
      0.2150636613368988,
      0.3021664321422577,
      0.3041496276855469,
      0.22722166776657104,
      0.25465071201324463,
      0.26265251636505127,
      0.2468806952238083,
      0.2812940180301666
    ],
    [
      0.36168715357780457,
      0.6269358396530151,
      1.0,
      0.6818477511405945,
      0.32460689544677734,
      0.40457427501678467,
      0.3524149954319,
      0.378213107585907,
      0.2536119222640991,
      0.30410051345825195,
      0.29310181736946106,
      0.25845614075660706,
      0.3907107710838318,
      0.40675225853919983,
      0.3852398991584778,
      0.35527724027633667
    ],
    [
      0.3114439845085144,
      0.5235192775726318,
      0.6818477511405945,
      1.0,
      0.31622883677482605,
      0.38835635781288147,
      0.37759605050086975,
      0.41271185874938965,
      0.3118104040622711,
      0.3489682972431183,
      0.3377384543418884,
      0.3503158688545227,
      0.35609543323516846,
      0.31565430760383606,
      0.2939191460609436,
      0.3448907136917114
    ],
    [
      0.13901473581790924,
      0.25151771306991577,
      0.32460689544677734,
      0.31622883677482605,
      1.0,
      0.38530755043029785,
      0.3719991445541382,
      0.421471506357193,
      0.32647275924682617,
      0.2740137577056885,
      0.26327377557754517,
      0.33842647075653076,
      0.3561060130596161,
      0.37255626916885376,
      0.2776646614074707,
      0.3724152445793152
    ],
    [
      0.1825087070465088,
      0.3367842137813568,
      0.40457427501678467,
      0.38835635781288147,
      0.38530755043029785,
      1.0,
      0.32881051301956177,
      0.3202948272228241,
      0.3424273729324341,
      0.29912757873535156,
      0.35101792216300964,
      0.22389104962348938,
      0.3922344446182251,
      0.35644659399986267,
      0.370167076587677,
      0.37292730808258057
    ],
    [
      0.18495820462703705,
      0.2732945680618286,
      0.3524149954319,
      0.37759605050086975,
      0.3719991445541382,
      0.32881051301956177,
      1.0,
      0.42097005248069763,
      0.33077648282051086,
      0.2425442934036255,
      0.1793438047170639,
      0.27506396174430847,
      0.5143126249313354,
      0.5191905498504639,
      0.35306012630462646,
      0.34109970927238464
    ],
    [
      0.25552165508270264,
      0.3074009418487549,
      0.378213107585907,
      0.41271185874938965,
      0.421471506357193,
      0.3202948272228241,
      0.42097005248069763,
      1.0,
      0.3088160455226898,
      0.25883400440216064,
      0.28739771246910095,
      0.3241828978061676,
      0.3091488778591156,
      0.3364368975162506,
      0.2522238790988922,
      0.29082101583480835
    ],
    [
      0.10741936415433884,
      0.2150636613368988,
      0.2536119222640991,
      0.3118104040622711,
      0.32647275924682617,
      0.3424273729324341,
      0.33077648282051086,
      0.3088160455226898,
      1.0,
      0.21376276016235352,
      0.3144339621067047,
      0.23410023748874664,
      0.32917460799217224,
      0.2718636393547058,
      0.24118264019489288,
      0.2858501374721527
    ],
    [
      0.36567002534866333,
      0.3021664321422577,
      0.30410051345825195,
      0.3489682972431183,
      0.2740137577056885,
      0.29912757873535156,
      0.2425442934036255,
      0.25883400440216064,
      0.21376276016235352,
      1.0,
      0.2597201466560364,
      0.25195491313934326,
      0.2939261496067047,
      0.30915871262550354,
      0.27885156869888306,
      0.3867776691913605
    ],
    [
      0.42337897419929504,
      0.3041496276855469,
      0.29310181736946106,
      0.3377384543418884,
      0.26327377557754517,
      0.35101792216300964,
      0.1793438047170639,
      0.28739771246910095,
      0.3144339621067047,
      0.2597201466560364,
      1.0,
      0.2834858000278473,
      0.14250707626342773,
      0.2191835641860962,
      0.20309022068977356,
      0.303907573223114
    ],
    [
      0.19918563961982727,
      0.22722166776657104,
      0.25845614075660706,
      0.3503158688545227,
      0.33842647075653076,
      0.22389104962348938,
      0.27506396174430847,
      0.3241828978061676,
      0.23410023748874664,
      0.25195491313934326,
      0.2834858000278473,
      0.9999999403953552,
      0.20633064210414886,
      0.2596907913684845,
      0.19533921778202057,
      0.28673309087753296
    ],
    [
      0.10407720506191254,
      0.25465071201324463,
      0.3907107710838318,
      0.35609543323516846,
      0.3561060130596161,
      0.3922344446182251,
      0.5143126249313354,
      0.3091488778591156,
      0.32917460799217224,
      0.2939261496067047,
      0.14250707626342773,
      0.20633064210414886,
      0.9999999403953552,
      0.5944470763206482,
      0.527569591999054,
      0.38361871242523193
    ],
    [
      0.09101498872041702,
      0.26265251636505127,
      0.40675225853919983,
      0.31565430760383606,
      0.37255626916885376,
      0.35644659399986267,
      0.5191905498504639,
      0.3364368975162506,
      0.2718636393547058,
      0.30915871262550354,
      0.2191835641860962,
      0.2596907913684845,
      0.5944470763206482,
      1.0,
      0.5360279083251953,
      0.5935763716697693
    ],
    [
      0.16695457696914673,
      0.2468806952238083,
      0.3852398991584778,
      0.2939191460609436,
      0.2776646614074707,
      0.370167076587677,
      0.35306012630462646,
      0.2522238790988922,
      0.24118264019489288,
      0.27885156869888306,
      0.20309022068977356,
      0.19533921778202057,
      0.527569591999054,
      0.5360279083251953,
      1.0,
      0.37924623489379883
    ],
    [
      0.25276902318000793,
      0.2812940180301666,
      0.35527724027633667,
      0.3448907136917114,
      0.3724152445793152,
      0.37292730808258057,
      0.34109970927238464,
      0.29082101583480835,
      0.2858501374721527,
      0.3867776691913605,
      0.303907573223114,
      0.28673309087753296,
      0.38361871242523193,
      0.5935763716697693,
      0.37924623489379883,
      1.0
    ]
  ]
}