{
  "game_number": 486,
  "words": [
    "CROUCH",
    "DUCK",
    "SQUAT",
    "STOOP",
    "ANTHEM",
    "FLAG",
    "MOTTO",
    "SEAL",
    "CHEAT",
    "CROOK",
    "QUACK",
    "SHARK",
    "BADGER",
    "BUG",
    "HOUND",
    "NAG"
  ],
  "adjacency_matrix": [
    [
      1.0,
      0.4730278253555298,
      0.5502537488937378,
      0.6187002062797546,
      0.19382445514202118,
      0.30076298117637634,
      0.22036513686180115,
      0.30030933022499084,
      0.39079737663269043,
      0.3968128561973572,
      0.30466586351394653,
      0.30749136209487915,
      0.42537230253219604,
      0.2890719175338745,
      0.40801990032196045,
      0.3661991059780121
    ],
    [
      0.4730278253555298,
      0.9999999403953552,
      0.3355976343154907,
      0.3654521703720093,
      0.24157069623470306,
      0.36894524097442627,
      0.22043493390083313,
      0.4120029807090759,
      0.40128886699676514,
      0.40358731150627136,
      0.5754097104072571,
      0.42706745862960815,
      0.47651031613349915,
      0.3939582407474518,
      0.45268309116363525,
      0.28014814853668213
    ],
    [
      0.5502537488937378,
      0.3355976343154907,
      1.0,
      0.499215692281723,
      0.2185841202735901,
      0.2586170732975006,
      0.2160072922706604,
      0.27994346618652344,
      0.2985813617706299,
      0.36740240454673767,
      0.30521124601364136,
      0.2814316749572754,
      0.3615609407424927,
      0.26984742283821106,
      0.29025909304618835,
      0.30427464842796326
    ],
    [
      0.6187002062797546,
      0.3654521703720093,
      0.499215692281723,
      1.0,
      0.12894757091999054,
      0.2806863486766815,
      0.21490496397018433,
      0.22353078424930573,
      0.35203081369400024,
      0.39512088894844055,
      0.24106131494045258,
      0.2153581827878952,
      0.33874204754829407,
      0.22170020639896393,
      0.39325934648513794,
      0.2819128632545471
    ],
    [
      0.19382445514202118,
      0.24157069623470306,
      0.2185841202735901,
      0.12894757091999054,
      1.0,
      0.5730504393577576,
      0.5184004902839661,
      0.353193074464798,
      0.2558276057243347,
      0.2074373960494995,
      0.2474428117275238,
      0.1591326892375946,
      0.25970494747161865,
      0.27435779571533203,
      0.22625666856765747,
      0.20488516986370087
    ],
    [
      0.30076298117637634,
      0.36894524097442627,
      0.2586170732975006,
      0.2806863486766815,
      0.5730504393577576,
      1.0,
      0.5106355547904968,
      0.4934655725955963,
      0.31883522868156433,
      0.23661907017230988,
      0.22987547516822815,
      0.2934408187866211,
      0.3412778675556183,
      0.378462553024292,
      0.3091767430305481,
      0.23445263504981995
    ],
    [
      0.22036513686180115,
      0.22043493390083313,
      0.2160072922706604,
      0.21490496397018433,
      0.5184004902839661,
      0.5106355547904968,
      1.0,
      0.43786558508872986,
      0.2869475483894348,
      0.2435571700334549,
      0.22251033782958984,
      0.21337398886680603,
      0.3089640438556671,
      0.2361372411251068,
      0.25438764691352844,
      0.2418312132358551
    ],
    [
      0.30030933022499084,
      0.4120029807090759,
      0.27994346618652344,
      0.22353078424930573,
      0.353193074464798,
      0.4934655725955963,
      0.43786558508872986,
      1.0,
      0.3692643642425537,
      0.3137657940387726,
      0.28105661273002625,
      0.4238128960132599,
      0.39624127745628357,
      0.32761597633361816,
      0.39117109775543213,
      0.18765991926193237
    ],
    [
      0.39079737663269043,
      0.40128886699676514,
      0.2985813617706299,
      0.35203081369400024,
      0.2558276057243347,
      0.31883522868156433,
      0.2869475483894348,
      0.3692643642425537,
      0.9999999403953552,
      0.44440335035324097,
      0.3576020896434784,
      0.32485905289649963,
      0.4010961353778839,
      0.43570342659950256,
      0.44486910104751587,
      0.38347911834716797
    ],
    [
      0.3968128561973572,
      0.40358731150627136,
      0.36740240454673767,
      0.39512088894844055,
      0.2074373960494995,
      0.23661907017230988,
      0.2435571700334549,
      0.3137657940387726,
      0.44440335035324097,
      1.0,
      0.4392634928226471,
      0.3650827705860138,
      0.34269270300865173,
      0.319905161857605,
      0.43754932284355164,
      0.2589251399040222
    ],
    [
      0.30466586351394653,
      0.5754097104072571,
      0.30521124601364136,
      0.24106131494045258,
      0.2474428117275238,
      0.22987547516822815,
      0.22251033782958984,
      0.28105661273002625,
      0.3576020896434784,
      0.4392634928226471,
      1.0,
      0.3727841377258301,
      0.3915335536003113,
      0.3136163651943207,
      0.41291511058807373,
      0.31293830275535583
    ],
    [
      0.30749136209487915,
      0.42706745862960815,
      0.2814316749572754,
      0.2153581827878952,
      0.1591326892375946,
      0.2934408187866211,
      0.21337398886680603,
      0.4238128960132599,
      0.32485905289649963,
      0.3650827705860138,
      0.3727841377258301,
      1.0,
      0.38301578164100647,
      0.3982747495174408,
      0.42022860050201416,
      0.19423025846481323
    ],
    [
      0.42537230253219604,
      0.47651031613349915,
      0.3615609407424927,
      0.33874204754829407,
      0.25970494747161865,
      0.3412778675556183,
      0.3089640438556671,
      0.39624127745628357,
      0.4010961353778839,
      0.34269270300865173,
      0.3915335536003113,
      0.38301578164100647,
      1.0,
      0.42901504039764404,
      0.626823902130127,
      0.38391828536987305
    ],
    [
      0.2890719175338745,
      0.3939582407474518,
      0.26984742283821106,
      0.22170020639896393,
      0.27435779571533203,
      0.378462553024292,
      0.2361372411251068,
      0.32761597633361816,
      0.43570342659950256,
      0.319905161857605,
      0.3136163651943207,
      0.3982747495174408,
      0.42901504039764404,
      0.9999999403953552,
      0.3813715875148773,
      0.3557432293891907
    ],
    [
      0.40801990032196045,
      0.45268309116363525,
      0.29025909304618835,
      0.39325934648513794,
      0.22625666856765747,
      0.3091767430305481,
      0.25438764691352844,
      0.39117109775543213,
      0.44486910104751587,
      0.43754932284355164,
      0.41291511058807373,
      0.42022860050201416,
      0.626823902130127,
      0.3813715875148773,
      1.0,
      0.4444050192832947
    ],
    [
      0.3661991059780121,
      0.28014814853668213,
      0.30427464842796326,
      0.2819128632545471,
      0.20488516986370087,
      0.23445263504981995,
      0.2418312132358551,
      0.18765991926193237,
      0.38347911834716797,
      0.2589251399040222,
      0.31293830275535583,
      0.19423025846481323,
      0.38391828536987305,
      0.3557432293891907,
      0.4444050192832947,
      0.9999999403953552
    ]
  ]
}