{
  "game_number": 508,
  "words": [
    "GORGE",
    "GULP",
    "SCARF",
    "WOLF",
    "APPLE",
    "BASHFUL",
    "MIRROR",
    "QUEEN",
    "CHEN",
    "CLARK",
    "COWL",
    "CRAVEN",
    "CANINE",
    "FANG",
    "MOLAR",
    "TUSK"
  ],
  "adjacency_matrix": [
    [
      1.0,
      0.39044851064682007,
      0.33168795704841614,
      0.36086562275886536,
      0.31719961762428284,
      0.2704964280128479,
      0.28919023275375366,
      0.2481817901134491,
      0.3121408224105835,
      0.2891498804092407,
      0.26666659116744995,
      0.3184555470943451,
      0.26550450921058655,
      0.3542504906654358,
      0.25951939821243286,
      0.2695963382720947
    ],
    [
      0.39044851064682007,
      0.9999999403953552,
      0.23230214416980743,
      0.25707218050956726,
      0.25058823823928833,
      0.36529842019081116,
      0.24235618114471436,
      0.18529905378818512,
      0.21381700038909912,
      0.14008407294750214,
      0.24578043818473816,
      0.2902022898197174,
      0.24336029589176178,
      0.33055102825164795,
      0.30108216404914856,
      0.21548646688461304
    ],
    [
      0.33168795704841614,
      0.23230214416980743,
      0.9999999403953552,
      0.3690304160118103,
      0.3443073332309723,
      0.2983313798904419,
      0.3955053687095642,
      0.28638046979904175,
      0.33156707882881165,
      0.26620399951934814,
      0.5797763466835022,
      0.24976639449596405,
      0.29163506627082825,
      0.38153111934661865,
      0.26219335198402405,
      0.2651803195476532
    ],
    [
      0.36086562275886536,
      0.25707218050956726,
      0.3690304160118103,
      1.0,
      0.29952457547187805,
      0.28296414017677307,
      0.2566455602645874,
      0.2817217707633972,
      0.31265494227409363,
      0.28365358710289,
      0.3867233097553253,
      0.315854549407959,
      0.48219069838523865,
      0.45596951246261597,
      0.33860018849372864,
      0.3407004177570343
    ],
    [
      0.31719961762428284,
      0.25058823823928833,
      0.3443073332309723,
      0.29952457547187805,
      1.0,
      0.2339809089899063,
      0.30588310956954956,
      0.37588778138160706,
      0.37020236253738403,
      0.332423597574234,
      0.2166804075241089,
      0.2747575640678406,
      0.32715192437171936,
      0.3372887670993805,
      0.29153841733932495,
      0.30469954013824463
    ],
    [
      0.2704964280128479,
      0.36529842019081116,
      0.2983313798904419,
      0.28296414017677307,
      0.2339809089899063,
      0.9999999403953552,
      0.3328417241573334,
      0.36387717723846436,
      0.3178093135356903,
      0.3258329927921295,
      0.325406014919281,
      0.4411410391330719,
      0.3339647054672241,
      0.33441513776779175,
      0.23922383785247803,
      0.18982815742492676
    ],
    [
      0.28919023275375366,
      0.24235618114471436,
      0.3955053687095642,
      0.2566455602645874,
      0.30588310956954956,
      0.3328417241573334,
      1.0,
      0.3208831548690796,
      0.31304168701171875,
      0.2674165666103363,
      0.4354068636894226,
      0.2901729941368103,
      0.2977046072483063,
      0.3855854868888855,
      0.3201633393764496,
      0.2780551314353943
    ],
    [
      0.2481817901134491,
      0.18529905378818512,
      0.28638046979904175,
      0.2817217707633972,
      0.37588778138160706,
      0.36387717723846436,
      0.3208831548690796,
      1.0,
      0.260785847902298,
      0.35301366448402405,
      0.2388903647661209,
      0.3196259140968323,
      0.3079795837402344,
      0.28316396474838257,
      0.24222368001937866,
      0.24253244698047638
    ],
    [
      0.3121408224105835,
      0.21381700038909912,
      0.33156707882881165,
      0.31265494227409363,
      0.37020236253738403,
      0.3178093135356903,
      0.31304168701171875,
      0.260785847902298,
      1.0,
      0.5084324479103088,
      0.2969817817211151,
      0.29216769337654114,
      0.32755231857299805,
      0.5980788469314575,
      0.277957022190094,
      0.2543780207633972
    ],
    [
      0.2891498804092407,
      0.14008407294750214,
      0.26620399951934814,
      0.28365358710289,
      0.332423597574234,
      0.3258329927921295,
      0.2674165666103363,
      0.35301366448402405,
      0.5084324479103088,
      1.0,
      0.3081100583076477,
      0.31679660081863403,
      0.30216413736343384,
      0.3600707948207855,
      0.19428569078445435,
      0.22313237190246582
    ],
    [
      0.26666659116744995,
      0.24578043818473816,
      0.5797763466835022,
      0.3867233097553253,
      0.2166804075241089,
      0.325406014919281,
      0.4354068636894226,
      0.2388903647661209,
      0.2969817817211151,
      0.3081100583076477,
      0.9999999403953552,
      0.2378394454717636,
      0.34933942556381226,
      0.44007793068885803,
      0.3333701193332672,
      0.2825111448764801
    ],
    [
      0.3184555470943451,
      0.2902022898197174,
      0.24976639449596405,
      0.315854549407959,
      0.2747575640678406,
      0.4411410391330719,
      0.2901729941368103,
      0.3196259140968323,
      0.29216769337654114,
      0.31679660081863403,
      0.2378394454717636,
      1.0,
      0.372016578912735,
      0.3493223488330841,
      0.21521849930286407,
      0.16302992403507233
    ],
    [
      0.26550450921058655,
      0.24336029589176178,
      0.29163506627082825,
      0.48219069838523865,
      0.32715192437171936,
      0.3339647054672241,
      0.2977046072483063,
      0.3079795837402344,
      0.32755231857299805,
      0.30216413736343384,
      0.34933942556381226,
      0.372016578912735,
      1.0,
      0.4176645874977112,
      0.4887591600418091,
      0.2888987064361572
    ],
    [
      0.3542504906654358,
      0.33055102825164795,
      0.38153111934661865,
      0.45596951246261597,
      0.3372887670993805,
      0.33441513776779175,
      0.3855854868888855,
      0.28316396474838257,
      0.5980788469314575,
      0.3600707948207855,
      0.44007793068885803,
      0.3493223488330841,
      0.4176645874977112,
      1.0,
      0.3869675397872925,
      0.44291257858276367
    ],
    [
      0.25951939821243286,
      0.30108216404914856,
      0.26219335198402405,
      0.33860018849372864,
      0.29153841733932495,
      0.23922383785247803,
      0.3201633393764496,
      0.24222368001937866,
      0.277957022190094,
      0.19428569078445435,
      0.3333701193332672,
      0.21521849930286407,
      0.4887591600418091,
      0.3869675397872925,
      1.0,
      0.46198585629463196
    ],
    [
      0.2695963382720947,
      0.21548646688461304,
      0.2651803195476532,
      0.3407004177570343,
      0.30469954013824463,
      0.18982815742492676,
      0.2780551314353943,
      0.24253244698047638,
      0.2543780207633972,
      0.22313237190246582,
      0.2825111448764801,
      0.16302992403507233,
      0.2888987064361572,
      0.44291257858276367,
      0.46198585629463196,
      1.0
    ]
  ]
}