{
  "game_number": 413,
  "words": [
    "FOOT",
    "LINE",
    "METER",
    "VERSE",
    "COUCH",
    "IMPLY",
    "INTIMATE",
    "SUGGEST",
    "KELVIN",
    "OKAY",
    "POTASSIUM",
    "THOUSAND",
    "BREAD",
    "BUTTER",
    "GARLIC",
    "PARSLEY"
  ],
  "adjacency_matrix": [
    [
      1.0,
      0.49309590458869934,
      0.5520007014274597,
      0.27569636702537537,
      0.40323084592819214,
      0.2411457747220993,
      0.26249268651008606,
      0.22079625725746155,
      0.1838320642709732,
      0.17421187460422516,
      0.1708810180425644,
      0.4138522744178772,
      0.3024899363517761,
      0.2879717946052551,
      0.29166290163993835,
      0.26377931237220764
    ],
    [
      0.49309590458869934,
      1.0,
      0.4450538754463196,
      0.49454352259635925,
      0.3626774251461029,
      0.4010620415210724,
      0.37724754214286804,
      0.4003743529319763,
      0.1104852557182312,
      0.35849303007125854,
      0.22265523672103882,
      0.26771777868270874,
      0.34112846851348877,
      0.3250825107097626,
      0.2227959781885147,
      0.22667543590068817
    ],
    [
      0.5520007014274597,
      0.4450538754463196,
      1.0,
      0.4063950777053833,
      0.2545161247253418,
      0.22816091775894165,
      0.2510487735271454,
      0.21299141645431519,
      0.30339688062667847,
      0.2543255686759949,
      0.25994282960891724,
      0.3493158519268036,
      0.22221679985523224,
      0.22538650035858154,
      0.24105557799339294,
      0.19028013944625854
    ],
    [
      0.27569636702537537,
      0.49454352259635925,
      0.4063950777053833,
      1.0,
      0.23711663484573364,
      0.2997410297393799,
      0.37072381377220154,
      0.3296489119529724,
      0.12022344768047333,
      0.2668994069099426,
      0.10751421004533768,
      0.28094857931137085,
      0.29090192914009094,
      0.20803718268871307,
      0.1525319665670395,
      0.2069508284330368
    ],
    [
      0.40323084592819214,
      0.3626774251461029,
      0.2545161247253418,
      0.23711663484573364,
      1.0,
      0.27049487829208374,
      0.31120163202285767,
      0.32638490200042725,
      0.09474851191043854,
      0.26207560300827026,
      0.2504298985004425,
      0.21903854608535767,
      0.34232789278030396,
      0.3375746011734009,
      0.26113107800483704,
      0.2623337209224701
    ],
    [
      0.2411457747220993,
      0.4010620415210724,
      0.22816091775894165,
      0.2997410297393799,
      0.27049487829208374,
      1.0,
      0.3716486990451813,
      0.6909264922142029,
      0.17234499752521515,
      0.43197527527809143,
      0.19271333515644073,
      0.20814312994480133,
      0.25722795724868774,
      0.20993474125862122,
      0.20505014061927795,
      0.22244203090667725
    ],
    [
      0.26249268651008606,
      0.37724754214286804,
      0.2510487735271454,
      0.37072381377220154,
      0.31120163202285767,
      0.3716486990451813,
      0.9999999403953552,
      0.36514919996261597,
      0.18515272438526154,
      0.3427235782146454,
      0.1879299283027649,
      0.25474977493286133,
      0.2247210294008255,
      0.21473492681980133,
      0.2529074549674988,
      0.14385074377059937
    ],
    [
      0.22079625725746155,
      0.4003743529319763,
      0.21299141645431519,
      0.3296489119529724,
      0.32638490200042725,
      0.6909264922142029,
      0.36514919996261597,
      1.0,
      0.0979805439710617,
      0.4667373597621918,
      0.24220643937587738,
      0.2539180815219879,
      0.21258097887039185,
      0.20453527569770813,
      0.19644352793693542,
      0.20173050463199615
    ],
    [
      0.1838320642709732,
      0.1104852557182312,
      0.30339688062667847,
      0.12022344768047333,
      0.09474851191043854,
      0.17234499752521515,
      0.18515272438526154,
      0.0979805439710617,
      0.9999999403953552,
      0.18545827269554138,
      0.19465380907058716,
      0.3033372461795807,
      0.1268715262413025,
      0.15319322049617767,
      0.14643244445323944,
      0.11824589222669601
    ],
    [
      0.17421187460422516,
      0.35849303007125854,
      0.2543255686759949,
      0.2668994069099426,
      0.26207560300827026,
      0.43197527527809143,
      0.3427235782146454,
      0.4667373597621918,
      0.18545827269554138,
      1.0,
      0.18008966743946075,
      0.22308608889579773,
      0.23323482275009155,
      0.2493802309036255,
      0.250935822725296,
      0.25179922580718994
    ],
    [
      0.1708810180425644,
      0.22265523672103882,
      0.25994282960891724,
      0.10751421004533768,
      0.2504298985004425,
      0.19271333515644073,
      0.1879299283027649,
      0.24220643937587738,
      0.19465380907058716,
      0.18008966743946075,
      1.0,
      0.15792763233184814,
      0.2834244668483734,
      0.3104246258735657,
      0.4053833782672882,
      0.3520059585571289
    ],
    [
      0.4138522744178772,
      0.26771777868270874,
      0.3493158519268036,
      0.28094857931137085,
      0.21903854608535767,
      0.20814312994480133,
      0.25474977493286133,
      0.2539180815219879,
      0.3033372461795807,
      0.22308608889579773,
      0.15792763233184814,
      0.9999999403953552,
      0.2342102825641632,
      0.1976814717054367,
      0.21494445204734802,
      0.2155621498823166
    ],
    [
      0.3024899363517761,
      0.34112846851348877,
      0.22221679985523224,
      0.29090192914009094,
      0.34232789278030396,
      0.25722795724868774,
      0.2247210294008255,
      0.21258097887039185,
      0.1268715262413025,
      0.23323482275009155,
      0.2834244668483734,
      0.2342102825641632,
      1.0,
      0.7513414025306702,
      0.4334821403026581,
      0.3952794075012207
    ],
    [
      0.2879717946052551,
      0.3250825107097626,
      0.22538650035858154,
      0.20803718268871307,
      0.3375746011734009,
      0.20993474125862122,
      0.21473492681980133,
      0.20453527569770813,
      0.15319322049617767,
      0.2493802309036255,
      0.3104246258735657,
      0.1976814717054367,
      0.7513414025306702,
      1.0,
      0.5160278677940369,
      0.4458667039871216
    ],
    [
      0.29166290163993835,
      0.2227959781885147,
      0.24105557799339294,
      0.1525319665670395,
      0.26113107800483704,
      0.20505014061927795,
      0.2529074549674988,
      0.19644352793693542,
      0.14643244445323944,
      0.250935822725296,
      0.4053833782672882,
      0.21494445204734802,
      0.4334821403026581,
      0.5160278677940369,
      1.0,
      0.6147891283035278
    ],
    [
      0.26377931237220764,
      0.22667543590068817,
      0.19028013944625854,
      0.2069508284330368,
      0.2623337209224701,
      0.22244203090667725,
      0.14385074377059937,
      0.20173050463199615,
      0.11824589222669601,
      0.25179922580718994,
      0.3520059585571289,
      0.2155621498823166,
      0.3952794075012207,
      0.4458667039871216,
      0.6147891283035278,
      1.0
    ]
  ]
}