{
  "game_number": 500,
  "words": [
    "BIRDS",
    "NOTORIOUS",
    "REBECCA",
    "ROPE",
    "GOOSE",
    "HOBBES",
    "ROBIN",
    "WATSON",
    "COTTAGE",
    "CREAM",
    "SAY",
    "STRING",
    "ARCH",
    "BALL",
    "SOLE",
    "TOE"
  ],
  "adjacency_matrix": [
    [
      1.0,
      0.21837885677814484,
      0.24268370866775513,
      0.22570616006851196,
      0.495903879404068,
      0.4076724648475647,
      0.3852388858795166,
      0.24455881118774414,
      0.3129875361919403,
      0.21621288359165192,
      0.23993220925331116,
      0.2582581639289856,
      0.30250340700149536,
      0.2878541052341461,
      0.19985522329807281,
      0.16127443313598633
    ],
    [
      0.21837885677814484,
      1.0,
      0.1655576527118683,
      0.25644397735595703,
      0.262758731842041,
      0.3302854895591736,
      0.18412655591964722,
      0.30151987075805664,
      0.24381032586097717,
      0.17642159759998322,
      0.3050665557384491,
      0.36500588059425354,
      0.31934866309165955,
      0.2505309283733368,
      0.43634888529777527,
      0.19754572212696075
    ],
    [
      0.24268370866775513,
      0.1655576527118683,
      0.9999999403953552,
      0.2776777744293213,
      0.29027262330055237,
      0.46071770787239075,
      0.4289039373397827,
      0.5509196519851685,
      0.303183913230896,
      0.2763393223285675,
      0.3226863741874695,
      0.20782370865345,
      0.23871028423309326,
      0.2580118775367737,
      0.21911218762397766,
      0.2111000418663025
    ],
    [
      0.22570616006851196,
      0.25644397735595703,
      0.2776777744293213,
      1.0,
      0.32021886110305786,
      0.34458932280540466,
      0.2553845942020416,
      0.33408528566360474,
      0.31766098737716675,
      0.24566751718521118,
      0.2202533483505249,
      0.5089379549026489,
      0.42268049716949463,
      0.45808345079421997,
      0.2916785478591919,
      0.4000013470649719
    ],
    [
      0.495903879404068,
      0.262758731842041,
      0.29027262330055237,
      0.32021886110305786,
      1.0,
      0.36357495188713074,
      0.49474507570266724,
      0.3043201267719269,
      0.36921247839927673,
      0.3658180832862854,
      0.2637072205543518,
      0.3389100730419159,
      0.3231565058231354,
      0.3723742961883545,
      0.349458247423172,
      0.34239888191223145
    ],
    [
      0.4076724648475647,
      0.3302854895591736,
      0.46071770787239075,
      0.34458932280540466,
      0.36357495188713074,
      1.0,
      0.39526042342185974,
      0.5540127754211426,
      0.3574270009994507,
      0.2259063422679901,
      0.3171423077583313,
      0.3410571217536926,
      0.36617311835289,
      0.3397820293903351,
      0.3332138955593109,
      0.33684584498405457
    ],
    [
      0.3852388858795166,
      0.18412655591964722,
      0.4289039373397827,
      0.2553845942020416,
      0.49474507570266724,
      0.39526042342185974,
      1.0,
      0.4262249171733856,
      0.3316306471824646,
      0.233232319355011,
      0.2480330467224121,
      0.2707635462284088,
      0.29579976201057434,
      0.2590270936489105,
      0.2442580908536911,
      0.17945308983325958
    ],
    [
      0.24455881118774414,
      0.30151987075805664,
      0.5509196519851685,
      0.33408528566360474,
      0.3043201267719269,
      0.5540127754211426,
      0.4262249171733856,
      1.0000001192092896,
      0.2536649703979492,
      0.3302590847015381,
      0.34362077713012695,
      0.27791568636894226,
      0.3489797115325928,
      0.3855341076850891,
      0.2643817961215973,
      0.3339531719684601
    ],
    [
      0.3129875361919403,
      0.24381032586097717,
      0.303183913230896,
      0.31766098737716675,
      0.36921247839927673,
      0.3574270009994507,
      0.3316306471824646,
      0.2536649703979492,
      1.0,
      0.38427940011024475,
      0.20299088954925537,
      0.30654293298721313,
      0.3279300332069397,
      0.3197704553604126,
      0.3321075439453125,
      0.2690224051475525
    ],
    [
      0.21621288359165192,
      0.17642159759998322,
      0.2763393223285675,
      0.24566751718521118,
      0.3658180832862854,
      0.2259063422679901,
      0.233232319355011,
      0.3302590847015381,
      0.38427940011024475,
      1.0,
      0.22582502663135529,
      0.2360893189907074,
      0.3033406436443329,
      0.36327508091926575,
      0.32017967104911804,
      0.3687254786491394
    ],
    [
      0.23993220925331116,
      0.3050665557384491,
      0.3226863741874695,
      0.2202533483505249,
      0.2637072205543518,
      0.3171423077583313,
      0.2480330467224121,
      0.34362077713012695,
      0.20299088954925537,
      0.22582502663135529,
      1.0,
      0.27701935172080994,
      0.16536830365657806,
      0.25767189264297485,
      0.25640207529067993,
      0.23991724848747253
    ],
    [
      0.2582581639289856,
      0.36500588059425354,
      0.20782370865345,
      0.5089379549026489,
      0.3389100730419159,
      0.3410571217536926,
      0.2707635462284088,
      0.27791568636894226,
      0.30654293298721313,
      0.2360893189907074,
      0.27701935172080994,
      1.0,
      0.35261738300323486,
      0.39393317699432373,
      0.31775134801864624,
      0.32734882831573486
    ],
    [
      0.30250340700149536,
      0.31934866309165955,
      0.23871028423309326,
      0.42268049716949463,
      0.3231565058231354,
      0.36617311835289,
      0.29579976201057434,
      0.3489797115325928,
      0.3279300332069397,
      0.3033406436443329,
      0.16536830365657806,
      0.35261738300323486,
      1.0,
      0.3707537055015564,
      0.3818958103656769,
      0.42711731791496277
    ],
    [
      0.2878541052341461,
      0.2505309283733368,
      0.2580118775367737,
      0.45808345079421997,
      0.3723742961883545,
      0.3397820293903351,
      0.2590270936489105,
      0.3855341076850891,
      0.3197704553604126,
      0.36327508091926575,
      0.25767189264297485,
      0.39393317699432373,
      0.3707537055015564,
      1.0,
      0.36309897899627686,
      0.42634502053260803
    ],
    [
      0.19985522329807281,
      0.43634888529777527,
      0.21911218762397766,
      0.2916785478591919,
      0.349458247423172,
      0.3332138955593109,
      0.2442580908536911,
      0.2643817961215973,
      0.3321075439453125,
      0.32017967104911804,
      0.25640207529067993,
      0.31775134801864624,
      0.3818958103656769,
      0.36309897899627686,
      1.0,
      0.3955877125263214
    ],
    [
      0.16127443313598633,
      0.19754572212696075,
      0.2111000418663025,
      0.4000013470649719,
      0.34239888191223145,
      0.33684584498405457,
      0.17945308983325958,
      0.3339531719684601,
      0.2690224051475525,
      0.3687254786491394,
      0.23991724848747253,
      0.32734882831573486,
      0.42711731791496277,
      0.42634502053260803,
      0.3955877125263214,
      0.9999999403953552
    ]
  ]
}