{
  "game_number": 270,
  "words": [
    "DESIGNATION",
    "HANDLE",
    "MONIKER",
    "SOBRIQUET",
    "CLEAR",
    "MARKED",
    "PRONOUNCED",
    "STRIKING",
    "PORTER",
    "POWER",
    "ROUGH",
    "WHEEL",
    "GOLD",
    "LEAD",
    "MERCURY",
    "TIN"
  ],
  "adjacency_matrix": [
    [
      1.0,
      0.2938770055770874,
      0.5718555450439453,
      0.518732488155365,
      0.3481045067310333,
      0.40938830375671387,
      0.35480061173439026,
      0.28224533796310425,
      0.22368894517421722,
      0.3500850200653076,
      0.2503723204135895,
      0.31540173292160034,
      0.3113497197628021,
      0.36977607011795044,
      0.25124913454055786,
      0.176929771900177
    ],
    [
      0.2938770055770874,
      1.0,
      0.2592810094356537,
      0.1834944784641266,
      0.41037410497665405,
      0.3612888753414154,
      0.37080585956573486,
      0.356686532497406,
      0.3216661512851715,
      0.4780375063419342,
      0.4169122874736786,
      0.4199356138706207,
      0.2927286624908447,
      0.5079437494277954,
      0.3072110116481781,
      0.3448217213153839
    ],
    [
      0.5718555450439453,
      0.2592810094356537,
      1.0000001192092896,
      0.7171414494514465,
      0.2550140619277954,
      0.25098922848701477,
      0.36001262068748474,
      0.21979209780693054,
      0.21712297201156616,
      0.32465121150016785,
      0.24948172271251678,
      0.24941711127758026,
      0.27924153208732605,
      0.30409112572669983,
      0.20954272150993347,
      0.21941952407360077
    ],
    [
      0.518732488155365,
      0.1834944784641266,
      0.7171414494514465,
      1.0000001192092896,
      0.22608155012130737,
      0.19064927101135254,
      0.30972984433174133,
      0.24341493844985962,
      0.18191426992416382,
      0.2769123911857605,
      0.23766949772834778,
      0.22265812754631042,
      0.2993413209915161,
      0.26197370886802673,
      0.20475439727306366,
      0.18729187548160553
    ],
    [
      0.3481045067310333,
      0.41037410497665405,
      0.2550140619277954,
      0.22608155012130737,
      1.0,
      0.514118492603302,
      0.460777223110199,
      0.5842894315719604,
      0.22457464039325714,
      0.4066460430622101,
      0.5314227938652039,
      0.2757120430469513,
      0.3194803297519684,
      0.506837010383606,
      0.2896031141281128,
      0.3008837401866913
    ],
    [
      0.40938830375671387,
      0.3612888753414154,
      0.25098922848701477,
      0.19064927101135254,
      0.514118492603302,
      0.9999999403953552,
      0.584731936454773,
      0.5119439363479614,
      0.1672953963279724,
      0.27776142954826355,
      0.4410534203052521,
      0.262780100107193,
      0.3349907100200653,
      0.4922199547290802,
      0.2277817577123642,
      0.2555665969848633
    ],
    [
      0.35480061173439026,
      0.37080585956573486,
      0.36001262068748474,
      0.30972984433174133,
      0.460777223110199,
      0.584731936454773,
      1.0,
      0.4558487832546234,
      0.25913432240486145,
      0.250750869512558,
      0.34401723742485046,
      0.18717357516288757,
      0.2618306875228882,
      0.3980587422847748,
      0.2739647626876831,
      0.2750367820262909
    ],
    [
      0.28224533796310425,
      0.356686532497406,
      0.21979209780693054,
      0.24341493844985962,
      0.5842894315719604,
      0.5119439363479614,
      0.4558487832546234,
      1.0,
      0.21652768552303314,
      0.3988244831562042,
      0.47651106119155884,
      0.3200526237487793,
      0.3820510804653168,
      0.4375170171260834,
      0.2743467092514038,
      0.28304222226142883
    ],
    [
      0.22368894517421722,
      0.3216661512851715,
      0.21712297201156616,
      0.18191426992416382,
      0.22457464039325714,
      0.1672953963279724,
      0.25913432240486145,
      0.21652768552303314,
      1.0,
      0.24931462109088898,
      0.263791024684906,
      0.30708494782447815,
      0.2505123019218445,
      0.29901865124702454,
      0.17641493678092957,
      0.374514102935791
    ],
    [
      0.3500850200653076,
      0.4780375063419342,
      0.32465121150016785,
      0.2769123911857605,
      0.4066460430622101,
      0.27776142954826355,
      0.250750869512558,
      0.3988244831562042,
      0.24931462109088898,
      0.9999999403953552,
      0.31954851746559143,
      0.4538463056087494,
      0.38213399052619934,
      0.46744927763938904,
      0.380512535572052,
      0.28275683522224426
    ],
    [
      0.2503723204135895,
      0.4169122874736786,
      0.24948172271251678,
      0.23766949772834778,
      0.5314227938652039,
      0.4410534203052521,
      0.34401723742485046,
      0.47651106119155884,
      0.263791024684906,
      0.31954851746559143,
      1.0,
      0.3330519497394562,
      0.35688239336013794,
      0.394387811422348,
      0.2009219229221344,
      0.34747809171676636
    ],
    [
      0.31540173292160034,
      0.4199356138706207,
      0.24941711127758026,
      0.22265812754631042,
      0.2757120430469513,
      0.262780100107193,
      0.18717357516288757,
      0.3200526237487793,
      0.30708494782447815,
      0.4538463056087494,
      0.3330519497394562,
      1.0,
      0.3455427587032318,
      0.38152074813842773,
      0.319983571767807,
      0.3298301100730896
    ],
    [
      0.3113497197628021,
      0.2927286624908447,
      0.27924153208732605,
      0.2993413209915161,
      0.3194803297519684,
      0.3349907100200653,
      0.2618306875228882,
      0.3820510804653168,
      0.2505123019218445,
      0.38213399052619934,
      0.35688239336013794,
      0.3455427587032318,
      1.0,
      0.42727169394493103,
      0.4689348340034485,
      0.5622553825378418
    ],
    [
      0.36977607011795044,
      0.5079437494277954,
      0.30409112572669983,
      0.26197370886802673,
      0.506837010383606,
      0.4922199547290802,
      0.3980587422847748,
      0.4375170171260834,
      0.29901865124702454,
      0.46744927763938904,
      0.394387811422348,
      0.38152074813842773,
      0.42727169394493103,
      1.0,
      0.4260544776916504,
      0.407941609621048
    ],
    [
      0.25124913454055786,
      0.3072110116481781,
      0.20954272150993347,
      0.20475439727306366,
      0.2896031141281128,
      0.2277817577123642,
      0.2739647626876831,
      0.2743467092514038,
      0.17641493678092957,
      0.380512535572052,
      0.2009219229221344,
      0.319983571767807,
      0.4689348340034485,
      0.4260544776916504,
      1.0,
      0.4576056897640228
    ],
    [
      0.176929771900177,
      0.3448217213153839,
      0.21941952407360077,
      0.18729187548160553,
      0.3008837401866913,
      0.2555665969848633,
      0.2750367820262909,
      0.28304222226142883,
      0.374514102935791,
      0.28275683522224426,
      0.34747809171676636,
      0.3298301100730896,
      0.5622553825378418,
      0.407941609621048,
      0.4576056897640228,
      1.0
    ]
  ]
}