{
  "game_number": 442,
  "words": [
    "CHRONICLE",
    "HERALD",
    "REGISTER",
    "SUN",
    "BANANA",
    "CROISSANT",
    "MOON",
    "SICKLE",
    "FEATHER",
    "FLOWER",
    "MUSHROOM",
    "STAR",
    "PITCH",
    "PLUG",
    "PROMOTE",
    "PUSH"
  ],
  "adjacency_matrix": [
    [
      1.0,
      0.42057493329048157,
      0.35640132427215576,
      0.21745164692401886,
      0.1749330312013626,
      0.23723097145557404,
      0.28272703289985657,
      0.13278190791606903,
      0.24813316762447357,
      0.2660347521305084,
      0.23348267376422882,
      0.3146837055683136,
      0.30881860852241516,
      0.25921308994293213,
      0.4222567081451416,
      0.29695644974708557
    ],
    [
      0.42057493329048157,
      1.0,
      0.3300398588180542,
      0.30715322494506836,
      0.22665594518184662,
      0.2236415445804596,
      0.32772862911224365,
      0.2830905318260193,
      0.28208136558532715,
      0.3430807888507843,
      0.2881758213043213,
      0.3644130527973175,
      0.28702667355537415,
      0.20289109647274017,
      0.367441862821579,
      0.3196254372596741
    ],
    [
      0.35640132427215576,
      0.3300398588180542,
      1.0,
      0.22710564732551575,
      0.2535841166973114,
      0.23523429036140442,
      0.26507753133773804,
      0.1386217474937439,
      0.26464468240737915,
      0.3334951102733612,
      0.2541562020778656,
      0.32837653160095215,
      0.42139336466789246,
      0.35246047377586365,
      0.3844970166683197,
      0.36907637119293213
    ],
    [
      0.21745164692401886,
      0.30715322494506836,
      0.22710564732551575,
      1.0,
      0.3585314452648163,
      0.3435439467430115,
      0.6621444821357727,
      0.2982602119445801,
      0.31555020809173584,
      0.4440630078315735,
      0.35251912474632263,
      0.49418962001800537,
      0.2907780706882477,
      0.23042476177215576,
      0.2440631091594696,
      0.23892885446548462
    ],
    [
      0.1749330312013626,
      0.22665594518184662,
      0.2535841166973114,
      0.3585314452648163,
      0.9999999403953552,
      0.4695221185684204,
      0.3851625919342041,
      0.3198668658733368,
      0.27051085233688354,
      0.4636593163013458,
      0.5196099281311035,
      0.404003769159317,
      0.3894173204898834,
      0.3426647484302521,
      0.2570066452026367,
      0.2757241725921631
    ],
    [
      0.23723097145557404,
      0.2236415445804596,
      0.23523429036140442,
      0.3435439467430115,
      0.4695221185684204,
      1.0,
      0.3690643906593323,
      0.2224978655576706,
      0.20250889658927917,
      0.39966708421707153,
      0.36550575494766235,
      0.34611496329307556,
      0.32079029083251953,
      0.29949772357940674,
      0.2500188946723938,
      0.26224109530448914
    ],
    [
      0.28272703289985657,
      0.32772862911224365,
      0.26507753133773804,
      0.6621444821357727,
      0.3851625919342041,
      0.3690643906593323,
      1.0,
      0.3727591037750244,
      0.29138442873954773,
      0.43932342529296875,
      0.41650375723838806,
      0.5236158967018127,
      0.32239067554473877,
      0.22358590364456177,
      0.23477810621261597,
      0.28781989216804504
    ],
    [
      0.13278190791606903,
      0.2830905318260193,
      0.1386217474937439,
      0.2982602119445801,
      0.3198668658733368,
      0.2224978655576706,
      0.3727591037750244,
      1.0,
      0.34762582182884216,
      0.37232187390327454,
      0.34283867478370667,
      0.27115312218666077,
      0.2818945646286011,
      0.24337144196033478,
      0.20654164254665375,
      0.334568053483963
    ],
    [
      0.24813316762447357,
      0.28208136558532715,
      0.26464468240737915,
      0.31555020809173584,
      0.27051085233688354,
      0.20250889658927917,
      0.29138442873954773,
      0.34762582182884216,
      0.9999999403953552,
      0.4159761369228363,
      0.3708747327327728,
      0.35421958565711975,
      0.28741395473480225,
      0.3063980042934418,
      0.3369550406932831,
      0.34680092334747314
    ],
    [
      0.2660347521305084,
      0.3430807888507843,
      0.3334951102733612,
      0.4440630078315735,
      0.4636593163013458,
      0.39966708421707153,
      0.43932342529296875,
      0.37232187390327454,
      0.4159761369228363,
      1.0,
      0.5363866686820984,
      0.4370608925819397,
      0.38953495025634766,
      0.35249823331832886,
      0.32950371503829956,
      0.346736878156662
    ],
    [
      0.23348267376422882,
      0.2881758213043213,
      0.2541562020778656,
      0.35251912474632263,
      0.5196099281311035,
      0.36550575494766235,
      0.41650375723838806,
      0.34283867478370667,
      0.3708747327327728,
      0.5363866686820984,
      1.0,
      0.3878593444824219,
      0.3291088342666626,
      0.2875067889690399,
      0.27521762251853943,
      0.3031812310218811
    ],
    [
      0.3146837055683136,
      0.3644130527973175,
      0.32837653160095215,
      0.49418962001800537,
      0.404003769159317,
      0.34611496329307556,
      0.5236158967018127,
      0.27115312218666077,
      0.35421958565711975,
      0.4370608925819397,
      0.3878593444824219,
      1.0,
      0.42095068097114563,
      0.34133660793304443,
      0.3083686828613281,
      0.3481683135032654
    ],
    [
      0.30881860852241516,
      0.28702667355537415,
      0.42139336466789246,
      0.2907780706882477,
      0.3894173204898834,
      0.32079029083251953,
      0.32239067554473877,
      0.2818945646286011,
      0.28741395473480225,
      0.38953495025634766,
      0.3291088342666626,
      0.42095068097114563,
      1.0,
      0.376697838306427,
      0.4276437759399414,
      0.46743956208229065
    ],
    [
      0.25921308994293213,
      0.20289109647274017,
      0.35246047377586365,
      0.23042476177215576,
      0.3426647484302521,
      0.29949772357940674,
      0.22358590364456177,
      0.24337144196033478,
      0.3063980042934418,
      0.35249823331832886,
      0.2875067889690399,
      0.34133660793304443,
      0.376697838306427,
      1.0,
      0.41361483931541443,
      0.5185632109642029
    ],
    [
      0.4222567081451416,
      0.367441862821579,
      0.3844970166683197,
      0.2440631091594696,
      0.2570066452026367,
      0.2500188946723938,
      0.23477810621261597,
      0.20654164254665375,
      0.3369550406932831,
      0.32950371503829956,
      0.27521762251853943,
      0.3083686828613281,
      0.4276437759399414,
      0.41361483931541443,
      1.0,
      0.5808860659599304
    ],
    [
      0.29695644974708557,
      0.3196254372596741,
      0.36907637119293213,
      0.23892885446548462,
      0.2757241725921631,
      0.26224109530448914,
      0.28781989216804504,
      0.334568053483963,
      0.34680092334747314,
      0.346736878156662,
      0.3031812310218811,
      0.3481683135032654,
      0.46743956208229065,
      0.5185632109642029,
      0.5808860659599304,
      0.9999999403953552
    ]
  ]
}