{
  "game_number": 19,
  "words": [
    "CLICK",
    "DRAG",
    "HOVER",
    "SCROLL",
    "BORE",
    "PIERCE",
    "POKE",
    "PUNCH",
    "BATMAN",
    "DEVIL",
    "ELF",
    "VULCAN",
    "BORG",
    "GRAF",
    "KING",
    "SINNER"
  ],
  "adjacency_matrix": [
    [
      1.0,
      0.444786936044693,
      0.46149715781211853,
      0.5471984148025513,
      0.2738410532474518,
      0.29816702008247375,
      0.3499775826931,
      0.3096381723880768,
      0.22698232531547546,
      0.2696150243282318,
      0.11398765444755554,
      0.27357420325279236,
      0.24378296732902527,
      0.23685793578624725,
      0.26570582389831543,
      0.20382285118103027
    ],
    [
      0.444786936044693,
      1.0,
      0.5276221036911011,
      0.41167035698890686,
      0.48639851808547974,
      0.36456552147865295,
      0.4295009970664978,
      0.4487917125225067,
      0.2716890573501587,
      0.3882865607738495,
      0.2650735378265381,
      0.3292308449745178,
      0.2550479471683502,
      0.2701740860939026,
      0.3777583837509155,
      0.32610023021698
    ],
    [
      0.46149715781211853,
      0.5276221036911011,
      1.0,
      0.43378719687461853,
      0.29232123494148254,
      0.3479761481285095,
      0.34042879939079285,
      0.2451736330986023,
      0.2575133740901947,
      0.2579443156719208,
      0.2017458975315094,
      0.30597633123397827,
      0.25870388746261597,
      0.19157674908638,
      0.23339366912841797,
      0.10857221484184265
    ],
    [
      0.5471984148025513,
      0.41167035698890686,
      0.43378719687461853,
      1.0,
      0.43224143981933594,
      0.346191942691803,
      0.3493078351020813,
      0.3734191358089447,
      0.24501237273216248,
      0.26513805985450745,
      0.12573668360710144,
      0.2947617769241333,
      0.24022866785526276,
      0.31314125657081604,
      0.29668721556663513,
      0.19626927375793457
    ],
    [
      0.2738410532474518,
      0.48639851808547974,
      0.29232123494148254,
      0.43224143981933594,
      0.9999999403953552,
      0.47101128101348877,
      0.4696686267852783,
      0.47868597507476807,
      0.28675976395606995,
      0.4425355792045593,
      0.14885638654232025,
      0.3752332627773285,
      0.3446333110332489,
      0.28006285429000854,
      0.36885738372802734,
      0.3042221665382385
    ],
    [
      0.29816702008247375,
      0.36456552147865295,
      0.3479761481285095,
      0.346191942691803,
      0.47101128101348877,
      1.0,
      0.49117526412010193,
      0.4479217827320099,
      0.3356430232524872,
      0.39335349202156067,
      0.22229060530662537,
      0.4207538068294525,
      0.32630810141563416,
      0.2145584374666214,
      0.29355499148368835,
      0.2578337490558624
    ],
    [
      0.3499775826931,
      0.4295009970664978,
      0.34042879939079285,
      0.3493078351020813,
      0.4696686267852783,
      0.49117526412010193,
      0.9999999403953552,
      0.5287507176399231,
      0.19788596034049988,
      0.36978572607040405,
      0.2313346415758133,
      0.3729352056980133,
      0.24830645322799683,
      0.17315427958965302,
      0.25451114773750305,
      0.16872313618659973
    ],
    [
      0.3096381723880768,
      0.4487917125225067,
      0.2451736330986023,
      0.3734191358089447,
      0.47868597507476807,
      0.4479217827320099,
      0.5287507176399231,
      1.0,
      0.30083903670310974,
      0.3945665955543518,
      0.22707048058509827,
      0.37762027978897095,
      0.2509751617908478,
      0.2803638279438019,
      0.28915926814079285,
      0.26838409900665283
    ],
    [
      0.22698232531547546,
      0.2716890573501587,
      0.2575133740901947,
      0.24501237273216248,
      0.28675976395606995,
      0.3356430232524872,
      0.19788596034049988,
      0.30083903670310974,
      1.0,
      0.4007728099822998,
      0.36828991770744324,
      0.4379085600376129,
      0.35747426748275757,
      0.3374268412590027,
      0.39825204014778137,
      0.318010151386261
    ],
    [
      0.2696150243282318,
      0.3882865607738495,
      0.2579443156719208,
      0.26513805985450745,
      0.4425355792045593,
      0.39335349202156067,
      0.36978572607040405,
      0.3945665955543518,
      0.4007728099822998,
      1.0,
      0.4252885580062866,
      0.456207811832428,
      0.31184476613998413,
      0.18505825102329254,
      0.45688289403915405,
      0.5531191229820251
    ],
    [
      0.11398765444755554,
      0.2650735378265381,
      0.2017458975315094,
      0.12573668360710144,
      0.14885638654232025,
      0.22229060530662537,
      0.2313346415758133,
      0.22707048058509827,
      0.36828991770744324,
      0.4252885580062866,
      0.9999999403953552,
      0.33868318796157837,
      0.3423258662223816,
      0.17366302013397217,
      0.3946382403373718,
      0.24541695415973663
    ],
    [
      0.27357420325279236,
      0.3292308449745178,
      0.30597633123397827,
      0.2947617769241333,
      0.3752332627773285,
      0.4207538068294525,
      0.3729352056980133,
      0.37762027978897095,
      0.4379085600376129,
      0.456207811832428,
      0.33868318796157837,
      1.0,
      0.386801153421402,
      0.17369230091571808,
      0.29986003041267395,
      0.24005314707756042
    ],
    [
      0.24378296732902527,
      0.2550479471683502,
      0.25870388746261597,
      0.24022866785526276,
      0.3446333110332489,
      0.32630810141563416,
      0.24830645322799683,
      0.2509751617908478,
      0.35747426748275757,
      0.31184476613998413,
      0.3423258662223816,
      0.386801153421402,
      1.0,
      0.2984745502471924,
      0.3493877649307251,
      0.2331455945968628
    ],
    [
      0.23685793578624725,
      0.2701740860939026,
      0.19157674908638,
      0.31314125657081604,
      0.28006285429000854,
      0.2145584374666214,
      0.17315427958965302,
      0.2803638279438019,
      0.3374268412590027,
      0.18505825102329254,
      0.17366302013397217,
      0.17369230091571808,
      0.2984745502471924,
      1.0,
      0.2756878137588501,
      0.19234758615493774
    ],
    [
      0.26570582389831543,
      0.3777583837509155,
      0.23339366912841797,
      0.29668721556663513,
      0.36885738372802734,
      0.29355499148368835,
      0.25451114773750305,
      0.28915926814079285,
      0.39825204014778137,
      0.45688289403915405,
      0.3946382403373718,
      0.29986003041267395,
      0.3493877649307251,
      0.2756878137588501,
      1.0,
      0.3934359848499298
    ],
    [
      0.20382285118103027,
      0.32610023021698,
      0.10857221484184265,
      0.19626927375793457,
      0.3042221665382385,
      0.2578337490558624,
      0.16872313618659973,
      0.26838409900665283,
      0.318010151386261,
      0.5531191229820251,
      0.24541695415973663,
      0.24005314707756042,
      0.2331455945968628,
      0.19234758615493774,
      0.3934359848499298,
      1.0
    ]
  ]
}