{
  "game_number": 235,
  "words": [
    "BIKINI",
    "G-STRING",
    "HIPSTER",
    "THONG",
    "DRILL",
    "SINK",
    "TOOTHBRUSH",
    "X-RAY",
    "CHAPSTICK",
    "JACUZZI",
    "Q-TIP",
    "XEROX",
    "DENT",
    "DIMPLE",
    "DING",
    "DIVOT"
  ],
  "adjacency_matrix": [
    [
      1.0,
      0.5608526468276978,
      0.4482286870479584,
      0.6008445024490356,
      0.24679429829120636,
      0.2831099033355713,
      0.3659859895706177,
      0.2639516294002533,
      0.475999116897583,
      0.45330819487571716,
      0.32659900188446045,
      0.25931936502456665,
      0.2267320454120636,
      0.42163699865341187,
      0.22520500421524048,
      0.3190176784992218
    ],
    [
      0.5608526468276978,
      1.0,
      0.39893925189971924,
      0.6681513786315918,
      0.21401329338550568,
      0.17996512353420258,
      0.30987510085105896,
      0.1971418559551239,
      0.49137282371520996,
      0.28198814392089844,
      0.3599533438682556,
      0.21583670377731323,
      0.22873476147651672,
      0.48038625717163086,
      0.30735719203948975,
      0.3303438723087311
    ],
    [
      0.4482286870479584,
      0.39893925189971924,
      1.0000001192092896,
      0.3948850929737091,
      0.17842182517051697,
      0.24130244553089142,
      0.30194708704948425,
      0.1762787401676178,
      0.49836692214012146,
      0.295470654964447,
      0.2724132239818573,
      0.2329803705215454,
      0.30237603187561035,
      0.32147836685180664,
      0.2577151954174042,
      0.2871047556400299
    ],
    [
      0.6008445024490356,
      0.6681513786315918,
      0.3948850929737091,
      1.0,
      0.2683910131454468,
      0.29562798142433167,
      0.42529937624931335,
      0.2229415327310562,
      0.558658242225647,
      0.3334571421146393,
      0.4023737609386444,
      0.23901039361953735,
      0.2926422655582428,
      0.4804728925228119,
      0.36828312277793884,
      0.3946222960948944
    ],
    [
      0.24679429829120636,
      0.21401329338550568,
      0.17842182517051697,
      0.2683910131454468,
      1.0,
      0.3672274947166443,
      0.36937087774276733,
      0.27723053097724915,
      0.4346823990345001,
      0.21772600710391998,
      0.318510502576828,
      0.1115422323346138,
      0.3068417012691498,
      0.3272022604942322,
      0.2975148856639862,
      0.48087507486343384
    ],
    [
      0.2831099033355713,
      0.17996512353420258,
      0.24130244553089142,
      0.29562798142433167,
      0.3672274947166443,
      1.0,
      0.35295581817626953,
      0.14877022802829742,
      0.380575031042099,
      0.3963569402694702,
      0.2926953136920929,
      0.15255574882030487,
      0.37219396233558655,
      0.3721449673175812,
      0.3730052709579468,
      0.418241024017334
    ],
    [
      0.3659859895706177,
      0.30987510085105896,
      0.30194708704948425,
      0.42529937624931335,
      0.36937087774276733,
      0.35295581817626953,
      0.9999999403953552,
      0.35256609320640564,
      0.5277193784713745,
      0.34651267528533936,
      0.5058360695838928,
      0.32930952310562134,
      0.33440887928009033,
      0.3794638216495514,
      0.312774658203125,
      0.3373345136642456
    ],
    [
      0.2639516294002533,
      0.1971418559551239,
      0.1762787401676178,
      0.2229415327310562,
      0.27723053097724915,
      0.14877022802829742,
      0.35256609320640564,
      0.9999999403953552,
      0.3406893312931061,
      0.2515562176704407,
      0.3246248662471771,
      0.23912908136844635,
      0.31507793068885803,
      0.34510454535484314,
      0.2700471580028534,
      0.2896193265914917
    ],
    [
      0.475999116897583,
      0.49137282371520996,
      0.49836692214012146,
      0.558658242225647,
      0.4346823990345001,
      0.380575031042099,
      0.5277193784713745,
      0.3406893312931061,
      1.0,
      0.4407115876674652,
      0.5296711325645447,
      0.33030229806900024,
      0.337261438369751,
      0.4835410416126251,
      0.368740975856781,
      0.477658212184906
    ],
    [
      0.45330819487571716,
      0.28198814392089844,
      0.295470654964447,
      0.3334571421146393,
      0.21772600710391998,
      0.3963569402694702,
      0.34651267528533936,
      0.2515562176704407,
      0.4407115876674652,
      1.0,
      0.2984734773635864,
      0.22280505299568176,
      0.1378677934408188,
      0.31892597675323486,
      0.2345494031906128,
      0.317027747631073
    ],
    [
      0.32659900188446045,
      0.3599533438682556,
      0.2724132239818573,
      0.4023737609386444,
      0.318510502576828,
      0.2926953136920929,
      0.5058360695838928,
      0.3246248662471771,
      0.5296711325645447,
      0.2984734773635864,
      1.0,
      0.3596688508987427,
      0.29208388924598694,
      0.47062572836875916,
      0.25860539078712463,
      0.43675485253334045
    ],
    [
      0.25931936502456665,
      0.21583670377731323,
      0.2329803705215454,
      0.23901039361953735,
      0.1115422323346138,
      0.15255574882030487,
      0.32930952310562134,
      0.23912908136844635,
      0.33030229806900024,
      0.22280505299568176,
      0.3596688508987427,
      0.9999999403953552,
      0.1971631795167923,
      0.24316968023777008,
      0.2686738967895508,
      0.1519426852464676
    ],
    [
      0.2267320454120636,
      0.22873476147651672,
      0.30237603187561035,
      0.2926422655582428,
      0.3068417012691498,
      0.37219396233558655,
      0.33440887928009033,
      0.31507793068885803,
      0.337261438369751,
      0.1378677934408188,
      0.29208388924598694,
      0.1971631795167923,
      1.0,
      0.4964093565940857,
      0.4613765478134155,
      0.48468509316444397
    ],
    [
      0.42163699865341187,
      0.48038625717163086,
      0.32147836685180664,
      0.4804728925228119,
      0.3272022604942322,
      0.3721449673175812,
      0.3794638216495514,
      0.34510454535484314,
      0.4835410416126251,
      0.31892597675323486,
      0.47062572836875916,
      0.24316968023777008,
      0.4964093565940857,
      1.0,
      0.3679298460483551,
      0.6294183135032654
    ],
    [
      0.22520500421524048,
      0.30735719203948975,
      0.2577151954174042,
      0.36828312277793884,
      0.2975148856639862,
      0.3730052709579468,
      0.312774658203125,
      0.2700471580028534,
      0.368740975856781,
      0.2345494031906128,
      0.25860539078712463,
      0.2686738967895508,
      0.4613765478134155,
      0.3679298460483551,
      1.0,
      0.4012104272842407
    ],
    [
      0.3190176784992218,
      0.3303438723087311,
      0.2871047556400299,
      0.3946222960948944,
      0.48087507486343384,
      0.418241024017334,
      0.3373345136642456,
      0.2896193265914917,
      0.477658212184906,
      0.317027747631073,
      0.43675485253334045,
      0.1519426852464676,
      0.48468509316444397,
      0.6294183135032654,
      0.4012104272842407,
      1.0
    ]
  ]
}