{
  "game_number": 28,
  "words": [
    "FIRST",
    "INITIAL",
    "ORIGINAL",
    "PRIMARY",
    "EVIDENCE",
    "HINT",
    "SIGN",
    "TRACE",
    "COIN",
    "COMIC",
    "RECORD",
    "STAMP",
    "BUDDY",
    "CULT",
    "DATE",
    "SILENT"
  ],
  "adjacency_matrix": [
    [
      1.0,
      0.6876792311668396,
      0.572110652923584,
      0.6018344163894653,
      0.3838438093662262,
      0.42842936515808105,
      0.40153729915618896,
      0.3586704730987549,
      0.3210042715072632,
      0.4405214190483093,
      0.4689755439758301,
      0.3474007844924927,
      0.35489535331726074,
      0.3114252984523773,
      0.5202062726020813,
      0.4445832073688507
    ],
    [
      0.6876792311668396,
      1.0,
      0.6901698112487793,
      0.630933940410614,
      0.4369051456451416,
      0.45950424671173096,
      0.42006224393844604,
      0.42486295104026794,
      0.26383480429649353,
      0.47515612840652466,
      0.457670658826828,
      0.36127471923828125,
      0.33198079466819763,
      0.3307586908340454,
      0.5402312874794006,
      0.4598875343799591
    ],
    [
      0.572110652923584,
      0.6901698112487793,
      1.0,
      0.6068887114524841,
      0.4481538236141205,
      0.37172362208366394,
      0.3690507411956787,
      0.3968709111213684,
      0.31745389103889465,
      0.5537008047103882,
      0.4469752907752991,
      0.39369937777519226,
      0.321668416261673,
      0.4055035412311554,
      0.49415308237075806,
      0.44322484731674194
    ],
    [
      0.6018344163894653,
      0.630933940410614,
      0.6068887114524841,
      1.0,
      0.44275638461112976,
      0.362643301486969,
      0.35881972312927246,
      0.33358585834503174,
      0.2601355016231537,
      0.45686933398246765,
      0.41703498363494873,
      0.28245028853416443,
      0.3434063494205475,
      0.37289369106292725,
      0.4302551746368408,
      0.40653878450393677
    ],
    [
      0.3838438093662262,
      0.4369051456451416,
      0.4481538236141205,
      0.44275638461112976,
      1.0,
      0.5271778702735901,
      0.43062201142311096,
      0.47892525792121887,
      0.26751989126205444,
      0.28163987398147583,
      0.5402081608772278,
      0.33784595131874084,
      0.28172510862350464,
      0.3608788549900055,
      0.4591579735279083,
      0.3576766550540924
    ],
    [
      0.42842936515808105,
      0.45950424671173096,
      0.37172362208366394,
      0.362643301486969,
      0.5271778702735901,
      1.0,
      0.47251832485198975,
      0.5411966443061829,
      0.3190007209777832,
      0.37668031454086304,
      0.3435656428337097,
      0.3343411982059479,
      0.369290828704834,
      0.2623094618320465,
      0.41553816199302673,
      0.44527968764305115
    ],
    [
      0.40153729915618896,
      0.42006224393844604,
      0.3690507411956787,
      0.35881972312927246,
      0.43062201142311096,
      0.47251832485198975,
      0.9999999403953552,
      0.392691045999527,
      0.33616816997528076,
      0.32098984718322754,
      0.4755368232727051,
      0.4819850027561188,
      0.32502272725105286,
      0.2819691598415375,
      0.45167434215545654,
      0.40895089507102966
    ],
    [
      0.3586704730987549,
      0.42486295104026794,
      0.3968709111213684,
      0.33358585834503174,
      0.47892525792121887,
      0.5411966443061829,
      0.392691045999527,
      1.0,
      0.24489237368106842,
      0.2711452841758728,
      0.489292711019516,
      0.4104063808917999,
      0.24090322852134705,
      0.31195130944252014,
      0.4443743824958801,
      0.3585224449634552
    ],
    [
      0.3210042715072632,
      0.26383480429649353,
      0.31745389103889465,
      0.2601355016231537,
      0.26751989126205444,
      0.3190007209777832,
      0.33616816997528076,
      0.24489237368106842,
      1.0000001192092896,
      0.33918482065200806,
      0.26873552799224854,
      0.5185673832893372,
      0.20867584645748138,
      0.2604876160621643,
      0.30201801657676697,
      0.25040051341056824
    ],
    [
      0.4405214190483093,
      0.47515612840652466,
      0.5537008047103882,
      0.45686933398246765,
      0.28163987398147583,
      0.37668031454086304,
      0.32098984718322754,
      0.2711452841758728,
      0.33918482065200806,
      1.0,
      0.29653140902519226,
      0.3851388394832611,
      0.2962146997451782,
      0.35810863971710205,
      0.37375015020370483,
      0.3614055812358856
    ],
    [
      0.4689755439758301,
      0.457670658826828,
      0.4469752907752991,
      0.41703498363494873,
      0.5402081608772278,
      0.3435656428337097,
      0.4755368232727051,
      0.489292711019516,
      0.26873552799224854,
      0.29653140902519226,
      1.0,
      0.4269500970840454,
      0.2756976783275604,
      0.323370099067688,
      0.5481677055358887,
      0.4113026261329651
    ],
    [
      0.3474007844924927,
      0.36127471923828125,
      0.39369937777519226,
      0.28245028853416443,
      0.33784595131874084,
      0.3343411982059479,
      0.4819850027561188,
      0.4104063808917999,
      0.5185673832893372,
      0.3851388394832611,
      0.4269500970840454,
      1.0,
      0.23313070833683014,
      0.33389803767204285,
      0.4798012673854828,
      0.27935823798179626
    ],
    [
      0.35489535331726074,
      0.33198079466819763,
      0.321668416261673,
      0.3434063494205475,
      0.28172510862350464,
      0.369290828704834,
      0.32502272725105286,
      0.24090322852134705,
      0.20867584645748138,
      0.2962146997451782,
      0.2756976783275604,
      0.23313070833683014,
      1.0,
      0.33631664514541626,
      0.26828232407569885,
      0.3617067039012909
    ],
    [
      0.3114252984523773,
      0.3307586908340454,
      0.4055035412311554,
      0.37289369106292725,
      0.3608788549900055,
      0.2623094618320465,
      0.2819691598415375,
      0.31195130944252014,
      0.2604876160621643,
      0.35810863971710205,
      0.323370099067688,
      0.33389803767204285,
      0.33631664514541626,
      1.0,
      0.3061692416667938,
      0.3284587860107422
    ],
    [
      0.5202062726020813,
      0.5402312874794006,
      0.49415308237075806,
      0.4302551746368408,
      0.4591579735279083,
      0.41553816199302673,
      0.45167434215545654,
      0.4443743824958801,
      0.30201801657676697,
      0.37375015020370483,
      0.5481677055358887,
      0.4798012673854828,
      0.26828232407569885,
      0.3061692416667938,
      1.0,
      0.3306431770324707
    ],
    [
      0.4445832073688507,
      0.4598875343799591,
      0.44322484731674194,
      0.40653878450393677,
      0.3576766550540924,
      0.44527968764305115,
      0.40895089507102966,
      0.3585224449634552,
      0.25040051341056824,
      0.3614055812358856,
      0.4113026261329651,
      0.27935823798179626,
      0.3617067039012909,
      0.3284587860107422,
      0.3306431770324707,
      1.0
    ]
  ]
}