{
  "game_number": 552,
  "words": [
    "CLOCK",
    "MAIL",
    "MAPS",
    "NOTES",
    "DOWN",
    "FUR",
    "SCALES",
    "SHELL",
    "ARROW",
    "DOG",
    "FINGER",
    "HINT",
    "CUP",
    "LID",
    "STIRRER",
    "STRAW"
  ],
  "adjacency_matrix": [
    [
      1.0,
      0.30673453211784363,
      0.3300696909427643,
      0.2822714149951935,
      0.3676582872867584,
      0.2477174550294876,
      0.38239145278930664,
      0.3520700931549072,
      0.33933138847351074,
      0.3717595934867859,
      0.3504657745361328,
      0.2876361012458801,
      0.3294926881790161,
      0.3006170392036438,
      0.35940566658973694,
      0.3036040663719177
    ],
    [
      0.30673453211784363,
      1.0,
      0.3226144015789032,
      0.3153313100337982,
      0.34463489055633545,
      0.3313879370689392,
      0.29412221908569336,
      0.3624002933502197,
      0.3131295144557953,
      0.31542855501174927,
      0.3202079236507416,
      0.2879638671875,
      0.3060716986656189,
      0.3031679689884186,
      0.24740374088287354,
      0.3230521082878113
    ],
    [
      0.3300696909427643,
      0.3226144015789032,
      1.0,
      0.5127182006835938,
      0.2604610025882721,
      0.2847495377063751,
      0.46401551365852356,
      0.25252193212509155,
      0.3172266185283661,
      0.2640625238418579,
      0.29295361042022705,
      0.30648791790008545,
      0.24677689373493195,
      0.15981008112430573,
      0.1930137723684311,
      0.20608355104923248
    ],
    [
      0.2822714149951935,
      0.3153313100337982,
      0.5127182006835938,
      1.0,
      0.3343105614185333,
      0.15891197323799133,
      0.4158281683921814,
      0.28155890107154846,
      0.3133229911327362,
      0.22316274046897888,
      0.3429153263568878,
      0.4651554524898529,
      0.20358091592788696,
      0.20645928382873535,
      0.22234469652175903,
      0.2551814317703247
    ],
    [
      0.3676582872867584,
      0.34463489055633545,
      0.2604610025882721,
      0.3343105614185333,
      1.0,
      0.2426091581583023,
      0.37447062134742737,
      0.33172088861465454,
      0.43982088565826416,
      0.36042946577072144,
      0.4705455005168915,
      0.34342047572135925,
      0.29133352637290955,
      0.38444119691848755,
      0.361488938331604,
      0.3703782260417938
    ],
    [
      0.2477174550294876,
      0.3313879370689392,
      0.2847495377063751,
      0.15891197323799133,
      0.2426091581583023,
      1.0,
      0.3409428000450134,
      0.37357836961746216,
      0.3100796639919281,
      0.4444228708744049,
      0.2931819558143616,
      0.22858108580112457,
      0.24362049996852875,
      0.2594834864139557,
      0.18292057514190674,
      0.3577013909816742
    ],
    [
      0.38239145278930664,
      0.29412221908569336,
      0.46401551365852356,
      0.4158281683921814,
      0.37447062134742737,
      0.3409428000450134,
      1.0,
      0.3254663348197937,
      0.30994606018066406,
      0.22641992568969727,
      0.4043397605419159,
      0.3387908637523651,
      0.3068040907382965,
      0.328399121761322,
      0.28009355068206787,
      0.24436324834823608
    ],
    [
      0.3520700931549072,
      0.3624002933502197,
      0.25252193212509155,
      0.28155890107154846,
      0.33172088861465454,
      0.37357836961746216,
      0.3254663348197937,
      1.0,
      0.4167536795139313,
      0.30550965666770935,
      0.3925114572048187,
      0.3412746489048004,
      0.3540644347667694,
      0.41482967138290405,
      0.36840274930000305,
      0.41219979524612427
    ],
    [
      0.33933138847351074,
      0.3131295144557953,
      0.3172266185283661,
      0.3133229911327362,
      0.43982088565826416,
      0.3100796639919281,
      0.30994606018066406,
      0.4167536795139313,
      1.0,
      0.32420095801353455,
      0.5008769631385803,
      0.3981744945049286,
      0.31840166449546814,
      0.29692384600639343,
      0.33067232370376587,
      0.40191176533699036
    ],
    [
      0.3717595934867859,
      0.31542855501174927,
      0.2640625238418579,
      0.22316274046897888,
      0.36042946577072144,
      0.4444228708744049,
      0.22641992568969727,
      0.30550965666770935,
      0.32420095801353455,
      1.0,
      0.3721815347671509,
      0.2755793631076813,
      0.33479592204093933,
      0.21417643129825592,
      0.3657272160053253,
      0.3524948060512543
    ],
    [
      0.3504657745361328,
      0.3202079236507416,
      0.29295361042022705,
      0.3429153263568878,
      0.4705455005168915,
      0.2931819558143616,
      0.4043397605419159,
      0.3925114572048187,
      0.5008769631385803,
      0.3721815347671509,
      1.0,
      0.43461647629737854,
      0.34085986018180847,
      0.4327976107597351,
      0.3559432923793793,
      0.39528170228004456
    ],
    [
      0.2876361012458801,
      0.2879638671875,
      0.30648791790008545,
      0.4651554524898529,
      0.34342047572135925,
      0.22858108580112457,
      0.3387908637523651,
      0.3412746489048004,
      0.3981744945049286,
      0.2755793631076813,
      0.43461647629737854,
      1.0,
      0.2700704038143158,
      0.3076223134994507,
      0.3676011562347412,
      0.3556146025657654
    ],
    [
      0.3294926881790161,
      0.3060716986656189,
      0.24677689373493195,
      0.20358091592788696,
      0.29133352637290955,
      0.24362049996852875,
      0.3068040907382965,
      0.3540644347667694,
      0.31840166449546814,
      0.33479592204093933,
      0.34085986018180847,
      0.2700704038143158,
      1.0,
      0.48023751378059387,
      0.4498746693134308,
      0.3937305808067322
    ],
    [
      0.3006170392036438,
      0.3031679689884186,
      0.15981008112430573,
      0.20645928382873535,
      0.38444119691848755,
      0.2594834864139557,
      0.328399121761322,
      0.41482967138290405,
      0.29692384600639343,
      0.21417643129825592,
      0.4327976107597351,
      0.3076223134994507,
      0.48023751378059387,
      1.0,
      0.41785502433776855,
      0.2944694459438324
    ],
    [
      0.35940566658973694,
      0.24740374088287354,
      0.1930137723684311,
      0.22234469652175903,
      0.361488938331604,
      0.18292057514190674,
      0.28009355068206787,
      0.36840274930000305,
      0.33067232370376587,
      0.3657272160053253,
      0.3559432923793793,
      0.3676011562347412,
      0.4498746693134308,
      0.41785502433776855,
      1.0,
      0.43806108832359314
    ],
    [
      0.3036040663719177,
      0.3230521082878113,
      0.20608355104923248,
      0.2551814317703247,
      0.3703782260417938,
      0.3577013909816742,
      0.24436324834823608,
      0.41219979524612427,
      0.40191176533699036,
      0.3524948060512543,
      0.39528170228004456,
      0.3556146025657654,
      0.3937305808067322,
      0.2944694459438324,
      0.43806108832359314,
      1.0000001192092896
    ]
  ]
}