{
  "game_number": 166,
  "words": [
    "COME",
    "HEEL",
    "SIT",
    "STAY",
    "FINANCE",
    "IT",
    "LEGAL",
    "SALES",
    "FROM",
    "SEA",
    "SHINING",
    "TO",
    "BRANCH",
    "DIVISION",
    "LIMB",
    "WING"
  ],
  "adjacency_matrix": [
    [
      1.0,
      0.3539699912071228,
      0.5698062777519226,
      0.6311008334159851,
      0.3870730400085449,
      0.5224286913871765,
      0.3459385335445404,
      0.3145797550678253,
      0.5462875366210938,
      0.35489559173583984,
      0.36501607298851013,
      0.6413259506225586,
      0.2584327161312103,
      0.3202763497829437,
      0.34583860635757446,
      0.31129637360572815
    ],
    [
      0.3539699912071228,
      1.0,
      0.32245028018951416,
      0.33601468801498413,
      0.22499871253967285,
      0.2863955795764923,
      0.26207154989242554,
      0.18013843894004822,
      0.3246643543243408,
      0.33602747321128845,
      0.32144075632095337,
      0.3479483723640442,
      0.24962718784809113,
      0.22640512883663177,
      0.3510211110115051,
      0.3235209584236145
    ],
    [
      0.5698062777519226,
      0.32245028018951416,
      1.0,
      0.5521508455276489,
      0.30264946818351746,
      0.40853387117385864,
      0.23465201258659363,
      0.24739333987236023,
      0.34717944264411926,
      0.34955382347106934,
      0.26252296566963196,
      0.48747020959854126,
      0.3160768747329712,
      0.2587457597255707,
      0.29825159907341003,
      0.305241197347641
    ],
    [
      0.6311008334159851,
      0.33601468801498413,
      0.5521508455276489,
      1.0,
      0.39049583673477173,
      0.4575389623641968,
      0.3544015884399414,
      0.31859925389289856,
      0.40321752429008484,
      0.3479757010936737,
      0.329807311296463,
      0.5318894982337952,
      0.31160175800323486,
      0.31422004103660583,
      0.379327654838562,
      0.3339844048023224
    ],
    [
      0.3870730400085449,
      0.22499871253967285,
      0.30264946818351746,
      0.39049583673477173,
      1.0,
      0.3527042269706726,
      0.4798821210861206,
      0.542647123336792,
      0.31969350576400757,
      0.35069310665130615,
      0.2292594313621521,
      0.4317764341831207,
      0.4559454023838043,
      0.4439360797405243,
      0.25647208094596863,
      0.3649476170539856
    ],
    [
      0.5224286913871765,
      0.2863955795764923,
      0.40853387117385864,
      0.4575389623641968,
      0.3527042269706726,
      1.0,
      0.31581607460975647,
      0.3425593078136444,
      0.40685445070266724,
      0.3461473882198334,
      0.3114878237247467,
      0.5393273234367371,
      0.3415346145629883,
      0.35959434509277344,
      0.28487372398376465,
      0.3139241933822632
    ],
    [
      0.3459385335445404,
      0.26207154989242554,
      0.23465201258659363,
      0.3544015884399414,
      0.4798821210861206,
      0.31581607460975647,
      1.0,
      0.4095609486103058,
      0.3327690064907074,
      0.38197827339172363,
      0.34327903389930725,
      0.3310098350048065,
      0.3796796202659607,
      0.41920045018196106,
      0.30911359190940857,
      0.3232685625553131
    ],
    [
      0.3145797550678253,
      0.18013843894004822,
      0.24739333987236023,
      0.31859925389289856,
      0.542647123336792,
      0.3425593078136444,
      0.4095609486103058,
      1.0,
      0.32184287905693054,
      0.31886765360832214,
      0.2666231095790863,
      0.3575555980205536,
      0.4151383638381958,
      0.4992385804653168,
      0.24929852783679962,
      0.3013298511505127
    ],
    [
      0.5462875366210938,
      0.3246643543243408,
      0.34717944264411926,
      0.40321752429008484,
      0.31969350576400757,
      0.40685445070266724,
      0.3327690064907074,
      0.32184287905693054,
      1.0,
      0.42456501722335815,
      0.3349325358867645,
      0.6098631024360657,
      0.3361681401729584,
      0.32577160000801086,
      0.35979774594306946,
      0.3543669283390045
    ],
    [
      0.35489559173583984,
      0.33602747321128845,
      0.34955382347106934,
      0.3479757010936737,
      0.35069310665130615,
      0.3461473882198334,
      0.38197827339172363,
      0.31886765360832214,
      0.42456501722335815,
      1.0,
      0.4190729856491089,
      0.35263556241989136,
      0.33201754093170166,
      0.3639226257801056,
      0.33290743827819824,
      0.36884886026382446
    ],
    [
      0.36501607298851013,
      0.32144075632095337,
      0.26252296566963196,
      0.329807311296463,
      0.2292594313621521,
      0.3114878237247467,
      0.34327903389930725,
      0.2666231095790863,
      0.3349325358867645,
      0.4190729856491089,
      1.0,
      0.28338223695755005,
      0.2878071963787079,
      0.2521042227745056,
      0.3286983370780945,
      0.32173869013786316
    ],
    [
      0.6413259506225586,
      0.3479483723640442,
      0.48747020959854126,
      0.5318894982337952,
      0.4317764341831207,
      0.5393273234367371,
      0.3310098350048065,
      0.3575555980205536,
      0.6098631024360657,
      0.35263556241989136,
      0.28338223695755005,
      1.0,
      0.3270101845264435,
      0.3124515414237976,
      0.37458932399749756,
      0.3307894170284271
    ],
    [
      0.2584327161312103,
      0.24962718784809113,
      0.3160768747329712,
      0.31160175800323486,
      0.4559454023838043,
      0.3415346145629883,
      0.3796796202659607,
      0.4151383638381958,
      0.3361681401729584,
      0.33201754093170166,
      0.2878071963787079,
      0.3270101845264435,
      1.0,
      0.5599071979522705,
      0.4400113821029663,
      0.5057706832885742
    ],
    [
      0.3202763497829437,
      0.22640512883663177,
      0.2587457597255707,
      0.31422004103660583,
      0.4439360797405243,
      0.35959434509277344,
      0.41920045018196106,
      0.4992385804653168,
      0.32577160000801086,
      0.3639226257801056,
      0.2521042227745056,
      0.3124515414237976,
      0.5599071979522705,
      1.0,
      0.30034157633781433,
      0.41819268465042114
    ],
    [
      0.34583860635757446,
      0.3510211110115051,
      0.29825159907341003,
      0.379327654838562,
      0.25647208094596863,
      0.28487372398376465,
      0.30911359190940857,
      0.24929852783679962,
      0.35979774594306946,
      0.33290743827819824,
      0.3286983370780945,
      0.37458932399749756,
      0.4400113821029663,
      0.30034157633781433,
      0.9999999403953552,
      0.4017373025417328
    ],
    [
      0.31129637360572815,
      0.3235209584236145,
      0.305241197347641,
      0.3339844048023224,
      0.3649476170539856,
      0.3139241933822632,
      0.3232685625553131,
      0.3013298511505127,
      0.3543669283390045,
      0.36884886026382446,
      0.32173869013786316,
      0.3307894170284271,
      0.5057706832885742,
      0.41819268465042114,
      0.4017373025417328,
      1.0
    ]
  ]
}