{
  "game_number": 545,
  "words": [
    "CAN",
    "COULD",
    "MAY",
    "MIGHT",
    "HEAD",
    "LEAD",
    "PRIME",
    "TOP",
    "BUTCHER",
    "SCRAP",
    "TOILET",
    "WAX",
    "GENESIS",
    "GERM",
    "SEED",
    "SOURCE"
  ],
  "adjacency_matrix": [
    [
      1.0,
      0.8431810140609741,
      0.7688693404197693,
      0.7223143577575684,
      0.33166006207466125,
      0.4457473158836365,
      0.27932271361351013,
      0.2658817172050476,
      0.31613537669181824,
      0.37809693813323975,
      0.25608015060424805,
      0.21825061738491058,
      0.18657876551151276,
      0.1936851143836975,
      0.2948102355003357,
      0.36623018980026245
    ],
    [
      0.8431810140609741,
      1.0,
      0.7716607451438904,
      0.8618810176849365,
      0.34464022517204285,
      0.47594860196113586,
      0.3224310278892517,
      0.28483858704566956,
      0.32275429368019104,
      0.4009600579738617,
      0.27462297677993774,
      0.20421826839447021,
      0.21634279191493988,
      0.2198500782251358,
      0.30442681908607483,
      0.3802638351917267
    ],
    [
      0.7688693404197693,
      0.7716607451438904,
      0.9999999403953552,
      0.8285428285598755,
      0.3074248731136322,
      0.42430269718170166,
      0.24727767705917358,
      0.21811142563819885,
      0.24740083515644073,
      0.3153855502605438,
      0.21325434744358063,
      0.20841580629348755,
      0.23076513409614563,
      0.18874886631965637,
      0.25764867663383484,
      0.29607683420181274
    ],
    [
      0.7223143577575684,
      0.8618810176849365,
      0.8285428285598755,
      1.0,
      0.36547330021858215,
      0.4561937153339386,
      0.36217615008354187,
      0.27283889055252075,
      0.27696529030799866,
      0.3752722442150116,
      0.2614136040210724,
      0.1876508742570877,
      0.25043562054634094,
      0.25956621766090393,
      0.30370599031448364,
      0.36088934540748596
    ],
    [
      0.33166006207466125,
      0.34464022517204285,
      0.3074248731136322,
      0.36547330021858215,
      1.0,
      0.5896058678627014,
      0.3894807696342468,
      0.6029235124588013,
      0.44069036841392517,
      0.33427828550338745,
      0.39430680871009827,
      0.3057909309864044,
      0.30302339792251587,
      0.2804449200630188,
      0.3954537510871887,
      0.40728193521499634
    ],
    [
      0.4457473158836365,
      0.47594860196113586,
      0.42430269718170166,
      0.4561937153339386,
      0.5896058678627014,
      1.0,
      0.42660924792289734,
      0.4900103807449341,
      0.363444983959198,
      0.42011839151382446,
      0.35698533058166504,
      0.20159035921096802,
      0.34522807598114014,
      0.2796073853969574,
      0.3875410556793213,
      0.4605495035648346
    ],
    [
      0.27932271361351013,
      0.3224310278892517,
      0.24727767705917358,
      0.36217615008354187,
      0.3894807696342468,
      0.42660924792289734,
      1.0,
      0.47069910168647766,
      0.35869699716567993,
      0.30171138048171997,
      0.24384473264217377,
      0.18815429508686066,
      0.384670615196228,
      0.32779738306999207,
      0.4007191061973572,
      0.44274795055389404
    ],
    [
      0.2658817172050476,
      0.28483858704566956,
      0.21811142563819885,
      0.27283889055252075,
      0.6029235124588013,
      0.4900103807449341,
      0.47069910168647766,
      1.0,
      0.30808112025260925,
      0.3625727891921997,
      0.3205077350139618,
      0.20443829894065857,
      0.245097354054451,
      0.26498302817344666,
      0.4030369222164154,
      0.4506705701351166
    ],
    [
      0.31613537669181824,
      0.32275429368019104,
      0.24740083515644073,
      0.27696529030799866,
      0.44069036841392517,
      0.363444983959198,
      0.35869699716567993,
      0.30808112025260925,
      1.0,
      0.4313604235649109,
      0.32793572545051575,
      0.24679063260555267,
      0.2673496901988983,
      0.28518742322921753,
      0.3013569116592407,
      0.33051013946533203
    ],
    [
      0.37809693813323975,
      0.4009600579738617,
      0.3153855502605438,
      0.3752722442150116,
      0.33427828550338745,
      0.42011839151382446,
      0.30171138048171997,
      0.3625727891921997,
      0.4313604235649109,
      0.9999999403953552,
      0.398648738861084,
      0.33231469988822937,
      0.286376416683197,
      0.27405840158462524,
      0.3387240767478943,
      0.41054779291152954
    ],
    [
      0.25608015060424805,
      0.27462297677993774,
      0.21325434744358063,
      0.2614136040210724,
      0.39430680871009827,
      0.35698533058166504,
      0.24384473264217377,
      0.3205077350139618,
      0.32793572545051575,
      0.398648738861084,
      1.0,
      0.28261590003967285,
      0.24521683156490326,
      0.32339897751808167,
      0.25585106015205383,
      0.31132733821868896
    ],
    [
      0.21825061738491058,
      0.20421826839447021,
      0.20841580629348755,
      0.1876508742570877,
      0.3057909309864044,
      0.20159035921096802,
      0.18815429508686066,
      0.20443829894065857,
      0.24679063260555267,
      0.33231469988822937,
      0.28261590003967285,
      1.0,
      0.21026092767715454,
      0.2713683247566223,
      0.27699002623558044,
      0.21501770615577698
    ],
    [
      0.18657876551151276,
      0.21634279191493988,
      0.23076513409614563,
      0.25043562054634094,
      0.30302339792251587,
      0.34522807598114014,
      0.384670615196228,
      0.245097354054451,
      0.2673496901988983,
      0.286376416683197,
      0.24521683156490326,
      0.21026092767715454,
      1.0,
      0.5006923675537109,
      0.4346165060997009,
      0.39298737049102783
    ],
    [
      0.1936851143836975,
      0.2198500782251358,
      0.18874886631965637,
      0.25956621766090393,
      0.2804449200630188,
      0.2796073853969574,
      0.32779738306999207,
      0.26498302817344666,
      0.28518742322921753,
      0.27405840158462524,
      0.32339897751808167,
      0.2713683247566223,
      0.5006923675537109,
      1.0,
      0.5001481175422668,
      0.3210408389568329
    ],
    [
      0.2948102355003357,
      0.30442681908607483,
      0.25764867663383484,
      0.30370599031448364,
      0.3954537510871887,
      0.3875410556793213,
      0.4007191061973572,
      0.4030369222164154,
      0.3013569116592407,
      0.3387240767478943,
      0.25585106015205383,
      0.27699002623558044,
      0.4346165060997009,
      0.5001481175422668,
      1.0,
      0.4527529776096344
    ],
    [
      0.36623018980026245,
      0.3802638351917267,
      0.29607683420181274,
      0.36088934540748596,
      0.40728193521499634,
      0.4605495035648346,
      0.44274795055389404,
      0.4506705701351166,
      0.33051013946533203,
      0.41054779291152954,
      0.31132733821868896,
      0.21501770615577698,
      0.39298737049102783,
      0.3210408389568329,
      0.4527529776096344,
      1.0
    ]
  ]
}