{
  "game_number": 398,
  "words": [
    "CYGNUS",
    "GEMINI",
    "ORION",
    "PEGASUS",
    "CYCLONE",
    "GALAXY",
    "SNAIL",
    "SUNFLOWER",
    "CYCLOPS",
    "MONOLOGUE",
    "SOLITAIRE",
    "UNICYCLE",
    "ABSURDITY",
    "FOLLY",
    "MADNESS",
    "NONSENSE"
  ],
  "adjacency_matrix": [
    [
      1.0,
      0.41980278491973877,
      0.4235062599182129,
      0.47554388642311096,
      0.13744640350341797,
      0.25382474064826965,
      0.30027708411216736,
      0.2513270974159241,
      0.2986193895339966,
      0.1626368910074234,
      0.22102317214012146,
      0.1848021149635315,
      0.11661762744188309,
      0.11784683167934418,
      0.23422780632972717,
      0.1586533635854721
    ],
    [
      0.41980278491973877,
      1.0,
      0.4965543746948242,
      0.48654910922050476,
      0.3303416967391968,
      0.3248663544654846,
      0.42202135920524597,
      0.3587597906589508,
      0.4959654211997986,
      0.34748315811157227,
      0.2609217166900635,
      0.3724250793457031,
      0.23464898765087128,
      0.22672340273857117,
      0.31348493695259094,
      0.3285207748413086
    ],
    [
      0.4235062599182129,
      0.4965543746948242,
      1.0,
      0.5426858067512512,
      0.22093172371387482,
      0.4373270571231842,
      0.3651857376098633,
      0.29200655221939087,
      0.4391477406024933,
      0.21233239769935608,
      0.3116605877876282,
      0.3750571012496948,
      0.17033632099628448,
      0.26788008213043213,
      0.28735479712486267,
      0.21449273824691772
    ],
    [
      0.47554388642311096,
      0.48654910922050476,
      0.5426858067512512,
      1.0,
      0.2843012511730194,
      0.45271602272987366,
      0.3556908667087555,
      0.38774847984313965,
      0.4924888014793396,
      0.26097390055656433,
      0.3386988937854767,
      0.46885666251182556,
      0.19505393505096436,
      0.2808786928653717,
      0.32204562425613403,
      0.30553147196769714
    ],
    [
      0.13744640350341797,
      0.3303416967391968,
      0.22093172371387482,
      0.2843012511730194,
      1.0,
      0.293593168258667,
      0.2538796663284302,
      0.24971874058246613,
      0.37872546911239624,
      0.25068244338035583,
      0.15774260461330414,
      0.2335149496793747,
      0.21975083649158478,
      0.21649838984012604,
      0.32552093267440796,
      0.2233864665031433
    ],
    [
      0.25382474064826965,
      0.3248663544654846,
      0.4373270571231842,
      0.45271602272987366,
      0.293593168258667,
      1.0,
      0.2637210488319397,
      0.33591359853744507,
      0.3367443084716797,
      0.16768226027488708,
      0.19173820316791534,
      0.23380747437477112,
      0.21910950541496277,
      0.21138063073158264,
      0.2793600857257843,
      0.2346147745847702
    ],
    [
      0.30027708411216736,
      0.42202135920524597,
      0.3651857376098633,
      0.3556908667087555,
      0.2538796663284302,
      0.2637210488319397,
      1.0,
      0.3891853392124176,
      0.33637845516204834,
      0.29667752981185913,
      0.29920729994773865,
      0.3282555937767029,
      0.2188209593296051,
      0.21267805993556976,
      0.2853165566921234,
      0.2624043822288513
    ],
    [
      0.2513270974159241,
      0.3587597906589508,
      0.29200655221939087,
      0.38774847984313965,
      0.24971874058246613,
      0.33591359853744507,
      0.3891853392124176,
      1.0,
      0.352195143699646,
      0.22650015354156494,
      0.2589661478996277,
      0.35243192315101624,
      0.21361945569515228,
      0.22511641681194305,
      0.26997652649879456,
      0.29036495089530945
    ],
    [
      0.2986193895339966,
      0.4959654211997986,
      0.4391477406024933,
      0.4924888014793396,
      0.37872546911239624,
      0.3367443084716797,
      0.33637845516204834,
      0.352195143699646,
      1.0,
      0.283267617225647,
      0.21068023145198822,
      0.3437086343765259,
      0.3071967363357544,
      0.3133386969566345,
      0.39130887389183044,
      0.3421262800693512
    ],
    [
      0.1626368910074234,
      0.34748315811157227,
      0.21233239769935608,
      0.26097390055656433,
      0.25068244338035583,
      0.16768226027488708,
      0.29667752981185913,
      0.22650015354156494,
      0.283267617225647,
      0.9999999403953552,
      0.2639096975326538,
      0.35512953996658325,
      0.35848069190979004,
      0.2532534599304199,
      0.3595142066478729,
      0.4067600667476654
    ],
    [
      0.22102317214012146,
      0.2609217166900635,
      0.3116605877876282,
      0.3386988937854767,
      0.15774260461330414,
      0.19173820316791534,
      0.29920729994773865,
      0.2589661478996277,
      0.21068023145198822,
      0.2639096975326538,
      1.0,
      0.2760797142982483,
      0.12386905401945114,
      0.2573934495449066,
      0.24073292315006256,
      0.18744543194770813
    ],
    [
      0.1848021149635315,
      0.3724250793457031,
      0.3750571012496948,
      0.46885666251182556,
      0.2335149496793747,
      0.23380747437477112,
      0.3282555937767029,
      0.35243192315101624,
      0.3437086343765259,
      0.35512953996658325,
      0.2760797142982483,
      0.9999999403953552,
      0.3418542146682739,
      0.25778618454933167,
      0.3300827443599701,
      0.34987524151802063
    ],
    [
      0.11661762744188309,
      0.23464898765087128,
      0.17033632099628448,
      0.19505393505096436,
      0.21975083649158478,
      0.21910950541496277,
      0.2188209593296051,
      0.21361945569515228,
      0.3071967363357544,
      0.35848069190979004,
      0.12386905401945114,
      0.3418542146682739,
      1.0,
      0.6064907312393188,
      0.6664482355117798,
      0.6484898924827576
    ],
    [
      0.11784683167934418,
      0.22672340273857117,
      0.26788008213043213,
      0.2808786928653717,
      0.21649838984012604,
      0.21138063073158264,
      0.21267805993556976,
      0.22511641681194305,
      0.3133386969566345,
      0.2532534599304199,
      0.2573934495449066,
      0.25778618454933167,
      0.6064907312393188,
      1.0,
      0.6330711245536804,
      0.49286073446273804
    ],
    [
      0.23422780632972717,
      0.31348493695259094,
      0.28735479712486267,
      0.32204562425613403,
      0.32552093267440796,
      0.2793600857257843,
      0.2853165566921234,
      0.26997652649879456,
      0.39130887389183044,
      0.3595142066478729,
      0.24073292315006256,
      0.3300827443599701,
      0.6664482355117798,
      0.6330711245536804,
      1.0000001192092896,
      0.5764374136924744
    ],
    [
      0.1586533635854721,
      0.3285207748413086,
      0.21449273824691772,
      0.30553147196769714,
      0.2233864665031433,
      0.2346147745847702,
      0.2624043822288513,
      0.29036495089530945,
      0.3421262800693512,
      0.4067600667476654,
      0.18744543194770813,
      0.34987524151802063,
      0.6484898924827576,
      0.49286073446273804,
      0.5764374136924744,
      1.0
    ]
  ]
}