{
  "game_number": 262,
  "words": [
    "BAGEL",
    "LIFESAVER",
    "TIRE",
    "WREATH",
    "HOOK",
    "SHANK",
    "SLICE",
    "WHIFF",
    "LOAF",
    "SLIP",
    "SNEAK",
    "WADE",
    "BOILING",
    "FUMING",
    "LIVID",
    "STEAMING"
  ],
  "adjacency_matrix": [
    [
      0.9999999403953552,
      0.2616548240184784,
      0.33619827032089233,
      0.2838636636734009,
      0.3071853816509247,
      0.30704694986343384,
      0.5078477263450623,
      0.30611833930015564,
      0.5738033652305603,
      0.3387669324874878,
      0.22826635837554932,
      0.1570708006620407,
      0.31140562891960144,
      0.19655175507068634,
      0.19316287338733673,
      0.3354848623275757
    ],
    [
      0.2616548240184784,
      1.0,
      0.2877078950405121,
      0.25833356380462646,
      0.33792850375175476,
      0.2605401277542114,
      0.29521632194519043,
      0.21036987006664276,
      0.19633756577968597,
      0.28590813279151917,
      0.29007554054260254,
      0.29817846417427063,
      0.23677657544612885,
      0.13567477464675903,
      0.23075591027736664,
      0.29206129908561707
    ],
    [
      0.33619827032089233,
      0.2877078950405121,
      1.0,
      0.2667839825153351,
      0.3370489180088043,
      0.42470723390579224,
      0.36478176712989807,
      0.254634827375412,
      0.33154505491256714,
      0.48334792256355286,
      0.288160502910614,
      0.3009023666381836,
      0.29760393500328064,
      0.2873726487159729,
      0.28149446845054626,
      0.3342044949531555
    ],
    [
      0.2838636636734009,
      0.25833356380462646,
      0.2667839825153351,
      1.0,
      0.33124038577079773,
      0.29380643367767334,
      0.27606308460235596,
      0.23239515721797943,
      0.3856646716594696,
      0.31926900148391724,
      0.21178635954856873,
      0.16805113852024078,
      0.20391066372394562,
      0.19085605442523956,
      0.2702641189098358,
      0.2669593095779419
    ],
    [
      0.3071853816509247,
      0.33792850375175476,
      0.3370489180088043,
      0.33124038577079773,
      1.0,
      0.4191504716873169,
      0.3692804276943207,
      0.3135416507720947,
      0.2887078821659088,
      0.46218249201774597,
      0.40681514143943787,
      0.297249436378479,
      0.3147764205932617,
      0.16496969759464264,
      0.22142840921878815,
      0.3258002698421478
    ],
    [
      0.30704694986343384,
      0.2605401277542114,
      0.42470723390579224,
      0.29380643367767334,
      0.4191504716873169,
      1.0,
      0.4471313953399658,
      0.22928087413311005,
      0.3526526689529419,
      0.4448658227920532,
      0.2953081727027893,
      0.252740740776062,
      0.29663461446762085,
      0.170549213886261,
      0.19273753464221954,
      0.2541421353816986
    ],
    [
      0.5078477263450623,
      0.29521632194519043,
      0.36478176712989807,
      0.27606308460235596,
      0.3692804276943207,
      0.4471313953399658,
      1.0,
      0.27437540888786316,
      0.5496619343757629,
      0.4644720256328583,
      0.4123092293739319,
      0.29727867245674133,
      0.3735475540161133,
      0.18137454986572266,
      0.30616697669029236,
      0.405068576335907
    ],
    [
      0.30611833930015564,
      0.21036987006664276,
      0.254634827375412,
      0.23239515721797943,
      0.3135416507720947,
      0.22928087413311005,
      0.27437540888786316,
      1.0,
      0.22048915922641754,
      0.39079105854034424,
      0.431693434715271,
      0.27136626839637756,
      0.293955534696579,
      0.32665687799453735,
      0.2965945601463318,
      0.34185582399368286
    ],
    [
      0.5738033652305603,
      0.19633756577968597,
      0.33154505491256714,
      0.3856646716594696,
      0.2887078821659088,
      0.3526526689529419,
      0.5496619343757629,
      0.22048915922641754,
      1.0,
      0.3372493088245392,
      0.3068664073944092,
      0.22704477608203888,
      0.33434054255485535,
      0.1802649050951004,
      0.24049276113510132,
      0.3265761435031891
    ],
    [
      0.3387669324874878,
      0.28590813279151917,
      0.48334792256355286,
      0.31926900148391724,
      0.46218249201774597,
      0.4448658227920532,
      0.4644720256328583,
      0.39079105854034424,
      0.3372493088245392,
      1.0000001192092896,
      0.5812870860099792,
      0.34291544556617737,
      0.3112332224845886,
      0.30713292956352234,
      0.3358306884765625,
      0.35611680150032043
    ],
    [
      0.22826635837554932,
      0.29007554054260254,
      0.288160502910614,
      0.21178635954856873,
      0.40681514143943787,
      0.2953081727027893,
      0.4123092293739319,
      0.431693434715271,
      0.3068664073944092,
      0.5812870860099792,
      0.9999999403953552,
      0.41777303814888,
      0.24840208888053894,
      0.22318267822265625,
      0.23394878208637238,
      0.34270820021629333
    ],
    [
      0.1570708006620407,
      0.29817846417427063,
      0.3009023666381836,
      0.16805113852024078,
      0.297249436378479,
      0.252740740776062,
      0.29727867245674133,
      0.27136626839637756,
      0.22704477608203888,
      0.34291544556617737,
      0.41777303814888,
      1.0,
      0.3414492607116699,
      0.2928454279899597,
      0.2929442524909973,
      0.32165661454200745
    ],
    [
      0.31140562891960144,
      0.23677657544612885,
      0.29760393500328064,
      0.20391066372394562,
      0.3147764205932617,
      0.29663461446762085,
      0.3735475540161133,
      0.293955534696579,
      0.33434054255485535,
      0.3112332224845886,
      0.24840208888053894,
      0.3414492607116699,
      0.9999999403953552,
      0.44774165749549866,
      0.3428943157196045,
      0.6400471925735474
    ],
    [
      0.19655175507068634,
      0.13567477464675903,
      0.2873726487159729,
      0.19085605442523956,
      0.16496969759464264,
      0.170549213886261,
      0.18137454986572266,
      0.32665687799453735,
      0.1802649050951004,
      0.30713292956352234,
      0.22318267822265625,
      0.2928454279899597,
      0.44774165749549866,
      1.0,
      0.6236364245414734,
      0.4691871702671051
    ],
    [
      0.19316287338733673,
      0.23075591027736664,
      0.28149446845054626,
      0.2702641189098358,
      0.22142840921878815,
      0.19273753464221954,
      0.30616697669029236,
      0.2965945601463318,
      0.24049276113510132,
      0.3358306884765625,
      0.23394878208637238,
      0.2929442524909973,
      0.3428943157196045,
      0.6236364245414734,
      1.0,
      0.3260280191898346
    ],
    [
      0.3354848623275757,
      0.29206129908561707,
      0.3342044949531555,
      0.2669593095779419,
      0.3258002698421478,
      0.2541421353816986,
      0.405068576335907,
      0.34185582399368286,
      0.3265761435031891,
      0.35611680150032043,
      0.34270820021629333,
      0.32165661454200745,
      0.6400471925735474,
      0.4691871702671051,
      0.3260280191898346,
      1.0
    ]
  ]
}