{
  "game_number": 361,
  "words": [
    "EXAMINE",
    "GRILL",
    "PROBE",
    "QUESTION",
    "BILL",
    "INVOICE",
    "RECEIPT",
    "STATEMENT",
    "ANCESTRY",
    "BROTH",
    "CATTLE",
    "MERCHANDISE",
    "BRIDGE",
    "CRUNCH",
    "DIP",
    "SQUAT"
  ],
  "adjacency_matrix": [
    [
      1.0,
      0.3743132948875427,
      0.5536949038505554,
      0.5393375754356384,
      0.3039417266845703,
      0.30949220061302185,
      0.3261834681034088,
      0.36442503333091736,
      0.25226759910583496,
      0.11873038858175278,
      0.2546776235103607,
      0.2575439214706421,
      0.3247562646865845,
      0.24945399165153503,
      0.31729769706726074,
      0.22765447199344635
    ],
    [
      0.3743132948875427,
      1.0,
      0.41100865602493286,
      0.3807777762413025,
      0.38898125290870667,
      0.3116196393966675,
      0.3321855962276459,
      0.29704421758651733,
      0.2159947156906128,
      0.24933777749538422,
      0.3152575194835663,
      0.27604156732559204,
      0.3316759169101715,
      0.35503682494163513,
      0.41313183307647705,
      0.3524584472179413
    ],
    [
      0.5536949038505554,
      0.41100865602493286,
      1.0,
      0.48202013969421387,
      0.3323345482349396,
      0.2692050635814667,
      0.25829678773880005,
      0.3465258479118347,
      0.26018959283828735,
      0.2521294951438904,
      0.23627497255802155,
      0.23165446519851685,
      0.40372610092163086,
      0.310073584318161,
      0.3808046579360962,
      0.21753448247909546
    ],
    [
      0.5393375754356384,
      0.3807777762413025,
      0.48202013969421387,
      0.9999999403953552,
      0.39258748292922974,
      0.35727909207344055,
      0.3734454810619354,
      0.5621035695075989,
      0.335186243057251,
      0.1619034856557846,
      0.24843893945217133,
      0.2916513681411743,
      0.3388044238090515,
      0.3173852860927582,
      0.25814053416252136,
      0.24912390112876892
    ],
    [
      0.3039417266845703,
      0.38898125290870667,
      0.3323345482349396,
      0.39258748292922974,
      1.0,
      0.5173972249031067,
      0.42377397418022156,
      0.4537336528301239,
      0.2535785436630249,
      0.16917894780635834,
      0.27960261702537537,
      0.34181147813796997,
      0.3138810098171234,
      0.3210107982158661,
      0.23568148910999298,
      0.21823032200336456
    ],
    [
      0.30949220061302185,
      0.3116196393966675,
      0.2692050635814667,
      0.35727909207344055,
      0.5173972249031067,
      1.0000001192092896,
      0.6711670756340027,
      0.45681509375572205,
      0.26863375306129456,
      0.14551715552806854,
      0.3340057134628296,
      0.5088179707527161,
      0.29870668053627014,
      0.2484985589981079,
      0.20791123807430267,
      0.16099809110164642
    ],
    [
      0.3261834681034088,
      0.3321855962276459,
      0.25829678773880005,
      0.3734454810619354,
      0.42377397418022156,
      0.6711670756340027,
      1.0,
      0.43723800778388977,
      0.26932424306869507,
      0.1670362651348114,
      0.28636693954467773,
      0.4707659184932709,
      0.2832898795604706,
      0.27078911662101746,
      0.27389898896217346,
      0.15724335610866547
    ],
    [
      0.36442503333091736,
      0.29704421758651733,
      0.3465258479118347,
      0.5621035695075989,
      0.4537336528301239,
      0.45681509375572205,
      0.43723800778388977,
      1.0,
      0.319419264793396,
      0.16316063702106476,
      0.1826331913471222,
      0.2957363724708557,
      0.28243187069892883,
      0.27741649746894836,
      0.23810942471027374,
      0.16017909348011017
    ],
    [
      0.25226759910583496,
      0.2159947156906128,
      0.26018959283828735,
      0.335186243057251,
      0.2535785436630249,
      0.26863375306129456,
      0.26932424306869507,
      0.319419264793396,
      1.0,
      0.22195106744766235,
      0.34570205211639404,
      0.2869044542312622,
      0.22997607290744781,
      0.1784583479166031,
      0.1944335699081421,
      0.1974327564239502
    ],
    [
      0.11873038858175278,
      0.24933777749538422,
      0.2521294951438904,
      0.1619034856557846,
      0.16917894780635834,
      0.14551715552806854,
      0.1670362651348114,
      0.16316063702106476,
      0.22195106744766235,
      1.0,
      0.24004210531711578,
      0.18127141892910004,
      0.17563332617282867,
      0.21871286630630493,
      0.2936977744102478,
      0.11082971841096878
    ],
    [
      0.2546776235103607,
      0.3152575194835663,
      0.23627497255802155,
      0.24843893945217133,
      0.27960261702537537,
      0.3340057134628296,
      0.28636693954467773,
      0.1826331913471222,
      0.34570205211639404,
      0.24004210531711578,
      1.0,
      0.4249922037124634,
      0.2517234981060028,
      0.23410244286060333,
      0.30384907126426697,
      0.24046236276626587
    ],
    [
      0.2575439214706421,
      0.27604156732559204,
      0.23165446519851685,
      0.2916513681411743,
      0.34181147813796997,
      0.5088179707527161,
      0.4707659184932709,
      0.2957363724708557,
      0.2869044542312622,
      0.18127141892910004,
      0.4249922037124634,
      1.0,
      0.31850379705429077,
      0.21852563321590424,
      0.19849759340286255,
      0.18883228302001953
    ],
    [
      0.3247562646865845,
      0.3316759169101715,
      0.40372610092163086,
      0.3388044238090515,
      0.3138810098171234,
      0.29870668053627014,
      0.2832898795604706,
      0.28243187069892883,
      0.22997607290744781,
      0.17563332617282867,
      0.2517234981060028,
      0.31850379705429077,
      1.0,
      0.2952788174152374,
      0.33295756578445435,
      0.3171776831150055
    ],
    [
      0.24945399165153503,
      0.35503682494163513,
      0.310073584318161,
      0.3173852860927582,
      0.3210107982158661,
      0.2484985589981079,
      0.27078911662101746,
      0.27741649746894836,
      0.1784583479166031,
      0.21871286630630493,
      0.23410244286060333,
      0.21852563321590424,
      0.2952788174152374,
      1.0,
      0.4853890836238861,
      0.30423703789711
    ],
    [
      0.31729769706726074,
      0.41313183307647705,
      0.3808046579360962,
      0.25814053416252136,
      0.23568148910999298,
      0.20791123807430267,
      0.27389898896217346,
      0.23810942471027374,
      0.1944335699081421,
      0.2936977744102478,
      0.30384907126426697,
      0.19849759340286255,
      0.33295756578445435,
      0.4853890836238861,
      1.0,
      0.3011202812194824
    ],
    [
      0.22765447199344635,
      0.3524584472179413,
      0.21753448247909546,
      0.24912390112876892,
      0.21823032200336456,
      0.16099809110164642,
      0.15724335610866547,
      0.16017909348011017,
      0.1974327564239502,
      0.11082971841096878,
      0.24046236276626587,
      0.18883228302001953,
      0.3171776831150055,
      0.30423703789711,
      0.3011202812194824,
      1.0
    ]
  ]
}