{
  "game_number": 620,
  "words": [
    "GIF",
    "PDF",
    "TIFF",
    "ZIP",
    "EMU",
    "KIWI",
    "OSTRICH",
    "PENGUIN",
    "BANANA",
    "COCONUT",
    "MANGO",
    "PINEAPPLE",
    "BERET",
    "BOWLER",
    "FEDORA",
    "FEZ"
  ],
  "adjacency_matrix": [
    [
      0.9999999403953552,
      0.49336957931518555,
      0.42357978224754333,
      0.3017994463443756,
      0.3159359097480774,
      0.2755848467350006,
      0.2183416485786438,
      0.38642066717147827,
      0.31440988183021545,
      0.26943254470825195,
      0.2841951251029968,
      0.29029881954193115,
      0.24115751683712006,
      0.27343544363975525,
      0.26687708497047424,
      0.2733860909938812
    ],
    [
      0.49336957931518555,
      0.9999999403953552,
      0.2552124559879303,
      0.34895193576812744,
      0.259074866771698,
      0.1184815838932991,
      0.13040748238563538,
      0.21915853023529053,
      0.16895337402820587,
      0.19133485853672028,
      0.1687990427017212,
      0.18791301548480988,
      0.1715642660856247,
      0.10518606007099152,
      0.18246129155158997,
      0.07505428045988083
    ],
    [
      0.42357978224754333,
      0.2552124559879303,
      0.9999999403953552,
      0.21825318038463593,
      0.1814952939748764,
      0.24723117053508759,
      0.09878095239400864,
      0.2647648751735687,
      0.2583107650279999,
      0.16103069484233856,
      0.25704389810562134,
      0.24171540141105652,
      0.13352446258068085,
      0.1932968646287918,
      0.2133796066045761,
      0.13538692891597748
    ],
    [
      0.3017994463443756,
      0.34895193576812744,
      0.21825318038463593,
      1.0,
      0.19454766809940338,
      0.18117046356201172,
      0.17315077781677246,
      0.2407851666212082,
      0.27496421337127686,
      0.25278204679489136,
      0.2732498347759247,
      0.24380947649478912,
      0.28618961572647095,
      0.24579280614852905,
      0.37277042865753174,
      0.1396925002336502
    ],
    [
      0.3159359097480774,
      0.259074866771698,
      0.1814952939748764,
      0.19454766809940338,
      1.0,
      0.5130107998847961,
      0.5551813244819641,
      0.4518347978591919,
      0.3038886785507202,
      0.3411792814731598,
      0.3423420190811157,
      0.3152488172054291,
      0.23305130004882812,
      0.20903944969177246,
      0.2784137427806854,
      0.2402312159538269
    ],
    [
      0.2755848467350006,
      0.1184815838932991,
      0.24723117053508759,
      0.18117046356201172,
      0.5130107998847961,
      1.0,
      0.30673250555992126,
      0.46243900060653687,
      0.4746716618537903,
      0.40472763776779175,
      0.49399715662002563,
      0.4486212134361267,
      0.28765493631362915,
      0.2815958261489868,
      0.23733338713645935,
      0.19390869140625
    ],
    [
      0.2183416485786438,
      0.13040748238563538,
      0.09878095239400864,
      0.17315077781677246,
      0.5551813244819641,
      0.30673250555992126,
      0.9999998807907104,
      0.42745745182037354,
      0.334031879901886,
      0.2835518717765808,
      0.29163265228271484,
      0.2655991315841675,
      0.31393536925315857,
      0.27447476983070374,
      0.37141740322113037,
      0.27422666549682617
    ],
    [
      0.38642066717147827,
      0.21915853023529053,
      0.2647648751735687,
      0.2407851666212082,
      0.4518347978591919,
      0.46243900060653687,
      0.42745745182037354,
      1.0,
      0.3800041079521179,
      0.32957109808921814,
      0.32052159309387207,
      0.34007447957992554,
      0.36041274666786194,
      0.3275819718837738,
      0.41880664229393005,
      0.22234870493412018
    ],
    [
      0.31440988183021545,
      0.16895337402820587,
      0.2583107650279999,
      0.27496421337127686,
      0.3038886785507202,
      0.4746716618537903,
      0.334031879901886,
      0.3800041079521179,
      0.9999999403953552,
      0.6897603869438171,
      0.6926952600479126,
      0.7307815551757812,
      0.3900682330131531,
      0.3364053964614868,
      0.39285269379615784,
      0.29960522055625916
    ],
    [
      0.26943254470825195,
      0.19133485853672028,
      0.16103069484233856,
      0.25278204679489136,
      0.3411792814731598,
      0.40472763776779175,
      0.2835518717765808,
      0.32957109808921814,
      0.6897603869438171,
      1.0,
      0.6980578899383545,
      0.7043732404708862,
      0.33478444814682007,
      0.30779168009757996,
      0.2951143980026245,
      0.20618218183517456
    ],
    [
      0.2841951251029968,
      0.1687990427017212,
      0.25704389810562134,
      0.2732498347759247,
      0.3423420190811157,
      0.49399715662002563,
      0.29163265228271484,
      0.32052159309387207,
      0.6926952600479126,
      0.6980578899383545,
      1.0,
      0.6253868937492371,
      0.30988219380378723,
      0.29272204637527466,
      0.3408278822898865,
      0.22649915516376495
    ],
    [
      0.29029881954193115,
      0.18791301548480988,
      0.24171540141105652,
      0.24380947649478912,
      0.3152488172054291,
      0.4486212134361267,
      0.2655991315841675,
      0.34007447957992554,
      0.7307815551757812,
      0.7043732404708862,
      0.6253868937492371,
      1.0,
      0.3520970642566681,
      0.2990899085998535,
      0.3212587535381317,
      0.2694334387779236
    ],
    [
      0.24115751683712006,
      0.1715642660856247,
      0.13352446258068085,
      0.28618961572647095,
      0.23305130004882812,
      0.28765493631362915,
      0.31393536925315857,
      0.36041274666786194,
      0.3900682330131531,
      0.33478444814682007,
      0.30988219380378723,
      0.3520970642566681,
      0.9999999403953552,
      0.30940181016921997,
      0.5551276206970215,
      0.47318360209465027
    ],
    [
      0.27343544363975525,
      0.10518606007099152,
      0.1932968646287918,
      0.24579280614852905,
      0.20903944969177246,
      0.2815958261489868,
      0.27447476983070374,
      0.3275819718837738,
      0.3364053964614868,
      0.30779168009757996,
      0.29272204637527466,
      0.2990899085998535,
      0.30940181016921997,
      0.9999999403953552,
      0.3403773307800293,
      0.19592462480068207
    ],
    [
      0.26687708497047424,
      0.18246129155158997,
      0.2133796066045761,
      0.37277042865753174,
      0.2784137427806854,
      0.23733338713645935,
      0.37141740322113037,
      0.41880664229393005,
      0.39285269379615784,
      0.2951143980026245,
      0.3408278822898865,
      0.3212587535381317,
      0.5551276206970215,
      0.3403773307800293,
      1.0,
      0.5006087422370911
    ],
    [
      0.2733860909938812,
      0.07505428045988083,
      0.13538692891597748,
      0.1396925002336502,
      0.2402312159538269,
      0.19390869140625,
      0.27422666549682617,
      0.22234870493412018,
      0.29960522055625916,
      0.20618218183517456,
      0.22649915516376495,
      0.2694334387779236,
      0.47318360209465027,
      0.19592462480068207,
      0.5006087422370911,
      1.0
    ]
  ]
}