{
  "game_number": 210,
  "words": [
    "DILL",
    "KOSHER",
    "SOUR",
    "SWEET",
    "ADULT",
    "BLUE",
    "SPICY",
    "SUGGESTIVE",
    "CHEESE",
    "CORD",
    "DECK",
    "MUSTARD",
    "HASH",
    "SALAD",
    "SCRAMBLE",
    "STEW"
  ],
  "adjacency_matrix": [
    [
      1.0,
      0.27661198377609253,
      0.3981771469116211,
      0.4654456675052643,
      0.20294071733951569,
      0.33271899819374084,
      0.4838399887084961,
      0.20912398397922516,
      0.37717553973197937,
      0.2935192286968231,
      0.22790931165218353,
      0.48488181829452515,
      0.35406744480133057,
      0.5070123076438904,
      0.29580172896385193,
      0.4621661305427551
    ],
    [
      0.27661198377609253,
      1.0,
      0.26664140820503235,
      0.337857186794281,
      0.26042309403419495,
      0.2137508988380432,
      0.3503197431564331,
      0.2218489944934845,
      0.37873557209968567,
      0.19593627750873566,
      0.17521636188030243,
      0.2958623766899109,
      0.3261285722255707,
      0.3718571364879608,
      0.21050162613391876,
      0.3096564710140228
    ],
    [
      0.3981771469116211,
      0.26664140820503235,
      1.0,
      0.6301520466804504,
      0.21686094999313354,
      0.3937110900878906,
      0.524533748626709,
      0.34004780650138855,
      0.3947512209415436,
      0.23512691259384155,
      0.21258489787578583,
      0.3565373718738556,
      0.3338886797428131,
      0.36217188835144043,
      0.2972681224346161,
      0.46141818165779114
    ],
    [
      0.4654456675052643,
      0.337857186794281,
      0.6301520466804504,
      1.0,
      0.3276676535606384,
      0.45205798745155334,
      0.6670916080474854,
      0.47234436869621277,
      0.44859281182289124,
      0.28634676337242126,
      0.21082735061645508,
      0.4346329867839813,
      0.3607642948627472,
      0.41899603605270386,
      0.27748697996139526,
      0.4292845129966736
    ],
    [
      0.20294071733951569,
      0.26042309403419495,
      0.21686094999313354,
      0.3276676535606384,
      1.0,
      0.2759701609611511,
      0.24090009927749634,
      0.26510000228881836,
      0.27856701612472534,
      0.2878948748111725,
      0.22568941116333008,
      0.2224763184785843,
      0.2086857408285141,
      0.26046451926231384,
      0.2209136039018631,
      0.19253024458885193
    ],
    [
      0.33271899819374084,
      0.2137508988380432,
      0.3937110900878906,
      0.45205798745155334,
      0.2759701609611511,
      1.0,
      0.429099440574646,
      0.3554669916629791,
      0.40136098861694336,
      0.3973364233970642,
      0.37852999567985535,
      0.4300583600997925,
      0.25491636991500854,
      0.3647921085357666,
      0.3247343897819519,
      0.3031957149505615
    ],
    [
      0.4838399887084961,
      0.3503197431564331,
      0.524533748626709,
      0.6670916080474854,
      0.24090009927749634,
      0.429099440574646,
      1.0,
      0.4515933096408844,
      0.41383594274520874,
      0.21761173009872437,
      0.2270287275314331,
      0.42843714356422424,
      0.37179747223854065,
      0.5049410462379456,
      0.31336864829063416,
      0.5439732074737549
    ],
    [
      0.20912398397922516,
      0.2218489944934845,
      0.34004780650138855,
      0.47234436869621277,
      0.26510000228881836,
      0.3554669916629791,
      0.4515933096408844,
      0.9999999403953552,
      0.24531464278697968,
      0.24740730226039886,
      0.18532809615135193,
      0.2711642384529114,
      0.24483110010623932,
      0.25084468722343445,
      0.2799825370311737,
      0.20667137205600739
    ],
    [
      0.37717553973197937,
      0.37873557209968567,
      0.3947512209415436,
      0.44859281182289124,
      0.27856701612472534,
      0.40136098861694336,
      0.41383594274520874,
      0.24531464278697968,
      1.0,
      0.2939514219760895,
      0.1801059991121292,
      0.40842461585998535,
      0.3854717016220093,
      0.49146509170532227,
      0.2995906174182892,
      0.45548269152641296
    ],
    [
      0.2935192286968231,
      0.19593627750873566,
      0.23512691259384155,
      0.28634676337242126,
      0.2878948748111725,
      0.3973364233970642,
      0.21761173009872437,
      0.24740730226039886,
      0.2939514219760895,
      1.0,
      0.31291329860687256,
      0.3538774847984314,
      0.2225736528635025,
      0.2580224275588989,
      0.26343610882759094,
      0.21362203359603882
    ],
    [
      0.22790931165218353,
      0.17521636188030243,
      0.21258489787578583,
      0.21082735061645508,
      0.22568941116333008,
      0.37852999567985535,
      0.2270287275314331,
      0.18532809615135193,
      0.1801059991121292,
      0.31291329860687256,
      1.0,
      0.20794802904129028,
      0.2612941861152649,
      0.38618001341819763,
      0.3577460050582886,
      0.3131853938102722
    ],
    [
      0.48488181829452515,
      0.2958623766899109,
      0.3565373718738556,
      0.4346329867839813,
      0.2224763184785843,
      0.4300583600997925,
      0.42843714356422424,
      0.2711642384529114,
      0.40842461585998535,
      0.3538774847984314,
      0.20794802904129028,
      1.0,
      0.3337164521217346,
      0.4440879225730896,
      0.31380119919776917,
      0.34472814202308655
    ],
    [
      0.35406744480133057,
      0.3261285722255707,
      0.3338886797428131,
      0.3607642948627472,
      0.2086857408285141,
      0.25491636991500854,
      0.37179747223854065,
      0.24483110010623932,
      0.3854717016220093,
      0.2225736528635025,
      0.2612941861152649,
      0.3337164521217346,
      1.0,
      0.38980633020401,
      0.4442964494228363,
      0.4175492525100708
    ],
    [
      0.5070123076438904,
      0.3718571364879608,
      0.36217188835144043,
      0.41899603605270386,
      0.26046451926231384,
      0.3647921085357666,
      0.5049410462379456,
      0.25084468722343445,
      0.49146509170532227,
      0.2580224275588989,
      0.38618001341819763,
      0.4440879225730896,
      0.38980633020401,
      1.0,
      0.3471090495586395,
      0.547789990901947
    ],
    [
      0.29580172896385193,
      0.21050162613391876,
      0.2972681224346161,
      0.27748697996139526,
      0.2209136039018631,
      0.3247343897819519,
      0.31336864829063416,
      0.2799825370311737,
      0.2995906174182892,
      0.26343610882759094,
      0.3577460050582886,
      0.31380119919776917,
      0.4442964494228363,
      0.3471090495586395,
      1.0,
      0.34676292538642883
    ],
    [
      0.4621661305427551,
      0.3096564710140228,
      0.46141818165779114,
      0.4292845129966736,
      0.19253024458885193,
      0.3031957149505615,
      0.5439732074737549,
      0.20667137205600739,
      0.45548269152641296,
      0.21362203359603882,
      0.3131853938102722,
      0.34472814202308655,
      0.4175492525100708,
      0.547789990901947,
      0.34676292538642883,
      1.0
    ]
  ]
}