{
  "game_number": 269,
  "words": [
    "DAISY",
    "JASMINE",
    "PETUNIA",
    "POPPY",
    "BUZZ",
    "DANCE",
    "POLLINATE",
    "STING",
    "BABE",
    "LOU",
    "MICKEY",
    "YOGI",
    "SAID",
    "SPOKE",
    "TOLD",
    "VOICED"
  ],
  "adjacency_matrix": [
    [
      1.0,
      0.4750141501426697,
      0.5287176966667175,
      0.48921552300453186,
      0.2569409906864166,
      0.29264041781425476,
      0.3105711340904236,
      0.27066436409950256,
      0.3961854875087738,
      0.33113712072372437,
      0.3241194188594818,
      0.1876145303249359,
      0.16266396641731262,
      0.20649102330207825,
      0.19612553715705872,
      0.11932720243930817
    ],
    [
      0.4750141501426697,
      1.0,
      0.4798750877380371,
      0.4201306402683258,
      0.34588682651519775,
      0.2361021488904953,
      0.29445916414260864,
      0.16986630856990814,
      0.31252947449684143,
      0.4042682647705078,
      0.22399099171161652,
      0.24658703804016113,
      0.1650717556476593,
      0.1997109204530716,
      0.15223637223243713,
      0.20077359676361084
    ],
    [
      0.5287176966667175,
      0.4798750877380371,
      1.0,
      0.437927782535553,
      0.3186342120170593,
      0.2742549777030945,
      0.45452967286109924,
      0.2782289683818817,
      0.307089626789093,
      0.31437399983406067,
      0.34637412428855896,
      0.18276181817054749,
      0.23201926052570343,
      0.2123807668685913,
      0.2406216710805893,
      0.21613140404224396
    ],
    [
      0.48921552300453186,
      0.4201306402683258,
      0.437927782535553,
      1.0,
      0.33106115460395813,
      0.29655197262763977,
      0.35038989782333374,
      0.29980039596557617,
      0.2433263212442398,
      0.2714277505874634,
      0.2643983066082001,
      0.09375052899122238,
      0.18390227854251862,
      0.24977751076221466,
      0.19623135030269623,
      0.2064497023820877
    ],
    [
      0.2569409906864166,
      0.34588682651519775,
      0.3186342120170593,
      0.33106115460395813,
      1.0,
      0.3540700674057007,
      0.33157646656036377,
      0.4038522243499756,
      0.3099174201488495,
      0.2442345917224884,
      0.292860746383667,
      0.14709383249282837,
      0.2131386548280716,
      0.2894521653652191,
      0.20354534685611725,
      0.3353717029094696
    ],
    [
      0.29264041781425476,
      0.2361021488904953,
      0.2742549777030945,
      0.29655197262763977,
      0.3540700674057007,
      1.0000001192092896,
      0.32100898027420044,
      0.30553293228149414,
      0.32514435052871704,
      0.28958043456077576,
      0.3494275212287903,
      0.33692196011543274,
      0.19154174625873566,
      0.2634221613407135,
      0.2212190181016922,
      0.1737792044878006
    ],
    [
      0.3105711340904236,
      0.29445916414260864,
      0.45452967286109924,
      0.35038989782333374,
      0.33157646656036377,
      0.32100898027420044,
      1.0,
      0.3265169560909271,
      0.20395100116729736,
      0.1440337747335434,
      0.15645255148410797,
      0.131403848528862,
      0.17229096591472626,
      0.2749580442905426,
      0.2306598275899887,
      0.13944660127162933
    ],
    [
      0.27066436409950256,
      0.16986630856990814,
      0.2782289683818817,
      0.29980039596557617,
      0.4038522243499756,
      0.30553293228149414,
      0.3265169560909271,
      1.0,
      0.2327045351266861,
      0.12428848445415497,
      0.27108755707740784,
      0.14563685655593872,
      0.2634279429912567,
      0.2780652344226837,
      0.2985936403274536,
      0.22098392248153687
    ],
    [
      0.3961854875087738,
      0.31252947449684143,
      0.307089626789093,
      0.2433263212442398,
      0.3099174201488495,
      0.32514435052871704,
      0.20395100116729736,
      0.2327045351266861,
      1.0,
      0.4090329706668854,
      0.38713598251342773,
      0.3579816222190857,
      0.24887043237686157,
      0.2480701506137848,
      0.2558233439922333,
      0.24926383793354034
    ],
    [
      0.33113712072372437,
      0.4042682647705078,
      0.31437399983406067,
      0.2714277505874634,
      0.2442345917224884,
      0.28958043456077576,
      0.1440337747335434,
      0.12428848445415497,
      0.4090329706668854,
      0.9999999403953552,
      0.3864779472351074,
      0.2566211521625519,
      0.2429099828004837,
      0.2601441442966461,
      0.24766585230827332,
      0.2974603474140167
    ],
    [
      0.3241194188594818,
      0.22399099171161652,
      0.34637412428855896,
      0.2643983066082001,
      0.292860746383667,
      0.3494275212287903,
      0.15645255148410797,
      0.27108755707740784,
      0.38713598251342773,
      0.3864779472351074,
      1.0,
      0.21608123183250427,
      0.12934307754039764,
      0.19954751431941986,
      0.19743305444717407,
      0.2763175070285797
    ],
    [
      0.1876145303249359,
      0.24658703804016113,
      0.18276181817054749,
      0.09375052899122238,
      0.14709383249282837,
      0.33692196011543274,
      0.131403848528862,
      0.14563685655593872,
      0.3579816222190857,
      0.2566211521625519,
      0.21608123183250427,
      1.0000001192092896,
      0.13516221940517426,
      0.16476008296012878,
      0.17616891860961914,
      0.10346764326095581
    ],
    [
      0.16266396641731262,
      0.1650717556476593,
      0.23201926052570343,
      0.18390227854251862,
      0.2131386548280716,
      0.19154174625873566,
      0.17229096591472626,
      0.2634279429912567,
      0.24887043237686157,
      0.2429099828004837,
      0.12934307754039764,
      0.13516221940517426,
      1.0,
      0.6279169321060181,
      0.7809814214706421,
      0.4165600538253784
    ],
    [
      0.20649102330207825,
      0.1997109204530716,
      0.2123807668685913,
      0.24977751076221466,
      0.2894521653652191,
      0.2634221613407135,
      0.2749580442905426,
      0.2780652344226837,
      0.2480701506137848,
      0.2601441442966461,
      0.19954751431941986,
      0.16476008296012878,
      0.6279169321060181,
      1.0,
      0.6481074094772339,
      0.5711523294448853
    ],
    [
      0.19612553715705872,
      0.15223637223243713,
      0.2406216710805893,
      0.19623135030269623,
      0.20354534685611725,
      0.2212190181016922,
      0.2306598275899887,
      0.2985936403274536,
      0.2558233439922333,
      0.24766585230827332,
      0.19743305444717407,
      0.17616891860961914,
      0.7809814214706421,
      0.6481074094772339,
      1.0,
      0.419621080160141
    ],
    [
      0.11932720243930817,
      0.20077359676361084,
      0.21613140404224396,
      0.2064497023820877,
      0.3353717029094696,
      0.1737792044878006,
      0.13944660127162933,
      0.22098392248153687,
      0.24926383793354034,
      0.2974603474140167,
      0.2763175070285797,
      0.10346764326095581,
      0.4165600538253784,
      0.5711523294448853,
      0.419621080160141,
      1.0
    ]
  ]
}