{
  "game_number": 375,
  "words": [
    "BABBLE",
    "COO",
    "CRAWL",
    "NURSE",
    "COSMETIC",
    "EXTERNAL",
    "SHALLOW",
    "SURFACE",
    "BUTTERFLY",
    "DOMINO",
    "PLACEBO",
    "SIDE",
    "RIP",
    "TEAR",
    "WRENCH",
    "YANK"
  ],
  "adjacency_matrix": [
    [
      1.0,
      0.4402177631855011,
      0.33545833826065063,
      0.28535497188568115,
      0.20759998261928558,
      0.25559407472610474,
      0.28588560223579407,
      0.21864525973796844,
      0.1916167289018631,
      0.2449246495962143,
      0.20191271603107452,
      0.2688637673854828,
      0.30648043751716614,
      0.3084125220775604,
      0.28518134355545044,
      0.34844762086868286
    ],
    [
      0.4402177631855011,
      1.0,
      0.2631191611289978,
      0.3260749876499176,
      0.13086570799350739,
      0.1444866806268692,
      0.19234003126621246,
      0.20551133155822754,
      0.25700604915618896,
      0.2307380884885788,
      0.14387470483779907,
      0.21367110311985016,
      0.2939242720603943,
      0.24020354449748993,
      0.23727597296237946,
      0.3152191638946533
    ],
    [
      0.33545833826065063,
      0.2631191611289978,
      1.0,
      0.25549226999282837,
      0.15748094022274017,
      0.24924015998840332,
      0.26469001173973083,
      0.36828890442848206,
      0.3248629868030548,
      0.19895222783088684,
      0.0801425650715828,
      0.29763516783714294,
      0.4503156840801239,
      0.39771050214767456,
      0.3326111435890198,
      0.3860875964164734
    ],
    [
      0.28535497188568115,
      0.3260749876499176,
      0.25549226999282837,
      1.0,
      0.2627774477005005,
      0.2570245862007141,
      0.1767401248216629,
      0.2791827917098999,
      0.33465853333473206,
      0.23337116837501526,
      0.2255721390247345,
      0.39513829350471497,
      0.22200508415699005,
      0.2520005404949188,
      0.3062746226787567,
      0.2908232808113098
    ],
    [
      0.20759998261928558,
      0.13086570799350739,
      0.15748094022274017,
      0.2627774477005005,
      0.9999999403953552,
      0.43421176075935364,
      0.22959354519844055,
      0.31838202476501465,
      0.3000655174255371,
      0.30671483278274536,
      0.3024446368217468,
      0.3380715548992157,
      0.20628531277179718,
      0.31132975220680237,
      0.29186365008354187,
      0.15595804154872894
    ],
    [
      0.25559407472610474,
      0.1444866806268692,
      0.24924015998840332,
      0.2570245862007141,
      0.43421176075935364,
      0.9999999403953552,
      0.21652330458164215,
      0.3869883120059967,
      0.26194271445274353,
      0.35261788964271545,
      0.22073115408420563,
      0.4086986184120178,
      0.3140511214733124,
      0.32947269082069397,
      0.3569459915161133,
      0.25252869725227356
    ],
    [
      0.28588560223579407,
      0.19234003126621246,
      0.26469001173973083,
      0.1767401248216629,
      0.22959354519844055,
      0.21652330458164215,
      1.0,
      0.38707175850868225,
      0.1952856481075287,
      0.19559650123119354,
      0.1377149224281311,
      0.32037681341171265,
      0.2982543408870697,
      0.23962707817554474,
      0.22710619866847992,
      0.23550467193126678
    ],
    [
      0.21864525973796844,
      0.20551133155822754,
      0.36828890442848206,
      0.2791827917098999,
      0.31838202476501465,
      0.3869883120059967,
      0.38707175850868225,
      1.0,
      0.32908499240875244,
      0.2687334418296814,
      0.18507318198680878,
      0.5220022201538086,
      0.3989412188529968,
      0.3852814733982086,
      0.3140002489089966,
      0.21071389317512512
    ],
    [
      0.1916167289018631,
      0.25700604915618896,
      0.3248629868030548,
      0.33465853333473206,
      0.3000655174255371,
      0.26194271445274353,
      0.1952856481075287,
      0.32908499240875244,
      1.0,
      0.32999733090400696,
      0.20903123915195465,
      0.30222752690315247,
      0.3105965852737427,
      0.3198481798171997,
      0.3631163239479065,
      0.2299366295337677
    ],
    [
      0.2449246495962143,
      0.2307380884885788,
      0.19895222783088684,
      0.23337116837501526,
      0.30671483278274536,
      0.35261788964271545,
      0.19559650123119354,
      0.2687334418296814,
      0.32999733090400696,
      1.0,
      0.21676568686962128,
      0.40931251645088196,
      0.343747615814209,
      0.3291325569152832,
      0.3654507100582123,
      0.2813825011253357
    ],
    [
      0.20191271603107452,
      0.14387470483779907,
      0.0801425650715828,
      0.2255721390247345,
      0.3024446368217468,
      0.22073115408420563,
      0.1377149224281311,
      0.18507318198680878,
      0.20903123915195465,
      0.21676568686962128,
      1.0,
      0.3241235613822937,
      0.12353810667991638,
      0.15060581266880035,
      0.13786111772060394,
      0.13813060522079468
    ],
    [
      0.2688637673854828,
      0.21367110311985016,
      0.29763516783714294,
      0.39513829350471497,
      0.3380715548992157,
      0.4086986184120178,
      0.32037681341171265,
      0.5220022201538086,
      0.30222752690315247,
      0.40931251645088196,
      0.3241235613822937,
      1.0,
      0.3830145001411438,
      0.3495270609855652,
      0.32731372117996216,
      0.28117606043815613
    ],
    [
      0.30648043751716614,
      0.2939242720603943,
      0.4503156840801239,
      0.22200508415699005,
      0.20628531277179718,
      0.3140511214733124,
      0.2982543408870697,
      0.3989412188529968,
      0.3105965852737427,
      0.343747615814209,
      0.12353810667991638,
      0.3830145001411438,
      1.0,
      0.6575588583946228,
      0.47323331236839294,
      0.5477447509765625
    ],
    [
      0.3084125220775604,
      0.24020354449748993,
      0.39771050214767456,
      0.2520005404949188,
      0.31132975220680237,
      0.32947269082069397,
      0.23962707817554474,
      0.3852814733982086,
      0.3198481798171997,
      0.3291325569152832,
      0.15060581266880035,
      0.3495270609855652,
      0.6575588583946228,
      1.0,
      0.47183382511138916,
      0.41792094707489014
    ],
    [
      0.28518134355545044,
      0.23727597296237946,
      0.3326111435890198,
      0.3062746226787567,
      0.29186365008354187,
      0.3569459915161133,
      0.22710619866847992,
      0.3140002489089966,
      0.3631163239479065,
      0.3654507100582123,
      0.13786111772060394,
      0.32731372117996216,
      0.47323331236839294,
      0.47183382511138916,
      0.9999999403953552,
      0.5173676013946533
    ],
    [
      0.34844762086868286,
      0.3152191638946533,
      0.3860875964164734,
      0.2908232808113098,
      0.15595804154872894,
      0.25252869725227356,
      0.23550467193126678,
      0.21071389317512512,
      0.2299366295337677,
      0.2813825011253357,
      0.13813060522079468,
      0.28117606043815613,
      0.5477447509765625,
      0.41792094707489014,
      0.5173676013946533,
      1.0
    ]
  ]
}