{
  "game_number": 547,
  "words": [
    "CROWN",
    "DOME",
    "MELON",
    "NOODLE",
    "CUT",
    "NUMBER",
    "SINGLE",
    "TRACK",
    "BIRD",
    "KETTLE",
    "REFEREE",
    "TRAIN",
    "ANNIVERSARY",
    "BIRTHDAY",
    "SHOWER",
    "WEDDING"
  ],
  "adjacency_matrix": [
    [
      1.0,
      0.4766455292701721,
      0.28482872247695923,
      0.22095182538032532,
      0.45968616008758545,
      0.3233170211315155,
      0.38091325759887695,
      0.36319661140441895,
      0.4060351550579071,
      0.25215303897857666,
      0.2698441445827484,
      0.3379155695438385,
      0.305350661277771,
      0.2882978022098541,
      0.2994810938835144,
      0.36218583583831787
    ],
    [
      0.4766455292701721,
      0.9999999403953552,
      0.26939070224761963,
      0.3032580316066742,
      0.3567081689834595,
      0.349240243434906,
      0.3213443458080292,
      0.3812170922756195,
      0.35731881856918335,
      0.39439156651496887,
      0.22306355834007263,
      0.3614690899848938,
      0.25477319955825806,
      0.21814055740833282,
      0.35548847913742065,
      0.3107093870639801
    ],
    [
      0.28482872247695923,
      0.26939070224761963,
      1.0,
      0.4896814823150635,
      0.3624807596206665,
      0.28554922342300415,
      0.3243843615055084,
      0.3171570301055908,
      0.3829064965248108,
      0.29493048787117004,
      0.15918202698230743,
      0.29704442620277405,
      0.19862520694732666,
      0.28554853796958923,
      0.280420184135437,
      0.26755407452583313
    ],
    [
      0.22095182538032532,
      0.3032580316066742,
      0.4896814823150635,
      1.0,
      0.3327830135822296,
      0.2758130729198456,
      0.32274433970451355,
      0.3458528518676758,
      0.31790488958358765,
      0.4368671774864197,
      0.1679050475358963,
      0.3754411041736603,
      0.18489082157611847,
      0.2011137753725052,
      0.3167162537574768,
      0.2673783004283905
    ],
    [
      0.45968616008758545,
      0.3567081689834595,
      0.3624807596206665,
      0.3327830135822296,
      1.0,
      0.38431063294410706,
      0.3563787341117859,
      0.4744897484779358,
      0.2596565783023834,
      0.25917860865592957,
      0.2343076914548874,
      0.4408912658691406,
      0.2527898848056793,
      0.23438332974910736,
      0.37230926752090454,
      0.32378989458084106
    ],
    [
      0.3233170211315155,
      0.349240243434906,
      0.28554922342300415,
      0.2758130729198456,
      0.38431063294410706,
      1.0,
      0.47200557589530945,
      0.4786023199558258,
      0.38808783888816833,
      0.2575828433036804,
      0.24106892943382263,
      0.3806383013725281,
      0.26643410325050354,
      0.2995169758796692,
      0.27009984850883484,
      0.25282031297683716
    ],
    [
      0.38091325759887695,
      0.3213443458080292,
      0.3243843615055084,
      0.32274433970451355,
      0.3563787341117859,
      0.47200557589530945,
      1.0,
      0.5247495770454407,
      0.36716824769973755,
      0.29244765639305115,
      0.24938957393169403,
      0.3726038336753845,
      0.3539968430995941,
      0.3739628791809082,
      0.33549949526786804,
      0.38127249479293823
    ],
    [
      0.36319661140441895,
      0.3812170922756195,
      0.3171570301055908,
      0.3458528518676758,
      0.4744897484779358,
      0.4786023199558258,
      0.5247495770454407,
      1.0,
      0.38332313299179077,
      0.22428643703460693,
      0.2870542109012604,
      0.6301383376121521,
      0.30383792519569397,
      0.24866625666618347,
      0.3499853312969208,
      0.28772979974746704
    ],
    [
      0.4060351550579071,
      0.35731881856918335,
      0.3829064965248108,
      0.31790488958358765,
      0.2596565783023834,
      0.38808783888816833,
      0.36716824769973755,
      0.38332313299179077,
      1.0,
      0.35756972432136536,
      0.2993929088115692,
      0.34717506170272827,
      0.21014805138111115,
      0.261768639087677,
      0.29247036576271057,
      0.2908283472061157
    ],
    [
      0.25215303897857666,
      0.39439156651496887,
      0.29493048787117004,
      0.4368671774864197,
      0.25917860865592957,
      0.2575828433036804,
      0.29244765639305115,
      0.22428643703460693,
      0.35756972432136536,
      1.0,
      0.2056552767753601,
      0.28687968850135803,
      0.14961734414100647,
      0.18982726335525513,
      0.2962208688259125,
      0.23534752428531647
    ],
    [
      0.2698441445827484,
      0.22306355834007263,
      0.15918202698230743,
      0.1679050475358963,
      0.2343076914548874,
      0.24106892943382263,
      0.24938957393169403,
      0.2870542109012604,
      0.2993929088115692,
      0.2056552767753601,
      1.0,
      0.31409505009651184,
      0.1713724434375763,
      0.15755659341812134,
      0.22329576313495636,
      0.25343266129493713
    ],
    [
      0.3379155695438385,
      0.3614690899848938,
      0.29704442620277405,
      0.3754411041736603,
      0.4408912658691406,
      0.3806383013725281,
      0.3726038336753845,
      0.6301383376121521,
      0.34717506170272827,
      0.28687968850135803,
      0.31409505009651184,
      1.0,
      0.28181207180023193,
      0.22873951494693756,
      0.42619454860687256,
      0.36098676919937134
    ],
    [
      0.305350661277771,
      0.25477319955825806,
      0.19862520694732666,
      0.18489082157611847,
      0.2527898848056793,
      0.26643410325050354,
      0.3539968430995941,
      0.30383792519569397,
      0.21014805138111115,
      0.14961734414100647,
      0.1713724434375763,
      0.28181207180023193,
      1.0,
      0.7237508296966553,
      0.19977939128875732,
      0.5398270487785339
    ],
    [
      0.2882978022098541,
      0.21814055740833282,
      0.28554853796958923,
      0.2011137753725052,
      0.23438332974910736,
      0.2995169758796692,
      0.3739628791809082,
      0.24866625666618347,
      0.261768639087677,
      0.18982726335525513,
      0.15755659341812134,
      0.22873951494693756,
      0.7237508296966553,
      1.0,
      0.2658085227012634,
      0.5645318627357483
    ],
    [
      0.2994810938835144,
      0.35548847913742065,
      0.280420184135437,
      0.3167162537574768,
      0.37230926752090454,
      0.27009984850883484,
      0.33549949526786804,
      0.3499853312969208,
      0.29247036576271057,
      0.2962208688259125,
      0.22329576313495636,
      0.42619454860687256,
      0.19977939128875732,
      0.2658085227012634,
      1.0000001192092896,
      0.3726705312728882
    ],
    [
      0.36218583583831787,
      0.3107093870639801,
      0.26755407452583313,
      0.2673783004283905,
      0.32378989458084106,
      0.25282031297683716,
      0.38127249479293823,
      0.28772979974746704,
      0.2908283472061157,
      0.23534752428531647,
      0.25343266129493713,
      0.36098676919937134,
      0.5398270487785339,
      0.5645318627357483,
      0.3726705312728882,
      1.0
    ]
  ]
}