{
  "game_number": 215,
  "words": [
    "BOTTLE",
    "CAN",
    "DRAFT",
    "TAP",
    "BALL",
    "CURL",
    "DOODLE",
    "PUFF",
    "BUTTERFLY",
    "DOMINO",
    "HALO",
    "PLACEBO",
    "DARLING",
    "LOVE",
    "PUMPKIN",
    "TREASURE"
  ],
  "adjacency_matrix": [
    [
      1.0,
      0.2831598222255707,
      0.23765695095062256,
      0.47623834013938904,
      0.4852198362350464,
      0.3386240601539612,
      0.3101896047592163,
      0.36268872022628784,
      0.3195892572402954,
      0.25610849261283875,
      0.2927708923816681,
      0.28600162267684937,
      0.30769082903862,
      0.30661430954933167,
      0.38264426589012146,
      0.352919340133667
    ],
    [
      0.2831598222255707,
      1.0,
      0.2729877233505249,
      0.40473097562789917,
      0.3072131276130676,
      0.3055121898651123,
      0.3134198784828186,
      0.273131787776947,
      0.25192680954933167,
      0.29676684737205505,
      0.20761507749557495,
      0.18088926374912262,
      0.2553054988384247,
      0.39654862880706787,
      0.22746743261814117,
      0.2832588851451874
    ],
    [
      0.23765695095062256,
      0.2729877233505249,
      1.0,
      0.2401578575372696,
      0.3136919140815735,
      0.21616506576538086,
      0.3466813564300537,
      0.28555184602737427,
      0.17358335852622986,
      0.24600644409656525,
      0.22550146281719208,
      0.1510130614042282,
      0.20137612521648407,
      0.25981220602989197,
      0.25969627499580383,
      0.22640188038349152
    ],
    [
      0.47623834013938904,
      0.40473097562789917,
      0.2401578575372696,
      1.0,
      0.4325287938117981,
      0.40489134192466736,
      0.3614019453525543,
      0.31264403462409973,
      0.26982104778289795,
      0.2902650833129883,
      0.2459208369255066,
      0.2166261225938797,
      0.2834816873073578,
      0.2980501651763916,
      0.32689955830574036,
      0.3669833838939667
    ],
    [
      0.4852198362350464,
      0.3072131276130676,
      0.3136919140815735,
      0.4325287938117981,
      1.0,
      0.47412538528442383,
      0.37688738107681274,
      0.4420395493507385,
      0.40666526556015015,
      0.3477895259857178,
      0.3718050420284271,
      0.22155249118804932,
      0.3291809856891632,
      0.35729795694351196,
      0.4248315393924713,
      0.37994930148124695
    ],
    [
      0.3386240601539612,
      0.3055121898651123,
      0.21616506576538086,
      0.40489134192466736,
      0.47412538528442383,
      1.0,
      0.35877498984336853,
      0.42872998118400574,
      0.3945430815219879,
      0.27471253275871277,
      0.33118322491645813,
      0.17009970545768738,
      0.2475508451461792,
      0.3174166679382324,
      0.3316155672073364,
      0.22071705758571625
    ],
    [
      0.3101896047592163,
      0.3134198784828186,
      0.3466813564300537,
      0.3614019453525543,
      0.37688738107681274,
      0.35877498984336853,
      1.0,
      0.3234734535217285,
      0.3820377588272095,
      0.32188236713409424,
      0.30706480145454407,
      0.1816369742155075,
      0.33721962571144104,
      0.3547813892364502,
      0.45716801285743713,
      0.34686487913131714
    ],
    [
      0.36268872022628784,
      0.273131787776947,
      0.28555184602737427,
      0.31264403462409973,
      0.4420395493507385,
      0.42872998118400574,
      0.3234734535217285,
      1.0,
      0.2536626160144806,
      0.3743741810321808,
      0.4273790419101715,
      0.33532580733299255,
      0.28816643357276917,
      0.24800051748752594,
      0.36610063910484314,
      0.25347867608070374
    ],
    [
      0.3195892572402954,
      0.25192680954933167,
      0.17358335852622986,
      0.26982104778289795,
      0.40666526556015015,
      0.3945430815219879,
      0.3820377588272095,
      0.2536626160144806,
      1.0,
      0.32999733090400696,
      0.32533639669418335,
      0.20903123915195465,
      0.3267955183982849,
      0.31032583117485046,
      0.4185425341129303,
      0.37741753458976746
    ],
    [
      0.25610849261283875,
      0.29676684737205505,
      0.24600644409656525,
      0.2902650833129883,
      0.3477895259857178,
      0.27471253275871277,
      0.32188236713409424,
      0.3743741810321808,
      0.32999733090400696,
      1.0,
      0.40787824988365173,
      0.21676568686962128,
      0.2767494022846222,
      0.3039201498031616,
      0.3081502914428711,
      0.2703143060207367
    ],
    [
      0.2927708923816681,
      0.20761507749557495,
      0.22550146281719208,
      0.2459208369255066,
      0.3718050420284271,
      0.33118322491645813,
      0.30706480145454407,
      0.4273790419101715,
      0.32533639669418335,
      0.40787824988365173,
      0.9999999403953552,
      0.3185550272464752,
      0.2828172445297241,
      0.3283892273902893,
      0.3736240863800049,
      0.3320639729499817
    ],
    [
      0.28600162267684937,
      0.18088926374912262,
      0.1510130614042282,
      0.2166261225938797,
      0.22155249118804932,
      0.17009970545768738,
      0.1816369742155075,
      0.33532580733299255,
      0.20903123915195465,
      0.21676568686962128,
      0.3185550272464752,
      1.0,
      0.16915684938430786,
      0.1733039766550064,
      0.2827153503894806,
      0.14865194261074066
    ],
    [
      0.30769082903862,
      0.2553054988384247,
      0.20137612521648407,
      0.2834816873073578,
      0.3291809856891632,
      0.2475508451461792,
      0.33721962571144104,
      0.28816643357276917,
      0.3267955183982849,
      0.2767494022846222,
      0.2828172445297241,
      0.16915684938430786,
      0.9999999403953552,
      0.5018883347511292,
      0.3270561099052429,
      0.3537370264530182
    ],
    [
      0.30661430954933167,
      0.39654862880706787,
      0.25981220602989197,
      0.2980501651763916,
      0.35729795694351196,
      0.3174166679382324,
      0.3547813892364502,
      0.24800051748752594,
      0.31032583117485046,
      0.3039201498031616,
      0.3283892273902893,
      0.1733039766550064,
      0.5018883347511292,
      1.0,
      0.3136882483959198,
      0.4921102523803711
    ],
    [
      0.38264426589012146,
      0.22746743261814117,
      0.25969627499580383,
      0.32689955830574036,
      0.4248315393924713,
      0.3316155672073364,
      0.45716801285743713,
      0.36610063910484314,
      0.4185425341129303,
      0.3081502914428711,
      0.3736240863800049,
      0.2827153503894806,
      0.3270561099052429,
      0.3136882483959198,
      1.0,
      0.3635942339897156
    ],
    [
      0.352919340133667,
      0.2832588851451874,
      0.22640188038349152,
      0.3669833838939667,
      0.37994930148124695,
      0.22071705758571625,
      0.34686487913131714,
      0.25347867608070374,
      0.37741753458976746,
      0.2703143060207367,
      0.3320639729499817,
      0.14865194261074066,
      0.3537370264530182,
      0.4921102523803711,
      0.3635942339897156,
      1.0
    ]
  ]
}