{
  "game_number": 515,
  "words": [
    "BEHOLD",
    "PRESTO",
    "TADA",
    "VOILA",
    "GET",
    "LAND",
    "SECURE",
    "WIN",
    "ADAM",
    "CARPENTER",
    "FIRE",
    "RED",
    "LETTER",
    "PARAGRAPH",
    "SENTENCE",
    "WORD"
  ],
  "adjacency_matrix": [
    [
      1.0,
      0.3388439118862152,
      0.31982505321502686,
      0.3908233642578125,
      0.3859204947948456,
      0.28491291403770447,
      0.26634910702705383,
      0.2750019431114197,
      0.2963239848613739,
      0.2443889081478119,
      0.25531983375549316,
      0.2701343297958374,
      0.19565683603286743,
      0.1878241002559662,
      0.20671291649341583,
      0.30810779333114624
    ],
    [
      0.3388439118862152,
      1.0,
      0.4760691225528717,
      0.6971559524536133,
      0.32083776593208313,
      0.18748939037322998,
      0.2423986792564392,
      0.2710452079772949,
      0.28957146406173706,
      0.19987361133098602,
      0.20574311912059784,
      0.2574761211872101,
      0.25533634424209595,
      0.27214381098747253,
      0.2712589502334595,
      0.31561940908432007
    ],
    [
      0.31982505321502686,
      0.4760691225528717,
      0.9999999403953552,
      0.4472126364707947,
      0.3624807894229889,
      0.19566310942173004,
      0.22018930315971375,
      0.23650678992271423,
      0.3792545199394226,
      0.19548404216766357,
      0.18146073818206787,
      0.25871533155441284,
      0.19613148272037506,
      0.20836444199085236,
      0.24221017956733704,
      0.3727167248725891
    ],
    [
      0.3908233642578125,
      0.6971559524536133,
      0.4472126364707947,
      1.0,
      0.35144343972206116,
      0.22952228784561157,
      0.26266345381736755,
      0.24984164535999298,
      0.3177368938922882,
      0.21893423795700073,
      0.2182047963142395,
      0.2758827209472656,
      0.21461758017539978,
      0.2060723751783371,
      0.22293683886528015,
      0.31295621395111084
    ],
    [
      0.3859204947948456,
      0.32083776593208313,
      0.3624807894229889,
      0.35144343972206116,
      0.9999999403953552,
      0.4049696922302246,
      0.5200097560882568,
      0.5659477710723877,
      0.2384577840566635,
      0.2862014174461365,
      0.38059160113334656,
      0.36674487590789795,
      0.29074475169181824,
      0.29102492332458496,
      0.3364669978618622,
      0.414456307888031
    ],
    [
      0.28491291403770447,
      0.18748939037322998,
      0.19566310942173004,
      0.22952228784561157,
      0.4049696922302246,
      1.0,
      0.4532773792743683,
      0.37527409195899963,
      0.23868615925312042,
      0.3108557164669037,
      0.4403909742832184,
      0.36979183554649353,
      0.28097620606422424,
      0.2578980028629303,
      0.2861715853214264,
      0.4183613359928131
    ],
    [
      0.26634910702705383,
      0.2423986792564392,
      0.22018930315971375,
      0.26266345381736755,
      0.5200097560882568,
      0.4532773792743683,
      1.0,
      0.5028878450393677,
      0.18006497621536255,
      0.2589196264743805,
      0.3197377324104309,
      0.2855202555656433,
      0.23401591181755066,
      0.2306627780199051,
      0.26447251439094543,
      0.3605695366859436
    ],
    [
      0.2750019431114197,
      0.2710452079772949,
      0.23650678992271423,
      0.24984164535999298,
      0.5659477710723877,
      0.37527409195899963,
      0.5028878450393677,
      1.0,
      0.18459449708461761,
      0.23013925552368164,
      0.372403621673584,
      0.345127135515213,
      0.28280308842658997,
      0.2215089350938797,
      0.275068074464798,
      0.3960653841495514
    ],
    [
      0.2963239848613739,
      0.28957146406173706,
      0.3792545199394226,
      0.3177368938922882,
      0.2384577840566635,
      0.23868615925312042,
      0.18006497621536255,
      0.18459449708461761,
      0.9999999403953552,
      0.3502579927444458,
      0.23343464732170105,
      0.2607634961605072,
      0.2458629012107849,
      0.20722651481628418,
      0.21072538197040558,
      0.361388623714447
    ],
    [
      0.2443889081478119,
      0.19987361133098602,
      0.19548404216766357,
      0.21893423795700073,
      0.2862014174461365,
      0.3108557164669037,
      0.2589196264743805,
      0.23013925552368164,
      0.3502579927444458,
      1.0,
      0.31569311022758484,
      0.27680861949920654,
      0.18785573542118073,
      0.18766142427921295,
      0.26369085907936096,
      0.31378328800201416
    ],
    [
      0.25531983375549316,
      0.20574311912059784,
      0.18146073818206787,
      0.2182047963142395,
      0.38059160113334656,
      0.4403909742832184,
      0.3197377324104309,
      0.372403621673584,
      0.23343464732170105,
      0.31569311022758484,
      1.0,
      0.39707204699516296,
      0.31687411665916443,
      0.247428759932518,
      0.28422367572784424,
      0.3814275860786438
    ],
    [
      0.2701343297958374,
      0.2574761211872101,
      0.25871533155441284,
      0.2758827209472656,
      0.36674487590789795,
      0.36979183554649353,
      0.2855202555656433,
      0.345127135515213,
      0.2607634961605072,
      0.27680861949920654,
      0.39707204699516296,
      1.0,
      0.3752688765525818,
      0.258910208940506,
      0.3026522696018219,
      0.414081871509552
    ],
    [
      0.19565683603286743,
      0.25533634424209595,
      0.19613148272037506,
      0.21461758017539978,
      0.29074475169181824,
      0.28097620606422424,
      0.23401591181755066,
      0.28280308842658997,
      0.2458629012107849,
      0.18785573542118073,
      0.31687411665916443,
      0.3752688765525818,
      1.0,
      0.4913325309753418,
      0.5066455602645874,
      0.5451374053955078
    ],
    [
      0.1878241002559662,
      0.27214381098747253,
      0.20836444199085236,
      0.2060723751783371,
      0.29102492332458496,
      0.2578980028629303,
      0.2306627780199051,
      0.2215089350938797,
      0.20722651481628418,
      0.18766142427921295,
      0.247428759932518,
      0.258910208940506,
      0.4913325309753418,
      1.0,
      0.7649897933006287,
      0.5074002146720886
    ],
    [
      0.20671291649341583,
      0.2712589502334595,
      0.24221017956733704,
      0.22293683886528015,
      0.3364669978618622,
      0.2861715853214264,
      0.26447251439094543,
      0.275068074464798,
      0.21072538197040558,
      0.26369085907936096,
      0.28422367572784424,
      0.3026522696018219,
      0.5066455602645874,
      0.7649897933006287,
      0.9999999403953552,
      0.6166065335273743
    ],
    [
      0.30810779333114624,
      0.31561940908432007,
      0.3727167248725891,
      0.31295621395111084,
      0.414456307888031,
      0.4183613359928131,
      0.3605695366859436,
      0.3960653841495514,
      0.361388623714447,
      0.31378328800201416,
      0.3814275860786438,
      0.414081871509552,
      0.5451374053955078,
      0.5074002146720886,
      0.6166065335273743,
      1.0
    ]
  ]
}