{
  "game_number": 310,
  "words": [
    "ALWAYS",
    "KISSES",
    "LOVE",
    "YOURS",
    "CAMP",
    "PARTY",
    "SIDE",
    "WING",
    "BOND",
    "LEAF",
    "MINE",
    "RUSH",
    "CAPTAIN",
    "GENERAL",
    "MAJOR",
    "PRIVATE"
  ],
  "adjacency_matrix": [
    [
      1.0,
      0.33425942063331604,
      0.4827936291694641,
      0.4506700336933136,
      0.27872440218925476,
      0.3783857226371765,
      0.42832815647125244,
      0.2548426389694214,
      0.2909105718135834,
      0.23151841759681702,
      0.3762802183628082,
      0.38413915038108826,
      0.327765554189682,
      0.37655535340309143,
      0.29900500178337097,
      0.3175376355648041
    ],
    [
      0.33425942063331604,
      1.0,
      0.5001164674758911,
      0.32109394669532776,
      0.20927074551582336,
      0.3073125183582306,
      0.2792472839355469,
      0.2111784666776657,
      0.32250848412513733,
      0.3513593375682831,
      0.2787863314151764,
      0.31216099858283997,
      0.24346023797988892,
      0.19752931594848633,
      0.19141161441802979,
      0.2893195152282715
    ],
    [
      0.4827936291694641,
      0.5001164674758911,
      1.0,
      0.4313217103481293,
      0.3012603521347046,
      0.38822469115257263,
      0.41807958483695984,
      0.3308480679988861,
      0.490498811006546,
      0.32515648007392883,
      0.3975130617618561,
      0.441969096660614,
      0.32358381152153015,
      0.3998315930366516,
      0.3211568295955658,
      0.41147580742836
    ],
    [
      0.4506700336933136,
      0.32109394669532776,
      0.4313217103481293,
      1.0,
      0.21650797128677368,
      0.3078484833240509,
      0.35065796971321106,
      0.2170344442129135,
      0.2441895306110382,
      0.19680024683475494,
      0.6223247051239014,
      0.2873084843158722,
      0.24496296048164368,
      0.35722383856773376,
      0.3458999991416931,
      0.33398008346557617
    ],
    [
      0.27872440218925476,
      0.20927074551582336,
      0.3012603521347046,
      0.21650797128677368,
      1.0,
      0.4958861768245697,
      0.4198114275932312,
      0.39322835206985474,
      0.3251537084579468,
      0.22161974012851715,
      0.41606009006500244,
      0.3462298810482025,
      0.3747662603855133,
      0.3610476553440094,
      0.30104881525039673,
      0.36096253991127014
    ],
    [
      0.3783857226371765,
      0.3073125183582306,
      0.38822469115257263,
      0.3078484833240509,
      0.4958861768245697,
      1.0,
      0.5052874088287354,
      0.5124465823173523,
      0.44163715839385986,
      0.35941967368125916,
      0.38677191734313965,
      0.3444144129753113,
      0.4193839132785797,
      0.4928499162197113,
      0.4413503408432007,
      0.4804435074329376
    ],
    [
      0.42832815647125244,
      0.2792472839355469,
      0.41807958483695984,
      0.35065796971321106,
      0.4198114275932312,
      0.5052874088287354,
      1.0,
      0.5698288679122925,
      0.354441374540329,
      0.44319501519203186,
      0.422776460647583,
      0.3944145441055298,
      0.46573373675346375,
      0.45865383744239807,
      0.445940762758255,
      0.452085942029953
    ],
    [
      0.2548426389694214,
      0.2111784666776657,
      0.3308480679988861,
      0.2170344442129135,
      0.39322835206985474,
      0.5124465823173523,
      0.5698288679122925,
      1.0,
      0.32901817560195923,
      0.4581240713596344,
      0.2563578188419342,
      0.28278297185897827,
      0.38288283348083496,
      0.4023166000843048,
      0.35614705085754395,
      0.37180644273757935
    ],
    [
      0.2909105718135834,
      0.32250848412513733,
      0.490498811006546,
      0.2441895306110382,
      0.3251537084579468,
      0.44163715839385986,
      0.354441374540329,
      0.32901817560195923,
      1.0,
      0.27624720335006714,
      0.3556767404079437,
      0.2857646048069,
      0.307162880897522,
      0.4298776686191559,
      0.3393809199333191,
      0.41573235392570496
    ],
    [
      0.23151841759681702,
      0.3513593375682831,
      0.32515648007392883,
      0.19680024683475494,
      0.22161974012851715,
      0.35941967368125916,
      0.44319501519203186,
      0.4581240713596344,
      0.27624720335006714,
      1.0,
      0.2863331139087677,
      0.3504234254360199,
      0.22145874798297882,
      0.3074313700199127,
      0.33145374059677124,
      0.31535640358924866
    ],
    [
      0.3762802183628082,
      0.2787863314151764,
      0.3975130617618561,
      0.6223247051239014,
      0.41606009006500244,
      0.38677191734313965,
      0.422776460647583,
      0.2563578188419342,
      0.3556767404079437,
      0.2863331139087677,
      1.0,
      0.3970193564891815,
      0.33768320083618164,
      0.33094775676727295,
      0.36343562602996826,
      0.4302716851234436
    ],
    [
      0.38413915038108826,
      0.31216099858283997,
      0.441969096660614,
      0.2873084843158722,
      0.3462298810482025,
      0.3444144129753113,
      0.3944145441055298,
      0.28278297185897827,
      0.2857646048069,
      0.3504234254360199,
      0.3970193564891815,
      1.0,
      0.3188934624195099,
      0.35667097568511963,
      0.33685025572776794,
      0.32762226462364197
    ],
    [
      0.327765554189682,
      0.24346023797988892,
      0.32358381152153015,
      0.24496296048164368,
      0.3747662603855133,
      0.4193839132785797,
      0.46573373675346375,
      0.38288283348083496,
      0.307162880897522,
      0.22145874798297882,
      0.33768320083618164,
      0.3188934624195099,
      1.0,
      0.4017772674560547,
      0.31848981976509094,
      0.29205521941185
    ],
    [
      0.37655535340309143,
      0.19752931594848633,
      0.3998315930366516,
      0.35722383856773376,
      0.3610476553440094,
      0.4928499162197113,
      0.45865383744239807,
      0.4023166000843048,
      0.4298776686191559,
      0.3074313700199127,
      0.33094775676727295,
      0.35667097568511963,
      0.4017772674560547,
      1.0,
      0.655107319355011,
      0.558628261089325
    ],
    [
      0.29900500178337097,
      0.19141161441802979,
      0.3211568295955658,
      0.3458999991416931,
      0.30104881525039673,
      0.4413503408432007,
      0.445940762758255,
      0.35614705085754395,
      0.3393809199333191,
      0.33145374059677124,
      0.36343562602996826,
      0.33685025572776794,
      0.31848981976509094,
      0.655107319355011,
      1.0,
      0.5279331803321838
    ],
    [
      0.3175376355648041,
      0.2893195152282715,
      0.41147580742836,
      0.33398008346557617,
      0.36096253991127014,
      0.4804435074329376,
      0.452085942029953,
      0.37180644273757935,
      0.41573235392570496,
      0.31535640358924866,
      0.4302716851234436,
      0.32762226462364197,
      0.29205521941185,
      0.558628261089325,
      0.5279331803321838,
      1.0
    ]
  ]
}