{
  "game_number": 60,
  "words": [
    "DIVA",
    "ICON",
    "LEGEND",
    "QUEEN",
    "ARROW",
    "HEART",
    "MOM",
    "RIBBON",
    "ASTRO",
    "BLUE",
    "HOOCH",
    "TOTO",
    "BORDER",
    "BOSTON",
    "BULL",
    "RAT"
  ],
  "adjacency_matrix": [
    [
      1.0,
      0.3750622868537903,
      0.3895530104637146,
      0.5516437292098999,
      0.23187674582004547,
      0.2997838854789734,
      0.47005540132522583,
      0.23689980804920197,
      0.37579473853111267,
      0.2780405282974243,
      0.3177088797092438,
      0.2803491950035095,
      0.2074832171201706,
      0.30329692363739014,
      0.37019720673561096,
      0.3330238163471222
    ],
    [
      0.3750622868537903,
      1.0,
      0.45398953557014465,
      0.31026026606559753,
      0.40023770928382874,
      0.25884920358657837,
      0.27078482508659363,
      0.3550892472267151,
      0.29865530133247375,
      0.33317241072654724,
      0.20960122346878052,
      0.2293161153793335,
      0.29295268654823303,
      0.1893632411956787,
      0.3121891915798187,
      0.23392242193222046
    ],
    [
      0.3895530104637146,
      0.45398953557014465,
      1.0000001192092896,
      0.39340609312057495,
      0.3933313488960266,
      0.3735242187976837,
      0.2989788353443146,
      0.34142956137657166,
      0.36390170454978943,
      0.39011260867118835,
      0.33393996953964233,
      0.25721436738967896,
      0.33717310428619385,
      0.308488667011261,
      0.4364321529865265,
      0.34256604313850403
    ],
    [
      0.5516437292098999,
      0.31026026606559753,
      0.39340609312057495,
      1.0,
      0.3152870833873749,
      0.35140663385391235,
      0.46356940269470215,
      0.3062054216861725,
      0.2949718236923218,
      0.3022152781486511,
      0.3039923906326294,
      0.2754121422767639,
      0.2654380202293396,
      0.31253403425216675,
      0.37151968479156494,
      0.4006095230579376
    ],
    [
      0.23187674582004547,
      0.40023770928382874,
      0.3933313488960266,
      0.3152870833873749,
      1.0,
      0.4795299172401428,
      0.16898760199546814,
      0.46100881695747375,
      0.2477078139781952,
      0.5167075991630554,
      0.25005391240119934,
      0.2642412483692169,
      0.36848554015159607,
      0.21820637583732605,
      0.4669271409511566,
      0.3186227083206177
    ],
    [
      0.2997838854789734,
      0.25884920358657837,
      0.3735242187976837,
      0.35140663385391235,
      0.4795299172401428,
      1.0,
      0.3164052665233612,
      0.35811200737953186,
      0.31057316064834595,
      0.38259220123291016,
      0.26466232538223267,
      0.292115718126297,
      0.39712610840797424,
      0.3146804869174957,
      0.41549548506736755,
      0.4167780876159668
    ],
    [
      0.47005540132522583,
      0.27078482508659363,
      0.2989788353443146,
      0.46356940269470215,
      0.16898760199546814,
      0.3164052665233612,
      0.9999999403953552,
      0.18402977287769318,
      0.3629826009273529,
      0.2846987545490265,
      0.35502544045448303,
      0.25878337025642395,
      0.20244048535823822,
      0.35159239172935486,
      0.29768532514572144,
      0.3499424457550049
    ],
    [
      0.23689980804920197,
      0.3550892472267151,
      0.34142956137657166,
      0.3062054216861725,
      0.46100881695747375,
      0.35811200737953186,
      0.18402977287769318,
      1.0,
      0.22454741597175598,
      0.5495729446411133,
      0.2841673195362091,
      0.264877051115036,
      0.3774215579032898,
      0.21887387335300446,
      0.31939828395843506,
      0.3442319929599762
    ],
    [
      0.37579473853111267,
      0.29865530133247375,
      0.36390170454978943,
      0.2949718236923218,
      0.2477078139781952,
      0.31057316064834595,
      0.3629826009273529,
      0.22454741597175598,
      0.9999999403953552,
      0.37161585688591003,
      0.2752889394760132,
      0.28852757811546326,
      0.2144397646188736,
      0.36139529943466187,
      0.2960185110569,
      0.27054640650749207
    ],
    [
      0.2780405282974243,
      0.33317241072654724,
      0.39011260867118835,
      0.3022152781486511,
      0.5167075991630554,
      0.38259220123291016,
      0.2846987545490265,
      0.5495729446411133,
      0.37161585688591003,
      1.0,
      0.33100590109825134,
      0.289061963558197,
      0.43298351764678955,
      0.3617255389690399,
      0.3994535505771637,
      0.3523097634315491
    ],
    [
      0.3177088797092438,
      0.20960122346878052,
      0.33393996953964233,
      0.3039923906326294,
      0.25005391240119934,
      0.26466232538223267,
      0.35502544045448303,
      0.2841673195362091,
      0.2752889394760132,
      0.33100590109825134,
      1.0,
      0.2785068452358246,
      0.3001003563404083,
      0.30081987380981445,
      0.35718458890914917,
      0.3656190037727356
    ],
    [
      0.2803491950035095,
      0.2293161153793335,
      0.25721436738967896,
      0.2754121422767639,
      0.2642412483692169,
      0.292115718126297,
      0.25878337025642395,
      0.264877051115036,
      0.28852757811546326,
      0.289061963558197,
      0.2785068452358246,
      1.0,
      0.2373150736093521,
      0.3301766514778137,
      0.3403352200984955,
      0.281902015209198
    ],
    [
      0.2074832171201706,
      0.29295268654823303,
      0.33717310428619385,
      0.2654380202293396,
      0.36848554015159607,
      0.39712610840797424,
      0.20244048535823822,
      0.3774215579032898,
      0.2144397646188736,
      0.43298351764678955,
      0.3001003563404083,
      0.2373150736093521,
      1.0,
      0.2750680148601532,
      0.2545383870601654,
      0.18991045653820038
    ],
    [
      0.30329692363739014,
      0.1893632411956787,
      0.308488667011261,
      0.31253403425216675,
      0.21820637583732605,
      0.3146804869174957,
      0.35159239172935486,
      0.21887387335300446,
      0.36139529943466187,
      0.3617255389690399,
      0.30081987380981445,
      0.3301766514778137,
      0.2750680148601532,
      0.9999999403953552,
      0.27783018350601196,
      0.31231144070625305
    ],
    [
      0.37019720673561096,
      0.3121891915798187,
      0.4364321529865265,
      0.37151968479156494,
      0.4669271409511566,
      0.41549548506736755,
      0.29768532514572144,
      0.31939828395843506,
      0.2960185110569,
      0.3994535505771637,
      0.35718458890914917,
      0.3403352200984955,
      0.2545383870601654,
      0.27783018350601196,
      1.0,
      0.45883163809776306
    ],
    [
      0.3330238163471222,
      0.23392242193222046,
      0.34256604313850403,
      0.4006095230579376,
      0.3186227083206177,
      0.4167780876159668,
      0.3499424457550049,
      0.3442319929599762,
      0.27054640650749207,
      0.3523097634315491,
      0.3656190037727356,
      0.281902015209198,
      0.18991045653820038,
      0.31231144070625305,
      0.45883163809776306,
      1.0
    ]
  ]
}