{
  "game_number": 318,
  "words": [
    "BALM",
    "GLOSS",
    "LINER",
    "STAIN",
    "CORNER",
    "FIX",
    "HOLE",
    "SPOT",
    "ANGLE",
    "CRIME",
    "EDUCATION",
    "TEMPERATURE",
    "CONDITION",
    "FORM",
    "SHAPE",
    "STATE"
  ],
  "adjacency_matrix": [
    [
      0.9999999403953552,
      0.4829728305339813,
      0.3276146352291107,
      0.3566216826438904,
      0.25816860795021057,
      0.3263111710548401,
      0.3606882393360138,
      0.370977520942688,
      0.2573055028915405,
      0.19474537670612335,
      0.2619509696960449,
      0.2874479293823242,
      0.32737430930137634,
      0.3218408524990082,
      0.29343104362487793,
      0.25993114709854126
    ],
    [
      0.4829728305339813,
      1.0,
      0.3781221807003021,
      0.550987720489502,
      0.32129424810409546,
      0.4483235478401184,
      0.28487133979797363,
      0.44338366389274597,
      0.44259488582611084,
      0.31067875027656555,
      0.3026159703731537,
      0.3712242543697357,
      0.3766937553882599,
      0.43419402837753296,
      0.4014102816581726,
      0.33966580033302307
    ],
    [
      0.3276146352291107,
      0.3781221807003021,
      1.0,
      0.2897559404373169,
      0.3017445504665375,
      0.20625966787338257,
      0.41202303767204285,
      0.3124793767929077,
      0.27916714549064636,
      0.19660478830337524,
      0.2789825201034546,
      0.2913937270641327,
      0.3638448715209961,
      0.3115997016429901,
      0.2585628926753998,
      0.2829269468784332
    ],
    [
      0.3566216826438904,
      0.550987720489502,
      0.2897559404373169,
      1.0,
      0.3618707060813904,
      0.4207664728164673,
      0.3430712819099426,
      0.495381623506546,
      0.3534906804561615,
      0.399252325296402,
      0.220011904835701,
      0.315477192401886,
      0.4121549129486084,
      0.4219191074371338,
      0.43819355964660645,
      0.3646351397037506
    ],
    [
      0.25816860795021057,
      0.32129424810409546,
      0.3017445504665375,
      0.3618707060813904,
      0.9999999403953552,
      0.35284945368766785,
      0.4858473837375641,
      0.5951179265975952,
      0.5199964642524719,
      0.31647515296936035,
      0.2837989330291748,
      0.27785611152648926,
      0.338571697473526,
      0.453391432762146,
      0.47427091002464294,
      0.424680233001709
    ],
    [
      0.3263111710548401,
      0.4483235478401184,
      0.20625966787338257,
      0.4207664728164673,
      0.35284945368766785,
      0.9999999403953552,
      0.3811979591846466,
      0.5707637071609497,
      0.3919502794742584,
      0.33766812086105347,
      0.2812562882900238,
      0.3209070861339569,
      0.45236197113990784,
      0.46204596757888794,
      0.4452357590198517,
      0.4096487760543823
    ],
    [
      0.3606882393360138,
      0.28487133979797363,
      0.41202303767204285,
      0.3430712819099426,
      0.4858473837375641,
      0.3811979591846466,
      0.9999999403953552,
      0.48469772934913635,
      0.41373562812805176,
      0.26842060685157776,
      0.25232580304145813,
      0.30540165305137634,
      0.3977471590042114,
      0.426066130399704,
      0.4463576674461365,
      0.33345431089401245
    ],
    [
      0.370977520942688,
      0.44338366389274597,
      0.3124793767929077,
      0.495381623506546,
      0.5951179265975952,
      0.5707637071609497,
      0.48469772934913635,
      1.0,
      0.5062830448150635,
      0.3875962197780609,
      0.27396249771118164,
      0.37774011492729187,
      0.46263986825942993,
      0.5232166647911072,
      0.4836391806602478,
      0.4104366898536682
    ],
    [
      0.2573055028915405,
      0.44259488582611084,
      0.27916714549064636,
      0.3534906804561615,
      0.5199964642524719,
      0.3919502794742584,
      0.41373562812805176,
      0.5062830448150635,
      0.9999999403953552,
      0.391599178314209,
      0.36570921540260315,
      0.4506962299346924,
      0.41687050461769104,
      0.4374885559082031,
      0.5386449098587036,
      0.35915401577949524
    ],
    [
      0.19474537670612335,
      0.31067875027656555,
      0.19660478830337524,
      0.399252325296402,
      0.31647515296936035,
      0.33766812086105347,
      0.26842060685157776,
      0.3875962197780609,
      0.391599178314209,
      0.9999999403953552,
      0.4588852822780609,
      0.3075940012931824,
      0.40356338024139404,
      0.3924257457256317,
      0.3428623080253601,
      0.41757121682167053
    ],
    [
      0.2619509696960449,
      0.3026159703731537,
      0.2789825201034546,
      0.220011904835701,
      0.2837989330291748,
      0.2812562882900238,
      0.25232580304145813,
      0.27396249771118164,
      0.36570921540260315,
      0.4588852822780609,
      1.0,
      0.3460972309112549,
      0.45604225993156433,
      0.43977299332618713,
      0.4037988483905792,
      0.5063077807426453
    ],
    [
      0.2874479293823242,
      0.3712242543697357,
      0.2913937270641327,
      0.315477192401886,
      0.27785611152648926,
      0.3209070861339569,
      0.30540165305137634,
      0.37774011492729187,
      0.4506962299346924,
      0.3075940012931824,
      0.3460972309112549,
      1.0,
      0.48373645544052124,
      0.36671218276023865,
      0.4467453360557556,
      0.4023772180080414
    ],
    [
      0.32737430930137634,
      0.3766937553882599,
      0.3638448715209961,
      0.4121549129486084,
      0.338571697473526,
      0.45236197113990784,
      0.3977471590042114,
      0.46263986825942993,
      0.41687050461769104,
      0.40356338024139404,
      0.45604225993156433,
      0.48373645544052124,
      1.0,
      0.5440059304237366,
      0.5202783346176147,
      0.5204465389251709
    ],
    [
      0.3218408524990082,
      0.43419402837753296,
      0.3115997016429901,
      0.4219191074371338,
      0.453391432762146,
      0.46204596757888794,
      0.426066130399704,
      0.5232166647911072,
      0.4374885559082031,
      0.3924257457256317,
      0.43977299332618713,
      0.36671218276023865,
      0.5440059304237366,
      1.0,
      0.6568649411201477,
      0.5332328677177429
    ],
    [
      0.29343104362487793,
      0.4014102816581726,
      0.2585628926753998,
      0.43819355964660645,
      0.47427091002464294,
      0.4452357590198517,
      0.4463576674461365,
      0.4836391806602478,
      0.5386449098587036,
      0.3428623080253601,
      0.4037988483905792,
      0.4467453360557556,
      0.5202783346176147,
      0.6568649411201477,
      1.0,
      0.4610155522823334
    ],
    [
      0.25993114709854126,
      0.33966580033302307,
      0.2829269468784332,
      0.3646351397037506,
      0.424680233001709,
      0.4096487760543823,
      0.33345431089401245,
      0.4104366898536682,
      0.35915401577949524,
      0.41757121682167053,
      0.5063077807426453,
      0.4023772180080414,
      0.5204465389251709,
      0.5332328677177429,
      0.4610155522823334,
      1.0
    ]
  ]
}