{
  "game_number": 197,
  "words": [
    "ANGLE",
    "LENS",
    "PERSPECTIVE",
    "POSITION",
    "MEET",
    "SLACK",
    "TEAMS",
    "ZOOM",
    "FANTASY",
    "LOVE",
    "SHUTTER",
    "TREASURE",
    "FLANNEL",
    "OXFORD",
    "POLO",
    "TEE"
  ],
  "adjacency_matrix": [
    [
      0.9999999403953552,
      0.5236939191818237,
      0.593485951423645,
      0.5216296911239624,
      0.31256866455078125,
      0.3905409574508667,
      0.22374701499938965,
      0.46765854954719543,
      0.34961891174316406,
      0.3643515706062317,
      0.4143233001232147,
      0.2821599543094635,
      0.2525702118873596,
      0.2046414613723755,
      0.2379961758852005,
      0.3536469340324402
    ],
    [
      0.5236939191818237,
      0.9999999403953552,
      0.4646577835083008,
      0.366608202457428,
      0.21439294517040253,
      0.1749749630689621,
      0.2438906580209732,
      0.5563616752624512,
      0.2700941860675812,
      0.26119497418403625,
      0.5543999671936035,
      0.27628740668296814,
      0.2887566089630127,
      0.24952121078968048,
      0.22558271884918213,
      0.31686460971832275
    ],
    [
      0.593485951423645,
      0.4646577835083008,
      1.0,
      0.5791999697685242,
      0.3030362129211426,
      0.2781709134578705,
      0.33341294527053833,
      0.3487889766693115,
      0.4682353734970093,
      0.38681018352508545,
      0.23459260165691376,
      0.3706398010253906,
      0.29462119936943054,
      0.17582577466964722,
      0.2405158430337906,
      0.2909763753414154
    ],
    [
      0.5216296911239624,
      0.366608202457428,
      0.5791999697685242,
      0.9999999403953552,
      0.351689875125885,
      0.43154093623161316,
      0.3512646555900574,
      0.3334971070289612,
      0.3462594449520111,
      0.35942670702934265,
      0.3604879379272461,
      0.3533613383769989,
      0.23743435740470886,
      0.17575275897979736,
      0.2584054172039032,
      0.361471951007843
    ],
    [
      0.31256866455078125,
      0.21439294517040253,
      0.3030362129211426,
      0.351689875125885,
      1.0,
      0.26034560799598694,
      0.38767093420028687,
      0.26987549662590027,
      0.23285023868083954,
      0.4049525260925293,
      0.23056919872760773,
      0.27541640400886536,
      0.19592395424842834,
      0.23722957074642181,
      0.21720074117183685,
      0.34459197521209717
    ],
    [
      0.3905409574508667,
      0.1749749630689621,
      0.2781709134578705,
      0.43154093623161316,
      0.26034560799598694,
      0.9999999403953552,
      0.2095532864332199,
      0.20785443484783173,
      0.2445172518491745,
      0.33027738332748413,
      0.2703755497932434,
      0.3113170266151428,
      0.297918438911438,
      0.10115265846252441,
      0.22185219824314117,
      0.3423249423503876
    ],
    [
      0.22374701499938965,
      0.2438906580209732,
      0.33341294527053833,
      0.3512646555900574,
      0.38767093420028687,
      0.2095532864332199,
      1.0,
      0.2629421651363373,
      0.32643866539001465,
      0.29435932636260986,
      0.2046775221824646,
      0.24879418313503265,
      0.24024569988250732,
      0.19520793855190277,
      0.32609453797340393,
      0.3210662007331848
    ],
    [
      0.46765854954719543,
      0.5563616752624512,
      0.3487889766693115,
      0.3334971070289612,
      0.26987549662590027,
      0.20785443484783173,
      0.2629421651363373,
      0.9999999403953552,
      0.2806345820426941,
      0.28740692138671875,
      0.5466318130493164,
      0.3186052739620209,
      0.21185652911663055,
      0.2254456728696823,
      0.22263504564762115,
      0.25063925981521606
    ],
    [
      0.34961891174316406,
      0.2700941860675812,
      0.4682353734970093,
      0.3462594449520111,
      0.23285023868083954,
      0.2445172518491745,
      0.32643866539001465,
      0.2806345820426941,
      1.0,
      0.503960371017456,
      0.17913277447223663,
      0.385681688785553,
      0.3778657913208008,
      0.19642521440982819,
      0.27713555097579956,
      0.280714213848114
    ],
    [
      0.3643515706062317,
      0.26119497418403625,
      0.38681018352508545,
      0.35942670702934265,
      0.4049525260925293,
      0.33027738332748413,
      0.29435932636260986,
      0.28740692138671875,
      0.503960371017456,
      1.0,
      0.21135638654232025,
      0.4921102523803711,
      0.3056991696357727,
      0.16669444739818573,
      0.3100978434085846,
      0.30592936277389526
    ],
    [
      0.4143233001232147,
      0.5543999671936035,
      0.23459260165691376,
      0.3604879379272461,
      0.23056919872760773,
      0.2703755497932434,
      0.2046775221824646,
      0.5466318130493164,
      0.17913277447223663,
      0.21135638654232025,
      1.0,
      0.21043120324611664,
      0.24748919904232025,
      0.18663053214550018,
      0.15252628922462463,
      0.2853052020072937
    ],
    [
      0.2821599543094635,
      0.27628740668296814,
      0.3706398010253906,
      0.3533613383769989,
      0.27541640400886536,
      0.3113170266151428,
      0.24879418313503265,
      0.3186052739620209,
      0.385681688785553,
      0.4921102523803711,
      0.21043120324611664,
      1.0,
      0.3029807209968567,
      0.13574033975601196,
      0.32946157455444336,
      0.24197234213352203
    ],
    [
      0.2525702118873596,
      0.2887566089630127,
      0.29462119936943054,
      0.23743435740470886,
      0.19592395424842834,
      0.297918438911438,
      0.24024569988250732,
      0.21185652911663055,
      0.3778657913208008,
      0.3056991696357727,
      0.24748919904232025,
      0.3029807209968567,
      1.0,
      0.3256872594356537,
      0.30653658509254456,
      0.41692915558815
    ],
    [
      0.2046414613723755,
      0.24952121078968048,
      0.17582577466964722,
      0.17575275897979736,
      0.23722957074642181,
      0.10115265846252441,
      0.19520793855190277,
      0.2254456728696823,
      0.19642521440982819,
      0.16669444739818573,
      0.18663053214550018,
      0.13574033975601196,
      0.3256872594356537,
      1.0,
      0.3049773573875427,
      0.20944614708423615
    ],
    [
      0.2379961758852005,
      0.22558271884918213,
      0.2405158430337906,
      0.2584054172039032,
      0.21720074117183685,
      0.22185219824314117,
      0.32609453797340393,
      0.22263504564762115,
      0.27713555097579956,
      0.3100978434085846,
      0.15252628922462463,
      0.32946157455444336,
      0.30653658509254456,
      0.3049773573875427,
      0.9999999403953552,
      0.3482070863246918
    ],
    [
      0.3536469340324402,
      0.31686460971832275,
      0.2909763753414154,
      0.361471951007843,
      0.34459197521209717,
      0.3423249423503876,
      0.3210662007331848,
      0.25063925981521606,
      0.280714213848114,
      0.30592936277389526,
      0.2853052020072937,
      0.24197234213352203,
      0.41692915558815,
      0.20944614708423615,
      0.3482070863246918,
      1.0
    ]
  ]
}