{
  "game_number": 367,
  "words": [
    "KILO",
    "MEGA",
    "MICRO",
    "PICO",
    "MINI",
    "PENCIL",
    "POODLE",
    "WRAP",
    "CAPITOL",
    "FAITH",
    "FOOT",
    "MOLE",
    "BOOT",
    "BOUNCE",
    "EJECT",
    "TOSS"
  ],
  "adjacency_matrix": [
    [
      1.0,
      0.467563271522522,
      0.30822640657424927,
      0.4244227409362793,
      0.33754080533981323,
      0.1820732057094574,
      0.2127176970243454,
      0.23227214813232422,
      0.1642189621925354,
      0.04530642181634903,
      0.3473997414112091,
      0.3381377160549164,
      0.24868083000183105,
      0.20407047867774963,
      0.15170063078403473,
      0.29396405816078186
    ],
    [
      0.467563271522522,
      1.0,
      0.5460982322692871,
      0.4219985902309418,
      0.6358860731124878,
      0.2191569060087204,
      0.28281840682029724,
      0.22202031314373016,
      0.3147386908531189,
      0.15984146296977997,
      0.33946892619132996,
      0.33334389328956604,
      0.3210935592651367,
      0.26148805022239685,
      0.22886693477630615,
      0.22655853629112244
    ],
    [
      0.30822640657424927,
      0.5460982322692871,
      0.9999999403953552,
      0.505944550037384,
      0.61918044090271,
      0.3286314308643341,
      0.25017356872558594,
      0.24985699355602264,
      0.24801678955554962,
      0.19454830884933472,
      0.340503990650177,
      0.33787181973457336,
      0.36915093660354614,
      0.26092031598091125,
      0.2416771501302719,
      0.20892265439033508
    ],
    [
      0.4244227409362793,
      0.4219985902309418,
      0.505944550037384,
      1.0,
      0.460369735956192,
      0.34952881932258606,
      0.25253596901893616,
      0.22633256018161774,
      0.26513415575027466,
      0.14058563113212585,
      0.3161584734916687,
      0.3792703449726105,
      0.28407829999923706,
      0.24305669963359833,
      0.25769370794296265,
      0.20532119274139404
    ],
    [
      0.33754080533981323,
      0.6358860731124878,
      0.61918044090271,
      0.460369735956192,
      0.9999999403953552,
      0.4036848545074463,
      0.39056196808815,
      0.33966124057769775,
      0.32361435890197754,
      0.23204776644706726,
      0.39635854959487915,
      0.347491979598999,
      0.4796488583087921,
      0.31868621706962585,
      0.22815857827663422,
      0.23385663330554962
    ],
    [
      0.1820732057094574,
      0.2191569060087204,
      0.3286314308643341,
      0.34952881932258606,
      0.4036848545074463,
      1.0,
      0.33475857973098755,
      0.3359527289867401,
      0.20938165485858917,
      0.22300750017166138,
      0.3820294737815857,
      0.31664803624153137,
      0.30872488021850586,
      0.28711414337158203,
      0.2376265823841095,
      0.26244884729385376
    ],
    [
      0.2127176970243454,
      0.28281840682029724,
      0.25017356872558594,
      0.25253596901893616,
      0.39056196808815,
      0.33475857973098755,
      1.0,
      0.262397438287735,
      0.2075566053390503,
      0.22227224707603455,
      0.3564176559448242,
      0.3937411606311798,
      0.3899911046028137,
      0.25885096192359924,
      0.20888227224349976,
      0.2865560054779053
    ],
    [
      0.23227214813232422,
      0.22202031314373016,
      0.24985699355602264,
      0.22633256018161774,
      0.33966124057769775,
      0.3359527289867401,
      0.262397438287735,
      1.0,
      0.2208484411239624,
      0.2883664071559906,
      0.3404316008090973,
      0.24550704658031464,
      0.42531219124794006,
      0.46676674485206604,
      0.3388535976409912,
      0.4450434148311615
    ],
    [
      0.1642189621925354,
      0.3147386908531189,
      0.24801678955554962,
      0.26513415575027466,
      0.32361435890197754,
      0.20938165485858917,
      0.2075566053390503,
      0.2208484411239624,
      0.9999999403953552,
      0.28511327505111694,
      0.3772414028644562,
      0.2667616605758667,
      0.31483447551727295,
      0.1570645272731781,
      0.1386360228061676,
      0.14483587443828583
    ],
    [
      0.04530642181634903,
      0.15984146296977997,
      0.19454830884933472,
      0.14058563113212585,
      0.23204776644706726,
      0.22300750017166138,
      0.22227224707603455,
      0.2883664071559906,
      0.28511327505111694,
      1.0,
      0.24704700708389282,
      0.200842946767807,
      0.28082773089408875,
      0.26956841349601746,
      0.23055632412433624,
      0.259337455034256
    ],
    [
      0.3473997414112091,
      0.33946892619132996,
      0.340503990650177,
      0.3161584734916687,
      0.39635854959487915,
      0.3820294737815857,
      0.3564176559448242,
      0.3404316008090973,
      0.3772414028644562,
      0.24704700708389282,
      1.0,
      0.3857775926589966,
      0.5560749769210815,
      0.3960052728652954,
      0.24919995665550232,
      0.292668879032135
    ],
    [
      0.3381377160549164,
      0.33334389328956604,
      0.33787181973457336,
      0.3792703449726105,
      0.347491979598999,
      0.31664803624153137,
      0.3937411606311798,
      0.24550704658031464,
      0.2667616605758667,
      0.200842946767807,
      0.3857775926589966,
      0.9999999403953552,
      0.32479560375213623,
      0.2372227907180786,
      0.18145205080509186,
      0.21953609585762024
    ],
    [
      0.24868083000183105,
      0.3210935592651367,
      0.36915093660354614,
      0.28407829999923706,
      0.4796488583087921,
      0.30872488021850586,
      0.3899911046028137,
      0.42531219124794006,
      0.31483447551727295,
      0.28082773089408875,
      0.5560749769210815,
      0.32479560375213623,
      1.0,
      0.41285425424575806,
      0.389385461807251,
      0.39401519298553467
    ],
    [
      0.20407047867774963,
      0.26148805022239685,
      0.26092031598091125,
      0.24305669963359833,
      0.31868621706962585,
      0.28711414337158203,
      0.25885096192359924,
      0.46676674485206604,
      0.1570645272731781,
      0.26956841349601746,
      0.3960052728652954,
      0.2372227907180786,
      0.41285425424575806,
      1.0000001192092896,
      0.4363457262516022,
      0.504453182220459
    ],
    [
      0.15170063078403473,
      0.22886693477630615,
      0.2416771501302719,
      0.25769370794296265,
      0.22815857827663422,
      0.2376265823841095,
      0.20888227224349976,
      0.3388535976409912,
      0.1386360228061676,
      0.23055632412433624,
      0.24919995665550232,
      0.18145205080509186,
      0.389385461807251,
      0.4363457262516022,
      1.0,
      0.4548801779747009
    ],
    [
      0.29396405816078186,
      0.22655853629112244,
      0.20892265439033508,
      0.20532119274139404,
      0.23385663330554962,
      0.26244884729385376,
      0.2865560054779053,
      0.4450434148311615,
      0.14483587443828583,
      0.259337455034256,
      0.292668879032135,
      0.21953609585762024,
      0.39401519298553467,
      0.504453182220459,
      0.4548801779747009,
      1.0
    ]
  ]
}