{
  "game_number": 276,
  "words": [
    "AMENABLE",
    "DOWN",
    "GAME",
    "WILLING",
    "AARDVARK",
    "EERIE",
    "LLAMA",
    "OOZE",
    "BLUE",
    "BRINY",
    "DEEP",
    "DRINK",
    "HIGH",
    "KICK",
    "RUSH",
    "THRILL"
  ],
  "adjacency_matrix": [
    [
      1.0,
      0.2616439461708069,
      0.2416800707578659,
      0.5660089254379272,
      0.13531699776649475,
      0.19427821040153503,
      0.10675692558288574,
      0.1648513376712799,
      0.2319682091474533,
      0.3667563199996948,
      0.375050812959671,
      0.24567246437072754,
      0.33700838685035706,
      0.2597614526748657,
      0.29532235860824585,
      0.2914021611213684
    ],
    [
      0.2616439461708069,
      1.0,
      0.37647563219070435,
      0.3450058698654175,
      0.13848789036273956,
      0.1673222929239273,
      0.18209651112556458,
      0.2947103679180145,
      0.37334299087524414,
      0.3766384422779083,
      0.4909290671348572,
      0.3489719331264496,
      0.5160849690437317,
      0.48905888199806213,
      0.4264020621776581,
      0.2748257517814636
    ],
    [
      0.2416800707578659,
      0.37647563219070435,
      1.0,
      0.17307156324386597,
      0.17243477702140808,
      0.2107210010290146,
      0.2168237864971161,
      0.17327985167503357,
      0.2841152548789978,
      0.18687957525253296,
      0.31193289160728455,
      0.3702927529811859,
      0.3281092047691345,
      0.4491911232471466,
      0.4160270690917969,
      0.36990758776664734
    ],
    [
      0.5660089254379272,
      0.3450058698654175,
      0.17307156324386597,
      1.0,
      0.09494122862815857,
      0.05220964923501015,
      0.11098946630954742,
      0.18257130682468414,
      0.25057128071784973,
      0.2837828993797302,
      0.2983361482620239,
      0.2823677659034729,
      0.25853684544563293,
      0.3061354458332062,
      0.3466041088104248,
      0.3192515969276428
    ],
    [
      0.13531699776649475,
      0.13848789036273956,
      0.17243477702140808,
      0.09494122862815857,
      1.0,
      0.2204694151878357,
      0.43420714139938354,
      0.23304365575313568,
      0.3415684998035431,
      0.20385105907917023,
      0.17920270562171936,
      0.17191675305366516,
      0.043458472937345505,
      0.18608638644218445,
      0.11085894703865051,
      0.10335071384906769
    ],
    [
      0.19427821040153503,
      0.1673222929239273,
      0.2107210010290146,
      0.05220964923501015,
      0.2204694151878357,
      1.0,
      0.16371014714241028,
      0.35397475957870483,
      0.33990323543548584,
      0.3634244203567505,
      0.37479037046432495,
      0.13186098635196686,
      0.2910281717777252,
      0.1460835039615631,
      0.25210094451904297,
      0.4031318426132202
    ],
    [
      0.10675692558288574,
      0.18209651112556458,
      0.2168237864971161,
      0.11098946630954742,
      0.43420714139938354,
      0.16371014714241028,
      1.0,
      0.17324316501617432,
      0.24713599681854248,
      0.18125806748867035,
      0.14860665798187256,
      0.24906998872756958,
      0.16134409606456757,
      0.2631273865699768,
      0.2241239994764328,
      0.1709774136543274
    ],
    [
      0.1648513376712799,
      0.2947103679180145,
      0.17327985167503357,
      0.18257130682468414,
      0.23304365575313568,
      0.35397475957870483,
      0.17324316501617432,
      0.9999999403953552,
      0.3713797628879547,
      0.495831698179245,
      0.4015364348888397,
      0.3292802572250366,
      0.27594995498657227,
      0.3015572130680084,
      0.33398082852363586,
      0.33761322498321533
    ],
    [
      0.2319682091474533,
      0.37334299087524414,
      0.2841152548789978,
      0.25057128071784973,
      0.3415684998035431,
      0.33990323543548584,
      0.24713599681854248,
      0.3713797628879547,
      1.0,
      0.4369877576828003,
      0.4467766582965851,
      0.35000085830688477,
      0.4013775885105133,
      0.3083880543708801,
      0.36966580152511597,
      0.27253514528274536
    ],
    [
      0.3667563199996948,
      0.3766384422779083,
      0.18687957525253296,
      0.2837828993797302,
      0.20385105907917023,
      0.3634244203567505,
      0.18125806748867035,
      0.495831698179245,
      0.4369877576828003,
      1.0,
      0.601881742477417,
      0.3896879255771637,
      0.4329581558704376,
      0.33227723836898804,
      0.3624840974807739,
      0.38510701060295105
    ],
    [
      0.375050812959671,
      0.4909290671348572,
      0.31193289160728455,
      0.2983361482620239,
      0.17920270562171936,
      0.37479037046432495,
      0.14860665798187256,
      0.4015364348888397,
      0.4467766582965851,
      0.601881742477417,
      1.0,
      0.29186731576919556,
      0.5894837975502014,
      0.34176793694496155,
      0.3928031027317047,
      0.38956108689308167
    ],
    [
      0.24567246437072754,
      0.3489719331264496,
      0.3702927529811859,
      0.2823677659034729,
      0.17191675305366516,
      0.13186098635196686,
      0.24906998872756958,
      0.3292802572250366,
      0.35000085830688477,
      0.3896879255771637,
      0.29186731576919556,
      0.9999999403953552,
      0.296648234128952,
      0.4352014362812042,
      0.3948734700679779,
      0.3459526002407074
    ],
    [
      0.33700838685035706,
      0.5160849690437317,
      0.3281092047691345,
      0.25853684544563293,
      0.043458472937345505,
      0.2910281717777252,
      0.16134409606456757,
      0.27594995498657227,
      0.4013775885105133,
      0.4329581558704376,
      0.5894837975502014,
      0.296648234128952,
      1.0,
      0.37458088994026184,
      0.377573698759079,
      0.3931422829627991
    ],
    [
      0.2597614526748657,
      0.48905888199806213,
      0.4491911232471466,
      0.3061354458332062,
      0.18608638644218445,
      0.1460835039615631,
      0.2631273865699768,
      0.3015572130680084,
      0.3083880543708801,
      0.33227723836898804,
      0.34176793694496155,
      0.4352014362812042,
      0.37458088994026184,
      1.0,
      0.5184367895126343,
      0.4297563433647156
    ],
    [
      0.29532235860824585,
      0.4264020621776581,
      0.4160270690917969,
      0.3466041088104248,
      0.11085894703865051,
      0.25210094451904297,
      0.2241239994764328,
      0.33398082852363586,
      0.36966580152511597,
      0.3624840974807739,
      0.3928031027317047,
      0.3948734700679779,
      0.377573698759079,
      0.5184367895126343,
      1.0,
      0.46803393959999084
    ],
    [
      0.2914021611213684,
      0.2748257517814636,
      0.36990758776664734,
      0.3192515969276428,
      0.10335071384906769,
      0.4031318426132202,
      0.1709774136543274,
      0.33761322498321533,
      0.27253514528274536,
      0.38510701060295105,
      0.38956108689308167,
      0.3459526002407074,
      0.3931422829627991,
      0.4297563433647156,
      0.46803393959999084,
      1.0
    ]
  ]
}