{
  "game_number": 267,
  "words": [
    "HI",
    "MA",
    "OR",
    "PA",
    "ANKLE",
    "COWBOY",
    "GO-GO",
    "THIGH-HIGH",
    "ELEVATOR",
    "SUN",
    "TIDE",
    "YO-YO",
    "EXTENT",
    "RANGE",
    "REACH",
    "SCOPE"
  ],
  "adjacency_matrix": [
    [
      1.0,
      0.46663549542427063,
      0.18919478356838226,
      0.34089455008506775,
      0.1408102661371231,
      0.24728401005268097,
      0.22956812381744385,
      0.19620348513126373,
      0.18312908709049225,
      0.21071431040763855,
      0.1945638805627823,
      0.16634215414524078,
      0.13469849526882172,
      0.1525171995162964,
      0.15043990314006805,
      0.16501054167747498
    ],
    [
      0.46663549542427063,
      1.0,
      0.16769394278526306,
      0.6329112648963928,
      0.14769993722438812,
      0.13832136988639832,
      0.16156542301177979,
      0.01998208463191986,
      0.09840808063745499,
      0.17079058289527893,
      0.11736968159675598,
      0.23804087936878204,
      0.014558584429323673,
      0.029180990532040596,
      0.04988234117627144,
      -0.003180166007950902
    ],
    [
      0.18919478356838226,
      0.16769394278526306,
      1.0,
      0.15402844548225403,
      0.26505813002586365,
      0.252429723739624,
      0.1750033050775528,
      0.34467801451683044,
      0.33383822441101074,
      0.2664676308631897,
      0.2917664647102356,
      0.14340977370738983,
      0.42987605929374695,
      0.3699185848236084,
      0.4010309875011444,
      0.2930064797401428
    ],
    [
      0.34089455008506775,
      0.6329112648963928,
      0.15402844548225403,
      0.9999999403953552,
      0.15628978610038757,
      0.16876620054244995,
      0.13236448168754578,
      0.08770070970058441,
      0.07623293250799179,
      0.18009358644485474,
      0.06972850859165192,
      0.1513289213180542,
      0.043631020933389664,
      0.08030959218740463,
      0.07689836621284485,
      0.007443311624228954
    ],
    [
      0.1408102661371231,
      0.14769993722438812,
      0.26505813002586365,
      0.15628978610038757,
      0.9999999403953552,
      0.2636292576789856,
      0.20372220873832703,
      0.5383073687553406,
      0.26379814743995667,
      0.23607592284679413,
      0.22753138840198517,
      0.26526114344596863,
      0.25676897168159485,
      0.3059706389904022,
      0.26711374521255493,
      0.2450828105211258
    ],
    [
      0.24728401005268097,
      0.13832136988639832,
      0.252429723739624,
      0.16876620054244995,
      0.2636292576789856,
      1.0,
      0.4380717873573303,
      0.40328019857406616,
      0.33669573068618774,
      0.29381248354911804,
      0.24028657376766205,
      0.29217642545700073,
      0.19328995048999786,
      0.2484358549118042,
      0.15657414495944977,
      0.25409993529319763
    ],
    [
      0.22956812381744385,
      0.16156542301177979,
      0.1750033050775528,
      0.13236448168754578,
      0.20372220873832703,
      0.4380717873573303,
      1.0,
      0.34718403220176697,
      0.25411441922187805,
      0.25120335817337036,
      0.23668886721134186,
      0.36928656697273254,
      0.20967859029769897,
      0.20755448937416077,
      0.19346027076244354,
      0.19390930235385895
    ],
    [
      0.19620348513126373,
      0.01998208463191986,
      0.34467801451683044,
      0.08770070970058441,
      0.5383073687553406,
      0.40328019857406616,
      0.34718403220176697,
      1.0,
      0.3295396864414215,
      0.31786808371543884,
      0.31939446926116943,
      0.20789436995983124,
      0.3004947602748871,
      0.39407533407211304,
      0.3095978796482086,
      0.3274082541465759
    ],
    [
      0.18312908709049225,
      0.09840808063745499,
      0.33383822441101074,
      0.07623293250799179,
      0.26379814743995667,
      0.33669573068618774,
      0.25411441922187805,
      0.3295396864414215,
      1.0,
      0.23809845745563507,
      0.26124948263168335,
      0.2503092586994171,
      0.19395822286605835,
      0.22106537222862244,
      0.36747005581855774,
      0.2087145745754242
    ],
    [
      0.21071431040763855,
      0.17079058289527893,
      0.2664676308631897,
      0.18009358644485474,
      0.23607592284679413,
      0.29381248354911804,
      0.25120335817337036,
      0.31786808371543884,
      0.23809845745563507,
      1.0,
      0.48166555166244507,
      0.16914819180965424,
      0.2688406705856323,
      0.28081849217414856,
      0.29276952147483826,
      0.2553378641605377
    ],
    [
      0.1945638805627823,
      0.11736968159675598,
      0.2917664647102356,
      0.06972850859165192,
      0.22753138840198517,
      0.24028657376766205,
      0.23668886721134186,
      0.31939446926116943,
      0.26124948263168335,
      0.48166555166244507,
      1.0,
      0.20998479425907135,
      0.36795902252197266,
      0.27455297112464905,
      0.34708741307258606,
      0.26312100887298584
    ],
    [
      0.16634215414524078,
      0.23804087936878204,
      0.14340977370738983,
      0.1513289213180542,
      0.26526114344596863,
      0.29217642545700073,
      0.36928656697273254,
      0.20789436995983124,
      0.2503092586994171,
      0.16914819180965424,
      0.20998479425907135,
      1.0,
      0.11262372136116028,
      0.16689500212669373,
      0.13011066615581512,
      0.10244345664978027
    ],
    [
      0.13469849526882172,
      0.014558584429323673,
      0.42987605929374695,
      0.043631020933389664,
      0.25676897168159485,
      0.19328995048999786,
      0.20967859029769897,
      0.3004947602748871,
      0.19395822286605835,
      0.2688406705856323,
      0.36795902252197266,
      0.11262372136116028,
      1.0,
      0.5275759696960449,
      0.476887047290802,
      0.6070078015327454
    ],
    [
      0.1525171995162964,
      0.029180990532040596,
      0.3699185848236084,
      0.08030959218740463,
      0.3059706389904022,
      0.2484358549118042,
      0.20755448937416077,
      0.39407533407211304,
      0.22106537222862244,
      0.28081849217414856,
      0.27455297112464905,
      0.16689500212669373,
      0.5275759696960449,
      1.0000001192092896,
      0.5451810359954834,
      0.6075424551963806
    ],
    [
      0.15043990314006805,
      0.04988234117627144,
      0.4010309875011444,
      0.07689836621284485,
      0.26711374521255493,
      0.15657414495944977,
      0.19346027076244354,
      0.3095978796482086,
      0.36747005581855774,
      0.29276952147483826,
      0.34708741307258606,
      0.13011066615581512,
      0.476887047290802,
      0.5451810359954834,
      1.0,
      0.5163499712944031
    ],
    [
      0.16501054167747498,
      -0.003180166007950902,
      0.2930064797401428,
      0.007443311624228954,
      0.2450828105211258,
      0.25409993529319763,
      0.19390930235385895,
      0.3274082541465759,
      0.2087145745754242,
      0.2553378641605377,
      0.26312100887298584,
      0.10244345664978027,
      0.6070078015327454,
      0.6075424551963806,
      0.5163499712944031,
      1.0
    ]
  ]
}