{
  "game_number": 289,
  "words": [
    "COMPOSITION",
    "FABRIC",
    "MAKEUP",
    "STRUCTURE",
    "CLAMP",
    "FILE",
    "LEVEL",
    "SAW",
    "LOG",
    "MAX",
    "MOD",
    "TAN",
    "FLUID",
    "GRACEFUL",
    "NATURAL",
    "SMOOTH"
  ],
  "adjacency_matrix": [
    [
      1.0,
      0.4162977933883667,
      0.5462629199028015,
      0.6716017723083496,
      0.29910150170326233,
      0.37806400656700134,
      0.4490875005722046,
      0.18844811618328094,
      0.2838593125343323,
      0.21810777485370636,
      0.23070576786994934,
      0.29121941328048706,
      0.4815874993801117,
      0.3707316815853119,
      0.45790788531303406,
      0.3784385919570923
    ],
    [
      0.4162977933883667,
      1.0,
      0.47171977162361145,
      0.5308805108070374,
      0.29607558250427246,
      0.261710524559021,
      0.3419743478298187,
      0.1878330260515213,
      0.24076397716999054,
      0.1564151495695114,
      0.25172340869903564,
      0.3134097158908844,
      0.44124293327331543,
      0.3027510643005371,
      0.5027533769607544,
      0.3668057322502136
    ],
    [
      0.5462629199028015,
      0.47171977162361145,
      1.0,
      0.4937756657600403,
      0.2522476315498352,
      0.3244701325893402,
      0.3400791883468628,
      0.24647527933120728,
      0.21939194202423096,
      0.19751648604869843,
      0.2976546287536621,
      0.39606326818466187,
      0.442771315574646,
      0.2856196463108063,
      0.4233419597148895,
      0.3190050423145294
    ],
    [
      0.6716017723083496,
      0.5308805108070374,
      0.4937756657600403,
      1.0000001192092896,
      0.4446626305580139,
      0.49064263701438904,
      0.5711225867271423,
      0.2891809642314911,
      0.3823249638080597,
      0.2489272952079773,
      0.2950012683868408,
      0.275145024061203,
      0.4821929633617401,
      0.38846564292907715,
      0.5099486708641052,
      0.43884676694869995
    ],
    [
      0.29910150170326233,
      0.29607558250427246,
      0.2522476315498352,
      0.4446626305580139,
      1.0,
      0.3741283118724823,
      0.3072347640991211,
      0.2351643145084381,
      0.32180237770080566,
      0.28435179591178894,
      0.32020285725593567,
      0.2584649324417114,
      0.3496537208557129,
      0.21091438829898834,
      0.20225310325622559,
      0.31517982482910156
    ],
    [
      0.37806400656700134,
      0.261710524559021,
      0.3244701325893402,
      0.49064263701438904,
      0.3741283118724823,
      1.0,
      0.3800499737262726,
      0.3631100058555603,
      0.5186779499053955,
      0.33153384923934937,
      0.33179977536201477,
      0.28367215394973755,
      0.26896485686302185,
      0.26303553581237793,
      0.2559460997581482,
      0.3151170313358307
    ],
    [
      0.4490875005722046,
      0.3419743478298187,
      0.3400791883468628,
      0.5711225867271423,
      0.3072347640991211,
      0.3800499737262726,
      1.0,
      0.2710326910018921,
      0.31361255049705505,
      0.4466073215007782,
      0.2846187353134155,
      0.2273382991552353,
      0.33411362767219543,
      0.30251988768577576,
      0.44404011964797974,
      0.36271756887435913
    ],
    [
      0.18844811618328094,
      0.1878330260515213,
      0.24647527933120728,
      0.2891809642314911,
      0.2351643145084381,
      0.3631100058555603,
      0.2710326910018921,
      1.0,
      0.3283776342868805,
      0.17656809091567993,
      0.18132947385311127,
      0.2206919640302658,
      0.15991008281707764,
      0.27034705877304077,
      0.27691203355789185,
      0.2548823356628418
    ],
    [
      0.2838593125343323,
      0.24076397716999054,
      0.21939194202423096,
      0.3823249638080597,
      0.32180237770080566,
      0.5186779499053955,
      0.31361255049705505,
      0.3283776342868805,
      1.0,
      0.27610480785369873,
      0.33437293767929077,
      0.24737894535064697,
      0.20972603559494019,
      0.24299617111682892,
      0.26430439949035645,
      0.2610946297645569
    ],
    [
      0.21810777485370636,
      0.1564151495695114,
      0.19751648604869843,
      0.2489272952079773,
      0.28435179591178894,
      0.33153384923934937,
      0.4466073215007782,
      0.17656809091567993,
      0.27610480785369873,
      1.0000001192092896,
      0.3905535340309143,
      0.3094552159309387,
      0.2658509314060211,
      0.2074047327041626,
      0.23760515451431274,
      0.28994160890579224
    ],
    [
      0.23070576786994934,
      0.25172340869903564,
      0.2976546287536621,
      0.2950012683868408,
      0.32020285725593567,
      0.33179977536201477,
      0.2846187353134155,
      0.18132947385311127,
      0.33437293767929077,
      0.3905535340309143,
      1.0,
      0.3785730004310608,
      0.15736238658428192,
      0.1742728352546692,
      0.2182081937789917,
      0.26059746742248535
    ],
    [
      0.29121941328048706,
      0.3134097158908844,
      0.39606326818466187,
      0.275145024061203,
      0.2584649324417114,
      0.28367215394973755,
      0.2273382991552353,
      0.2206919640302658,
      0.24737894535064697,
      0.3094552159309387,
      0.3785730004310608,
      1.0,
      0.3114909529685974,
      0.3283669650554657,
      0.3558540344238281,
      0.4347866177558899
    ],
    [
      0.4815874993801117,
      0.44124293327331543,
      0.442771315574646,
      0.4821929633617401,
      0.3496537208557129,
      0.26896485686302185,
      0.33411362767219543,
      0.15991008281707764,
      0.20972603559494019,
      0.2658509314060211,
      0.15736238658428192,
      0.3114909529685974,
      1.0,
      0.4319188892841339,
      0.501551628112793,
      0.5080415606498718
    ],
    [
      0.3707316815853119,
      0.3027510643005371,
      0.2856196463108063,
      0.38846564292907715,
      0.21091438829898834,
      0.26303553581237793,
      0.30251988768577576,
      0.27034705877304077,
      0.24299617111682892,
      0.2074047327041626,
      0.1742728352546692,
      0.3283669650554657,
      0.4319188892841339,
      1.0,
      0.5437329411506653,
      0.6390900015830994
    ],
    [
      0.45790788531303406,
      0.5027533769607544,
      0.4233419597148895,
      0.5099486708641052,
      0.20225310325622559,
      0.2559460997581482,
      0.44404011964797974,
      0.27691203355789185,
      0.26430439949035645,
      0.23760515451431274,
      0.2182081937789917,
      0.3558540344238281,
      0.501551628112793,
      0.5437329411506653,
      1.0,
      0.5036145448684692
    ],
    [
      0.3784385919570923,
      0.3668057322502136,
      0.3190050423145294,
      0.43884676694869995,
      0.31517982482910156,
      0.3151170313358307,
      0.36271756887435913,
      0.2548823356628418,
      0.2610946297645569,
      0.28994160890579224,
      0.26059746742248535,
      0.4347866177558899,
      0.5080415606498718,
      0.6390900015830994,
      0.5036145448684692,
      0.9999999403953552
    ]
  ]
}