{
  "game_number": 263,
  "words": [
    "POSITION",
    "RANKING",
    "STANDING",
    "STATION",
    "AIR",
    "CONDITIONING",
    "HEATING",
    "VENTILATION",
    "BAKING",
    "LAUNDRY",
    "ORIGAMI",
    "POKER",
    "RUMBLING",
    "SPECULATION",
    "TALK",
    "WHISPERS"
  ],
  "adjacency_matrix": [
    [
      0.9999999403953552,
      0.5090987682342529,
      0.6065309047698975,
      0.41855940222740173,
      0.382668673992157,
      0.378104567527771,
      0.28220734000205994,
      0.2646799683570862,
      0.2774132788181305,
      0.25927379727363586,
      0.1784997284412384,
      0.2784177362918854,
      0.1986849457025528,
      0.3733288645744324,
      0.25641322135925293,
      0.22696414589881897
    ],
    [
      0.5090987682342529,
      0.9999999403953552,
      0.4644160866737366,
      0.32074132561683655,
      0.33118802309036255,
      0.33165180683135986,
      0.27441638708114624,
      0.2809291481971741,
      0.18817035853862762,
      0.28146347403526306,
      0.11150678247213364,
      0.31060919165611267,
      0.23164668679237366,
      0.3130534589290619,
      0.19177642464637756,
      0.1950109750032425
    ],
    [
      0.6065309047698975,
      0.4644160866737366,
      1.0,
      0.4408886730670929,
      0.4159345328807831,
      0.37082046270370483,
      0.36025163531303406,
      0.2686145305633545,
      0.33094972372055054,
      0.3410886824131012,
      0.22194455564022064,
      0.3396303057670593,
      0.40476346015930176,
      0.3086546063423157,
      0.28577059507369995,
      0.3189435601234436
    ],
    [
      0.41855940222740173,
      0.32074132561683655,
      0.4408886730670929,
      1.0,
      0.47961512207984924,
      0.3844802677631378,
      0.38540923595428467,
      0.33690640330314636,
      0.258465975522995,
      0.39277422428131104,
      0.1153850182890892,
      0.24935495853424072,
      0.2483927458524704,
      0.28814658522605896,
      0.2032792568206787,
      0.23759175837039948
    ],
    [
      0.382668673992157,
      0.33118802309036255,
      0.4159345328807831,
      0.47961512207984924,
      1.0,
      0.5209987163543701,
      0.4756348133087158,
      0.4983815550804138,
      0.3238610029220581,
      0.40664416551589966,
      0.20422783493995667,
      0.27701234817504883,
      0.36709097027778625,
      0.35044094920158386,
      0.2321438044309616,
      0.3258898854255676
    ],
    [
      0.378104567527771,
      0.33165180683135986,
      0.37082046270370483,
      0.3844802677631378,
      0.5209987163543701,
      0.9999999403953552,
      0.5867509245872498,
      0.5612977147102356,
      0.39352938532829285,
      0.3858509659767151,
      0.1881289929151535,
      0.3078887164592743,
      0.28322499990463257,
      0.3332974910736084,
      0.16681888699531555,
      0.22714444994926453
    ],
    [
      0.28220734000205994,
      0.27441638708114624,
      0.36025163531303406,
      0.38540923595428467,
      0.4756348133087158,
      0.5867509245872498,
      1.0,
      0.556656539440155,
      0.5589423179626465,
      0.4305785596370697,
      0.17555728554725647,
      0.2582361102104187,
      0.35698339343070984,
      0.306487500667572,
      0.1876150220632553,
      0.18767593801021576
    ],
    [
      0.2646799683570862,
      0.2809291481971741,
      0.2686145305633545,
      0.33690640330314636,
      0.4983815550804138,
      0.5612977147102356,
      0.556656539440155,
      1.0,
      0.2663475275039673,
      0.34095415472984314,
      0.16230466961860657,
      0.23175674676895142,
      0.20393702387809753,
      0.24872159957885742,
      0.13934463262557983,
      0.2085067331790924
    ],
    [
      0.2774132788181305,
      0.18817035853862762,
      0.33094972372055054,
      0.258465975522995,
      0.3238610029220581,
      0.39352938532829285,
      0.5589423179626465,
      0.2663475275039673,
      1.0,
      0.44409146904945374,
      0.36983513832092285,
      0.38786566257476807,
      0.24714721739292145,
      0.23630553483963013,
      0.18579137325286865,
      0.1799992024898529
    ],
    [
      0.25927379727363586,
      0.28146347403526306,
      0.3410886824131012,
      0.39277422428131104,
      0.40664416551589966,
      0.3858509659767151,
      0.4305785596370697,
      0.34095415472984314,
      0.44409146904945374,
      0.9999999403953552,
      0.2662029564380646,
      0.34269624948501587,
      0.28402820229530334,
      0.23219189047813416,
      0.19592979550361633,
      0.2179879993200302
    ],
    [
      0.1784997284412384,
      0.11150678247213364,
      0.22194455564022064,
      0.1153850182890892,
      0.20422783493995667,
      0.1881289929151535,
      0.17555728554725647,
      0.16230466961860657,
      0.36983513832092285,
      0.2662029564380646,
      0.9999999403953552,
      0.3371117413043976,
      0.1100616455078125,
      0.17925173044204712,
      0.11453356593847275,
      0.1873040795326233
    ],
    [
      0.2784177362918854,
      0.31060919165611267,
      0.3396303057670593,
      0.24935495853424072,
      0.27701234817504883,
      0.3078887164592743,
      0.2582361102104187,
      0.23175674676895142,
      0.38786566257476807,
      0.34269624948501587,
      0.3371117413043976,
      1.0,
      0.17892906069755554,
      0.3034653961658478,
      0.218075230717659,
      0.2839679419994354
    ],
    [
      0.1986849457025528,
      0.23164668679237366,
      0.40476346015930176,
      0.2483927458524704,
      0.36709097027778625,
      0.28322499990463257,
      0.35698339343070984,
      0.20393702387809753,
      0.24714721739292145,
      0.28402820229530334,
      0.1100616455078125,
      0.17892906069755554,
      1.0,
      0.37448716163635254,
      0.20869170129299164,
      0.4971478581428528
    ],
    [
      0.3733288645744324,
      0.3130534589290619,
      0.3086546063423157,
      0.28814658522605896,
      0.35044094920158386,
      0.3332974910736084,
      0.306487500667572,
      0.24872159957885742,
      0.23630553483963013,
      0.23219189047813416,
      0.17925173044204712,
      0.3034653961658478,
      0.37448716163635254,
      1.0,
      0.24355323612689972,
      0.48644641041755676
    ],
    [
      0.25641322135925293,
      0.19177642464637756,
      0.28577059507369995,
      0.2032792568206787,
      0.2321438044309616,
      0.16681888699531555,
      0.1876150220632553,
      0.13934463262557983,
      0.18579137325286865,
      0.19592979550361633,
      0.11453356593847275,
      0.218075230717659,
      0.20869170129299164,
      0.24355323612689972,
      1.0,
      0.3286036252975464
    ],
    [
      0.22696414589881897,
      0.1950109750032425,
      0.3189435601234436,
      0.23759175837039948,
      0.3258898854255676,
      0.22714444994926453,
      0.18767593801021576,
      0.2085067331790924,
      0.1799992024898529,
      0.2179879993200302,
      0.1873040795326233,
      0.2839679419994354,
      0.4971478581428528,
      0.48644641041755676,
      0.3286036252975464,
      0.9999999403953552
    ]
  ]
}