{
  "game_number": 471,
  "words": [
    "CLARITY",
    "DEFINITION",
    "DETAIL",
    "RESOLUTION",
    "CHAMPAGNE",
    "DIJON",
    "NICE",
    "TOURS",
    "BALL",
    "COUNTDOWN",
    "FIREWORKS",
    "KISS",
    "ORCA",
    "PANDA",
    "SKUNK",
    "ZEBRA"
  ],
  "adjacency_matrix": [
    [
      1.0,
      0.5281006097793579,
      0.5814468264579773,
      0.4911559224128723,
      0.2762768566608429,
      0.15381895005702972,
      0.39334166049957275,
      0.19932891428470612,
      0.3154686391353607,
      0.20116962492465973,
      0.2794143557548523,
      0.22801299393177032,
      0.13359342515468597,
      0.18621207773685455,
      0.17330437898635864,
      0.16005586087703705
    ],
    [
      0.5281006097793579,
      1.0,
      0.4315943419933319,
      0.45830339193344116,
      0.18411479890346527,
      0.14474904537200928,
      0.38352322578430176,
      0.23555490374565125,
      0.30906811356544495,
      0.2907586693763733,
      0.24531032145023346,
      0.2764388620853424,
      0.10903803259134293,
      0.27456241846084595,
      0.2139703780412674,
      0.10732364654541016
    ],
    [
      0.5814468264579773,
      0.4315943419933319,
      1.0,
      0.45891961455345154,
      0.21446676552295685,
      0.14626064896583557,
      0.42551639676094055,
      0.28847092390060425,
      0.2898193895816803,
      0.26612114906311035,
      0.2704583406448364,
      0.2618454396724701,
      0.09919393807649612,
      0.24363304674625397,
      0.16589944064617157,
      0.15680654346942902
    ],
    [
      0.4911559224128723,
      0.45830339193344116,
      0.45891961455345154,
      1.0,
      0.18866945803165436,
      0.08111347258090973,
      0.3155765235424042,
      0.16718438267707825,
      0.26305675506591797,
      0.2818222939968109,
      0.2663395404815674,
      0.25226739048957825,
      0.10659875720739365,
      0.17831170558929443,
      0.17168796062469482,
      0.13529564440250397
    ],
    [
      0.2762768566608429,
      0.18411479890346527,
      0.21446676552295685,
      0.18866945803165436,
      1.0,
      0.4074147641658783,
      0.3474600911140442,
      0.26108601689338684,
      0.4006357192993164,
      0.3071112334728241,
      0.43510526418685913,
      0.420350044965744,
      0.17576800286769867,
      0.2661776840686798,
      0.33686932921409607,
      0.2143140584230423
    ],
    [
      0.15381895005702972,
      0.14474904537200928,
      0.14626064896583557,
      0.08111347258090973,
      0.4074147641658783,
      1.0,
      0.23711685836315155,
      0.12857037782669067,
      0.22542668879032135,
      0.0795130655169487,
      0.21169817447662354,
      0.25162991881370544,
      0.18064528703689575,
      0.31402817368507385,
      0.27434858679771423,
      0.27265092730522156
    ],
    [
      0.39334166049957275,
      0.38352322578430176,
      0.42551639676094055,
      0.3155765235424042,
      0.3474600911140442,
      0.23711685836315155,
      1.0,
      0.28391730785369873,
      0.3355814814567566,
      0.27068695425987244,
      0.29183730483055115,
      0.36543893814086914,
      0.11374209076166153,
      0.2972913682460785,
      0.25507664680480957,
      0.20080801844596863
    ],
    [
      0.19932891428470612,
      0.23555490374565125,
      0.28847092390060425,
      0.16718438267707825,
      0.26108601689338684,
      0.12857037782669067,
      0.28391730785369873,
      0.9999999403953552,
      0.3019667863845825,
      0.3250759243965149,
      0.39281612634658813,
      0.2717911899089813,
      0.23960523307323456,
      0.2989075183868408,
      0.22046366333961487,
      0.21789026260375977
    ],
    [
      0.3154686391353607,
      0.30906811356544495,
      0.2898193895816803,
      0.26305675506591797,
      0.4006357192993164,
      0.22542668879032135,
      0.3355814814567566,
      0.3019667863845825,
      1.0,
      0.3308562636375427,
      0.4242572784423828,
      0.4029345214366913,
      0.16862696409225464,
      0.3137647807598114,
      0.31742578744888306,
      0.23738227784633636
    ],
    [
      0.20116962492465973,
      0.2907586693763733,
      0.26612114906311035,
      0.2818222939968109,
      0.3071112334728241,
      0.0795130655169487,
      0.27068695425987244,
      0.3250759243965149,
      0.3308562636375427,
      1.0,
      0.4650747776031494,
      0.36300671100616455,
      0.13637471199035645,
      0.3197411000728607,
      0.16876673698425293,
      0.1588359922170639
    ],
    [
      0.2794143557548523,
      0.24531032145023346,
      0.2704583406448364,
      0.2663395404815674,
      0.43510526418685913,
      0.21169817447662354,
      0.29183730483055115,
      0.39281612634658813,
      0.4242572784423828,
      0.4650747776031494,
      0.9999999403953552,
      0.3614911139011383,
      0.16481801867485046,
      0.26463422179222107,
      0.3309633433818817,
      0.19890065491199493
    ],
    [
      0.22801299393177032,
      0.2764388620853424,
      0.2618454396724701,
      0.25226739048957825,
      0.420350044965744,
      0.25162991881370544,
      0.36543893814086914,
      0.2717911899089813,
      0.4029345214366913,
      0.36300671100616455,
      0.3614911139011383,
      1.0,
      0.19859302043914795,
      0.3651372492313385,
      0.3414209187030792,
      0.27253490686416626
    ],
    [
      0.13359342515468597,
      0.10903803259134293,
      0.09919393807649612,
      0.10659875720739365,
      0.17576800286769867,
      0.18064528703689575,
      0.11374209076166153,
      0.23960523307323456,
      0.16862696409225464,
      0.13637471199035645,
      0.16481801867485046,
      0.19859302043914795,
      1.0,
      0.3729078769683838,
      0.3451892137527466,
      0.35012876987457275
    ],
    [
      0.18621207773685455,
      0.27456241846084595,
      0.24363304674625397,
      0.17831170558929443,
      0.2661776840686798,
      0.31402817368507385,
      0.2972913682460785,
      0.2989075183868408,
      0.3137647807598114,
      0.3197411000728607,
      0.26463422179222107,
      0.3651372492313385,
      0.3729078769683838,
      1.0,
      0.38702815771102905,
      0.42422086000442505
    ],
    [
      0.17330437898635864,
      0.2139703780412674,
      0.16589944064617157,
      0.17168796062469482,
      0.33686932921409607,
      0.27434858679771423,
      0.25507664680480957,
      0.22046366333961487,
      0.31742578744888306,
      0.16876673698425293,
      0.3309633433818817,
      0.3414209187030792,
      0.3451892137527466,
      0.38702815771102905,
      1.0,
      0.4395630657672882
    ],
    [
      0.16005586087703705,
      0.10732364654541016,
      0.15680654346942902,
      0.13529564440250397,
      0.2143140584230423,
      0.27265092730522156,
      0.20080801844596863,
      0.21789026260375977,
      0.23738227784633636,
      0.1588359922170639,
      0.19890065491199493,
      0.27253490686416626,
      0.35012876987457275,
      0.42422086000442505,
      0.4395630657672882,
      1.0
    ]
  ]
}