{
  "game_number": 342,
  "words": [
    "INSTRUMENT",
    "PAWN",
    "PUPPET",
    "TOOL",
    "CAPE",
    "MASK",
    "TIGHTS",
    "UNDERWEAR",
    "BAY",
    "CARPENTER",
    "SCOTT",
    "WOO",
    "FLUSH",
    "LOADED",
    "RICH",
    "WEALTHY"
  ],
  "adjacency_matrix": [
    [
      1.0,
      0.2566834092140198,
      0.36555805802345276,
      0.6014440655708313,
      0.32851821184158325,
      0.40420305728912354,
      0.2071990817785263,
      0.3129420578479767,
      0.27899664640426636,
      0.35858288407325745,
      0.20897628366947174,
      0.19423285126686096,
      0.27087199687957764,
      0.31318217515945435,
      0.24959684908390045,
      0.22485381364822388
    ],
    [
      0.2566834092140198,
      1.0,
      0.38220393657684326,
      0.34888574481010437,
      0.3144585192203522,
      0.32107582688331604,
      0.29516157507896423,
      0.23465360701084137,
      0.15782855451107025,
      0.2482490837574005,
      0.18715454638004303,
      0.30754950642585754,
      0.28182584047317505,
      0.2568114697933197,
      0.2681973874568939,
      0.31898266077041626
    ],
    [
      0.36555805802345276,
      0.38220393657684326,
      0.9999999403953552,
      0.4222254157066345,
      0.31898921728134155,
      0.42302194237709045,
      0.3342890739440918,
      0.34279173612594604,
      0.19733022153377533,
      0.37315598130226135,
      0.25457271933555603,
      0.23347723484039307,
      0.26575180888175964,
      0.24779535830020905,
      0.2672859728336334,
      0.2736261785030365
    ],
    [
      0.6014440655708313,
      0.34888574481010437,
      0.4222254157066345,
      1.0,
      0.3407192826271057,
      0.44705307483673096,
      0.2419734001159668,
      0.31083208322525024,
      0.24136438965797424,
      0.38831865787506104,
      0.28368839621543884,
      0.2168954610824585,
      0.34746164083480835,
      0.3375227749347687,
      0.32377275824546814,
      0.24845945835113525
    ],
    [
      0.32851821184158325,
      0.3144585192203522,
      0.31898921728134155,
      0.3407192826271057,
      0.9999999403953552,
      0.5354383587837219,
      0.5040271282196045,
      0.4102323353290558,
      0.4676397144794464,
      0.35233214497566223,
      0.35409367084503174,
      0.2412583827972412,
      0.27129971981048584,
      0.3275115489959717,
      0.2978171110153198,
      0.2427787184715271
    ],
    [
      0.40420305728912354,
      0.32107582688331604,
      0.42302194237709045,
      0.44705307483673096,
      0.5354383587837219,
      0.9999999403953552,
      0.4513111412525177,
      0.43718504905700684,
      0.24488016963005066,
      0.27430981397628784,
      0.23198360204696655,
      0.2716394364833832,
      0.4188004732131958,
      0.30721020698547363,
      0.30039140582084656,
      0.22979559004306793
    ],
    [
      0.2071990817785263,
      0.29516157507896423,
      0.3342890739440918,
      0.2419734001159668,
      0.5040271282196045,
      0.4513111412525177,
      1.0,
      0.638010561466217,
      0.17991746962070465,
      0.2151896357536316,
      0.2786443829536438,
      0.2590579092502594,
      0.28854435682296753,
      0.29760149121284485,
      0.34954744577407837,
      0.2862778604030609
    ],
    [
      0.3129420578479767,
      0.23465360701084137,
      0.34279173612594604,
      0.31083208322525024,
      0.4102323353290558,
      0.43718504905700684,
      0.638010561466217,
      1.0,
      0.2299811691045761,
      0.27339687943458557,
      0.23652388155460358,
      0.261713445186615,
      0.37712767720222473,
      0.35940513014793396,
      0.3101036250591278,
      0.2611626386642456
    ],
    [
      0.27899664640426636,
      0.15782855451107025,
      0.19733022153377533,
      0.24136438965797424,
      0.4676397144794464,
      0.24488016963005066,
      0.17991746962070465,
      0.2299811691045761,
      1.0,
      0.2690654993057251,
      0.32119861245155334,
      0.23266908526420593,
      0.41602474451065063,
      0.34050723910331726,
      0.29204288125038147,
      0.23655426502227783
    ],
    [
      0.35858288407325745,
      0.2482490837574005,
      0.37315598130226135,
      0.38831865787506104,
      0.35233214497566223,
      0.27430981397628784,
      0.2151896357536316,
      0.27339687943458557,
      0.2690654993057251,
      1.0,
      0.34746986627578735,
      0.24146580696105957,
      0.22887007892131805,
      0.27625179290771484,
      0.2868880033493042,
      0.3318946361541748
    ],
    [
      0.20897628366947174,
      0.18715454638004303,
      0.25457271933555603,
      0.28368839621543884,
      0.35409367084503174,
      0.23198360204696655,
      0.2786443829536438,
      0.23652388155460358,
      0.32119861245155334,
      0.34746986627578735,
      1.0,
      0.2547557055950165,
      0.2842588722705841,
      0.2949611246585846,
      0.2953590452671051,
      0.2368667721748352
    ],
    [
      0.19423285126686096,
      0.30754950642585754,
      0.23347723484039307,
      0.2168954610824585,
      0.2412583827972412,
      0.2716394364833832,
      0.2590579092502594,
      0.261713445186615,
      0.23266908526420593,
      0.24146580696105957,
      0.2547557055950165,
      1.0,
      0.36375924944877625,
      0.17305129766464233,
      0.32919153571128845,
      0.36029332876205444
    ],
    [
      0.27087199687957764,
      0.28182584047317505,
      0.26575180888175964,
      0.34746164083480835,
      0.27129971981048584,
      0.4188004732131958,
      0.28854435682296753,
      0.37712767720222473,
      0.41602474451065063,
      0.22887007892131805,
      0.2842588722705841,
      0.36375924944877625,
      1.0,
      0.38508033752441406,
      0.3751484751701355,
      0.31890833377838135
    ],
    [
      0.31318217515945435,
      0.2568114697933197,
      0.24779535830020905,
      0.3375227749347687,
      0.3275115489959717,
      0.30721020698547363,
      0.29760149121284485,
      0.35940513014793396,
      0.34050723910331726,
      0.27625179290771484,
      0.2949611246585846,
      0.17305129766464233,
      0.38508033752441406,
      1.0,
      0.3883252441883087,
      0.29814469814300537
    ],
    [
      0.24959684908390045,
      0.2681973874568939,
      0.2672859728336334,
      0.32377275824546814,
      0.2978171110153198,
      0.30039140582084656,
      0.34954744577407837,
      0.3101036250591278,
      0.29204288125038147,
      0.2868880033493042,
      0.2953590452671051,
      0.32919153571128845,
      0.3751484751701355,
      0.3883252441883087,
      1.0,
      0.7807114124298096
    ],
    [
      0.22485381364822388,
      0.31898266077041626,
      0.2736261785030365,
      0.24845945835113525,
      0.2427787184715271,
      0.22979559004306793,
      0.2862778604030609,
      0.2611626386642456,
      0.23655426502227783,
      0.3318946361541748,
      0.2368667721748352,
      0.36029332876205444,
      0.31890833377838135,
      0.29814469814300537,
      0.7807114124298096,
      1.0
    ]
  ]
}