{
  "game_number": 13,
  "words": [
    "ACCESSIBLE",
    "CLOSE",
    "HANDY",
    "NEARBY",
    "ADDRESS",
    "ENVELOPE",
    "NAME",
    "STAMP",
    "EXIT",
    "OPEN",
    "PUSH",
    "WELCOME",
    "ASSEMBLY",
    "PETITION",
    "PRESS",
    "SPEECH"
  ],
  "adjacency_matrix": [
    [
      1.0,
      0.4453469216823578,
      0.42622798681259155,
      0.37456440925598145,
      0.43326130509376526,
      0.24421121180057526,
      0.29501622915267944,
      0.2132611721754074,
      0.36819618940353394,
      0.6264969110488892,
      0.2692178189754486,
      0.34271860122680664,
      0.30712735652923584,
      0.22191578149795532,
      0.32139718532562256,
      0.3497594892978668
    ],
    [
      0.4453469216823578,
      1.0,
      0.45267799496650696,
      0.4683235287666321,
      0.44809097051620483,
      0.3390859365463257,
      0.3554108142852783,
      0.3301388919353485,
      0.46603119373321533,
      0.7145012617111206,
      0.47771281003952026,
      0.37898939847946167,
      0.35583409667015076,
      0.35433411598205566,
      0.40925878286361694,
      0.30374231934547424
    ],
    [
      0.42622798681259155,
      0.45267799496650696,
      1.0000001192092896,
      0.3531607687473297,
      0.3178291618824005,
      0.27947449684143066,
      0.347584068775177,
      0.3180398941040039,
      0.26188573241233826,
      0.38662102818489075,
      0.3679998219013214,
      0.3803281784057617,
      0.2849460244178772,
      0.22347460687160492,
      0.31620121002197266,
      0.25894832611083984
    ],
    [
      0.37456440925598145,
      0.4683235287666321,
      0.3531607687473297,
      0.9999999403953552,
      0.30092373490333557,
      0.28180932998657227,
      0.35300636291503906,
      0.178709477186203,
      0.3726501762866974,
      0.41437238454818726,
      0.26905912160873413,
      0.30133920907974243,
      0.33759304881095886,
      0.24676592648029327,
      0.2631663680076599,
      0.22522152960300446
    ],
    [
      0.43326130509376526,
      0.44809097051620483,
      0.3178291618824005,
      0.30092373490333557,
      1.0,
      0.44220688939094543,
      0.5498859882354736,
      0.41150233149528503,
      0.39435213804244995,
      0.4409073293209076,
      0.4273001551628113,
      0.41933780908584595,
      0.38760262727737427,
      0.4190080463886261,
      0.405987948179245,
      0.4286192059516907
    ],
    [
      0.24421121180057526,
      0.3390859365463257,
      0.27947449684143066,
      0.28180932998657227,
      0.44220688939094543,
      1.0,
      0.3704530596733093,
      0.5129286050796509,
      0.33466047048568726,
      0.41479068994522095,
      0.515609622001648,
      0.20514342188835144,
      0.3259010314941406,
      0.3267424702644348,
      0.3509511351585388,
      0.32511332631111145
    ],
    [
      0.29501622915267944,
      0.3554108142852783,
      0.347584068775177,
      0.35300636291503906,
      0.5498859882354736,
      0.3704530596733093,
      1.0,
      0.4562605917453766,
      0.3477570712566376,
      0.3263363540172577,
      0.32164084911346436,
      0.3075339198112488,
      0.33501136302948,
      0.4353998601436615,
      0.37894999980926514,
      0.3771960735321045
    ],
    [
      0.2132611721754074,
      0.3301388919353485,
      0.3180398941040039,
      0.178709477186203,
      0.41150233149528503,
      0.5129286050796509,
      0.4562605917453766,
      1.0,
      0.3198188245296478,
      0.3153442442417145,
      0.3742204010486603,
      0.23066090047359467,
      0.3267084062099457,
      0.37754058837890625,
      0.39291998744010925,
      0.30426642298698425
    ],
    [
      0.36819618940353394,
      0.46603119373321533,
      0.26188573241233826,
      0.3726501762866974,
      0.39435213804244995,
      0.33466047048568726,
      0.3477570712566376,
      0.3198188245296478,
      1.0,
      0.5125900506973267,
      0.3773542046546936,
      0.2981754243373871,
      0.3941703736782074,
      0.3340778648853302,
      0.37310874462127686,
      0.29331138730049133
    ],
    [
      0.6264969110488892,
      0.7145012617111206,
      0.38662102818489075,
      0.41437238454818726,
      0.4409073293209076,
      0.41479068994522095,
      0.3263363540172577,
      0.3153442442417145,
      0.5125900506973267,
      1.0,
      0.48169922828674316,
      0.44158264994621277,
      0.39845097064971924,
      0.33936965465545654,
      0.47674715518951416,
      0.3678690791130066
    ],
    [
      0.2692178189754486,
      0.47771281003952026,
      0.3679998219013214,
      0.26905912160873413,
      0.4273001551628113,
      0.515609622001648,
      0.32164084911346436,
      0.3742204010486603,
      0.3773542046546936,
      0.48169922828674316,
      0.9999999403953552,
      0.37677398324012756,
      0.31323692202568054,
      0.34186410903930664,
      0.5134551525115967,
      0.2507491409778595
    ],
    [
      0.34271860122680664,
      0.37898939847946167,
      0.3803281784057617,
      0.30133920907974243,
      0.41933780908584595,
      0.20514342188835144,
      0.3075339198112488,
      0.23066090047359467,
      0.2981754243373871,
      0.44158264994621277,
      0.37677398324012756,
      1.0,
      0.21679240465164185,
      0.2520937919616699,
      0.3193095326423645,
      0.22073395550251007
    ],
    [
      0.30712735652923584,
      0.35583409667015076,
      0.2849460244178772,
      0.33759304881095886,
      0.38760262727737427,
      0.3259010314941406,
      0.33501136302948,
      0.3267084062099457,
      0.3941703736782074,
      0.39845097064971924,
      0.31323692202568054,
      0.21679240465164185,
      1.0,
      0.4385008215904236,
      0.43971917033195496,
      0.518125057220459
    ],
    [
      0.22191578149795532,
      0.35433411598205566,
      0.22347460687160492,
      0.24676592648029327,
      0.4190080463886261,
      0.3267424702644348,
      0.4353998601436615,
      0.37754058837890625,
      0.3340778648853302,
      0.33936965465545654,
      0.34186410903930664,
      0.2520937919616699,
      0.4385008215904236,
      1.0000001192092896,
      0.3872655928134918,
      0.4058292806148529
    ],
    [
      0.32139718532562256,
      0.40925878286361694,
      0.31620121002197266,
      0.2631663680076599,
      0.405987948179245,
      0.3509511351585388,
      0.37894999980926514,
      0.39291998744010925,
      0.37310874462127686,
      0.47674715518951416,
      0.5134551525115967,
      0.3193095326423645,
      0.43971917033195496,
      0.3872655928134918,
      1.0,
      0.4735962450504303
    ],
    [
      0.3497594892978668,
      0.30374231934547424,
      0.25894832611083984,
      0.22522152960300446,
      0.4286192059516907,
      0.32511332631111145,
      0.3771960735321045,
      0.30426642298698425,
      0.29331138730049133,
      0.3678690791130066,
      0.2507491409778595,
      0.22073395550251007,
      0.518125057220459,
      0.4058292806148529,
      0.4735962450504303,
      1.0000001192092896
    ]
  ]
}