{
  "game_number": 291,
  "words": [
    "BURN",
    "DIG",
    "JAB",
    "SLIGHT",
    "DIESEL",
    "PLUS",
    "PREMIUM",
    "REGULAR",
    "COFFEE",
    "PERIODIC",
    "POOL",
    "WATER",
    "COURT",
    "PLAZA",
    "SQUARE",
    "YARD"
  ],
  "adjacency_matrix": [
    [
      1.0,
      0.4086381494998932,
      0.22728092968463898,
      0.3381703794002533,
      0.3725542426109314,
      0.27754834294319153,
      0.30518150329589844,
      0.3460530936717987,
      0.30592799186706543,
      0.29272183775901794,
      0.29646340012550354,
      0.37320417165756226,
      0.23690161108970642,
      0.2577902674674988,
      0.3389263153076172,
      0.3051977753639221
    ],
    [
      0.4086381494998932,
      1.0,
      0.2380620837211609,
      0.2862005829811096,
      0.26065340638160706,
      0.26466310024261475,
      0.22207166254520416,
      0.25519970059394836,
      0.2130274623632431,
      0.23748211562633514,
      0.32370808720588684,
      0.32095667719841003,
      0.3114017844200134,
      0.2835197150707245,
      0.29929760098457336,
      0.35599708557128906
    ],
    [
      0.22728092968463898,
      0.2380620837211609,
      1.0,
      0.33651235699653625,
      0.16693317890167236,
      0.1494954526424408,
      0.19747629761695862,
      0.26709675788879395,
      0.15391390025615692,
      0.19796666502952576,
      0.1574409008026123,
      0.20151378214359283,
      0.12137433886528015,
      0.13788507878780365,
      0.19559858739376068,
      0.12161381542682648
    ],
    [
      0.3381703794002533,
      0.2862005829811096,
      0.33651235699653625,
      1.0,
      0.26319700479507446,
      0.3748021423816681,
      0.3766406774520874,
      0.4208522439002991,
      0.23949092626571655,
      0.41558733582496643,
      0.2573477625846863,
      0.2681553363800049,
      0.19514378905296326,
      0.2055286020040512,
      0.27893924713134766,
      0.20183423161506653
    ],
    [
      0.3725542426109314,
      0.26065340638160706,
      0.16693317890167236,
      0.26319700479507446,
      1.0,
      0.2881409227848053,
      0.4144670069217682,
      0.4067951738834381,
      0.3610903322696686,
      0.2550758123397827,
      0.30762937664985657,
      0.43893229961395264,
      0.1736346036195755,
      0.21481622755527496,
      0.21147938072681427,
      0.3455295264720917
    ],
    [
      0.27754834294319153,
      0.26466310024261475,
      0.1494954526424408,
      0.3748021423816681,
      0.2881409227848053,
      1.0,
      0.43123307824134827,
      0.42654669284820557,
      0.2567652761936188,
      0.33154812455177307,
      0.36295565962791443,
      0.2754499018192291,
      0.2336779534816742,
      0.2536446154117584,
      0.3619064688682556,
      0.2849101722240448
    ],
    [
      0.30518150329589844,
      0.22207166254520416,
      0.19747629761695862,
      0.3766406774520874,
      0.4144670069217682,
      0.43123307824134827,
      1.0,
      0.5117071866989136,
      0.411485493183136,
      0.3916640877723694,
      0.4278218746185303,
      0.40066805481910706,
      0.2992229759693146,
      0.29451510310173035,
      0.34798726439476013,
      0.2728683650493622
    ],
    [
      0.3460530936717987,
      0.25519970059394836,
      0.26709675788879395,
      0.4208522439002991,
      0.4067951738834381,
      0.42654669284820557,
      0.5117071866989136,
      1.0,
      0.39942455291748047,
      0.7069613337516785,
      0.3555901050567627,
      0.36036261916160583,
      0.39188483357429504,
      0.27727580070495605,
      0.4071667790412903,
      0.3303115665912628
    ],
    [
      0.30592799186706543,
      0.2130274623632431,
      0.15391390025615692,
      0.23949092626571655,
      0.3610903322696686,
      0.2567652761936188,
      0.411485493183136,
      0.39942455291748047,
      1.0,
      0.33627834916114807,
      0.336957722902298,
      0.4421069622039795,
      0.26347893476486206,
      0.362244188785553,
      0.3381235599517822,
      0.2623518705368042
    ],
    [
      0.29272183775901794,
      0.23748211562633514,
      0.19796666502952576,
      0.41558733582496643,
      0.2550758123397827,
      0.33154812455177307,
      0.3916640877723694,
      0.7069613337516785,
      0.33627834916114807,
      0.9999999403953552,
      0.32911282777786255,
      0.34921935200691223,
      0.27868685126304626,
      0.24541884660720825,
      0.3194293975830078,
      0.23944216966629028
    ],
    [
      0.29646340012550354,
      0.32370808720588684,
      0.1574409008026123,
      0.2573477625846863,
      0.30762937664985657,
      0.36295565962791443,
      0.4278218746185303,
      0.3555901050567627,
      0.336957722902298,
      0.32911282777786255,
      0.9999999403953552,
      0.554436206817627,
      0.3788362741470337,
      0.3946734368801117,
      0.33420994877815247,
      0.3387020528316498
    ],
    [
      0.37320417165756226,
      0.32095667719841003,
      0.20151378214359283,
      0.2681553363800049,
      0.43893229961395264,
      0.2754499018192291,
      0.40066805481910706,
      0.36036261916160583,
      0.4421069622039795,
      0.34921935200691223,
      0.554436206817627,
      0.9999999403953552,
      0.3455584943294525,
      0.3685343861579895,
      0.3564101457595825,
      0.3793068826198578
    ],
    [
      0.23690161108970642,
      0.3114017844200134,
      0.12137433886528015,
      0.19514378905296326,
      0.1736346036195755,
      0.2336779534816742,
      0.2992229759693146,
      0.39188483357429504,
      0.26347893476486206,
      0.27868685126304626,
      0.3788362741470337,
      0.3455584943294525,
      1.0,
      0.44107627868652344,
      0.32795631885528564,
      0.36553287506103516
    ],
    [
      0.2577902674674988,
      0.2835197150707245,
      0.13788507878780365,
      0.2055286020040512,
      0.21481622755527496,
      0.2536446154117584,
      0.29451510310173035,
      0.27727580070495605,
      0.362244188785553,
      0.24541884660720825,
      0.3946734368801117,
      0.3685343861579895,
      0.44107627868652344,
      1.0,
      0.5540648698806763,
      0.4058929681777954
    ],
    [
      0.3389263153076172,
      0.29929760098457336,
      0.19559858739376068,
      0.27893924713134766,
      0.21147938072681427,
      0.3619064688682556,
      0.34798726439476013,
      0.4071667790412903,
      0.3381235599517822,
      0.3194293975830078,
      0.33420994877815247,
      0.3564101457595825,
      0.32795631885528564,
      0.5540648698806763,
      1.0,
      0.45395171642303467
    ],
    [
      0.3051977753639221,
      0.35599708557128906,
      0.12161381542682648,
      0.20183423161506653,
      0.3455295264720917,
      0.2849101722240448,
      0.2728683650493622,
      0.3303115665912628,
      0.2623518705368042,
      0.23944216966629028,
      0.3387020528316498,
      0.3793068826198578,
      0.36553287506103516,
      0.4058929681777954,
      0.45395171642303467,
      1.0
    ]
  ]
}