{
  "game_number": 460,
  "words": [
    "GREAT",
    "HERO",
    "ICON",
    "LEGEND",
    "PHAT",
    "PHEW",
    "PHILLY",
    "PHISH",
    "ELEVATOR",
    "FEVER",
    "PERFECT",
    "SALES",
    "CHARM",
    "CURSE",
    "HEX",
    "SPELL"
  ],
  "adjacency_matrix": [
    [
      1.0,
      0.49651071429252625,
      0.25469207763671875,
      0.465159147977829,
      0.30295881628990173,
      0.37394869327545166,
      0.4375034272670746,
      0.3682166635990143,
      0.23729461431503296,
      0.34410274028778076,
      0.6414960026741028,
      0.32505419850349426,
      0.5178316831588745,
      0.41372278332710266,
      0.09566572308540344,
      0.36656081676483154
    ],
    [
      0.49651071429252625,
      0.9999999403953552,
      0.4153076410293579,
      0.5961294174194336,
      0.3066919445991516,
      0.31401729583740234,
      0.43678873777389526,
      0.3523367941379547,
      0.33811575174331665,
      0.33225566148757935,
      0.4186117649078369,
      0.2860713601112366,
      0.4255158603191376,
      0.4053957462310791,
      0.20177221298217773,
      0.33489182591438293
    ],
    [
      0.25469207763671875,
      0.4153076410293579,
      1.0,
      0.45398953557014465,
      0.2541055977344513,
      0.1981218010187149,
      0.23082827031612396,
      0.2495403289794922,
      0.270143061876297,
      0.19519679248332977,
      0.24057652056217194,
      0.21762727200984955,
      0.3279178738594055,
      0.283576637506485,
      0.2560277283191681,
      0.2042049914598465
    ],
    [
      0.465159147977829,
      0.5961294174194336,
      0.45398953557014465,
      1.0000001192092896,
      0.26302075386047363,
      0.27824100852012634,
      0.4103926420211792,
      0.34243661165237427,
      0.2607918381690979,
      0.30324721336364746,
      0.3539046347141266,
      0.30662810802459717,
      0.39816394448280334,
      0.47522255778312683,
      0.2730642259120941,
      0.3705123960971832
    ],
    [
      0.30295881628990173,
      0.3066919445991516,
      0.2541055977344513,
      0.26302075386047363,
      1.0,
      0.3872937858104706,
      0.38904884457588196,
      0.3610764443874359,
      0.31941336393356323,
      0.2592000663280487,
      0.37043297290802,
      0.2756251394748688,
      0.3142385482788086,
      0.27382415533065796,
      0.22181782126426697,
      0.2780042290687561
    ],
    [
      0.37394869327545166,
      0.31401729583740234,
      0.1981218010187149,
      0.27824100852012634,
      0.3872937858104706,
      1.0,
      0.37197622656822205,
      0.24564704298973083,
      0.22859348356723785,
      0.30006128549575806,
      0.37863436341285706,
      0.21222469210624695,
      0.30951884388923645,
      0.29006558656692505,
      0.0831790342926979,
      0.34741050004959106
    ],
    [
      0.4375034272670746,
      0.43678873777389526,
      0.23082827031612396,
      0.4103926420211792,
      0.38904884457588196,
      0.37197622656822205,
      1.0,
      0.43716877698898315,
      0.3143346607685089,
      0.33006781339645386,
      0.38386067748069763,
      0.29732513427734375,
      0.31529533863067627,
      0.31567174196243286,
      0.25053536891937256,
      0.26854631304740906
    ],
    [
      0.3682166635990143,
      0.3523367941379547,
      0.2495403289794922,
      0.34243661165237427,
      0.3610764443874359,
      0.24564704298973083,
      0.43716877698898315,
      0.9999999403953552,
      0.23576265573501587,
      0.2789546251296997,
      0.35491180419921875,
      0.3486626148223877,
      0.3396434187889099,
      0.3047337234020233,
      0.24554699659347534,
      0.36093854904174805
    ],
    [
      0.23729461431503296,
      0.33811575174331665,
      0.270143061876297,
      0.2607918381690979,
      0.31941336393356323,
      0.22859348356723785,
      0.3143346607685089,
      0.23576265573501587,
      1.0,
      0.28835028409957886,
      0.2820330560207367,
      0.3692639172077179,
      0.28884145617485046,
      0.31304770708084106,
      0.14720435440540314,
      0.240929514169693
    ],
    [
      0.34410274028778076,
      0.33225566148757935,
      0.19519679248332977,
      0.30324721336364746,
      0.2592000663280487,
      0.30006128549575806,
      0.33006781339645386,
      0.2789546251296997,
      0.28835028409957886,
      1.0,
      0.23544184863567352,
      0.2770237922668457,
      0.3342325985431671,
      0.339470237493515,
      0.1970028132200241,
      0.31084102392196655
    ],
    [
      0.6414960026741028,
      0.4186117649078369,
      0.24057652056217194,
      0.3539046347141266,
      0.37043297290802,
      0.37863436341285706,
      0.38386067748069763,
      0.35491180419921875,
      0.2820330560207367,
      0.23544184863567352,
      1.0,
      0.3063027262687683,
      0.48279574513435364,
      0.37998220324516296,
      0.13637316226959229,
      0.3899329900741577
    ],
    [
      0.32505419850349426,
      0.2860713601112366,
      0.21762727200984955,
      0.30662810802459717,
      0.2756251394748688,
      0.21222469210624695,
      0.29732513427734375,
      0.3486626148223877,
      0.3692639172077179,
      0.2770237922668457,
      0.3063027262687683,
      1.0,
      0.31486451625823975,
      0.23836787045001984,
      0.13240788877010345,
      0.24271851778030396
    ],
    [
      0.5178316831588745,
      0.4255158603191376,
      0.3279178738594055,
      0.39816394448280334,
      0.3142385482788086,
      0.30951884388923645,
      0.31529533863067627,
      0.3396434187889099,
      0.28884145617485046,
      0.3342325985431671,
      0.48279574513435364,
      0.31486451625823975,
      1.0,
      0.4238041937351227,
      0.20559370517730713,
      0.44735637307167053
    ],
    [
      0.41372278332710266,
      0.4053957462310791,
      0.283576637506485,
      0.47522255778312683,
      0.27382415533065796,
      0.29006558656692505,
      0.31567174196243286,
      0.3047337234020233,
      0.31304770708084106,
      0.339470237493515,
      0.37998220324516296,
      0.23836787045001984,
      0.4238041937351227,
      1.0,
      0.3194904923439026,
      0.5572905540466309
    ],
    [
      0.09566572308540344,
      0.20177221298217773,
      0.2560277283191681,
      0.2730642259120941,
      0.22181782126426697,
      0.0831790342926979,
      0.25053536891937256,
      0.24554699659347534,
      0.14720435440540314,
      0.1970028132200241,
      0.13637316226959229,
      0.13240788877010345,
      0.20559370517730713,
      0.3194904923439026,
      1.0,
      0.3997168242931366
    ],
    [
      0.36656081676483154,
      0.33489182591438293,
      0.2042049914598465,
      0.3705123960971832,
      0.2780042290687561,
      0.34741050004959106,
      0.26854631304740906,
      0.36093854904174805,
      0.240929514169693,
      0.31084102392196655,
      0.3899329900741577,
      0.24271851778030396,
      0.44735637307167053,
      0.5572905540466309,
      0.3997168242931366,
      1.0
    ]
  ]
}