{
  "game_number": 302,
  "words": [
    "ALTERNATE",
    "BACKUP",
    "COVER",
    "SUB",
    "COPPER",
    "HACK",
    "SHRINK",
    "SUIT",
    "FANTASY",
    "HERO",
    "HONEY",
    "SOMEDAY",
    "ATOM",
    "CELL",
    "MOLECULE",
    "PROTEIN"
  ],
  "adjacency_matrix": [
    [
      1.0,
      0.49396392703056335,
      0.5294888019561768,
      0.36608561873435974,
      0.3215656578540802,
      0.3149314522743225,
      0.3438841700553894,
      0.39964064955711365,
      0.4536592662334442,
      0.3812244236469269,
      0.3163808286190033,
      0.31143060326576233,
      0.30246609449386597,
      0.3703021705150604,
      0.2770582139492035,
      0.30709803104400635
    ],
    [
      0.49396392703056335,
      1.0,
      0.390201210975647,
      0.324846088886261,
      0.28635939955711365,
      0.33306071162223816,
      0.28543025255203247,
      0.31200212240219116,
      0.3118029534816742,
      0.3649836480617523,
      0.24654337763786316,
      0.2781723439693451,
      0.1697455644607544,
      0.31024160981178284,
      0.21415847539901733,
      0.24877619743347168
    ],
    [
      0.5294888019561768,
      0.390201210975647,
      1.0,
      0.3891145884990692,
      0.2637891471385956,
      0.34883880615234375,
      0.4122917354106903,
      0.45415401458740234,
      0.32494184374809265,
      0.22929693758487701,
      0.30226874351501465,
      0.329792320728302,
      0.21852029860019684,
      0.3331327438354492,
      0.23343263566493988,
      0.27989527583122253
    ],
    [
      0.36608561873435974,
      0.324846088886261,
      0.3891145884990692,
      0.9999999403953552,
      0.2962508201599121,
      0.3185362219810486,
      0.30192071199417114,
      0.314842164516449,
      0.29114025831222534,
      0.3746482729911804,
      0.11096328496932983,
      0.1812649369239807,
      0.268857479095459,
      0.34780800342559814,
      0.26246947050094604,
      0.25998905301094055
    ],
    [
      0.3215656578540802,
      0.28635939955711365,
      0.2637891471385956,
      0.2962508201599121,
      1.0,
      0.32050788402557373,
      0.28746896982192993,
      0.2539156973361969,
      0.25611943006515503,
      0.30301767587661743,
      0.35832634568214417,
      0.20749041438102722,
      0.3588602542877197,
      0.3810516893863678,
      0.3366014063358307,
      0.41407009959220886
    ],
    [
      0.3149314522743225,
      0.33306071162223816,
      0.34883880615234375,
      0.3185362219810486,
      0.32050788402557373,
      0.9999999403953552,
      0.34158506989479065,
      0.4011774957180023,
      0.4029080867767334,
      0.4365074038505554,
      0.1916782259941101,
      0.29038140177726746,
      0.2668345272541046,
      0.37152111530303955,
      0.1782943308353424,
      0.2060336470603943
    ],
    [
      0.3438841700553894,
      0.28543025255203247,
      0.4122917354106903,
      0.30192071199417114,
      0.28746896982192993,
      0.34158506989479065,
      1.0,
      0.3646469712257385,
      0.2866727411746979,
      0.2844167649745941,
      0.25440463423728943,
      0.40929630398750305,
      0.26412513852119446,
      0.3573368489742279,
      0.26783671975135803,
      0.2288411408662796
    ],
    [
      0.39964064955711365,
      0.31200212240219116,
      0.45415401458740234,
      0.314842164516449,
      0.2539156973361969,
      0.4011774957180023,
      0.3646469712257385,
      1.0000001192092896,
      0.3305244445800781,
      0.37524309754371643,
      0.22439444065093994,
      0.3035927414894104,
      0.19110658764839172,
      0.2705092132091522,
      0.24279402196407318,
      0.2380647361278534
    ],
    [
      0.4536592662334442,
      0.3118029534816742,
      0.32494184374809265,
      0.29114025831222534,
      0.25611943006515503,
      0.4029080867767334,
      0.2866727411746979,
      0.3305244445800781,
      1.0,
      0.5006158947944641,
      0.26315364241600037,
      0.36396756768226624,
      0.29152223467826843,
      0.2705056965351105,
      0.24132171273231506,
      0.23261193931102753
    ],
    [
      0.3812244236469269,
      0.3649836480617523,
      0.22929693758487701,
      0.3746482729911804,
      0.30301767587661743,
      0.4365074038505554,
      0.2844167649745941,
      0.37524309754371643,
      0.5006158947944641,
      0.9999999403953552,
      0.23800550401210785,
      0.3617510497570038,
      0.26518628001213074,
      0.2891138195991516,
      0.28340187668800354,
      0.23080658912658691
    ],
    [
      0.3163808286190033,
      0.24654337763786316,
      0.30226874351501465,
      0.11096328496932983,
      0.35832634568214417,
      0.1916782259941101,
      0.25440463423728943,
      0.22439444065093994,
      0.26315364241600037,
      0.23800550401210785,
      1.0,
      0.2583080530166626,
      0.2443992644548416,
      0.2024560272693634,
      0.2563609778881073,
      0.32627567648887634
    ],
    [
      0.31143060326576233,
      0.2781723439693451,
      0.329792320728302,
      0.1812649369239807,
      0.20749041438102722,
      0.29038140177726746,
      0.40929630398750305,
      0.3035927414894104,
      0.36396756768226624,
      0.3617510497570038,
      0.2583080530166626,
      1.0,
      0.22186370193958282,
      0.25573495030403137,
      0.2742305099964142,
      0.22740423679351807
    ],
    [
      0.30246609449386597,
      0.1697455644607544,
      0.21852029860019684,
      0.268857479095459,
      0.3588602542877197,
      0.2668345272541046,
      0.26412513852119446,
      0.19110658764839172,
      0.29152223467826843,
      0.26518628001213074,
      0.2443992644548416,
      0.22186370193958282,
      0.9999999403953552,
      0.3947194516658783,
      0.6564409136772156,
      0.3969847559928894
    ],
    [
      0.3703021705150604,
      0.31024160981178284,
      0.3331327438354492,
      0.34780800342559814,
      0.3810516893863678,
      0.37152111530303955,
      0.3573368489742279,
      0.2705092132091522,
      0.2705056965351105,
      0.2891138195991516,
      0.2024560272693634,
      0.25573495030403137,
      0.3947194516658783,
      1.0,
      0.5193381905555725,
      0.480522096157074
    ],
    [
      0.2770582139492035,
      0.21415847539901733,
      0.23343263566493988,
      0.26246947050094604,
      0.3366014063358307,
      0.1782943308353424,
      0.26783671975135803,
      0.24279402196407318,
      0.24132171273231506,
      0.28340187668800354,
      0.2563609778881073,
      0.2742305099964142,
      0.6564409136772156,
      0.5193381905555725,
      1.0000001192092896,
      0.6555829644203186
    ],
    [
      0.30709803104400635,
      0.24877619743347168,
      0.27989527583122253,
      0.25998905301094055,
      0.41407009959220886,
      0.2060336470603943,
      0.2288411408662796,
      0.2380647361278534,
      0.23261193931102753,
      0.23080658912658691,
      0.32627567648887634,
      0.22740423679351807,
      0.3969847559928894,
      0.480522096157074,
      0.6555829644203186,
      1.0
    ]
  ]
}