{
  "game_number": 474,
  "words": [
    "BOLT",
    "DART",
    "DASH",
    "ZIP",
    "CARDINAL",
    "JAY",
    "LARK",
    "SWIFT",
    "HANCOCK",
    "HOLIDAY",
    "MONK",
    "PARKER",
    "MESSAGE",
    "OMEN",
    "SIGN",
    "WARNING"
  ],
  "adjacency_matrix": [
    [
      1.0,
      0.5029749870300293,
      0.4467492699623108,
      0.37831413745880127,
      0.23759692907333374,
      0.19516345858573914,
      0.29716742038726807,
      0.3995491862297058,
      0.38653674721717834,
      0.2786969244480133,
      0.24173155426979065,
      0.32004931569099426,
      0.3238765299320221,
      0.20813632011413574,
      0.339862197637558,
      0.23988167941570282
    ],
    [
      0.5029749870300293,
      1.0,
      0.4912547767162323,
      0.27808666229248047,
      0.30516746640205383,
      0.27165961265563965,
      0.421373188495636,
      0.46755439043045044,
      0.41396069526672363,
      0.24845613539218903,
      0.2423359602689743,
      0.350613534450531,
      0.3110775947570801,
      0.25438767671585083,
      0.3112376928329468,
      0.28464311361312866
    ],
    [
      0.4467492699623108,
      0.4912547767162323,
      1.0,
      0.4147687256336212,
      0.23047083616256714,
      0.25037556886672974,
      0.34477078914642334,
      0.3814370036125183,
      0.31753215193748474,
      0.276666522026062,
      0.13659393787384033,
      0.3415554165840149,
      0.3854604959487915,
      0.16001629829406738,
      0.36392173171043396,
      0.31438079476356506
    ],
    [
      0.37831413745880127,
      0.27808666229248047,
      0.4147687256336212,
      1.0,
      0.1331658810377121,
      0.17826014757156372,
      0.27344197034835815,
      0.24391016364097595,
      0.3186778724193573,
      0.23410272598266602,
      0.09667293727397919,
      0.3025660216808319,
      0.2824559509754181,
      0.022795703262090683,
      0.2800264358520508,
      0.17492932081222534
    ],
    [
      0.23759692907333374,
      0.30516746640205383,
      0.23047083616256714,
      0.1331658810377121,
      1.0,
      0.19424133002758026,
      0.2945501208305359,
      0.2613920271396637,
      0.2981621325016022,
      0.31775128841400146,
      0.4519408941268921,
      0.3591861426830292,
      0.3046114146709442,
      0.3137626349925995,
      0.4088685214519501,
      0.3282163739204407
    ],
    [
      0.19516345858573914,
      0.27165961265563965,
      0.25037556886672974,
      0.17826014757156372,
      0.19424133002758026,
      0.9999999403953552,
      0.447063148021698,
      0.21198561787605286,
      0.2922475337982178,
      0.13203613460063934,
      0.21795767545700073,
      0.43060797452926636,
      0.15026381611824036,
      0.21409936249256134,
      0.16905295848846436,
      0.1052001491189003
    ],
    [
      0.29716742038726807,
      0.421373188495636,
      0.34477078914642334,
      0.27344197034835815,
      0.2945501208305359,
      0.447063148021698,
      0.9999999403953552,
      0.4045950472354889,
      0.48871809244155884,
      0.44249093532562256,
      0.28117892146110535,
      0.3822629749774933,
      0.3170543909072876,
      0.34756651520729065,
      0.3219076097011566,
      0.2277393639087677
    ],
    [
      0.3995491862297058,
      0.46755439043045044,
      0.3814370036125183,
      0.24391016364097595,
      0.2613920271396637,
      0.21198561787605286,
      0.4045950472354889,
      0.9999999403953552,
      0.32413819432258606,
      0.26508015394210815,
      0.16204878687858582,
      0.23737767338752747,
      0.3408695161342621,
      0.2910493314266205,
      0.2999248504638672,
      0.3398713767528534
    ],
    [
      0.38653674721717834,
      0.41396069526672363,
      0.31753215193748474,
      0.3186778724193573,
      0.2981621325016022,
      0.2922475337982178,
      0.48871809244155884,
      0.32413819432258606,
      1.0,
      0.31562912464141846,
      0.269164502620697,
      0.46693310141563416,
      0.332762211561203,
      0.22225654125213623,
      0.38369619846343994,
      0.26273971796035767
    ],
    [
      0.2786969244480133,
      0.24845613539218903,
      0.276666522026062,
      0.23410272598266602,
      0.31775128841400146,
      0.13203613460063934,
      0.44249093532562256,
      0.26508015394210815,
      0.31562912464141846,
      1.0,
      0.23052972555160522,
      0.315694659948349,
      0.36687129735946655,
      0.30391940474510193,
      0.3648884892463684,
      0.29715296626091003
    ],
    [
      0.24173155426979065,
      0.2423359602689743,
      0.13659393787384033,
      0.09667293727397919,
      0.4519408941268921,
      0.21795767545700073,
      0.28117892146110535,
      0.16204878687858582,
      0.269164502620697,
      0.23052972555160522,
      1.0,
      0.3374757766723633,
      0.21044905483722687,
      0.2529132664203644,
      0.24926716089248657,
      0.21854278445243835
    ],
    [
      0.32004931569099426,
      0.350613534450531,
      0.3415554165840149,
      0.3025660216808319,
      0.3591861426830292,
      0.43060797452926636,
      0.3822629749774933,
      0.23737767338752747,
      0.46693310141563416,
      0.315694659948349,
      0.3374757766723633,
      1.0,
      0.2676841914653778,
      0.21817539632320404,
      0.36944201588630676,
      0.21599380671977997
    ],
    [
      0.3238765299320221,
      0.3110775947570801,
      0.3854604959487915,
      0.2824559509754181,
      0.3046114146709442,
      0.15026381611824036,
      0.3170543909072876,
      0.3408695161342621,
      0.332762211561203,
      0.36687129735946655,
      0.21044905483722687,
      0.2676841914653778,
      1.0,
      0.317693293094635,
      0.5257792472839355,
      0.5975592136383057
    ],
    [
      0.20813632011413574,
      0.25438767671585083,
      0.16001629829406738,
      0.022795703262090683,
      0.3137626349925995,
      0.21409936249256134,
      0.34756651520729065,
      0.2910493314266205,
      0.22225654125213623,
      0.30391940474510193,
      0.2529132664203644,
      0.21817539632320404,
      0.317693293094635,
      0.9999999403953552,
      0.3902069330215454,
      0.3302491009235382
    ],
    [
      0.339862197637558,
      0.3112376928329468,
      0.36392173171043396,
      0.2800264358520508,
      0.4088685214519501,
      0.16905295848846436,
      0.3219076097011566,
      0.2999248504638672,
      0.38369619846343994,
      0.3648884892463684,
      0.24926716089248657,
      0.36944201588630676,
      0.5257792472839355,
      0.3902069330215454,
      0.9999999403953552,
      0.5047914981842041
    ],
    [
      0.23988167941570282,
      0.28464311361312866,
      0.31438079476356506,
      0.17492932081222534,
      0.3282163739204407,
      0.1052001491189003,
      0.2277393639087677,
      0.3398713767528534,
      0.26273971796035767,
      0.29715296626091003,
      0.21854278445243835,
      0.21599380671977997,
      0.5975592136383057,
      0.3302491009235382,
      0.5047914981842041,
      1.0
    ]
  ]
}