{
  "game_number": 554,
  "words": [
    "IRON",
    "PUTTER",
    "WEDGE",
    "WOOD",
    "ACHE",
    "LONG",
    "PINE",
    "THIRST",
    "LOW",
    "SHORT",
    "SHY",
    "WANTING",
    "CENTRAL",
    "CRITICAL",
    "KEY",
    "VITAL"
  ],
  "adjacency_matrix": [
    [
      1.0000001192092896,
      0.42541250586509705,
      0.3958861231803894,
      0.5671254992485046,
      0.29400140047073364,
      0.29275715351104736,
      0.4178710877895355,
      0.32268476486206055,
      0.3634057641029358,
      0.3259113132953644,
      0.16270552575588226,
      0.2237611711025238,
      0.38259124755859375,
      0.34115010499954224,
      0.3382500112056732,
      0.3571091592311859
    ],
    [
      0.42541250586509705,
      1.0,
      0.4146058261394501,
      0.3287048935890198,
      0.2965209186077118,
      0.33180850744247437,
      0.3189215362071991,
      0.23638932406902313,
      0.30022233724594116,
      0.35007327795028687,
      0.21629424393177032,
      0.32981225848197937,
      0.256104052066803,
      0.27566954493522644,
      0.3259712755680084,
      0.2240009605884552
    ],
    [
      0.3958861231803894,
      0.4146058261394501,
      1.0,
      0.38073450326919556,
      0.2553815245628357,
      0.3202570080757141,
      0.4060365855693817,
      0.18334312736988068,
      0.38137221336364746,
      0.3683752119541168,
      0.14099618792533875,
      0.2662343978881836,
      0.362282395362854,
      0.3437129557132721,
      0.38504594564437866,
      0.32487717270851135
    ],
    [
      0.5671254992485046,
      0.3287048935890198,
      0.38073450326919556,
      1.0,
      0.2666848301887512,
      0.31688398122787476,
      0.6672723889350891,
      0.2712811529636383,
      0.34101274609565735,
      0.3419383466243744,
      0.23057757318019867,
      0.22477398812770844,
      0.3427276015281677,
      0.3265613913536072,
      0.34421828389167786,
      0.3627130687236786
    ],
    [
      0.29400140047073364,
      0.2965209186077118,
      0.2553815245628357,
      0.2666848301887512,
      1.0,
      0.3375662565231323,
      0.30947282910346985,
      0.4095306694507599,
      0.25777408480644226,
      0.2582990825176239,
      0.21197299659252167,
      0.2977101802825928,
      0.2179660052061081,
      0.21003387868404388,
      0.19180405139923096,
      0.2597634494304657
    ],
    [
      0.29275715351104736,
      0.33180850744247437,
      0.3202570080757141,
      0.31688398122787476,
      0.3375662565231323,
      0.9999999403953552,
      0.2884491980075836,
      0.3183155655860901,
      0.5366414785385132,
      0.7923824787139893,
      0.4162547290325165,
      0.38505712151527405,
      0.4032292664051056,
      0.5066211223602295,
      0.4289137125015259,
      0.47722911834716797
    ],
    [
      0.4178710877895355,
      0.3189215362071991,
      0.4060365855693817,
      0.6672723889350891,
      0.30947282910346985,
      0.2884491980075836,
      1.0,
      0.23359382152557373,
      0.30916348099708557,
      0.28859463334083557,
      0.19830574095249176,
      0.2302047163248062,
      0.3377661406993866,
      0.24610234797000885,
      0.27424898743629456,
      0.23560212552547455
    ],
    [
      0.32268476486206055,
      0.23638932406902313,
      0.18334312736988068,
      0.2712811529636383,
      0.4095306694507599,
      0.3183155655860901,
      0.23359382152557373,
      1.0,
      0.346363365650177,
      0.3019642233848572,
      0.2300785481929779,
      0.3895677626132965,
      0.2916988134384155,
      0.3455677330493927,
      0.2695104479789734,
      0.3485839366912842
    ],
    [
      0.3634057641029358,
      0.30022233724594116,
      0.38137221336364746,
      0.34101274609565735,
      0.25777408480644226,
      0.5366414785385132,
      0.30916348099708557,
      0.346363365650177,
      1.0,
      0.5973386168479919,
      0.40787121653556824,
      0.36157146096229553,
      0.47654321789741516,
      0.5156057476997375,
      0.44542038440704346,
      0.47206830978393555
    ],
    [
      0.3259113132953644,
      0.35007327795028687,
      0.3683752119541168,
      0.3419383466243744,
      0.2582990825176239,
      0.7923824787139893,
      0.28859463334083557,
      0.3019642233848572,
      0.5973386168479919,
      1.0,
      0.4486639201641083,
      0.36343786120414734,
      0.4334076941013336,
      0.55391925573349,
      0.4512028694152832,
      0.49250784516334534
    ],
    [
      0.16270552575588226,
      0.21629424393177032,
      0.14099618792533875,
      0.23057757318019867,
      0.21197299659252167,
      0.4162547290325165,
      0.19830574095249176,
      0.2300785481929779,
      0.40787121653556824,
      0.4486639201641083,
      0.9999999403953552,
      0.3410990536212921,
      0.2197800874710083,
      0.35929059982299805,
      0.28130295872688293,
      0.2627595365047455
    ],
    [
      0.2237611711025238,
      0.32981225848197937,
      0.2662343978881836,
      0.22477398812770844,
      0.2977101802825928,
      0.38505712151527405,
      0.2302047163248062,
      0.3895677626132965,
      0.36157146096229553,
      0.36343786120414734,
      0.3410990536212921,
      1.0,
      0.32532668113708496,
      0.41518864035606384,
      0.3564586639404297,
      0.3922479450702667
    ],
    [
      0.38259124755859375,
      0.256104052066803,
      0.362282395362854,
      0.3427276015281677,
      0.2179660052061081,
      0.4032292664051056,
      0.3377661406993866,
      0.2916988134384155,
      0.47654321789741516,
      0.4334076941013336,
      0.2197800874710083,
      0.32532668113708496,
      0.9999999403953552,
      0.6369115114212036,
      0.614475429058075,
      0.6271066069602966
    ],
    [
      0.34115010499954224,
      0.27566954493522644,
      0.3437129557132721,
      0.3265613913536072,
      0.21003387868404388,
      0.5066211223602295,
      0.24610234797000885,
      0.3455677330493927,
      0.5156057476997375,
      0.55391925573349,
      0.35929059982299805,
      0.41518864035606384,
      0.6369115114212036,
      1.0,
      0.6976830363273621,
      0.7618659138679504
    ],
    [
      0.3382500112056732,
      0.3259712755680084,
      0.38504594564437866,
      0.34421828389167786,
      0.19180405139923096,
      0.4289137125015259,
      0.27424898743629456,
      0.2695104479789734,
      0.44542038440704346,
      0.4512028694152832,
      0.28130295872688293,
      0.3564586639404297,
      0.614475429058075,
      0.6976830363273621,
      1.0,
      0.7431659698486328
    ],
    [
      0.3571091592311859,
      0.2240009605884552,
      0.32487717270851135,
      0.3627130687236786,
      0.2597634494304657,
      0.47722911834716797,
      0.23560212552547455,
      0.3485839366912842,
      0.47206830978393555,
      0.49250784516334534,
      0.2627595365047455,
      0.3922479450702667,
      0.6271066069602966,
      0.7618659138679504,
      0.7431659698486328,
      1.0
    ]
  ]
}