{"game_number":371,"words":["CARDAMOM","CLOVE","CORIANDER","CUMIN","BOO","HONEY","SUGAR","SWEETIE","AIRPLANE","ANGEL","BIRD","PEGASUS","BABY","GINGER","POSH","SCARY"],"adjacency_matrix":[[1.0,0.5765106081962585,0.6316221356391907,0.6605761647224426,0.2760198414325714,0.49997854232788086,0.5062965750694275,0.2863202691078186,0.2226056009531021,0.24375754594802856,0.29715827107429504,0.31417736411094666,0.3127899169921875,0.5703300833702087,0.2934044599533081,0.214206725358963],[0.5765106081962585,0.9999999403953552,0.5404887795448303,0.5211246013641357,0.2918573319911957,0.4105471074581146,0.4939770996570587,0.33734312653541565,0.2812776267528534,0.30526673793792725,0.28289082646369934,0.2815761864185333,0.3164328336715698,0.5411392450332642,0.2402125597000122,0.27271685004234314],[0.6316221356391907,0.5404887795448303,1.0,0.7346056699752808,0.30504295229911804,0.3580934703350067,0.34168103337287903,0.2876758277416229,0.16502146422863007,0.2160342037677765,0.2377707064151764,0.2232852280139923,0.24973498284816742,0.5984345078468323,0.28398457169532776,0.2140103280544281],[0.6605761647224426,0.5211246013641357,0.7346056699752808,1.0,0.265809029340744,0.4232715964317322,0.3868001103401184,0.2690136134624481,0.11829142272472382,0.22807985544204712,0.23142091929912567,0.18680936098098755,0.19913539290428162,0.5045822858810425,0.20074822008609772,0.19910988211631775],[0.2760198414325714,0.2918573319911957,0.30504295229911804,0.265809029340744,1.0,0.35711315274238586,0.21768571436405182,0.4505752921104431,0.23822267353534698,0.28945887088775635,0.29771023988723755,0.28195223212242126,0.40115979313850403,0.39805468916893005,0.3658982813358307,0.3748597204685211],[0.49997854232788086,0.4105471074581146,0.3580934703350067,0.4232715964317322,0.35711315274238586,1.0,0.5440340638160706,0.5103177428245544,0.3088637590408325,0.3619803786277771,0.39766138792037964,0.2456294596195221,0.40911686420440674,0.4860934317111969,0.3117313086986542,0.2895964980125427],[0.5062965750694275,0.4939770996570587,0.34168103337287903,0.3868001103401184,0.21768571436405182,0.5440340638160706,1.0,0.3772197961807251,0.36937955021858215,0.30808305740356445,0.3043862581253052,0.18417592346668243,0.4051823914051056,0.5232059955596924,0.26127368211746216,0.254606157541275],[0.2863202691078186,0.33734312653541565,0.2876758277416229,0.2690136134624481,0.4505752921104431,0.5103177428245544,0.3772197961807251,1.0,0.24553722143173218,0.3987438380718231,0.2865394949913025,0.3249608278274536,0.42461103200912476,0.4336918294429779,0.43447253108024597,0.3917461335659027],[0.2226056009531021,0.2812776267528534,0.16502146422863007,0.11829142272472382,0.23822267353534698,0.3088637590408325,0.36937955021858215,0.24553722143173218,1.0,0.35197898745536804,0.4757087230682373,0.3739636540412903,0.3968904912471771,0.26975107192993164,0.25515449047088623,0.28986725211143494],[0.24375754594802856,0.30526673793792725,0.2160342037677765,0.22807985544204712,0.28945887088775635,0.3619803786277771,0.30808305740356445,0.3987438380718231,0.35197898745536804,1.0,0.4526521563529968,0.4904899597167969,0.4472638964653015,0.33255213499069214,0.22847428917884827,0.3658052086830139],[0.29715827107429504,0.28289082646369934,0.2377707064151764,0.23142091929912567,0.29771023988723755,0.39766138792037964,0.3043862581253052,0.2865394949913025,0.4757087230682373,0.4526521563529968,1.0,0.4609946608543396,0.47530174255371094,0.3591866195201874,0.2582930028438568,0.26314833760261536],[0.31417736411094666,0.2815761864185333,0.2232852280139923,0.18680936098098755,0.28195223212242126,0.2456294596195221,0.18417592346668243,0.3249608278274536,0.3739636540412903,0.4904899597167969,0.4609946608543396,1.0,0.4077894985675812,0.3291487991809845,0.2529754042625427,0.29084938764572144],[0.3127899169921875,0.3164328336715698,0.24973498284816742,0.19913539290428162,0.40115979313850403,0.40911686420440674,0.4051823914051056,0.42461103200912476,0.3968904912471771,0.4472638964653015,0.47530174255371094,0.4077894985675812,1.0,0.44219550490379333,0.3256581425666809,0.36643198132514954],[0.5703300833702087,0.5411392450332642,0.5984345078468323,0.5045822858810425,0.39805468916893005,0.4860934317111969,0.5232059955596924,0.4336918294429779,0.26975107192993164,0.33255213499069214,0.3591866195201874,0.3291487991809845,0.44219550490379333,1.0,0.3591451048851013,0.3452635705471039],[0.2934044599533081,0.2402125597000122,0.28398457169532776,0.20074822008609772,0.3658982813358307,0.3117313086986542,0.26127368211746216,0.43447253108024597,0.25515449047088623,0.22847428917884827,0.2582930028438568,0.2529754042625427,0.3256581425666809,0.3591451048851013,1.0,0.407094269990921],[0.214206725358963,0.27271685004234314,0.2140103280544281,0.19910988211631775,0.3748597204685211,0.2895964980125427,0.254606157541275,0.3917461335659027,0.28986725211143494,0.3658052086830139,0.26314833760261536,0.29084938764572144,0.36643198132514954,0.3452635705471039,0.407094269990921,1.0]]}