{"game_number":75,"words":["ACT","BILL","MEASURE","RESOLUTION","MEADOW","PLAIN","PRAIRIE","SAVANNA","DIRECT","FRANK","OPEN","STRAIGHT","AURA","BUCK","DOGE","HODA"],"adjacency_matrix":[[1.0,0.5157615542411804,0.5327689051628113,0.43892645835876465,0.2898208498954773,0.429370254278183,0.21570603549480438,0.19196189939975739,0.5911689400672913,0.33098188042640686,0.477321594953537,0.42570820450782776,0.21268409490585327,0.37200626730918884,0.2904829680919647,0.20133648812770844],[0.5157615542411804,1.0,0.4995916485786438,0.50734943151474,0.2483776956796646,0.309126615524292,0.1934862732887268,0.13605917990207672,0.3366091251373291,0.21712517738342285,0.32914310693740845,0.3767350912094116,0.1435062736272812,0.3417928218841553,0.22152134776115417,0.09687262773513794],[0.5327689051628113,0.4995916485786438,1.0,0.517755925655365,0.268636554479599,0.3620801568031311,0.1800224334001541,0.1726558804512024,0.5073519349098206,0.22960548102855682,0.33502307534217834,0.35046929121017456,0.25127974152565,0.35186052322387695,0.2204311341047287,0.12922322750091553],[0.43892645835876465,0.50734943151474,0.517755925655365,1.0,0.22551649808883667,0.3342492878437042,0.14053656160831451,0.137308269739151,0.4263990521430969,0.3095451295375824,0.330053448677063,0.3520606458187103,0.18666116893291473,0.30609196424484253,0.2258107215166092,0.06794169545173645],[0.2898208498954773,0.2483776956796646,0.268636554479599,0.22551649808883667,1.0000001192092896,0.4543744921684265,0.5728134512901306,0.4474475383758545,0.2483648657798767,0.21474719047546387,0.36295461654663086,0.31774207949638367,0.28647372126579285,0.22733595967292786,0.2396813929080963,0.2982543110847473],[0.429370254278183,0.309126615524292,0.3620801568031311,0.3342492878437042,0.4543744921684265,1.0,0.3984212875366211,0.4230515658855438,0.45298051834106445,0.4280003309249878,0.45953303575515747,0.5666930675506592,0.28767603635787964,0.28029221296310425,0.2656216621398926,0.2423505187034607],[0.21570603549480438,0.1934862732887268,0.1800224334001541,0.14053656160831451,0.5728134512901306,0.3984212875366211,1.0,0.5536316633224487,0.2013685554265976,0.23484289646148682,0.2374442219734192,0.28635692596435547,0.2824096977710724,0.23451556265354156,0.16161297261714935,0.1954832822084427],[0.19196189939975739,0.13605917990207672,0.1726558804512024,0.137308269739151,0.4474475383758545,0.4230515658855438,0.5536316633224487,1.0,0.20220033824443817,0.20443668961524963,0.3338066637516022,0.24495235085487366,0.2940475344657898,0.17637433111667633,0.1588449627161026,0.22607563436031342],[0.5911689400672913,0.3366091251373291,0.5073519349098206,0.4263990521430969,0.2483648657798767,0.45298051834106445,0.2013685554265976,0.20220033824443817,1.0,0.42799654603004456,0.556627631187439,0.5361731648445129,0.2591131329536438,0.33200711011886597,0.2404407262802124,0.19783352315425873],[0.33098188042640686,0.21712517738342285,0.22960548102855682,0.3095451295375824,0.21474719047546387,0.4280003309249878,0.23484289646148682,0.20443668961524963,0.42799654603004456,1.0,0.4914270341396332,0.40608152747154236,0.2663569748401642,0.19405598938465118,0.24460382759571075,0.26527729630470276],[0.477321594953537,0.32914310693740845,0.33502307534217834,0.330053448677063,0.36295461654663086,0.45953303575515747,0.2374442219734192,0.3338066637516022,0.556627631187439,0.4914270341396332,1.0,0.5602563619613647,0.1480705738067627,0.2822352945804596,0.11880570650100708,0.10238678008317947],[0.42570820450782776,0.3767350912094116,0.35046929121017456,0.3520606458187103,0.31774207949638367,0.5666930675506592,0.28635692596435547,0.24495235085487366,0.5361731648445129,0.40608152747154236,0.5602563619613647,1.0,0.18376342952251434,0.41666725277900696,0.1355273425579071,0.12808915972709656],[0.21268409490585327,0.1435062736272812,0.25127974152565,0.18666116893291473,0.28647372126579285,0.28767603635787964,0.2824096977710724,0.2940475344657898,0.2591131329536438,0.2663569748401642,0.1480705738067627,0.18376342952251434,1.0,0.14823013544082642,0.24698121845722198,0.3794763386249542],[0.37200626730918884,0.3417928218841553,0.35186052322387695,0.30609196424484253,0.22733595967292786,0.28029221296310425,0.23451556265354156,0.17637433111667633,0.33200711011886597,0.19405598938465118,0.2822352945804596,0.41666725277900696,0.14823013544082642,0.9999999403953552,0.24247054755687714,0.1445384919643402],[0.2904829680919647,0.22152134776115417,0.2204311341047287,0.2258107215166092,0.2396813929080963,0.2656216621398926,0.16161297261714935,0.1588449627161026,0.2404407262802124,0.24460382759571075,0.11880570650100708,0.1355273425579071,0.24698121845722198,0.24247054755687714,1.0,0.29629871249198914],[0.20133648812770844,0.09687262773513794,0.12922322750091553,0.06794169545173645,0.2982543110847473,0.2423505187034607,0.1954832822084427,0.22607563436031342,0.19783352315425873,0.26527729630470276,0.10238678008317947,0.12808915972709656,0.3794763386249542,0.1445384919643402,0.29629871249198914,1.0]]}