{
  "game_number": 228,
  "words": [
    "ANVIL",
    "BOULDER",
    "COYOTE",
    "TNT",
    "CAPRI",
    "CARGO",
    "HAMMER",
    "STIRRUP",
    "CALIFORNIA",
    "DRUM",
    "EGG",
    "HONOR",
    "SCARF",
    "SHAWL",
    "STOLE",
    "WRAP"
  ],
  "adjacency_matrix": [
    [
      1.0,
      0.3935350477695465,
      0.21965362131595612,
      0.2011561542749405,
      0.20935043692588806,
      0.20699529349803925,
      0.6803438067436218,
      0.4085838496685028,
      0.12310213595628738,
      0.3810160160064697,
      0.3481231927871704,
      0.16209904849529266,
      0.29627081751823425,
      0.25204816460609436,
      0.24468322098255157,
      0.21148696541786194
    ],
    [
      0.3935350477695465,
      1.0000001192092896,
      0.37917396426200867,
      0.18131503462791443,
      0.3606534004211426,
      0.3420965075492859,
      0.42881420254707336,
      0.2732572853565216,
      0.3273465931415558,
      0.34807753562927246,
      0.3501560389995575,
      0.3183410167694092,
      0.31970566511154175,
      0.2842181622982025,
      0.27444857358932495,
      0.25494059920310974
    ],
    [
      0.21965362131595612,
      0.37917396426200867,
      1.0,
      0.19167537987232208,
      0.32786670327186584,
      0.2524034082889557,
      0.23817816376686096,
      0.22430992126464844,
      0.2874235510826111,
      0.2256624698638916,
      0.30697983503341675,
      0.2308068871498108,
      0.29705682396888733,
      0.2524780035018921,
      0.30452239513397217,
      0.2419242411851883
    ],
    [
      0.2011561542749405,
      0.18131503462791443,
      0.19167537987232208,
      1.0,
      0.32575535774230957,
      0.25836440920829773,
      0.14940431714057922,
      0.12907291948795319,
      0.2505466639995575,
      0.23148082196712494,
      0.19257861375808716,
      0.024608789011836052,
      0.1325707733631134,
      0.1764249950647354,
      0.21527107059955597,
      0.19973722100257874
    ],
    [
      0.20935043692588806,
      0.3606534004211426,
      0.32786670327186584,
      0.32575535774230957,
      0.9999999403953552,
      0.32346752285957336,
      0.3339516222476959,
      0.4010666012763977,
      0.35898202657699585,
      0.3128276467323303,
      0.3600267767906189,
      0.30146142840385437,
      0.5068241953849792,
      0.387925922870636,
      0.36347517371177673,
      0.3857077658176422
    ],
    [
      0.20699529349803925,
      0.3420965075492859,
      0.2524034082889557,
      0.25836440920829773,
      0.32346752285957336,
      1.0,
      0.2132796347141266,
      0.2660648226737976,
      0.13697533309459686,
      0.2632400691509247,
      0.3039378523826599,
      0.2535202205181122,
      0.317342609167099,
      0.34813740849494934,
      0.35369858145713806,
      0.296404093503952
    ],
    [
      0.6803438067436218,
      0.42881420254707336,
      0.23817816376686096,
      0.14940431714057922,
      0.3339516222476959,
      0.2132796347141266,
      1.0,
      0.431025892496109,
      0.19489769637584686,
      0.4683792293071747,
      0.36587733030319214,
      0.31769463419914246,
      0.36379218101501465,
      0.23105835914611816,
      0.3882156312465668,
      0.39018818736076355
    ],
    [
      0.4085838496685028,
      0.2732572853565216,
      0.22430992126464844,
      0.12907291948795319,
      0.4010666012763977,
      0.2660648226737976,
      0.431025892496109,
      1.0,
      0.09005345404148102,
      0.40993732213974,
      0.27605098485946655,
      0.24533694982528687,
      0.39742764830589294,
      0.4092777967453003,
      0.27723345160484314,
      0.36415645480155945
    ],
    [
      0.12310213595628738,
      0.3273465931415558,
      0.2874235510826111,
      0.2505466639995575,
      0.35898202657699585,
      0.13697533309459686,
      0.19489769637584686,
      0.09005345404148102,
      1.0,
      0.23446139693260193,
      0.20157402753829956,
      0.25104308128356934,
      0.12710979580879211,
      0.10355769097805023,
      0.19541431963443756,
      0.18632715940475464
    ],
    [
      0.3810160160064697,
      0.34807753562927246,
      0.2256624698638916,
      0.23148082196712494,
      0.3128276467323303,
      0.2632400691509247,
      0.4683792293071747,
      0.40993732213974,
      0.23446139693260193,
      1.0,
      0.3694569170475006,
      0.2705400884151459,
      0.34032055735588074,
      0.3040822446346283,
      0.2755662202835083,
      0.3611934781074524
    ],
    [
      0.3481231927871704,
      0.3501560389995575,
      0.30697983503341675,
      0.19257861375808716,
      0.3600267767906189,
      0.3039378523826599,
      0.36587733030319214,
      0.27605098485946655,
      0.20157402753829956,
      0.3694569170475006,
      1.0,
      0.21735556423664093,
      0.35189446806907654,
      0.3049236536026001,
      0.350835919380188,
      0.3322540819644928
    ],
    [
      0.16209904849529266,
      0.3183410167694092,
      0.2308068871498108,
      0.024608789011836052,
      0.30146142840385437,
      0.2535202205181122,
      0.31769463419914246,
      0.24533694982528687,
      0.25104308128356934,
      0.2705400884151459,
      0.21735556423664093,
      0.9999999403953552,
      0.33051759004592896,
      0.2745659649372101,
      0.35150009393692017,
      0.36192595958709717
    ],
    [
      0.29627081751823425,
      0.31970566511154175,
      0.29705682396888733,
      0.1325707733631134,
      0.5068241953849792,
      0.317342609167099,
      0.36379218101501465,
      0.39742764830589294,
      0.12710979580879211,
      0.34032055735588074,
      0.35189446806907654,
      0.33051759004592896,
      0.9999999403953552,
      0.6571797132492065,
      0.45856374502182007,
      0.5615239143371582
    ],
    [
      0.25204816460609436,
      0.2842181622982025,
      0.2524780035018921,
      0.1764249950647354,
      0.387925922870636,
      0.34813740849494934,
      0.23105835914611816,
      0.4092777967453003,
      0.10355769097805023,
      0.3040822446346283,
      0.3049236536026001,
      0.2745659649372101,
      0.6571797132492065,
      1.0,
      0.3840971887111664,
      0.44960346817970276
    ],
    [
      0.24468322098255157,
      0.27444857358932495,
      0.30452239513397217,
      0.21527107059955597,
      0.36347517371177673,
      0.35369858145713806,
      0.3882156312465668,
      0.27723345160484314,
      0.19541431963443756,
      0.2755662202835083,
      0.350835919380188,
      0.35150009393692017,
      0.45856374502182007,
      0.3840971887111664,
      1.0,
      0.3260039687156677
    ],
    [
      0.21148696541786194,
      0.25494059920310974,
      0.2419242411851883,
      0.19973722100257874,
      0.3857077658176422,
      0.296404093503952,
      0.39018818736076355,
      0.36415645480155945,
      0.18632715940475464,
      0.3611934781074524,
      0.3322540819644928,
      0.36192595958709717,
      0.5615239143371582,
      0.44960346817970276,
      0.3260039687156677,
      1.0
    ]
  ]
}