{
  "game_number": 419,
  "words": [
    "WIND",
    "WINE",
    "WING",
    "WINK",
    "CORE",
    "RIND",
    "SEED",
    "STEM",
    "FEATHER",
    "HEAVY",
    "LIGHT",
    "MIDDLE",
    "CARAVAN",
    "FLEET",
    "PARADE",
    "TRAIN"
  ],
  "adjacency_matrix": [
    [
      1.0000001192092896,
      0.3480742275714874,
      0.4535951018333435,
      0.338342547416687,
      0.3669995665550232,
      0.3715346157550812,
      0.42408278584480286,
      0.44829609990119934,
      0.3967989385128021,
      0.43290260434150696,
      0.49907663464546204,
      0.32965555787086487,
      0.34953102469444275,
      0.38553038239479065,
      0.4248186945915222,
      0.37832796573638916
    ],
    [
      0.3480742275714874,
      1.0,
      0.3140394687652588,
      0.28589877486228943,
      0.3088812828063965,
      0.38607949018478394,
      0.35850441455841064,
      0.27764180302619934,
      0.2365070879459381,
      0.3552791476249695,
      0.3778243064880371,
      0.2565547227859497,
      0.321123868227005,
      0.31843578815460205,
      0.3208024501800537,
      0.27615493535995483
    ],
    [
      0.4535951018333435,
      0.3140394687652588,
      1.0,
      0.2687123715877533,
      0.43886545300483704,
      0.27925461530685425,
      0.3278746008872986,
      0.41981241106987,
      0.48093530535697937,
      0.32349687814712524,
      0.37299975752830505,
      0.4556766748428345,
      0.2948356568813324,
      0.36991098523139954,
      0.3413757383823395,
      0.37368008494377136
    ],
    [
      0.338342547416687,
      0.28589877486228943,
      0.2687123715877533,
      1.0,
      0.21958868205547333,
      0.2161940187215805,
      0.2021847665309906,
      0.21541789174079895,
      0.25750067830085754,
      0.2585129737854004,
      0.3766098618507385,
      0.25224369764328003,
      0.22126129269599915,
      0.21964102983474731,
      0.3042379915714264,
      0.23950040340423584
    ],
    [
      0.3669995665550232,
      0.3088812828063965,
      0.43886545300483704,
      0.21958868205547333,
      1.0,
      0.4313453435897827,
      0.41531693935394287,
      0.44642218947410583,
      0.3273942172527313,
      0.41504740715026855,
      0.39018046855926514,
      0.5107842683792114,
      0.29756706953048706,
      0.3880976140499115,
      0.3530411124229431,
      0.4153122305870056
    ],
    [
      0.3715346157550812,
      0.38607949018478394,
      0.27925461530685425,
      0.2161940187215805,
      0.4313453435897827,
      0.9999999403953552,
      0.4260503649711609,
      0.47081005573272705,
      0.34580299258232117,
      0.31453102827072144,
      0.36250537633895874,
      0.34440988302230835,
      0.24446231126785278,
      0.2637767493724823,
      0.2281954139471054,
      0.30526280403137207
    ],
    [
      0.42408278584480286,
      0.35850441455841064,
      0.3278746008872986,
      0.2021847665309906,
      0.41531693935394287,
      0.4260503649711609,
      1.0,
      0.4655741751194,
      0.32631537318229675,
      0.3415384590625763,
      0.38203299045562744,
      0.3130342364311218,
      0.26543787121772766,
      0.286081999540329,
      0.3090675175189972,
      0.4050818681716919
    ],
    [
      0.44829609990119934,
      0.27764180302619934,
      0.41981241106987,
      0.21541789174079895,
      0.44642218947410583,
      0.47081005573272705,
      0.4655741751194,
      1.0,
      0.3632591664791107,
      0.35180866718292236,
      0.3775818943977356,
      0.3596239686012268,
      0.21849903464317322,
      0.28844204545021057,
      0.3189144432544708,
      0.4131971299648285
    ],
    [
      0.3967989385128021,
      0.2365070879459381,
      0.48093530535697937,
      0.25750067830085754,
      0.3273942172527313,
      0.34580299258232117,
      0.32631537318229675,
      0.3632591664791107,
      0.9999999403953552,
      0.31810784339904785,
      0.3311624825000763,
      0.3045174181461334,
      0.21183885633945465,
      0.18980474770069122,
      0.2912445664405823,
      0.31292879581451416
    ],
    [
      0.43290260434150696,
      0.3552791476249695,
      0.32349687814712524,
      0.2585129737854004,
      0.41504740715026855,
      0.31453102827072144,
      0.3415384590625763,
      0.35180866718292236,
      0.31810784339904785,
      1.0,
      0.5663598775863647,
      0.36345869302749634,
      0.2912469506263733,
      0.3392730951309204,
      0.3490969240665436,
      0.35468530654907227
    ],
    [
      0.49907663464546204,
      0.3778243064880371,
      0.37299975752830505,
      0.3766098618507385,
      0.39018046855926514,
      0.36250537633895874,
      0.38203299045562744,
      0.3775818943977356,
      0.3311624825000763,
      0.5663598775863647,
      1.0,
      0.3642192780971527,
      0.31974533200263977,
      0.360700786113739,
      0.3845463991165161,
      0.4125044643878937
    ],
    [
      0.32965555787086487,
      0.2565547227859497,
      0.4556766748428345,
      0.25224369764328003,
      0.5107842683792114,
      0.34440988302230835,
      0.3130342364311218,
      0.3596239686012268,
      0.3045174181461334,
      0.36345869302749634,
      0.3642192780971527,
      1.0,
      0.33368590474128723,
      0.3405533730983734,
      0.357616662979126,
      0.3892567753791809
    ],
    [
      0.34953102469444275,
      0.321123868227005,
      0.2948356568813324,
      0.22126129269599915,
      0.29756706953048706,
      0.24446231126785278,
      0.26543787121772766,
      0.21849903464317322,
      0.21183885633945465,
      0.2912469506263733,
      0.31974533200263977,
      0.33368590474128723,
      1.0,
      0.4825300872325897,
      0.47683075070381165,
      0.441448837518692
    ],
    [
      0.38553038239479065,
      0.31843578815460205,
      0.36991098523139954,
      0.21964102983474731,
      0.3880976140499115,
      0.2637767493724823,
      0.286081999540329,
      0.28844204545021057,
      0.18980474770069122,
      0.3392730951309204,
      0.360700786113739,
      0.3405533730983734,
      0.4825300872325897,
      1.0,
      0.42571327090263367,
      0.47484713792800903
    ],
    [
      0.4248186945915222,
      0.3208024501800537,
      0.3413757383823395,
      0.3042379915714264,
      0.3530411124229431,
      0.2281954139471054,
      0.3090675175189972,
      0.3189144432544708,
      0.2912445664405823,
      0.3490969240665436,
      0.3845463991165161,
      0.357616662979126,
      0.47683075070381165,
      0.42571327090263367,
      1.0,
      0.4306793808937073
    ],
    [
      0.37832796573638916,
      0.27615493535995483,
      0.37368008494377136,
      0.23950040340423584,
      0.4153122305870056,
      0.30526280403137207,
      0.4050818681716919,
      0.4131971299648285,
      0.31292879581451416,
      0.35468530654907227,
      0.4125044643878937,
      0.3892567753791809,
      0.441448837518692,
      0.47484713792800903,
      0.4306793808937073,
      1.0
    ]
  ]
}