{"game_number":0,"words":["JAM","PACK","RAM","STUFF","COOK","DISHWASHER","HOST","SERVER","MICROWAVE","RADIO","VISIBLE","X-RAY","BRIDLE","BYTE","COMEDIAN","DRILL"],"adjacency_matrix":[[1.0,0.3907833993434906,0.3322734832763672,0.3580784797668457,0.30225470662117004,0.20337289571762085,0.23362287878990173,0.2598532438278198,0.3192055821418762,0.3246197998523712,0.13862980902194977,0.15041500329971313,0.24142466485500336,0.16824710369110107,0.20058844983577728,0.35760068893432617],[0.3907833993434906,1.0,0.40789440274238586,0.45810481905937195,0.3858834207057953,0.31031733751296997,0.3422342538833618,0.33800429105758667,0.38124263286590576,0.330279678106308,0.27444082498550415,0.27409785985946655,0.3995170295238495,0.254290908575058,0.20604197680950165,0.3967041075229645],[0.3322734832763672,0.40789440274238586,1.0,0.2617263197898865,0.3068689703941345,0.21551546454429626,0.2718998193740845,0.297434002161026,0.22369934618473053,0.21822305023670197,0.23065724968910217,0.2225581854581833,0.4166354835033417,0.23597301542758942,0.17399612069129944,0.38583919405937195],[0.3580784797668457,0.45810481905937195,0.2617263197898865,1.0,0.3697279095649719,0.32826852798461914,0.2790922522544861,0.3439841568470001,0.3763546645641327,0.36809781193733215,0.36911681294441223,0.30496543645858765,0.3410412073135376,0.23244833946228027,0.2928975224494934,0.3708079159259796],[0.30225470662117004,0.3858834207057953,0.3068689703941345,0.3697279095649719,1.0,0.5849368572235107,0.4516141414642334,0.34939128160476685,0.5206475257873535,0.346444308757782,0.270402729511261,0.24701200425624847,0.2960303723812103,0.1323746144771576,0.36968016624450684,0.38056880235671997],[0.20337289571762085,0.31031733751296997,0.21551546454429626,0.32826852798461914,0.5849368572235107,1.0,0.3077283799648285,0.35622188448905945,0.5599653720855713,0.3616156578063965,0.20426379144191742,0.2849193215370178,0.22779221832752228,0.16967110335826874,0.3680298924446106,0.22689604759216309],[0.23362287878990173,0.3422342538833618,0.2718998193740845,0.2790922522544861,0.4516141414642334,0.3077283799648285,1.0,0.5632626414299011,0.32408174872398376,0.46760571002960205,0.3892892897129059,0.21648047864437103,0.3082888722419739,0.19419042766094208,0.5035547614097595,0.2671738862991333],[0.2598532438278198,0.33800429105758667,0.297434002161026,0.3439841568470001,0.34939128160476685,0.35622188448905945,0.5632626414299011,0.9999999403953552,0.3723035454750061,0.3716038763523102,0.32392457127571106,0.25337639451026917,0.27784982323646545,0.31602710485458374,0.3242335617542267,0.26506125926971436],[0.3192055821418762,0.38124263286590576,0.22369934618473053,0.3763546645641327,0.5206475257873535,0.5599653720855713,0.32408174872398376,0.3723035454750061,1.0,0.5823793411254883,0.3235529959201813,0.48147833347320557,0.23280106484889984,0.1926712989807129,0.238061785697937,0.28952306509017944],[0.3246197998523712,0.330279678106308,0.21822305023670197,0.36809781193733215,0.346444308757782,0.3616156578063965,0.46760571002960205,0.3716038763523102,0.5823793411254883,1.0,0.3675863444805145,0.41253188252449036,0.26522332429885864,0.21643327176570892,0.4271869957447052,0.329260915517807],[0.13862980902194977,0.27444082498550415,0.23065724968910217,0.36911681294441223,0.270402729511261,0.20426379144191742,0.3892892897129059,0.32392457127571106,0.3235529959201813,0.3675863444805145,1.0,0.3864494860172272,0.3884211480617523,0.19993261992931366,0.32889968156814575,0.23640024662017822],[0.15041500329971313,0.27409785985946655,0.2225581854581833,0.30496543645858765,0.24701200425624847,0.2849193215370178,0.21648047864437103,0.25337639451026917,0.48147833347320557,0.41253188252449036,0.3864494860172272,0.9999999403953552,0.18219611048698425,0.18141072988510132,0.26144421100616455,0.27723053097724915],[0.24142466485500336,0.3995170295238495,0.4166354835033417,0.3410412073135376,0.2960303723812103,0.22779221832752228,0.3082888722419739,0.27784982323646545,0.23280106484889984,0.26522332429885864,0.3884211480617523,0.18219611048698425,1.0,0.18996378779411316,0.2795867621898651,0.28850483894348145],[0.16824710369110107,0.254290908575058,0.23597301542758942,0.23244833946228027,0.1323746144771576,0.16967110335826874,0.19419042766094208,0.31602710485458374,0.1926712989807129,0.21643327176570892,0.19993261992931366,0.18141072988510132,0.18996378779411316,0.9999999403953552,0.15348269045352936,0.1376740038394928],[0.20058844983577728,0.20604197680950165,0.17399612069129944,0.2928975224494934,0.36968016624450684,0.3680298924446106,0.5035547614097595,0.3242335617542267,0.238061785697937,0.4271869957447052,0.32889968156814575,0.26144421100616455,0.2795867621898651,0.15348269045352936,1.0,0.17142510414123535],[0.35760068893432617,0.3967041075229645,0.38583919405937195,0.3708079159259796,0.38056880235671997,0.22689604759216309,0.2671738862991333,0.26506125926971436,0.28952306509017944,0.329260915517807,0.23640024662017822,0.27723053097724915,0.28850483894348145,0.1376740038394928,0.17142510414123535,1.0]]}