{
  "game_number": 282,
  "words": [
    "ALLEY",
    "COURT",
    "DRIVE",
    "LANE",
    "FISH",
    "JUSTICE",
    "LIBRA",
    "SOLFEGE",
    "FOUNTAIN",
    "GUTTER",
    "TEAPOT",
    "WHALE",
    "COVER",
    "JACKET",
    "PAGE",
    "SPINE"
  ],
  "adjacency_matrix": [
    [
      1.0,
      0.36507171392440796,
      0.391033798456192,
      0.5623908042907715,
      0.29445305466651917,
      0.2502628266811371,
      0.25226137042045593,
      0.2252058982849121,
      0.42848414182662964,
      0.5544803142547607,
      0.22793246805667877,
      0.27267876267433167,
      0.32079651951789856,
      0.279282808303833,
      0.2615892291069031,
      0.3472098410129547
    ],
    [
      0.36507171392440796,
      1.0,
      0.3738163709640503,
      0.3741585314273834,
      0.2386334091424942,
      0.5540276765823364,
      0.2419307976961136,
      0.29425421357154846,
      0.32891908288002014,
      0.36046740412712097,
      0.26929065585136414,
      0.23840850591659546,
      0.3365248739719391,
      0.31766611337661743,
      0.3732856214046478,
      0.26482293009757996
    ],
    [
      0.391033798456192,
      0.3738163709640503,
      1.0,
      0.4609905481338501,
      0.3677377700805664,
      0.35407596826553345,
      0.275539368391037,
      0.252962589263916,
      0.36544016003608704,
      0.3860161006450653,
      0.16314658522605896,
      0.2724999189376831,
      0.4747452139854431,
      0.336079865694046,
      0.3733457326889038,
      0.4239804148674011
    ],
    [
      0.5623908042907715,
      0.3741585314273834,
      0.4609905481338501,
      1.0,
      0.3206566870212555,
      0.2577477991580963,
      0.22372204065322876,
      0.2412416636943817,
      0.28757238388061523,
      0.4081767201423645,
      0.19931796193122864,
      0.2709938585758209,
      0.29407861828804016,
      0.35393282771110535,
      0.2897316515445709,
      0.3454849421977997
    ],
    [
      0.29445305466651917,
      0.2386334091424942,
      0.3677377700805664,
      0.3206566870212555,
      1.0,
      0.2908308207988739,
      0.3179646134376526,
      0.2791544497013092,
      0.3778335452079773,
      0.3522811830043793,
      0.28911539912223816,
      0.6061957478523254,
      0.3285171389579773,
      0.34674811363220215,
      0.3691531717777252,
      0.39912381768226624
    ],
    [
      0.2502628266811371,
      0.5540276765823364,
      0.35407596826553345,
      0.2577477991580963,
      0.2908308207988739,
      1.0,
      0.29554861783981323,
      0.2996702492237091,
      0.3741884231567383,
      0.3634735941886902,
      0.20349453389644623,
      0.27568385004997253,
      0.3131576180458069,
      0.26246023178100586,
      0.31392818689346313,
      0.28622058033943176
    ],
    [
      0.25226137042045593,
      0.2419307976961136,
      0.275539368391037,
      0.22372204065322876,
      0.3179646134376526,
      0.29554861783981323,
      0.9999999403953552,
      0.3846300542354584,
      0.3197098672389984,
      0.2733417749404907,
      0.27399200201034546,
      0.2551147937774658,
      0.23687885701656342,
      0.2763698399066925,
      0.24016447365283966,
      0.3335762023925781
    ],
    [
      0.2252058982849121,
      0.29425421357154846,
      0.252962589263916,
      0.2412416636943817,
      0.2791544497013092,
      0.2996702492237091,
      0.3846300542354584,
      1.0,
      0.27489954233169556,
      0.2305581271648407,
      0.18517635762691498,
      0.18293049931526184,
      0.2860855162143707,
      0.18692582845687866,
      0.2797914147377014,
      0.283202201128006
    ],
    [
      0.42848414182662964,
      0.32891908288002014,
      0.36544016003608704,
      0.28757238388061523,
      0.3778335452079773,
      0.3741884231567383,
      0.3197098672389984,
      0.27489954233169556,
      1.0000001192092896,
      0.4187229871749878,
      0.3588697016239166,
      0.3057553768157959,
      0.3701722025871277,
      0.2701978385448456,
      0.3207632303237915,
      0.304205060005188
    ],
    [
      0.5544803142547607,
      0.36046740412712097,
      0.3860161006450653,
      0.4081767201423645,
      0.3522811830043793,
      0.3634735941886902,
      0.2733417749404907,
      0.2305581271648407,
      0.4187229871749878,
      1.0,
      0.3165716826915741,
      0.24982525408267975,
      0.38772475719451904,
      0.36591091752052307,
      0.311149537563324,
      0.42950475215911865
    ],
    [
      0.22793246805667877,
      0.26929065585136414,
      0.16314658522605896,
      0.19931796193122864,
      0.28911539912223816,
      0.20349453389644623,
      0.27399200201034546,
      0.18517635762691498,
      0.3588697016239166,
      0.3165716826915741,
      1.0,
      0.25440213084220886,
      0.2603491544723511,
      0.29101747274398804,
      0.32097509503364563,
      0.2101229876279831
    ],
    [
      0.27267876267433167,
      0.23840850591659546,
      0.2724999189376831,
      0.2709938585758209,
      0.6061957478523254,
      0.27568385004997253,
      0.2551147937774658,
      0.18293049931526184,
      0.3057553768157959,
      0.24982525408267975,
      0.25440213084220886,
      0.9999999403953552,
      0.24253539741039276,
      0.3140397071838379,
      0.3197668790817261,
      0.3844287693500519
    ],
    [
      0.32079651951789856,
      0.3365248739719391,
      0.4747452139854431,
      0.29407861828804016,
      0.3285171389579773,
      0.3131576180458069,
      0.23687885701656342,
      0.2860855162143707,
      0.3701722025871277,
      0.38772475719451904,
      0.2603491544723511,
      0.24253539741039276,
      1.0,
      0.463873028755188,
      0.4654214680194855,
      0.45665067434310913
    ],
    [
      0.279282808303833,
      0.31766611337661743,
      0.336079865694046,
      0.35393282771110535,
      0.34674811363220215,
      0.26246023178100586,
      0.2763698399066925,
      0.18692582845687866,
      0.2701978385448456,
      0.36591091752052307,
      0.29101747274398804,
      0.3140397071838379,
      0.463873028755188,
      1.0,
      0.32036980986595154,
      0.4290519952774048
    ],
    [
      0.2615892291069031,
      0.3732856214046478,
      0.3733457326889038,
      0.2897316515445709,
      0.3691531717777252,
      0.31392818689346313,
      0.24016447365283966,
      0.2797914147377014,
      0.3207632303237915,
      0.311149537563324,
      0.32097509503364563,
      0.3197668790817261,
      0.4654214680194855,
      0.32036980986595154,
      1.0,
      0.3832818865776062
    ],
    [
      0.3472098410129547,
      0.26482293009757996,
      0.4239804148674011,
      0.3454849421977997,
      0.39912381768226624,
      0.28622058033943176,
      0.3335762023925781,
      0.283202201128006,
      0.304205060005188,
      0.42950475215911865,
      0.2101229876279831,
      0.3844287693500519,
      0.45665067434310913,
      0.4290519952774048,
      0.3832818865776062,
      1.0
    ]
  ]
}