{"game_number":251,"words":["FLIP-FLOP","SUNSCREEN","TOWEL","UMBRELLA","CURLY","SHOESTRING","WAFFLE","WEDGE","HEDGE","SEE-SAW","WAVER","YO-YO","BREEZE","MARY","MULE","RUSSIAN"],"adjacency_matrix":[[1.0,0.23508884012699127,0.27384650707244873,0.23225899040699005,0.21903803944587708,0.3657192885875702,0.450453519821167,0.4157860577106476,0.26902592182159424,0.4602099657058716,0.43694278597831726,0.3456437587738037,0.34259095788002014,0.23502688109874725,0.26648083329200745,0.18006429076194763],[0.23508884012699127,1.0,0.432757169008255,0.3542290925979614,0.231965571641922,0.23449836671352386,0.24956980347633362,0.3086152672767639,0.2709743082523346,0.17079216241836548,0.23150180280208588,0.18657223880290985,0.30314508080482483,0.15827302634716034,0.18552401661872864,0.1535954773426056],[0.27384650707244873,0.432757169008255,0.9999999403953552,0.39935579895973206,0.26082170009613037,0.32192516326904297,0.3602859079837799,0.32130253314971924,0.2938167154788971,0.2550715208053589,0.2843552827835083,0.26444366574287415,0.3681250512599945,0.3008709251880646,0.2625848650932312,0.19744116067886353],[0.23225899040699005,0.3542290925979614,0.39935579895973206,0.9999999403953552,0.24864111840724945,0.3166174292564392,0.26999348402023315,0.3450890779495239,0.3473348915576935,0.3020848035812378,0.2482420802116394,0.15465503931045532,0.3104688227176666,0.14144505560398102,0.23527348041534424,0.23066455125808716],[0.21903803944587708,0.231965571641922,0.26082170009613037,0.24864111840724945,1.0,0.30915117263793945,0.37285199761390686,0.29778194427490234,0.3478802740573883,0.28033703565597534,0.231239452958107,0.22346705198287964,0.3303138017654419,0.23370134830474854,0.2765040099620819,0.25485101342201233],[0.3657192885875702,0.23449836671352386,0.32192516326904297,0.3166174292564392,0.30915117263793945,1.0,0.35862356424331665,0.36837878823280334,0.32131969928741455,0.2992701232433319,0.2726709246635437,0.22086937725543976,0.3512479066848755,0.2462724894285202,0.3580486476421356,0.259957879781723],[0.450453519821167,0.24956980347633362,0.3602859079837799,0.26999348402023315,0.37285199761390686,0.35862356424331665,1.0,0.42261844873428345,0.304153710603714,0.3815034329891205,0.3770619034767151,0.3226793110370636,0.3668111562728882,0.2989753484725952,0.27817997336387634,0.2613256871700287],[0.4157860577106476,0.3086152672767639,0.32130253314971924,0.3450890779495239,0.29778194427490234,0.36837878823280334,0.42261844873428345,1.0,0.37324681878089905,0.4043433368206024,0.3237224221229553,0.2656264901161194,0.40070509910583496,0.2430616170167923,0.28703832626342773,0.2801855504512787],[0.26902592182159424,0.2709743082523346,0.2938167154788971,0.3473348915576935,0.3478802740573883,0.32131969928741455,0.304153710603714,0.37324681878089905,1.0,0.377802312374115,0.3232654929161072,0.19820363819599152,0.3581455647945404,0.18847382068634033,0.3261253535747528,0.29318708181381226],[0.4602099657058716,0.17079216241836548,0.2550715208053589,0.3020848035812378,0.28033703565597534,0.2992701232433319,0.3815034329891205,0.4043433368206024,0.377802312374115,0.9999999403953552,0.3615204393863678,0.4255833923816681,0.39516156911849976,0.25879085063934326,0.24951626360416412,0.20240123569965363],[0.43694278597831726,0.23150180280208588,0.2843552827835083,0.2482420802116394,0.231239452958107,0.2726709246635437,0.3770619034767151,0.3237224221229553,0.3232654929161072,0.3615204393863678,0.9999999403953552,0.2193853110074997,0.4258739948272705,0.239595428109169,0.1882970631122589,0.19892698526382446],[0.3456437587738037,0.18657223880290985,0.26444366574287415,0.15465503931045532,0.22346705198287964,0.22086937725543976,0.3226793110370636,0.2656264901161194,0.19820363819599152,0.4255833923816681,0.2193853110074997,1.0,0.18163485825061798,0.08400686085224152,0.2503114640712738,0.17135779559612274],[0.34259095788002014,0.30314508080482483,0.3681250512599945,0.3104688227176666,0.3303138017654419,0.3512479066848755,0.3668111562728882,0.40070509910583496,0.3581455647945404,0.39516156911849976,0.4258739948272705,0.18163485825061798,1.0,0.25070664286613464,0.3358960449695587,0.2372273951768875],[0.23502688109874725,0.15827302634716034,0.3008709251880646,0.14144505560398102,0.23370134830474854,0.2462724894285202,0.2989753484725952,0.2430616170167923,0.18847382068634033,0.25879085063934326,0.239595428109169,0.08400686085224152,0.25070664286613464,0.9999999403953552,0.31443625688552856,0.3178673982620239],[0.26648083329200745,0.18552401661872864,0.2625848650932312,0.23527348041534424,0.2765040099620819,0.3580486476421356,0.27817997336387634,0.28703832626342773,0.3261253535747528,0.24951626360416412,0.1882970631122589,0.2503114640712738,0.3358960449695587,0.31443625688552856,1.0,0.2607665956020355],[0.18006429076194763,0.1535954773426056,0.19744116067886353,0.23066455125808716,0.25485101342201233,0.259957879781723,0.2613256871700287,0.2801855504512787,0.29318708181381226,0.20240123569965363,0.19892698526382446,0.17135779559612274,0.2372273951768875,0.3178673982620239,0.2607665956020355,1.0]]}