{"game_number":196,"words":["ALPHABET","AMAZON","APPLE","META","BAR","FINAL","ORAL","PHYSICAL","BEAUTY","GEM","MARVEL","PEACH","BABY","EYE","SWEET","WISDOM"],"adjacency_matrix":[[0.9999999403953552,0.1817895621061325,0.293362557888031,0.2467069923877716,0.2461027204990387,0.2637609839439392,0.2782195508480072,0.30399996042251587,0.2650656998157501,0.224082350730896,0.2638150453567505,0.29939186573028564,0.27977821230888367,0.24896785616874695,0.2335418462753296,0.3076702356338501],[0.1817895621061325,1.0,0.30133211612701416,0.3110892176628113,0.19244077801704407,0.21397294104099274,0.17718997597694397,0.22535854578018188,0.31398293375968933,0.3202163577079773,0.2554936408996582,0.24326787889003754,0.2752639353275299,0.2779392600059509,0.27148741483688354,0.2050228714942932],[0.293362557888031,0.30133211612701416,1.0,0.2308378666639328,0.3137848973274231,0.2900109887123108,0.27554547786712646,0.3023086190223694,0.35872963070869446,0.34646549820899963,0.2805211842060089,0.6626991033554077,0.37813642621040344,0.4557105600833893,0.49446678161621094,0.2937147915363312],[0.2467069923877716,0.3110892176628113,0.2308378666639328,1.0,0.32987460494041443,0.36046102643013,0.2804204225540161,0.327721506357193,0.29102909564971924,0.39792147278785706,0.29189616441726685,0.2063131481409073,0.23683564364910126,0.2300916612148285,0.3144863247871399,0.30446237325668335],[0.2461027204990387,0.19244077801704407,0.3137848973274231,0.32987460494041443,1.0,0.314817875623703,0.19553717970848083,0.21632790565490723,0.22051432728767395,0.26237013936042786,0.21594232320785522,0.31787362694740295,0.20575033128261566,0.293199360370636,0.26142987608909607,0.21880553662776947],[0.2637609839439392,0.21397294104099274,0.2900109887123108,0.36046102643013,0.314817875623703,0.9999999403953552,0.4610058665275574,0.5034087300300598,0.34815964102745056,0.341777503490448,0.3813084363937378,0.339162141084671,0.32478663325309753,0.3118267059326172,0.4290737509727478,0.31605228781700134],[0.2782195508480072,0.17718997597694397,0.27554547786712646,0.2804204225540161,0.19553717970848083,0.4610058665275574,1.0,0.4757991433143616,0.29223233461380005,0.23222920298576355,0.2128273844718933,0.2736218273639679,0.2502487599849701,0.33977559208869934,0.33707505464553833,0.3615650534629822],[0.30399996042251587,0.22535854578018188,0.3023086190223694,0.327721506357193,0.21632790565490723,0.5034087300300598,0.4757991433143616,0.9999999403953552,0.5101563334465027,0.26085031032562256,0.44612306356430054,0.3336452543735504,0.34978052973747253,0.39497196674346924,0.3685230016708374,0.3626013398170471],[0.2650656998157501,0.31398293375968933,0.35872963070869446,0.29102909564971924,0.22051432728767395,0.34815964102745056,0.29223233461380005,0.5101563334465027,1.0,0.49291524291038513,0.5502146482467651,0.4315575957298279,0.35693472623825073,0.44760996103286743,0.48933830857276917,0.5594898462295532],[0.224082350730896,0.3202163577079773,0.34646549820899963,0.39792147278785706,0.26237013936042786,0.341777503490448,0.23222920298576355,0.26085031032562256,0.49291524291038513,1.0,0.4578234553337097,0.3941715955734253,0.3018082082271576,0.3156374394893646,0.4232197701931,0.38531050086021423],[0.2638150453567505,0.2554936408996582,0.2805211842060089,0.29189616441726685,0.21594232320785522,0.3813084363937378,0.2128273844718933,0.44612306356430054,0.5502146482467651,0.4578234553337097,1.0,0.30137166380882263,0.2868448793888092,0.38523000478744507,0.3568800985813141,0.4411117136478424],[0.29939186573028564,0.24326787889003754,0.6626991033554077,0.2063131481409073,0.31787362694740295,0.339162141084671,0.2736218273639679,0.3336452543735504,0.4315575957298279,0.3941715955734253,0.30137166380882263,0.9999999403953552,0.45737364888191223,0.35771992802619934,0.5943852066993713,0.3028542101383209],[0.27977821230888367,0.2752639353275299,0.37813642621040344,0.23683564364910126,0.20575033128261566,0.32478663325309753,0.2502487599849701,0.34978052973747253,0.35693472623825073,0.3018082082271576,0.2868448793888092,0.45737364888191223,1.0,0.3589703440666199,0.4259645342826843,0.2675880193710327],[0.24896785616874695,0.2779392600059509,0.4557105600833893,0.2300916612148285,0.293199360370636,0.3118267059326172,0.33977559208869934,0.39497196674346924,0.44760996103286743,0.3156374394893646,0.38523000478744507,0.35771992802619934,0.3589703440666199,1.0,0.37218981981277466,0.35607388615608215],[0.2335418462753296,0.27148741483688354,0.49446678161621094,0.3144863247871399,0.26142987608909607,0.4290737509727478,0.33707505464553833,0.3685230016708374,0.48933830857276917,0.4232197701931,0.3568800985813141,0.5943852066993713,0.4259645342826843,0.37218981981277466,1.0,0.39504939317703247],[0.3076702356338501,0.2050228714942932,0.2937147915363312,0.30446237325668335,0.21880553662776947,0.31605228781700134,0.3615650534629822,0.3626013398170471,0.5594898462295532,0.38531050086021423,0.4411117136478424,0.3028542101383209,0.2675880193710327,0.35607388615608215,0.39504939317703247,1.0]]}