{
  "game_number": 41,
  "words": [
    "BACK",
    "CHAMPION",
    "SECOND",
    "SUPPORT",
    "ELABORATE",
    "MINUTE",
    "PARTICULAR",
    "THOROUGH",
    "AGE",
    "DAY",
    "PERIOD",
    "TIME",
    "ECHO",
    "KILO",
    "UNIFORM",
    "VICTOR"
  ],
  "adjacency_matrix": [
    [
      1.0,
      0.36965298652648926,
      0.4642605185508728,
      0.5378342270851135,
      0.36936044692993164,
      0.37727832794189453,
      0.3877357542514801,
      0.32997405529022217,
      0.3785882890224457,
      0.44464388489723206,
      0.4032728374004364,
      0.5042758584022522,
      0.34516042470932007,
      0.22072038054466248,
      0.37315240502357483,
      0.3174937665462494
    ],
    [
      0.36965298652648926,
      1.0,
      0.421132355928421,
      0.41451796889305115,
      0.24559740722179413,
      0.25852715969085693,
      0.34546971321105957,
      0.2886160910129547,
      0.34625178575515747,
      0.2763381600379944,
      0.21523989737033844,
      0.3165024518966675,
      0.25758230686187744,
      0.22163529694080353,
      0.3771095275878906,
      0.5615805983543396
    ],
    [
      0.4642605185508728,
      0.421132355928421,
      0.9999999403953552,
      0.3927834630012512,
      0.3806670010089874,
      0.5419501066207886,
      0.5686998963356018,
      0.3706830143928528,
      0.3481181561946869,
      0.5179656147956848,
      0.46206966042518616,
      0.5436020493507385,
      0.297046959400177,
      0.31994950771331787,
      0.32421597838401794,
      0.3743060231208801
    ],
    [
      0.5378342270851135,
      0.41451796889305115,
      0.3927834630012512,
      1.0,
      0.5063353180885315,
      0.2928251326084137,
      0.5199964046478271,
      0.4445045590400696,
      0.30105170607566833,
      0.3550284802913666,
      0.3242396414279938,
      0.4059256613254547,
      0.3969077169895172,
      0.17060470581054688,
      0.40544432401657104,
      0.29605239629745483
    ],
    [
      0.36936044692993164,
      0.24559740722179413,
      0.3806670010089874,
      0.5063353180885315,
      0.9999999403953552,
      0.4010431468486786,
      0.5201377868652344,
      0.5760508179664612,
      0.23343180119991302,
      0.2473226636648178,
      0.29420557618141174,
      0.36938583850860596,
      0.39183348417282104,
      0.19594848155975342,
      0.4092946946620941,
      0.15571126341819763
    ],
    [
      0.37727832794189453,
      0.25852715969085693,
      0.5419501066207886,
      0.2928251326084137,
      0.4010431468486786,
      1.0,
      0.428286075592041,
      0.3840360641479492,
      0.36525505781173706,
      0.6494107246398926,
      0.4984481930732727,
      0.6767182350158691,
      0.2930460274219513,
      0.4019792675971985,
      0.3081214427947998,
      0.20591911673545837
    ],
    [
      0.3877357542514801,
      0.34546971321105957,
      0.5686998963356018,
      0.5199964046478271,
      0.5201377868652344,
      0.428286075592041,
      0.9999999403953552,
      0.4291466772556305,
      0.4282289743423462,
      0.48059606552124023,
      0.48647168278694153,
      0.5580475926399231,
      0.35125547647476196,
      0.21540696918964386,
      0.4470660090446472,
      0.2612565755844116
    ],
    [
      0.32997405529022217,
      0.2886160910129547,
      0.3706830143928528,
      0.4445045590400696,
      0.5760508179664612,
      0.3840360641479492,
      0.4291466772556305,
      1.0,
      0.23871198296546936,
      0.3084723651409149,
      0.3262985646724701,
      0.3927752673625946,
      0.2467813342809677,
      0.12010341882705688,
      0.4724816083908081,
      0.22266875207424164
    ],
    [
      0.3785882890224457,
      0.34625178575515747,
      0.3481181561946869,
      0.30105170607566833,
      0.23343180119991302,
      0.36525505781173706,
      0.4282289743423462,
      0.23871198296546936,
      0.9999999403953552,
      0.42694684863090515,
      0.4889366626739502,
      0.5070692896842957,
      0.22393906116485596,
      0.1532161682844162,
      0.36874619126319885,
      0.33914974331855774
    ],
    [
      0.44464388489723206,
      0.2763381600379944,
      0.5179656147956848,
      0.3550284802913666,
      0.2473226636648178,
      0.6494107246398926,
      0.48059606552124023,
      0.3084723651409149,
      0.42694684863090515,
      0.9999999403953552,
      0.6245294213294983,
      0.7146848440170288,
      0.2017875611782074,
      0.3150946795940399,
      0.3110395073890686,
      0.31679826974868774
    ],
    [
      0.4032728374004364,
      0.21523989737033844,
      0.46206966042518616,
      0.3242396414279938,
      0.29420557618141174,
      0.4984481930732727,
      0.48647168278694153,
      0.3262985646724701,
      0.4889366626739502,
      0.6245294213294983,
      1.0,
      0.685093104839325,
      0.20908716320991516,
      0.16790924966335297,
      0.3098030388355255,
      0.2434789091348648
    ],
    [
      0.5042758584022522,
      0.3165024518966675,
      0.5436020493507385,
      0.4059256613254547,
      0.36938583850860596,
      0.6767182350158691,
      0.5580475926399231,
      0.3927752673625946,
      0.5070692896842957,
      0.7146848440170288,
      0.685093104839325,
      1.0,
      0.2481023669242859,
      0.2565930485725403,
      0.33873721957206726,
      0.24259132146835327
    ],
    [
      0.34516042470932007,
      0.25758230686187744,
      0.297046959400177,
      0.3969077169895172,
      0.39183348417282104,
      0.2930460274219513,
      0.35125547647476196,
      0.2467813342809677,
      0.22393906116485596,
      0.2017875611782074,
      0.20908716320991516,
      0.2481023669242859,
      1.0,
      0.08168349415063858,
      0.23476992547512054,
      0.2326788604259491
    ],
    [
      0.22072038054466248,
      0.22163529694080353,
      0.31994950771331787,
      0.17060470581054688,
      0.19594848155975342,
      0.4019792675971985,
      0.21540696918964386,
      0.12010341882705688,
      0.1532161682844162,
      0.3150946795940399,
      0.16790924966335297,
      0.2565930485725403,
      0.08168349415063858,
      1.0,
      0.17610429227352142,
      0.16830448806285858
    ],
    [
      0.37315240502357483,
      0.3771095275878906,
      0.32421597838401794,
      0.40544432401657104,
      0.4092946946620941,
      0.3081214427947998,
      0.4470660090446472,
      0.4724816083908081,
      0.36874619126319885,
      0.3110395073890686,
      0.3098030388355255,
      0.33873721957206726,
      0.23476992547512054,
      0.17610429227352142,
      1.0000001192092896,
      0.275644451379776
    ],
    [
      0.3174937665462494,
      0.5615805983543396,
      0.3743060231208801,
      0.29605239629745483,
      0.15571126341819763,
      0.20591911673545837,
      0.2612565755844116,
      0.22266875207424164,
      0.33914974331855774,
      0.31679826974868774,
      0.2434789091348648,
      0.24259132146835327,
      0.2326788604259491,
      0.16830448806285858,
      0.275644451379776,
      1.0000001192092896
    ]
  ]
}