{
  "game_number": 33,
  "words": [
    "ATTITUDE",
    "CHEEK",
    "LIP",
    "MOUTH",
    "CUSHION",
    "DAMPEN",
    "SOFTEN",
    "TEMPER",
    "CAMO",
    "CHECKERS",
    "HONEYCOMB",
    "STRIPES",
    "CHESS",
    "CUTIE",
    "HUMBLE",
    "WHOOPIE"
  ],
  "adjacency_matrix": [
    [
      0.9999999403953552,
      0.3823075294494629,
      0.3534003496170044,
      0.34341785311698914,
      0.25228098034858704,
      0.3889990448951721,
      0.3633613884449005,
      0.5309436321258545,
      0.2720564305782318,
      0.24990972876548767,
      0.17976132035255432,
      0.33258748054504395,
      0.29556721448898315,
      0.27177345752716064,
      0.4617580771446228,
      0.2588512897491455
    ],
    [
      0.3823075294494629,
      0.9999999403953552,
      0.6602069735527039,
      0.590440571308136,
      0.3680184483528137,
      0.29640451073646545,
      0.3912542164325714,
      0.3605017066001892,
      0.26657822728157043,
      0.16855263710021973,
      0.3275630474090576,
      0.3781696856021881,
      0.13314007222652435,
      0.41016900539398193,
      0.37913942337036133,
      0.41717731952667236
    ],
    [
      0.3534003496170044,
      0.6602069735527039,
      1.0,
      0.5816903710365295,
      0.4170098602771759,
      0.3103049397468567,
      0.36146485805511475,
      0.29447251558303833,
      0.242431640625,
      0.1622399538755417,
      0.31364479660987854,
      0.32992610335350037,
      0.16702592372894287,
      0.3203674852848053,
      0.2832448482513428,
      0.36567169427871704
    ],
    [
      0.34341785311698914,
      0.590440571308136,
      0.5816903710365295,
      1.0,
      0.309543639421463,
      0.2382802665233612,
      0.30939993262290955,
      0.24967603385448456,
      0.1836705058813095,
      0.17097768187522888,
      0.2675727307796478,
      0.23869845271110535,
      0.13007058203220367,
      0.2770580053329468,
      0.2822464406490326,
      0.2920701503753662
    ],
    [
      0.25228098034858704,
      0.3680184483528137,
      0.4170098602771759,
      0.309543639421463,
      1.0,
      0.4496171176433563,
      0.4959545135498047,
      0.26680609583854675,
      0.2850198745727539,
      0.24861107766628265,
      0.36437323689460754,
      0.2986133396625519,
      0.2258443385362625,
      0.24147002398967743,
      0.26872774958610535,
      0.43522679805755615
    ],
    [
      0.3889990448951721,
      0.29640451073646545,
      0.3103049397468567,
      0.2382802665233612,
      0.4496171176433563,
      0.9999999403953552,
      0.5878703594207764,
      0.5068651437759399,
      0.20019760727882385,
      0.18213434517383575,
      0.26994091272354126,
      0.2524878680706024,
      0.20852071046829224,
      0.2215186208486557,
      0.30098050832748413,
      0.29094308614730835
    ],
    [
      0.3633613884449005,
      0.3912542164325714,
      0.36146485805511475,
      0.30939993262290955,
      0.4959545135498047,
      0.5878703594207764,
      1.0,
      0.4956602454185486,
      0.217814639210701,
      0.17031589150428772,
      0.27353405952453613,
      0.2846677005290985,
      0.18125861883163452,
      0.2470208704471588,
      0.33954814076423645,
      0.24704083800315857
    ],
    [
      0.5309436321258545,
      0.3605017066001892,
      0.29447251558303833,
      0.24967603385448456,
      0.26680609583854675,
      0.5068651437759399,
      0.4956602454185486,
      1.0,
      0.20786641538143158,
      0.15640242397785187,
      0.21840694546699524,
      0.25986987352371216,
      0.23790211975574493,
      0.27563291788101196,
      0.4311859905719757,
      0.2575921416282654
    ],
    [
      0.2720564305782318,
      0.26657822728157043,
      0.242431640625,
      0.1836705058813095,
      0.2850198745727539,
      0.20019760727882385,
      0.217814639210701,
      0.20786641538143158,
      1.0,
      0.2539510130882263,
      0.3114989101886749,
      0.4388357698917389,
      0.21305252611637115,
      0.4358941912651062,
      0.2674107849597931,
      0.369814395904541
    ],
    [
      0.24990972876548767,
      0.16855263710021973,
      0.1622399538755417,
      0.17097768187522888,
      0.24861107766628265,
      0.18213434517383575,
      0.17031589150428772,
      0.15640242397785187,
      0.2539510130882263,
      1.0,
      0.201210156083107,
      0.3749323785305023,
      0.5531046986579895,
      0.24985285103321075,
      0.20469407737255096,
      0.3006618320941925
    ],
    [
      0.17976132035255432,
      0.3275630474090576,
      0.31364479660987854,
      0.2675727307796478,
      0.36437323689460754,
      0.26994091272354126,
      0.27353405952453613,
      0.21840694546699524,
      0.3114989101886749,
      0.201210156083107,
      1.0,
      0.35602110624313354,
      0.23961597681045532,
      0.32353243231773376,
      0.28168511390686035,
      0.31410297751426697
    ],
    [
      0.33258748054504395,
      0.3781696856021881,
      0.32992610335350037,
      0.23869845271110535,
      0.2986133396625519,
      0.2524878680706024,
      0.2846677005290985,
      0.25986987352371216,
      0.4388357698917389,
      0.3749323785305023,
      0.35602110624313354,
      0.9999999403953552,
      0.215464785695076,
      0.2938896715641022,
      0.29670578241348267,
      0.3404269218444824
    ],
    [
      0.29556721448898315,
      0.13314007222652435,
      0.16702592372894287,
      0.13007058203220367,
      0.2258443385362625,
      0.20852071046829224,
      0.18125861883163452,
      0.23790211975574493,
      0.21305252611637115,
      0.5531046986579895,
      0.23961597681045532,
      0.215464785695076,
      1.0,
      0.2384253442287445,
      0.24249951541423798,
      0.29933667182922363
    ],
    [
      0.27177345752716064,
      0.41016900539398193,
      0.3203674852848053,
      0.2770580053329468,
      0.24147002398967743,
      0.2215186208486557,
      0.2470208704471588,
      0.27563291788101196,
      0.4358941912651062,
      0.24985285103321075,
      0.32353243231773376,
      0.2938896715641022,
      0.2384253442287445,
      1.0,
      0.39213553071022034,
      0.497200071811676
    ],
    [
      0.4617580771446228,
      0.37913942337036133,
      0.2832448482513428,
      0.2822464406490326,
      0.26872774958610535,
      0.30098050832748413,
      0.33954814076423645,
      0.4311859905719757,
      0.2674107849597931,
      0.20469407737255096,
      0.28168511390686035,
      0.29670578241348267,
      0.24249951541423798,
      0.39213553071022034,
      1.0,
      0.2864888608455658
    ],
    [
      0.2588512897491455,
      0.41717731952667236,
      0.36567169427871704,
      0.2920701503753662,
      0.43522679805755615,
      0.29094308614730835,
      0.24704083800315857,
      0.2575921416282654,
      0.369814395904541,
      0.3006618320941925,
      0.31410297751426697,
      0.3404269218444824,
      0.29933667182922363,
      0.497200071811676,
      0.2864888608455658,
      1.0
    ]
  ]
}