{"game_number":281,"words":["DEAD","HAHA","LOL","ROFL","DADA","DECO","GOTHIC","POP","HOOK","NANA","PETER","WENDY","BIRD","GAGA","LUCK","MACBETH"],"adjacency_matrix":[[1.0,0.18201874196529388,0.18662810325622559,0.10247687995433807,0.3124244213104248,0.25350749492645264,0.319470077753067,0.29836681485176086,0.35347387194633484,0.24645069241523743,0.40166378021240234,0.33162155747413635,0.42998823523521423,0.34908726811408997,0.325873464345932,0.39227357506752014],[0.18201874196529388,0.9999999403953552,0.9018348455429077,0.6886407136917114,0.2745382785797119,0.20278210937976837,0.18680818378925323,0.22696524858474731,0.23282088339328766,0.37849289178848267,0.2652425169944763,0.3786313235759735,0.16015653312206268,0.3519339859485626,0.3565670847892761,0.27925965189933777],[0.18662810325622559,0.9018348455429077,1.0,0.7170125246047974,0.26660552620887756,0.2111477106809616,0.20762141048908234,0.24708592891693115,0.2067725509405136,0.3328390419483185,0.2902590036392212,0.39194726943969727,0.13827097415924072,0.3658771216869354,0.3138742446899414,0.2939309775829315],[0.10247687995433807,0.6886407136917114,0.7170125246047974,1.0,0.19215857982635498,0.1395607888698578,0.10980221629142761,0.11317163705825806,0.06251566857099533,0.2763538062572479,0.2370782196521759,0.34733346104621887,0.0530308373272419,0.3040145933628082,0.16199146211147308,0.20261596143245697],[0.3124244213104248,0.2745382785797119,0.26660552620887756,0.19215857982635498,1.0,0.4090839624404907,0.3170299828052521,0.4252469837665558,0.24094635248184204,0.5096924304962158,0.3965397775173187,0.3515460193157196,0.32280293107032776,0.4907744526863098,0.19943879544734955,0.4668491780757904],[0.25350749492645264,0.20278210937976837,0.2111477106809616,0.1395607888698578,0.4090839624404907,1.0,0.5006625652313232,0.42952993512153625,0.27356037497520447,0.2746891677379608,0.333067923784256,0.3278071880340576,0.26164737343788147,0.37543347477912903,0.25180119276046753,0.341207355260849],[0.319470077753067,0.18680818378925323,0.20762141048908234,0.10980221629142761,0.3170299828052521,0.5006625652313232,1.0,0.49186500906944275,0.254541277885437,0.22633861005306244,0.2764130234718323,0.286253958940506,0.26570945978164673,0.33835527300834656,0.2059246450662613,0.4451299011707306],[0.29836681485176086,0.22696524858474731,0.24708592891693115,0.11317163705825806,0.4252469837665558,0.42952993512153625,0.49186500906944275,0.9999999403953552,0.4093785285949707,0.30718669295310974,0.3094535171985626,0.27928411960601807,0.33899328112602234,0.4790048897266388,0.24528340995311737,0.3238219916820526],[0.35347387194633484,0.23282088339328766,0.2067725509405136,0.06251566857099533,0.24094635248184204,0.27356037497520447,0.254541277885437,0.4093785285949707,1.0,0.18266195058822632,0.34444549679756165,0.2864750027656555,0.36626753211021423,0.3251781165599823,0.3227490186691284,0.3274197578430176],[0.24645069241523743,0.37849289178848267,0.3328390419483185,0.2763538062572479,0.5096924304962158,0.2746891677379608,0.22633861005306244,0.30718669295310974,0.18266195058822632,1.0,0.36022159457206726,0.4157135784626007,0.3364437520503998,0.514377772808075,0.21087126433849335,0.48584118485450745],[0.40166378021240234,0.2652425169944763,0.2902590036392212,0.2370782196521759,0.3965397775173187,0.333067923784256,0.2764130234718323,0.3094535171985626,0.34444549679756165,0.36022159457206726,0.9999999403953552,0.5520088076591492,0.28693079948425293,0.4362037181854248,0.31539037823677063,0.43006882071495056],[0.33162155747413635,0.3786313235759735,0.39194726943969727,0.34733346104621887,0.3515460193157196,0.3278071880340576,0.286253958940506,0.27928411960601807,0.2864750027656555,0.4157135784626007,0.5520088076591492,0.9999999403953552,0.24448662996292114,0.4354284405708313,0.2423442155122757,0.3925948441028595],[0.42998823523521423,0.16015653312206268,0.13827097415924072,0.0530308373272419,0.32280293107032776,0.26164737343788147,0.26570945978164673,0.33899328112602234,0.36626753211021423,0.3364437520503998,0.28693079948425293,0.24448662996292114,1.0,0.33175626397132874,0.28656888008117676,0.3991217017173767],[0.34908726811408997,0.3519339859485626,0.3658771216869354,0.3040145933628082,0.4907744526863098,0.37543347477912903,0.33835527300834656,0.4790048897266388,0.3251781165599823,0.514377772808075,0.4362037181854248,0.4354284405708313,0.33175626397132874,1.0,0.21045711636543274,0.5050647854804993],[0.325873464345932,0.3565670847892761,0.3138742446899414,0.16199146211147308,0.19943879544734955,0.25180119276046753,0.2059246450662613,0.24528340995311737,0.3227490186691284,0.21087126433849335,0.31539037823677063,0.2423442155122757,0.28656888008117676,0.21045711636543274,1.0,0.2574174106121063],[0.39227357506752014,0.27925965189933777,0.2939309775829315,0.20261596143245697,0.4668491780757904,0.341207355260849,0.4451299011707306,0.3238219916820526,0.3274197578430176,0.48584118485450745,0.43006882071495056,0.3925948441028595,0.3991217017173767,0.5050647854804993,0.2574174106121063,1.0]]}