{
  "game_number": 337,
  "words": [
    "FIRST",
    "INITIAL",
    "MAIDEN",
    "PREMIER",
    "BACK",
    "CHAMPION",
    "ENDORSE",
    "SUPPORT",
    "HERE",
    "THEME",
    "USE",
    "WEE",
    "DRAIN",
    "DUCT",
    "PIPE",
    "SEWER"
  ],
  "adjacency_matrix": [
    [
      1.0,
      0.6876792311668396,
      0.4406053423881531,
      0.5352104902267456,
      0.48586586117744446,
      0.42769378423690796,
      0.3266342580318451,
      0.41423818469047546,
      0.46824973821640015,
      0.4197447597980499,
      0.5043503642082214,
      0.39035266637802124,
      0.28891828656196594,
      0.14266711473464966,
      0.2753877639770508,
      0.22135907411575317
    ],
    [
      0.6876792311668396,
      1.0,
      0.39072832465171814,
      0.3810875415802002,
      0.4236525297164917,
      0.3127279579639435,
      0.35711386799812317,
      0.515097975730896,
      0.3192344903945923,
      0.41928526759147644,
      0.4414491355419159,
      0.3382570445537567,
      0.3169407844543457,
      0.23967669904232025,
      0.27150461077690125,
      0.28750699758529663
    ],
    [
      0.4406053423881531,
      0.39072832465171814,
      1.0,
      0.3876012861728668,
      0.32903918623924255,
      0.3527793288230896,
      0.17338894307613373,
      0.2658963203430176,
      0.27142828702926636,
      0.33129581809043884,
      0.3149094581604004,
      0.34374505281448364,
      0.20589996874332428,
      0.18729519844055176,
      0.3051263391971588,
      0.231525257229805
    ],
    [
      0.5352104902267456,
      0.3810875415802002,
      0.3876012861728668,
      0.9999999403953552,
      0.3507883846759796,
      0.5643348693847656,
      0.3085484504699707,
      0.38449418544769287,
      0.3077925741672516,
      0.36642202734947205,
      0.32338547706604004,
      0.2632676064968109,
      0.24765251576900482,
      0.15853075683116913,
      0.28206512331962585,
      0.27006518840789795
    ],
    [
      0.48586586117744446,
      0.4236525297164917,
      0.32903918623924255,
      0.3507883846759796,
      1.0,
      0.36965298652648926,
      0.31947192549705505,
      0.5378342270851135,
      0.5750730037689209,
      0.3156428039073944,
      0.44090381264686584,
      0.30569568276405334,
      0.4686182737350464,
      0.24468065798282623,
      0.350652813911438,
      0.3375619947910309
    ],
    [
      0.42769378423690796,
      0.3127279579639435,
      0.3527793288230896,
      0.5643348693847656,
      0.36965298652648926,
      1.0,
      0.3593796193599701,
      0.41451796889305115,
      0.295107901096344,
      0.3515804708003998,
      0.31801679730415344,
      0.20317630469799042,
      0.3147985637187958,
      0.16087406873703003,
      0.2851974070072174,
      0.24820786714553833
    ],
    [
      0.3266342580318451,
      0.35711386799812317,
      0.17338894307613373,
      0.3085484504699707,
      0.31947192549705505,
      0.3593796193599701,
      1.0,
      0.6090399622917175,
      0.35220420360565186,
      0.3369194567203522,
      0.49584072828292847,
      0.15077835321426392,
      0.19955891370773315,
      0.11652855575084686,
      0.1759139597415924,
      0.14972363412380219
    ],
    [
      0.41423818469047546,
      0.515097975730896,
      0.2658963203430176,
      0.38449418544769287,
      0.5378342270851135,
      0.41451796889305115,
      0.6090399622917175,
      1.0,
      0.44330450892448425,
      0.3574506938457489,
      0.595678985118866,
      0.2215404063463211,
      0.40167033672332764,
      0.23356997966766357,
      0.3234997093677521,
      0.28428247570991516
    ],
    [
      0.46824973821640015,
      0.3192344903945923,
      0.27142828702926636,
      0.3077925741672516,
      0.5750730037689209,
      0.295107901096344,
      0.35220420360565186,
      0.44330450892448425,
      1.0,
      0.418282687664032,
      0.45677441358566284,
      0.3230983316898346,
      0.284786581993103,
      0.09678969532251358,
      0.2481606900691986,
      0.18841810524463654
    ],
    [
      0.4197447597980499,
      0.41928526759147644,
      0.33129581809043884,
      0.36642202734947205,
      0.3156428039073944,
      0.3515804708003998,
      0.3369194567203522,
      0.3574506938457489,
      0.418282687664032,
      1.0,
      0.37991833686828613,
      0.23695166409015656,
      0.2572944760322571,
      0.23108994960784912,
      0.32577213644981384,
      0.28597432374954224
    ],
    [
      0.5043503642082214,
      0.4414491355419159,
      0.3149094581604004,
      0.32338547706604004,
      0.44090381264686584,
      0.31801679730415344,
      0.49584072828292847,
      0.595678985118866,
      0.45677441358566284,
      0.37991833686828613,
      1.0,
      0.276615172624588,
      0.4169037938117981,
      0.2358490377664566,
      0.3708152770996094,
      0.26451727747917175
    ],
    [
      0.39035266637802124,
      0.3382570445537567,
      0.34374505281448364,
      0.2632676064968109,
      0.30569568276405334,
      0.20317630469799042,
      0.15077835321426392,
      0.2215404063463211,
      0.3230983316898346,
      0.23695166409015656,
      0.276615172624588,
      0.9999999403953552,
      0.3201262950897217,
      0.15939092636108398,
      0.30989447236061096,
      0.26549091935157776
    ],
    [
      0.28891828656196594,
      0.3169407844543457,
      0.20589996874332428,
      0.24765251576900482,
      0.4686182737350464,
      0.3147985637187958,
      0.19955891370773315,
      0.40167033672332764,
      0.284786581993103,
      0.2572944760322571,
      0.4169037938117981,
      0.3201262950897217,
      0.9999999403953552,
      0.41179439425468445,
      0.48702460527420044,
      0.5806692242622375
    ],
    [
      0.14266711473464966,
      0.23967669904232025,
      0.18729519844055176,
      0.15853075683116913,
      0.24468065798282623,
      0.16087406873703003,
      0.11652855575084686,
      0.23356997966766357,
      0.09678969532251358,
      0.23108994960784912,
      0.2358490377664566,
      0.15939092636108398,
      0.41179439425468445,
      1.0,
      0.5016453266143799,
      0.4792706370353699
    ],
    [
      0.2753877639770508,
      0.27150461077690125,
      0.3051263391971588,
      0.28206512331962585,
      0.350652813911438,
      0.2851974070072174,
      0.1759139597415924,
      0.3234997093677521,
      0.2481606900691986,
      0.32577213644981384,
      0.3708152770996094,
      0.30989447236061096,
      0.48702460527420044,
      0.5016453266143799,
      1.0,
      0.5630045533180237
    ],
    [
      0.22135907411575317,
      0.28750699758529663,
      0.231525257229805,
      0.27006518840789795,
      0.3375619947910309,
      0.24820786714553833,
      0.14972363412380219,
      0.28428247570991516,
      0.18841810524463654,
      0.28597432374954224,
      0.26451727747917175,
      0.26549091935157776,
      0.5806692242622375,
      0.4792706370353699,
      0.5630045533180237,
      1.0
    ]
  ]
}