{
  "game_number": 131,
  "words": [
    "BUNK",
    "CRASH",
    "SLEEP",
    "STAY",
    "DEW",
    "ROOSTER",
    "SUNRISE",
    "WORM",
    "CIRCLE",
    "STAR",
    "TRIANGLE",
    "UMBRELLA",
    "BOARDWALK",
    "DOCK",
    "LIGHTHOUSE",
    "WHARF"
  ],
  "adjacency_matrix": [
    [
      1.0,
      0.3130609095096588,
      0.5348978638648987,
      0.3834448754787445,
      0.15746165812015533,
      0.30624014139175415,
      0.2666400969028473,
      0.25250911712646484,
      0.2967545688152313,
      0.24458126723766327,
      0.3379632234573364,
      0.33275899291038513,
      0.20447216928005219,
      0.378126859664917,
      0.3250526785850525,
      0.31967049837112427
    ],
    [
      0.3130609095096588,
      1.0,
      0.35194891691207886,
      0.3360462784767151,
      0.13795612752437592,
      0.28145670890808105,
      0.30402296781539917,
      0.33712905645370483,
      0.2851557433605194,
      0.2904914617538452,
      0.34677958488464355,
      0.14653128385543823,
      0.23513850569725037,
      0.320636123418808,
      0.22059068083763123,
      0.2339860051870346
    ],
    [
      0.5348978638648987,
      0.35194891691207886,
      0.9999999403953552,
      0.4970157742500305,
      0.2845315933227539,
      0.3541463017463684,
      0.42644062638282776,
      0.33444252610206604,
      0.26046788692474365,
      0.30727389454841614,
      0.29893285036087036,
      0.25257033109664917,
      0.2140425145626068,
      0.3297305107116699,
      0.2683146297931671,
      0.24168865382671356
    ],
    [
      0.3834448754787445,
      0.3360462784767151,
      0.4970157742500305,
      1.0,
      0.1452590823173523,
      0.3171968460083008,
      0.3430613577365875,
      0.22052642703056335,
      0.34569844603538513,
      0.34929272532463074,
      0.33028578758239746,
      0.3041093647480011,
      0.2656369209289551,
      0.43527859449386597,
      0.3289259374141693,
      0.2797919511795044
    ],
    [
      0.15746165812015533,
      0.13795612752437592,
      0.2845315933227539,
      0.1452590823173523,
      1.0,
      0.28108808398246765,
      0.3992658257484436,
      0.3437303900718689,
      0.18416856229305267,
      0.2103431522846222,
      0.20669713616371155,
      0.2341637909412384,
      0.07078760862350464,
      0.1370924860239029,
      0.15668316185474396,
      0.11534087359905243
    ],
    [
      0.30624014139175415,
      0.28145670890808105,
      0.3541463017463684,
      0.3171968460083008,
      0.28108808398246765,
      1.0,
      0.4009077847003937,
      0.39027056097984314,
      0.32442206144332886,
      0.387382835149765,
      0.3312164545059204,
      0.2346424162387848,
      0.25428396463394165,
      0.27675920724868774,
      0.3437865376472473,
      0.2644883990287781
    ],
    [
      0.2666400969028473,
      0.30402296781539917,
      0.42644062638282776,
      0.3430613577365875,
      0.3992658257484436,
      0.4009077847003937,
      1.0,
      0.2677423655986786,
      0.3336792588233948,
      0.3418538570404053,
      0.3225078880786896,
      0.2589540481567383,
      0.32532206177711487,
      0.32196974754333496,
      0.4340049922466278,
      0.33487600088119507
    ],
    [
      0.25250911712646484,
      0.33712905645370483,
      0.33444252610206604,
      0.22052642703056335,
      0.3437303900718689,
      0.39027056097984314,
      0.2677423655986786,
      0.9999999403953552,
      0.3664339482784271,
      0.3353476822376251,
      0.31596869230270386,
      0.2334991842508316,
      0.16595964133739471,
      0.27920323610305786,
      0.23155565559864044,
      0.24308601021766663
    ],
    [
      0.2967545688152313,
      0.2851557433605194,
      0.26046788692474365,
      0.34569844603538513,
      0.18416856229305267,
      0.32442206144332886,
      0.3336792588233948,
      0.3664339482784271,
      1.0,
      0.4223942160606384,
      0.6594417095184326,
      0.35130733251571655,
      0.28382188081741333,
      0.37116122245788574,
      0.3199246823787689,
      0.30883413553237915
    ],
    [
      0.24458126723766327,
      0.2904914617538452,
      0.30727389454841614,
      0.34929272532463074,
      0.2103431522846222,
      0.387382835149765,
      0.3418538570404053,
      0.3353476822376251,
      0.4223942160606384,
      1.0,
      0.4516265094280243,
      0.31550082564353943,
      0.28194737434387207,
      0.3094947040081024,
      0.37427207827568054,
      0.26160192489624023
    ],
    [
      0.3379632234573364,
      0.34677958488464355,
      0.29893285036087036,
      0.33028578758239746,
      0.20669713616371155,
      0.3312164545059204,
      0.3225078880786896,
      0.31596869230270386,
      0.6594417095184326,
      0.4516265094280243,
      1.0,
      0.3435961604118347,
      0.3222258388996124,
      0.3819427490234375,
      0.36031970381736755,
      0.3532097637653351
    ],
    [
      0.33275899291038513,
      0.14653128385543823,
      0.25257033109664917,
      0.3041093647480011,
      0.2341637909412384,
      0.2346424162387848,
      0.2589540481567383,
      0.2334991842508316,
      0.35130733251571655,
      0.31550082564353943,
      0.3435961604118347,
      0.9999999403953552,
      0.2290644496679306,
      0.29352208971977234,
      0.275953471660614,
      0.2750116288661957
    ],
    [
      0.20447216928005219,
      0.23513850569725037,
      0.2140425145626068,
      0.2656369209289551,
      0.07078760862350464,
      0.25428396463394165,
      0.32532206177711487,
      0.16595964133739471,
      0.28382188081741333,
      0.28194737434387207,
      0.3222258388996124,
      0.2290644496679306,
      1.0,
      0.39502203464508057,
      0.4243612587451935,
      0.46453967690467834
    ],
    [
      0.378126859664917,
      0.320636123418808,
      0.3297305107116699,
      0.43527859449386597,
      0.1370924860239029,
      0.27675920724868774,
      0.32196974754333496,
      0.27920323610305786,
      0.37116122245788574,
      0.3094947040081024,
      0.3819427490234375,
      0.29352208971977234,
      0.39502203464508057,
      1.0,
      0.47524386644363403,
      0.7102504372596741
    ],
    [
      0.3250526785850525,
      0.22059068083763123,
      0.2683146297931671,
      0.3289259374141693,
      0.15668316185474396,
      0.3437865376472473,
      0.4340049922466278,
      0.23155565559864044,
      0.3199246823787689,
      0.37427207827568054,
      0.36031970381736755,
      0.275953471660614,
      0.4243612587451935,
      0.47524386644363403,
      1.0,
      0.5220180153846741
    ],
    [
      0.31967049837112427,
      0.2339860051870346,
      0.24168865382671356,
      0.2797919511795044,
      0.11534087359905243,
      0.2644883990287781,
      0.33487600088119507,
      0.24308601021766663,
      0.30883413553237915,
      0.26160192489624023,
      0.3532097637653351,
      0.2750116288661957,
      0.46453967690467834,
      0.7102504372596741,
      0.5220180153846741,
      0.9999999403953552
    ]
  ]
}