{
  "game_number": 40,
  "words": [
    "BURN",
    "KNOCK",
    "SLIGHT",
    "ZING",
    "EXPIRATION",
    "NAME",
    "NUMBER",
    "ZIP",
    "GLOSSY",
    "MAG",
    "RAG",
    "ZINE",
    "BUBBLY",
    "CAB",
    "CHARD",
    "ZIN"
  ],
  "adjacency_matrix": [
    [
      1.0,
      0.4792603850364685,
      0.3381703794002533,
      0.32849833369255066,
      0.26660478115081787,
      0.2950980067253113,
      0.27970534563064575,
      0.34143027663230896,
      0.2516669034957886,
      0.1819263994693756,
      0.43154945969581604,
      0.23845155537128448,
      0.23011672496795654,
      0.22109414637088776,
      0.3153083026409149,
      0.27483904361724854
    ],
    [
      0.4792603850364685,
      1.0,
      0.38821783661842346,
      0.419910728931427,
      0.25942349433898926,
      0.31449785828590393,
      0.3613700270652771,
      0.3377275764942169,
      0.26182305812835693,
      0.13994699716567993,
      0.3430955410003662,
      0.1771903932094574,
      0.29127249121665955,
      0.35955810546875,
      0.28175151348114014,
      0.3130292594432831
    ],
    [
      0.3381703794002533,
      0.38821783661842346,
      1.0,
      0.40456974506378174,
      0.25285854935646057,
      0.34197622537612915,
      0.4005492925643921,
      0.27391737699508667,
      0.3664613366127014,
      0.12643778324127197,
      0.252436101436615,
      0.17853909730911255,
      0.34773626923561096,
      0.20617449283599854,
      0.32296597957611084,
      0.25545209646224976
    ],
    [
      0.32849833369255066,
      0.419910728931427,
      0.40456974506378174,
      0.9999999403953552,
      0.19822296500205994,
      0.31168076395988464,
      0.24961675703525543,
      0.4542078971862793,
      0.4203929901123047,
      0.2782825529575348,
      0.3305922746658325,
      0.37630435824394226,
      0.4407505691051483,
      0.2126370221376419,
      0.34979674220085144,
      0.5057252049446106
    ],
    [
      0.26660478115081787,
      0.25942349433898926,
      0.25285854935646057,
      0.19822296500205994,
      1.0,
      0.3414957821369171,
      0.3368872106075287,
      0.19575197994709015,
      0.14177961647510529,
      0.09973213076591492,
      0.16161386668682098,
      0.14907759428024292,
      0.2409287542104721,
      0.1905565708875656,
      0.22623835504055023,
      0.163430318236351
    ],
    [
      0.2950980067253113,
      0.31449785828590393,
      0.34197622537612915,
      0.31168076395988464,
      0.3414957821369171,
      1.0,
      0.48033663630485535,
      0.3557703197002411,
      0.25273945927619934,
      0.19247804582118988,
      0.3528819978237152,
      0.27387598156929016,
      0.26419657468795776,
      0.29596391320228577,
      0.33101120591163635,
      0.27961042523384094
    ],
    [
      0.27970534563064575,
      0.3613700270652771,
      0.4005492925643921,
      0.24961675703525543,
      0.3368872106075287,
      0.48033663630485535,
      1.0,
      0.31863948702812195,
      0.2402462214231491,
      0.18649137020111084,
      0.24139432609081268,
      0.20305314660072327,
      0.2578216791152954,
      0.30340299010276794,
      0.3111080229282379,
      0.244606152176857
    ],
    [
      0.34143027663230896,
      0.3377275764942169,
      0.27391737699508667,
      0.4542078971862793,
      0.19575197994709015,
      0.3557703197002411,
      0.31863948702812195,
      1.0,
      0.2943189740180969,
      0.2463432401418686,
      0.3023587167263031,
      0.3096497058868408,
      0.24648089706897736,
      0.3052249550819397,
      0.27926406264305115,
      0.25647586584091187
    ],
    [
      0.2516669034957886,
      0.26182305812835693,
      0.3664613366127014,
      0.4203929901123047,
      0.14177961647510529,
      0.25273945927619934,
      0.2402462214231491,
      0.2943189740180969,
      1.0,
      0.4273271858692169,
      0.4495668113231659,
      0.40034064650535583,
      0.5011577606201172,
      0.2152472585439682,
      0.3685532212257385,
      0.373796284198761
    ],
    [
      0.1819263994693756,
      0.13994699716567993,
      0.12643778324127197,
      0.2782825529575348,
      0.09973213076591492,
      0.19247804582118988,
      0.18649137020111084,
      0.2463432401418686,
      0.4273271858692169,
      1.0000001192092896,
      0.48336371779441833,
      0.4825989007949829,
      0.21474263072013855,
      0.2091623842716217,
      0.24604180455207825,
      0.396999329328537
    ],
    [
      0.43154945969581604,
      0.3430955410003662,
      0.252436101436615,
      0.3305922746658325,
      0.16161386668682098,
      0.3528819978237152,
      0.24139432609081268,
      0.3023587167263031,
      0.4495668113231659,
      0.48336371779441833,
      1.0,
      0.38896358013153076,
      0.3230326771736145,
      0.30854469537734985,
      0.3156147301197052,
      0.3412996828556061
    ],
    [
      0.23845155537128448,
      0.1771903932094574,
      0.17853909730911255,
      0.37630435824394226,
      0.14907759428024292,
      0.27387598156929016,
      0.20305314660072327,
      0.3096497058868408,
      0.40034064650535583,
      0.4825989007949829,
      0.38896358013153076,
      0.9999999403953552,
      0.23691032826900482,
      0.18275097012519836,
      0.21400532126426697,
      0.42212289571762085
    ],
    [
      0.23011672496795654,
      0.29127249121665955,
      0.34773626923561096,
      0.4407505691051483,
      0.2409287542104721,
      0.26419657468795776,
      0.2578216791152954,
      0.24648089706897736,
      0.5011577606201172,
      0.21474263072013855,
      0.3230326771736145,
      0.23691032826900482,
      1.0,
      0.2282537817955017,
      0.3776087760925293,
      0.3783298432826996
    ],
    [
      0.22109414637088776,
      0.35955810546875,
      0.20617449283599854,
      0.2126370221376419,
      0.1905565708875656,
      0.29596391320228577,
      0.30340299010276794,
      0.3052249550819397,
      0.2152472585439682,
      0.2091623842716217,
      0.30854469537734985,
      0.18275097012519836,
      0.2282537817955017,
      1.0,
      0.2381691038608551,
      0.2930971086025238
    ],
    [
      0.3153083026409149,
      0.28175151348114014,
      0.32296597957611084,
      0.34979674220085144,
      0.22623835504055023,
      0.33101120591163635,
      0.3111080229282379,
      0.27926406264305115,
      0.3685532212257385,
      0.24604180455207825,
      0.3156147301197052,
      0.21400532126426697,
      0.3776087760925293,
      0.2381691038608551,
      1.0,
      0.4018433094024658
    ],
    [
      0.27483904361724854,
      0.3130292594432831,
      0.25545209646224976,
      0.5057252049446106,
      0.163430318236351,
      0.27961042523384094,
      0.244606152176857,
      0.25647586584091187,
      0.373796284198761,
      0.396999329328537,
      0.3412996828556061,
      0.42212289571762085,
      0.3783298432826996,
      0.2930971086025238,
      0.4018433094024658,
      1.0
    ]
  ]
}