{
  "game_number": 490,
  "words": [
    "PERCH",
    "ROOST",
    "SETTLE",
    "LAND",
    "EYELET",
    "LACE",
    "SOLE",
    "TONGUE",
    "BABY",
    "BLOW",
    "PACKAGE",
    "SPEECH",
    "BANK",
    "BED",
    "DELTA",
    "MOUTH"
  ],
  "adjacency_matrix": [
    [
      1.0,
      0.4611591696739197,
      0.3465369939804077,
      0.4020054340362549,
      0.3565737307071686,
      0.3274158239364624,
      0.3898586928844452,
      0.40129175782203674,
      0.3325236439704895,
      0.29800403118133545,
      0.24289703369140625,
      0.26952338218688965,
      0.4157918095588684,
      0.40382981300354004,
      0.29037773609161377,
      0.36743229627609253
    ],
    [
      0.4611591696739197,
      1.0,
      0.3739053010940552,
      0.321954607963562,
      0.21651899814605713,
      0.19781889021396637,
      0.3326359689235687,
      0.1899818629026413,
      0.2869730591773987,
      0.3280666172504425,
      0.18884998559951782,
      0.20019833743572235,
      0.2809286415576935,
      0.3569129705429077,
      0.200798898935318,
      0.20938824117183685
    ],
    [
      0.3465369939804077,
      0.3739053010940552,
      1.0,
      0.5367804169654846,
      0.2582107484340668,
      0.3072209358215332,
      0.32338520884513855,
      0.2857601046562195,
      0.33950933814048767,
      0.4349752366542816,
      0.3202495574951172,
      0.2359325885772705,
      0.4045659601688385,
      0.40958061814308167,
      0.26640135049819946,
      0.3307785391807556
    ],
    [
      0.4020054340362549,
      0.321954607963562,
      0.5367804169654846,
      1.0,
      0.23940086364746094,
      0.33338719606399536,
      0.4030909836292267,
      0.3725186884403229,
      0.3572828769683838,
      0.3480697572231293,
      0.3862329423427582,
      0.3498876988887787,
      0.4620038866996765,
      0.4074542820453644,
      0.38843247294425964,
      0.36606675386428833
    ],
    [
      0.3565737307071686,
      0.21651899814605713,
      0.2582107484340668,
      0.23940086364746094,
      1.0,
      0.5737462043762207,
      0.4129248857498169,
      0.46716076135635376,
      0.37280067801475525,
      0.3418649137020111,
      0.34346267580986023,
      0.2548005282878876,
      0.33773908019065857,
      0.4007624089717865,
      0.3056544065475464,
      0.4184317886829376
    ],
    [
      0.3274158239364624,
      0.19781889021396637,
      0.3072209358215332,
      0.33338719606399536,
      0.5737462043762207,
      1.0,
      0.3460471034049988,
      0.3840807378292084,
      0.3174836337566376,
      0.3249330520629883,
      0.3401840329170227,
      0.2563890516757965,
      0.2616375982761383,
      0.3949339687824249,
      0.2512021064758301,
      0.30782607197761536
    ],
    [
      0.3898586928844452,
      0.3326359689235687,
      0.32338520884513855,
      0.4030909836292267,
      0.4129248857498169,
      0.3460471034049988,
      1.0,
      0.4076530635356903,
      0.35232245922088623,
      0.33655020594596863,
      0.3408660590648651,
      0.30506280064582825,
      0.37587660551071167,
      0.36514267325401306,
      0.23951680958271027,
      0.3668178617954254
    ],
    [
      0.40129175782203674,
      0.1899818629026413,
      0.2857601046562195,
      0.3725186884403229,
      0.46716076135635376,
      0.3840807378292084,
      0.4076530635356903,
      1.0,
      0.39452236890792847,
      0.3287925124168396,
      0.24452990293502808,
      0.46848180890083313,
      0.2925351858139038,
      0.3719199299812317,
      0.3091585338115692,
      0.6626309156417847
    ],
    [
      0.3325236439704895,
      0.2869730591773987,
      0.33950933814048767,
      0.3572828769683838,
      0.37280067801475525,
      0.3174836337566376,
      0.35232245922088623,
      0.39452236890792847,
      1.0,
      0.32565179467201233,
      0.3446495831012726,
      0.29854077100753784,
      0.37163040041923523,
      0.451809823513031,
      0.295453816652298,
      0.37217310070991516
    ],
    [
      0.29800403118133545,
      0.3280666172504425,
      0.4349752366542816,
      0.3480697572231293,
      0.3418649137020111,
      0.3249330520629883,
      0.33655020594596863,
      0.3287925124168396,
      0.32565179467201233,
      1.0,
      0.3663940727710724,
      0.3081939220428467,
      0.30953916907310486,
      0.27721133828163147,
      0.18004323542118073,
      0.3514382839202881
    ],
    [
      0.24289703369140625,
      0.18884998559951782,
      0.3202495574951172,
      0.3862329423427582,
      0.34346267580986023,
      0.3401840329170227,
      0.3408660590648651,
      0.24452990293502808,
      0.3446495831012726,
      0.3663940727710724,
      0.9999999403953552,
      0.36191844940185547,
      0.34595224261283875,
      0.3077599108219147,
      0.2889104187488556,
      0.2572873532772064
    ],
    [
      0.26952338218688965,
      0.20019833743572235,
      0.2359325885772705,
      0.3498876988887787,
      0.2548005282878876,
      0.2563890516757965,
      0.30506280064582825,
      0.46848180890083313,
      0.29854077100753784,
      0.3081939220428467,
      0.36191844940185547,
      1.0000001192092896,
      0.2704232633113861,
      0.2815524935722351,
      0.20309287309646606,
      0.4004805088043213
    ],
    [
      0.4157918095588684,
      0.2809286415576935,
      0.4045659601688385,
      0.4620038866996765,
      0.33773908019065857,
      0.2616375982761383,
      0.37587660551071167,
      0.2925351858139038,
      0.37163040041923523,
      0.30953916907310486,
      0.34595224261283875,
      0.2704232633113861,
      1.0,
      0.40016087889671326,
      0.39851948618888855,
      0.4048908054828644
    ],
    [
      0.40382981300354004,
      0.3569129705429077,
      0.40958061814308167,
      0.4074542820453644,
      0.4007624089717865,
      0.3949339687824249,
      0.36514267325401306,
      0.3719199299812317,
      0.451809823513031,
      0.27721133828163147,
      0.3077599108219147,
      0.2815524935722351,
      0.40016087889671326,
      0.9999999403953552,
      0.3463715612888336,
      0.40976598858833313
    ],
    [
      0.29037773609161377,
      0.200798898935318,
      0.26640135049819946,
      0.38843247294425964,
      0.3056544065475464,
      0.2512021064758301,
      0.23951680958271027,
      0.3091585338115692,
      0.295453816652298,
      0.18004323542118073,
      0.2889104187488556,
      0.20309287309646606,
      0.39851948618888855,
      0.3463715612888336,
      1.0,
      0.41926926374435425
    ],
    [
      0.36743229627609253,
      0.20938824117183685,
      0.3307785391807556,
      0.36606675386428833,
      0.4184317886829376,
      0.30782607197761536,
      0.3668178617954254,
      0.6626309156417847,
      0.37217310070991516,
      0.3514382839202881,
      0.2572873532772064,
      0.4004805088043213,
      0.4048908054828644,
      0.40976598858833313,
      0.41926926374435425,
      1.0
    ]
  ]
}