{
  "game_number": 144,
  "words": [
    "BUFF",
    "FILE",
    "GRIND",
    "SAND",
    "FAVORITE",
    "PARLAY",
    "SPREAD",
    "UNDER",
    "BUTTER",
    "CHICKEN",
    "LADY",
    "STICKY",
    "BURN",
    "OUCH",
    "SNAP",
    "ZING"
  ],
  "adjacency_matrix": [
    [
      1.0,
      0.333171546459198,
      0.3107830882072449,
      0.35292521119117737,
      0.37637650966644287,
      0.35589057207107544,
      0.22014009952545166,
      0.1870613843202591,
      0.28265324234962463,
      0.325761616230011,
      0.3943958580493927,
      0.2997385561466217,
      0.3049240708351135,
      0.21184438467025757,
      0.2287643849849701,
      0.3528749644756317
    ],
    [
      0.333171546459198,
      1.0,
      0.31511667370796204,
      0.32435059547424316,
      0.348166286945343,
      0.3384164273738861,
      0.35536354780197144,
      0.40376028418540955,
      0.2415778636932373,
      0.2805000841617584,
      0.2787090241909027,
      0.3097938597202301,
      0.38832712173461914,
      0.12143699079751968,
      0.3916846513748169,
      0.23508839309215546
    ],
    [
      0.3107830882072449,
      0.31511667370796204,
      1.0,
      0.4055544137954712,
      0.29677146673202515,
      0.3483402729034424,
      0.3801739811897278,
      0.283888578414917,
      0.3688405454158783,
      0.31093892455101013,
      0.1958998143672943,
      0.3589572608470917,
      0.37319543957710266,
      0.23589445650577545,
      0.40591004490852356,
      0.3688866198062897
    ],
    [
      0.35292521119117737,
      0.32435059547424316,
      0.4055544137954712,
      1.0,
      0.3238880932331085,
      0.2758074104785919,
      0.374766081571579,
      0.4110632538795471,
      0.45436474680900574,
      0.40513280034065247,
      0.2936064898967743,
      0.43687817454338074,
      0.3506975769996643,
      0.2115810513496399,
      0.33499404788017273,
      0.2681215703487396
    ],
    [
      0.37637650966644287,
      0.348166286945343,
      0.29677146673202515,
      0.3238880932331085,
      1.0,
      0.3905397057533264,
      0.3433487117290497,
      0.4032069444656372,
      0.2528509795665741,
      0.39153870940208435,
      0.4523375928401947,
      0.4328066408634186,
      0.340745210647583,
      0.22995786368846893,
      0.36663955450057983,
      0.35160911083221436
    ],
    [
      0.35589057207107544,
      0.3384164273738861,
      0.3483402729034424,
      0.2758074104785919,
      0.3905397057533264,
      1.0,
      0.4004652798175812,
      0.29605311155319214,
      0.26507750153541565,
      0.3202356994152069,
      0.3558465540409088,
      0.24443669617176056,
      0.35244765877723694,
      0.1740407794713974,
      0.44453805685043335,
      0.3388201594352722
    ],
    [
      0.22014009952545166,
      0.35536354780197144,
      0.3801739811897278,
      0.374766081571579,
      0.3433487117290497,
      0.4004652798175812,
      1.0,
      0.4455324411392212,
      0.3704906702041626,
      0.38610297441482544,
      0.2723950445652008,
      0.401875376701355,
      0.47565025091171265,
      0.15762226283550262,
      0.40021488070487976,
      0.30146390199661255
    ],
    [
      0.1870613843202591,
      0.40376028418540955,
      0.283888578414917,
      0.4110632538795471,
      0.4032069444656372,
      0.29605311155319214,
      0.4455324411392212,
      1.0,
      0.23819470405578613,
      0.3175716698169708,
      0.36480313539505005,
      0.40443524718284607,
      0.3591724634170532,
      0.08919329196214676,
      0.30591484904289246,
      0.21513277292251587
    ],
    [
      0.28265324234962463,
      0.2415778636932373,
      0.3688405454158783,
      0.45436474680900574,
      0.2528509795665741,
      0.26507750153541565,
      0.3704906702041626,
      0.23819470405578613,
      1.0,
      0.49369385838508606,
      0.3411148488521576,
      0.3954758048057556,
      0.31578806042671204,
      0.24193386733531952,
      0.2835616171360016,
      0.30813172459602356
    ],
    [
      0.325761616230011,
      0.2805000841617584,
      0.31093892455101013,
      0.40513280034065247,
      0.39153870940208435,
      0.3202356994152069,
      0.38610297441482544,
      0.3175716698169708,
      0.49369385838508606,
      1.0,
      0.4504645764827728,
      0.3765825927257538,
      0.35686105489730835,
      0.26127907633781433,
      0.366554856300354,
      0.35487881302833557
    ],
    [
      0.3943958580493927,
      0.2787090241909027,
      0.1958998143672943,
      0.2936064898967743,
      0.4523375928401947,
      0.3558465540409088,
      0.2723950445652008,
      0.36480313539505005,
      0.3411148488521576,
      0.4504645764827728,
      1.0,
      0.29577645659446716,
      0.25517380237579346,
      0.2585422694683075,
      0.2603301405906677,
      0.26679012179374695
    ],
    [
      0.2997385561466217,
      0.3097938597202301,
      0.3589572608470917,
      0.43687817454338074,
      0.4328066408634186,
      0.24443669617176056,
      0.401875376701355,
      0.40443524718284607,
      0.3954758048057556,
      0.3765825927257538,
      0.29577645659446716,
      1.0,
      0.3532083034515381,
      0.313007652759552,
      0.44420817494392395,
      0.3878992795944214
    ],
    [
      0.3049240708351135,
      0.38832712173461914,
      0.37319543957710266,
      0.3506975769996643,
      0.340745210647583,
      0.35244765877723694,
      0.47565025091171265,
      0.3591724634170532,
      0.31578806042671204,
      0.35686105489730835,
      0.25517380237579346,
      0.3532083034515381,
      1.0,
      0.28271546959877014,
      0.4156838357448578,
      0.32849833369255066
    ],
    [
      0.21184438467025757,
      0.12143699079751968,
      0.23589445650577545,
      0.2115810513496399,
      0.22995786368846893,
      0.1740407794713974,
      0.15762226283550262,
      0.08919329196214676,
      0.24193386733531952,
      0.26127907633781433,
      0.2585422694683075,
      0.313007652759552,
      0.28271546959877014,
      1.0,
      0.3667600750923157,
      0.36298033595085144
    ],
    [
      0.2287643849849701,
      0.3916846513748169,
      0.40591004490852356,
      0.33499404788017273,
      0.36663955450057983,
      0.44453805685043335,
      0.40021488070487976,
      0.30591484904289246,
      0.2835616171360016,
      0.366554856300354,
      0.2603301405906677,
      0.44420817494392395,
      0.4156838357448578,
      0.3667600750923157,
      0.9999998807907104,
      0.4483393728733063
    ],
    [
      0.3528749644756317,
      0.23508839309215546,
      0.3688866198062897,
      0.2681215703487396,
      0.35160911083221436,
      0.3388201594352722,
      0.30146390199661255,
      0.21513277292251587,
      0.30813172459602356,
      0.35487881302833557,
      0.26679012179374695,
      0.3878992795944214,
      0.32849833369255066,
      0.36298033595085144,
      0.4483393728733063,
      0.9999999403953552
    ]
  ]
}