{
  "game_number": 12,
  "words": [
    "CUE",
    "NOD",
    "PROMPT",
    "SIGNAL",
    "BREAK",
    "CHANCE",
    "OPENING",
    "SHOT",
    "BREAKFAST",
    "PARKING",
    "POOL",
    "WI-FI",
    "DIGITAL",
    "POCKET",
    "STOP",
    "WRIST"
  ],
  "adjacency_matrix": [
    [
      1.0,
      0.43332403898239136,
      0.48068052530288696,
      0.5753679275512695,
      0.40502554178237915,
      0.3797694146633148,
      0.33626216650009155,
      0.3928649425506592,
      0.3602958023548126,
      0.24917501211166382,
      0.41806453466415405,
      0.2334722876548767,
      0.3633784055709839,
      0.307290256023407,
      0.3832191228866577,
      0.290753036737442
    ],
    [
      0.43332403898239136,
      1.0,
      0.38761892914772034,
      0.4119703471660614,
      0.35678982734680176,
      0.39567020535469055,
      0.2978302240371704,
      0.35895660519599915,
      0.31769266724586487,
      0.15926866233348846,
      0.22388304769992828,
      0.14230181276798248,
      0.19760888814926147,
      0.2632707357406616,
      0.31218209862709045,
      0.2870688736438751
    ],
    [
      0.48068052530288696,
      0.38761892914772034,
      1.0,
      0.44234657287597656,
      0.39680254459381104,
      0.487428218126297,
      0.40817949175834656,
      0.3247431516647339,
      0.30217549204826355,
      0.26001596450805664,
      0.24877995252609253,
      0.1866416186094284,
      0.1913502812385559,
      0.270426481962204,
      0.5267822742462158,
      0.23397915065288544
    ],
    [
      0.5753679275512695,
      0.4119703471660614,
      0.44234657287597656,
      0.9999999403953552,
      0.4345916211605072,
      0.41170376539230347,
      0.32451769709587097,
      0.37072575092315674,
      0.381287544965744,
      0.30901312828063965,
      0.3288324773311615,
      0.35343867540359497,
      0.4742219150066376,
      0.31975576281547546,
      0.4314301013946533,
      0.3302640914916992
    ],
    [
      0.40502554178237915,
      0.35678982734680176,
      0.39680254459381104,
      0.4345916211605072,
      0.9999999403953552,
      0.5219021439552307,
      0.47505876421928406,
      0.4729502499103546,
      0.4114566743373871,
      0.25821173191070557,
      0.33541029691696167,
      0.21346020698547363,
      0.34922102093696594,
      0.38640251755714417,
      0.5726388096809387,
      0.40282952785491943
    ],
    [
      0.3797694146633148,
      0.39567020535469055,
      0.487428218126297,
      0.41170376539230347,
      0.5219021439552307,
      0.9999999403953552,
      0.412973552942276,
      0.47355958819389343,
      0.3518148958683014,
      0.21760965883731842,
      0.35039031505584717,
      0.19067500531673431,
      0.23929047584533691,
      0.3663477897644043,
      0.5152034163475037,
      0.25973743200302124
    ],
    [
      0.33626216650009155,
      0.2978302240371704,
      0.40817949175834656,
      0.32451769709587097,
      0.47505876421928406,
      0.412973552942276,
      1.0,
      0.44128042459487915,
      0.3736390471458435,
      0.3103158175945282,
      0.3725111484527588,
      0.2040310800075531,
      0.34740474820137024,
      0.3332522511482239,
      0.4496103823184967,
      0.24602055549621582
    ],
    [
      0.3928649425506592,
      0.35895660519599915,
      0.3247431516647339,
      0.37072575092315674,
      0.4729502499103546,
      0.47355958819389343,
      0.44128042459487915,
      1.0,
      0.3272666335105896,
      0.2563791871070862,
      0.3522142767906189,
      0.15133696794509888,
      0.30713319778442383,
      0.3867538571357727,
      0.3778747320175171,
      0.41027751564979553
    ],
    [
      0.3602958023548126,
      0.31769266724586487,
      0.30217549204826355,
      0.381287544965744,
      0.4114566743373871,
      0.3518148958683014,
      0.3736390471458435,
      0.3272666335105896,
      1.0,
      0.3169896602630615,
      0.3739880323410034,
      0.4000631868839264,
      0.31661418080329895,
      0.3168955445289612,
      0.34739571809768677,
      0.18443265557289124
    ],
    [
      0.24917501211166382,
      0.15926866233348846,
      0.26001596450805664,
      0.30901312828063965,
      0.25821173191070557,
      0.21760965883731842,
      0.3103158175945282,
      0.2563791871070862,
      0.3169896602630615,
      1.0,
      0.4016132652759552,
      0.3815944790840149,
      0.26416999101638794,
      0.32963117957115173,
      0.31981533765792847,
      0.252686470746994
    ],
    [
      0.41806453466415405,
      0.22388304769992828,
      0.24877995252609253,
      0.3288324773311615,
      0.33541029691696167,
      0.35039031505584717,
      0.3725111484527588,
      0.3522142767906189,
      0.3739880323410034,
      0.4016132652759552,
      0.9999999403953552,
      0.30301254987716675,
      0.3266639709472656,
      0.4132392406463623,
      0.27805328369140625,
      0.20455734431743622
    ],
    [
      0.2334722876548767,
      0.14230181276798248,
      0.1866416186094284,
      0.35343867540359497,
      0.21346020698547363,
      0.19067500531673431,
      0.2040310800075531,
      0.15133696794509888,
      0.4000631868839264,
      0.3815944790840149,
      0.30301254987716675,
      1.0,
      0.46835505962371826,
      0.30888402462005615,
      0.19971349835395813,
      0.1890510767698288
    ],
    [
      0.3633784055709839,
      0.19760888814926147,
      0.1913502812385559,
      0.4742219150066376,
      0.34922102093696594,
      0.23929047584533691,
      0.34740474820137024,
      0.30713319778442383,
      0.31661418080329895,
      0.26416999101638794,
      0.3266639709472656,
      0.46835505962371826,
      0.9999999403953552,
      0.35731440782546997,
      0.2650369703769684,
      0.3404741585254669
    ],
    [
      0.307290256023407,
      0.2632707357406616,
      0.270426481962204,
      0.31975576281547546,
      0.38640251755714417,
      0.3663477897644043,
      0.3332522511482239,
      0.3867538571357727,
      0.3168955445289612,
      0.32963117957115173,
      0.4132392406463623,
      0.30888402462005615,
      0.35731440782546997,
      1.0,
      0.31214311718940735,
      0.4614689350128174
    ],
    [
      0.3832191228866577,
      0.31218209862709045,
      0.5267822742462158,
      0.4314301013946533,
      0.5726388096809387,
      0.5152034163475037,
      0.4496103823184967,
      0.3778747320175171,
      0.34739571809768677,
      0.31981533765792847,
      0.27805328369140625,
      0.19971349835395813,
      0.2650369703769684,
      0.31214311718940735,
      1.0,
      0.28407666087150574
    ],
    [
      0.290753036737442,
      0.2870688736438751,
      0.23397915065288544,
      0.3302640914916992,
      0.40282952785491943,
      0.25973743200302124,
      0.24602055549621582,
      0.41027751564979553,
      0.18443265557289124,
      0.252686470746994,
      0.20455734431743622,
      0.1890510767698288,
      0.3404741585254669,
      0.4614689350128174,
      0.28407666087150574,
      1.0
    ]
  ]
}