{"game_number":149,"words":["BITTER","SALTY","SOUR","SWEET","BRAVE","CONFRONT","FACE","MEET","KIND","SORT","TYPE","VARIETY","EXPRESSION","MANNER","ROMANTIC","SURREAL"],"adjacency_matrix":[[1.0,0.5277454853057861,0.721137523651123,0.6195583343505859,0.4833841919898987,0.361157089471817,0.418195515871048,0.2216755896806717,0.502363920211792,0.40765807032585144,0.30359089374542236,0.36877119541168213,0.35862991213798523,0.3344668745994568,0.49083971977233887,0.452464759349823],[0.5277454853057861,0.9999999403953552,0.5455062985420227,0.6168802976608276,0.3847942352294922,0.171491339802742,0.28236111998558044,0.1890789121389389,0.40351396799087524,0.30526667833328247,0.30842283368110657,0.3826214075088501,0.29531753063201904,0.3224402666091919,0.4092707633972168,0.40070173144340515],[0.721137523651123,0.5455062985420227,1.0,0.6301520466804504,0.3289211690425873,0.2894233167171478,0.4350110590457916,0.28207600116729736,0.454761803150177,0.399692177772522,0.32372963428497314,0.36537349224090576,0.35220086574554443,0.3473145663738251,0.4478422999382019,0.3696269094944],[0.6195583343505859,0.6168802976608276,0.6301520466804504,1.0,0.5176699757575989,0.17242519557476044,0.3573882281780243,0.28387483954429626,0.6205292344093323,0.4646100103855133,0.37314411997795105,0.49811220169067383,0.41108283400535583,0.3993591368198395,0.5724058747291565,0.4680471420288086],[0.4833841919898987,0.3847942352294922,0.3289211690425873,0.5176699757575989,0.9999999403953552,0.4221625328063965,0.4738682508468628,0.3330332040786743,0.5661805868148804,0.42602112889289856,0.32833337783813477,0.3189879059791565,0.38428995013237,0.37822407484054565,0.4556421935558319,0.4196372926235199],[0.361157089471817,0.171491339802742,0.2894233167171478,0.17242519557476044,0.4221625328063965,1.0,0.6687830686569214,0.5688514709472656,0.3348250389099121,0.40705588459968567,0.31211307644844055,0.30024999380111694,0.3083410859107971,0.3343871533870697,0.23619282245635986,0.31848955154418945],[0.418195515871048,0.28236111998558044,0.4350110590457916,0.3573882281780243,0.4738682508468628,0.6687830686569214,1.0,0.5279626846313477,0.4738120138645172,0.4367969036102295,0.421441912651062,0.4158302843570709,0.4979110658168793,0.4282802939414978,0.28080129623413086,0.3789876401424408],[0.2216755896806717,0.1890789121389389,0.28207600116729736,0.28387483954429626,0.3330332040786743,0.5688514709472656,0.5279626846313477,1.0,0.3684806227684021,0.36932846903800964,0.3431512117385864,0.33190062642097473,0.3025849163532257,0.2958770990371704,0.23276525735855103,0.2613402009010315],[0.502363920211792,0.40351396799087524,0.454761803150177,0.6205292344093323,0.5661805868148804,0.3348250389099121,0.4738120138645172,0.3684806227684021,0.9999999403953552,0.8120303153991699,0.6637248992919922,0.572178304195404,0.5364524722099304,0.5575516819953918,0.5625455379486084,0.5444204211235046],[0.40765807032585144,0.30526667833328247,0.399692177772522,0.4646100103855133,0.42602112889289856,0.40705588459968567,0.4367969036102295,0.36932846903800964,0.8120303153991699,1.0,0.6298767328262329,0.5243796706199646,0.4460581839084625,0.5107486248016357,0.47269195318222046,0.49746641516685486],[0.30359089374542236,0.30842283368110657,0.32372963428497314,0.37314411997795105,0.32833337783813477,0.31211307644844055,0.421441912651062,0.3431512117385864,0.6637248992919922,0.6298767328262329,1.0000001192092896,0.5618653893470764,0.5030165910720825,0.44359245896339417,0.3927765488624573,0.29992058873176575],[0.36877119541168213,0.3826214075088501,0.36537349224090576,0.49811220169067383,0.3189879059791565,0.30024999380111694,0.4158302843570709,0.33190062642097473,0.572178304195404,0.5243796706199646,0.5618653893470764,1.0,0.5032827854156494,0.4579782485961914,0.4370305836200714,0.41577455401420593],[0.35862991213798523,0.29531753063201904,0.35220086574554443,0.41108283400535583,0.38428995013237,0.3083410859107971,0.4979110658168793,0.3025849163532257,0.5364524722099304,0.4460581839084625,0.5030165910720825,0.5032827854156494,0.9999999403953552,0.4745829999446869,0.36225369572639465,0.38185352087020874],[0.3344668745994568,0.3224402666091919,0.3473145663738251,0.3993591368198395,0.37822407484054565,0.3343871533870697,0.4282802939414978,0.2958770990371704,0.5575516819953918,0.5107486248016357,0.44359245896339417,0.4579782485961914,0.4745829999446869,0.9999998807907104,0.36907172203063965,0.372887521982193],[0.49083971977233887,0.4092707633972168,0.4478422999382019,0.5724058747291565,0.4556421935558319,0.23619282245635986,0.28080129623413086,0.23276525735855103,0.5625455379486084,0.47269195318222046,0.3927765488624573,0.4370305836200714,0.36225369572639465,0.36907172203063965,1.0,0.5628646016120911],[0.452464759349823,0.40070173144340515,0.3696269094944,0.4680471420288086,0.4196372926235199,0.31848955154418945,0.3789876401424408,0.2613402009010315,0.5444204211235046,0.49746641516685486,0.29992058873176575,0.41577455401420593,0.38185352087020874,0.372887521982193,0.5628646016120911,1.0]]}