{
  "game_number": 400,
  "words": [
    "BUSINESS",
    "COACH",
    "FIRST",
    "PREMIUM",
    "CHECK",
    "REVIEW",
    "SCREEN",
    "VET",
    "FINALE",
    "PILOT",
    "PREMIERE",
    "SPECIAL",
    "BLAST",
    "KNOCK",
    "SLAM",
    "TRASH"
  ],
  "adjacency_matrix": [
    [
      1.0,
      0.41366422176361084,
      0.4431757926940918,
      0.42568153142929077,
      0.3387298285961151,
      0.3712065815925598,
      0.36897754669189453,
      0.34968429803848267,
      0.2447112649679184,
      0.4217722415924072,
      0.3626178205013275,
      0.46546027064323425,
      0.3380177617073059,
      0.32557937502861023,
      0.30510610342025757,
      0.392808735370636
    ],
    [
      0.41366422176361084,
      1.0,
      0.3636780083179474,
      0.28633809089660645,
      0.28006258606910706,
      0.3089072108268738,
      0.2600029408931732,
      0.350477397441864,
      0.27100619673728943,
      0.3969856798648834,
      0.29121482372283936,
      0.312616765499115,
      0.24035340547561646,
      0.33075886964797974,
      0.27718573808670044,
      0.27387338876724243
    ],
    [
      0.4431757926940918,
      0.3636780083179474,
      1.0,
      0.3548029363155365,
      0.3931799530982971,
      0.45042678713798523,
      0.41608232259750366,
      0.309017539024353,
      0.44708308577537537,
      0.4783235192298889,
      0.5159808397293091,
      0.528206467628479,
      0.37705257534980774,
      0.40056464076042175,
      0.285305917263031,
      0.31322747468948364
    ],
    [
      0.42568153142929077,
      0.28633809089660645,
      0.3548029363155365,
      1.0,
      0.3332595229148865,
      0.325809508562088,
      0.37928348779678345,
      0.20455889403820038,
      0.2659507691860199,
      0.3183380663394928,
      0.38393834233283997,
      0.5227716565132141,
      0.32266610860824585,
      0.2827933132648468,
      0.29819655418395996,
      0.33194684982299805
    ],
    [
      0.3387298285961151,
      0.28006258606910706,
      0.3931799530982971,
      0.3332595229148865,
      1.0,
      0.5983712077140808,
      0.4707922339439392,
      0.4675830602645874,
      0.3019721806049347,
      0.31372129917144775,
      0.270634263753891,
      0.3606599271297455,
      0.3856785297393799,
      0.511916995048523,
      0.3350927233695984,
      0.4154658615589142
    ],
    [
      0.3712065815925598,
      0.3089072108268738,
      0.45042678713798523,
      0.325809508562088,
      0.5983712077140808,
      1.0,
      0.39921510219573975,
      0.40355807542800903,
      0.3779217004776001,
      0.419859915971756,
      0.4301786422729492,
      0.4397146999835968,
      0.3830082416534424,
      0.37419113516807556,
      0.2659386992454529,
      0.38251832127571106
    ],
    [
      0.36897754669189453,
      0.2600029408931732,
      0.41608232259750366,
      0.37928348779678345,
      0.4707922339439392,
      0.39921510219573975,
      1.0,
      0.2845040559768677,
      0.314637154340744,
      0.4157339632511139,
      0.34108519554138184,
      0.3765746057033539,
      0.3720269501209259,
      0.3561481237411499,
      0.2989257872104645,
      0.40312066674232483
    ],
    [
      0.34968429803848267,
      0.350477397441864,
      0.309017539024353,
      0.20455889403820038,
      0.4675830602645874,
      0.40355807542800903,
      0.2845040559768677,
      0.9999999403953552,
      0.2724294364452362,
      0.43374118208885193,
      0.2714821696281433,
      0.2938457131385803,
      0.21935893595218658,
      0.34458163380622864,
      0.25191009044647217,
      0.2726009786128998
    ],
    [
      0.2447112649679184,
      0.27100619673728943,
      0.44708308577537537,
      0.2659507691860199,
      0.3019721806049347,
      0.3779217004776001,
      0.314637154340744,
      0.2724294364452362,
      1.0,
      0.39026767015457153,
      0.6204744577407837,
      0.37889647483825684,
      0.4020349085330963,
      0.3164891302585602,
      0.3088080883026123,
      0.24535898864269257
    ],
    [
      0.4217722415924072,
      0.3969856798648834,
      0.4783235192298889,
      0.3183380663394928,
      0.31372129917144775,
      0.419859915971756,
      0.4157339632511139,
      0.43374118208885193,
      0.39026767015457153,
      1.0,
      0.4473274350166321,
      0.42549556493759155,
      0.32876884937286377,
      0.2759515047073364,
      0.2555587887763977,
      0.2844308614730835
    ],
    [
      0.3626178205013275,
      0.29121482372283936,
      0.5159808397293091,
      0.38393834233283997,
      0.270634263753891,
      0.4301786422729492,
      0.34108519554138184,
      0.2714821696281433,
      0.6204744577407837,
      0.4473274350166321,
      1.0000001192092896,
      0.4045614004135132,
      0.32762351632118225,
      0.2654440999031067,
      0.22753867506980896,
      0.24393269419670105
    ],
    [
      0.46546027064323425,
      0.312616765499115,
      0.528206467628479,
      0.5227716565132141,
      0.3606599271297455,
      0.4397146999835968,
      0.3765746057033539,
      0.2938457131385803,
      0.37889647483825684,
      0.42549556493759155,
      0.4045614004135132,
      0.9999999403953552,
      0.36278340220451355,
      0.2648158669471741,
      0.22964893281459808,
      0.36907753348350525
    ],
    [
      0.3380177617073059,
      0.24035340547561646,
      0.37705257534980774,
      0.32266610860824585,
      0.3856785297393799,
      0.3830082416534424,
      0.3720269501209259,
      0.21935893595218658,
      0.4020349085330963,
      0.32876884937286377,
      0.32762351632118225,
      0.36278340220451355,
      1.0,
      0.568187952041626,
      0.42230603098869324,
      0.4264254868030548
    ],
    [
      0.32557937502861023,
      0.33075886964797974,
      0.40056464076042175,
      0.2827933132648468,
      0.511916995048523,
      0.37419113516807556,
      0.3561481237411499,
      0.34458163380622864,
      0.3164891302585602,
      0.2759515047073364,
      0.2654440999031067,
      0.2648158669471741,
      0.568187952041626,
      1.0,
      0.560980498790741,
      0.410902202129364
    ],
    [
      0.30510610342025757,
      0.27718573808670044,
      0.285305917263031,
      0.29819655418395996,
      0.3350927233695984,
      0.2659386992454529,
      0.2989257872104645,
      0.25191009044647217,
      0.3088080883026123,
      0.2555587887763977,
      0.22753867506980896,
      0.22964893281459808,
      0.42230603098869324,
      0.560980498790741,
      1.0,
      0.3995378613471985
    ],
    [
      0.392808735370636,
      0.27387338876724243,
      0.31322747468948364,
      0.33194684982299805,
      0.4154658615589142,
      0.38251832127571106,
      0.40312066674232483,
      0.2726009786128998,
      0.24535898864269257,
      0.2844308614730835,
      0.24393269419670105,
      0.36907753348350525,
      0.4264254868030548,
      0.410902202129364,
      0.3995378613471985,
      1.0
    ]
  ]
}