{"game_number":367,"words":["CAW","CHIRP","CLUCK","TWEET","BROWN","PINK","TURQUOISE","VIOLET","LURE","REEL","ROD","TACKLE","HOOK","JONES","SILVER","SPARROW"],"adjacency_matrix":[[1.0,0.5436927080154419,0.4852133095264435,0.16142189502716064,0.2715436518192291,0.17340488731861115,0.20439451932907104,0.1771394908428192,0.12213846296072006,0.1426437944173813,0.19929200410842896,0.028541045263409615,0.15279117226600647,0.25224366784095764,0.11149058490991592,0.47571802139282227],[0.5436927080154419,1.0,0.5809326171875,0.328250914812088,0.31097304821014404,0.2902615964412689,0.2607044279575348,0.2829476296901703,0.2665674686431885,0.24349384009838104,0.22291429340839386,0.15547119081020355,0.2836879789829254,0.21505247056484222,0.1582680493593216,0.48044341802597046],[0.4852133095264435,0.5809326171875,0.9999999403953552,0.32860851287841797,0.4022062122821808,0.35459357500076294,0.28213638067245483,0.2737980782985687,0.3597351014614105,0.3430156409740448,0.326942503452301,0.3482641279697418,0.45590832829475403,0.2791397273540497,0.25013822317123413,0.4879872798919678],[0.16142189502716064,0.328250914812088,0.32860851287841797,1.0,0.24308349192142487,0.33215001225471497,0.2704935371875763,0.18541458249092102,0.1825864613056183,0.24801330268383026,0.24150145053863525,0.22675900161266327,0.3943885266780853,0.3000979721546173,0.20569387078285217,0.30771151185035706],[0.2715436518192291,0.31097304821014404,0.4022062122821808,0.24308349192142487,1.0,0.7265414595603943,0.6020276546478271,0.5694581270217896,0.32271116971969604,0.33516648411750793,0.36315134167671204,0.29819256067276,0.30121129751205444,0.342424213886261,0.550208330154419,0.494040310382843],[0.17340488731861115,0.2902615964412689,0.35459357500076294,0.33215001225471497,0.7265414595603943,1.0000001192092896,0.6819378137588501,0.6572502255439758,0.3087674677371979,0.33747896552085876,0.3275936543941498,0.2194792479276657,0.25794512033462524,0.27716171741485596,0.510921061038971,0.39057400822639465],[0.20439451932907104,0.2607044279575348,0.28213638067245483,0.2704935371875763,0.6020276546478271,0.6819378137588501,1.0,0.590930700302124,0.29392364621162415,0.24834202229976654,0.2897910177707672,0.18597835302352905,0.27199241518974304,0.19040021300315857,0.5952892303466797,0.38702166080474854],[0.1771394908428192,0.2829476296901703,0.2737980782985687,0.18541458249092102,0.5694581270217896,0.6572502255439758,0.590930700302124,1.0,0.2909786105155945,0.25817006826400757,0.29627031087875366,0.14501313865184784,0.15311963856220245,0.24900192022323608,0.4788575768470764,0.3810367286205292],[0.12213846296072006,0.2665674686431885,0.3597351014614105,0.1825864613056183,0.32271116971969604,0.3087674677371979,0.29392364621162415,0.2909786105155945,0.9999999403953552,0.5094048380851746,0.359272837638855,0.43650802969932556,0.4931655824184418,0.24902969598770142,0.35100865364074707,0.32833629846572876],[0.1426437944173813,0.24349384009838104,0.3430156409740448,0.24801330268383026,0.33516648411750793,0.33747896552085876,0.24834202229976654,0.25817006826400757,0.5094048380851746,0.9999999403953552,0.5443163514137268,0.46600401401519775,0.4809480309486389,0.29665201902389526,0.3313131332397461,0.2695988714694977],[0.19929200410842896,0.22291429340839386,0.326942503452301,0.24150145053863525,0.36315134167671204,0.3275936543941498,0.2897910177707672,0.29627031087875366,0.359272837638855,0.5443163514137268,1.0,0.3437570333480835,0.446830153465271,0.31038445234298706,0.37296217679977417,0.29228919744491577],[0.028541045263409615,0.15547119081020355,0.3482641279697418,0.22675900161266327,0.29819256067276,0.2194792479276657,0.18597835302352905,0.14501313865184784,0.43650802969932556,0.46600401401519775,0.3437570333480835,1.0,0.48317986726760864,0.22904281318187714,0.19790059328079224,0.21851308643817902],[0.15279117226600647,0.2836879789829254,0.45590832829475403,0.3943885266780853,0.30121129751205444,0.25794512033462524,0.27199241518974304,0.15311963856220245,0.4931655824184418,0.4809480309486389,0.446830153465271,0.48317986726760864,1.0,0.27188220620155334,0.32680875062942505,0.34355679154396057],[0.25224366784095764,0.21505247056484222,0.2791397273540497,0.3000979721546173,0.342424213886261,0.27716171741485596,0.19040021300315857,0.24900192022323608,0.24902969598770142,0.29665201902389526,0.31038445234298706,0.22904281318187714,0.27188220620155334,1.0,0.19785648584365845,0.27892395853996277],[0.11149058490991592,0.1582680493593216,0.25013822317123413,0.20569387078285217,0.550208330154419,0.510921061038971,0.5952892303466797,0.4788575768470764,0.35100865364074707,0.3313131332397461,0.37296217679977417,0.19790059328079224,0.32680875062942505,0.19785648584365845,1.0,0.33174362778663635],[0.47571802139282227,0.48044341802597046,0.4879872798919678,0.30771151185035706,0.494040310382843,0.39057400822639465,0.38702166080474854,0.3810367286205292,0.32833629846572876,0.2695988714694977,0.29228919744491577,0.21851308643817902,0.34355679154396057,0.27892395853996277,0.33174362778663635,1.0]]}