{
  "game_number": 168,
  "words": [
    "GROSS",
    "MAKE",
    "NET",
    "YIELD",
    "HOME",
    "MUTE",
    "STOP",
    "VOLUME",
    "EAR",
    "KETTLE",
    "OIL",
    "SNARE",
    "BALL",
    "CRUMPLE",
    "SCRUNCH",
    "WAD"
  ],
  "adjacency_matrix": [
    [
      0.9999999403953552,
      0.3300119638442993,
      0.5193322896957397,
      0.4332684278488159,
      0.29800668358802795,
      0.32548344135284424,
      0.3115672469139099,
      0.37029579281806946,
      0.3441506624221802,
      0.23163282871246338,
      0.3059082329273224,
      0.32958555221557617,
      0.2767358720302582,
      0.2704436480998993,
      0.2602764964103699,
      0.2521536350250244
    ],
    [
      0.3300119638442993,
      1.0,
      0.3401012718677521,
      0.49234843254089355,
      0.40504640340805054,
      0.3903081715106964,
      0.5750938653945923,
      0.22722826898097992,
      0.28623995184898376,
      0.24948717653751373,
      0.2124597132205963,
      0.33816203474998474,
      0.3057677745819092,
      0.3663631081581116,
      0.4139598608016968,
      0.18991680443286896
    ],
    [
      0.5193322896957397,
      0.3401012718677521,
      1.0,
      0.4099498987197876,
      0.43306049704551697,
      0.2916577160358429,
      0.27491316199302673,
      0.3525936007499695,
      0.3064119815826416,
      0.29960522055625916,
      0.2935049831867218,
      0.4072505235671997,
      0.4659171402454376,
      0.33157044649124146,
      0.3308674097061157,
      0.2605057656764984
    ],
    [
      0.4332684278488159,
      0.49234843254089355,
      0.4099498987197876,
      1.0,
      0.2873172163963318,
      0.3857780694961548,
      0.4224061667919159,
      0.4455609917640686,
      0.3587092459201813,
      0.20604485273361206,
      0.3324167728424072,
      0.3606225550174713,
      0.33263254165649414,
      0.37963077425956726,
      0.3819412291049957,
      0.2790263891220093
    ],
    [
      0.29800668358802795,
      0.40504640340805054,
      0.43306049704551697,
      0.2873172163963318,
      0.9999999403953552,
      0.2901626229286194,
      0.3630639910697937,
      0.29406261444091797,
      0.3447026014328003,
      0.3172532021999359,
      0.31741011142730713,
      0.30176639556884766,
      0.4311113655567169,
      0.3466752767562866,
      0.2830703854560852,
      0.13270074129104614
    ],
    [
      0.32548344135284424,
      0.3903081715106964,
      0.2916577160358429,
      0.3857780694961548,
      0.2901626229286194,
      1.0,
      0.4089184105396271,
      0.34298911690711975,
      0.45943838357925415,
      0.27259162068367004,
      0.27301573753356934,
      0.36826518177986145,
      0.2931998372077942,
      0.36193159222602844,
      0.41072654724121094,
      0.22801758348941803
    ],
    [
      0.3115672469139099,
      0.5750938653945923,
      0.27491316199302673,
      0.4224061667919159,
      0.3630639910697937,
      0.4089184105396271,
      1.0,
      0.30225786566734314,
      0.3322504460811615,
      0.27057984471321106,
      0.2782723307609558,
      0.37125012278556824,
      0.3427477478981018,
      0.37566301226615906,
      0.44465333223342896,
      0.1762688010931015
    ],
    [
      0.37029579281806946,
      0.22722826898097992,
      0.3525936007499695,
      0.4455609917640686,
      0.29406261444091797,
      0.34298911690711975,
      0.30225786566734314,
      1.0,
      0.2844277322292328,
      0.2600601315498352,
      0.34701910614967346,
      0.21460682153701782,
      0.3315229117870331,
      0.3070095181465149,
      0.33963891863822937,
      0.2382597178220749
    ],
    [
      0.3441506624221802,
      0.28623995184898376,
      0.3064119815826416,
      0.3587092459201813,
      0.3447026014328003,
      0.45943838357925415,
      0.3322504460811615,
      0.2844277322292328,
      1.0,
      0.2702973186969757,
      0.25844669342041016,
      0.44864872097969055,
      0.3734959065914154,
      0.27948638796806335,
      0.3916652500629425,
      0.24938620626926422
    ],
    [
      0.23163282871246338,
      0.24948717653751373,
      0.29960522055625916,
      0.20604485273361206,
      0.3172532021999359,
      0.27259162068367004,
      0.27057984471321106,
      0.2600601315498352,
      0.2702973186969757,
      1.0,
      0.3484736680984497,
      0.31759798526763916,
      0.3201714754104614,
      0.21922025084495544,
      0.2949679493904114,
      0.28187501430511475
    ],
    [
      0.3059082329273224,
      0.2124597132205963,
      0.2935049831867218,
      0.3324167728424072,
      0.31741011142730713,
      0.27301573753356934,
      0.2782723307609558,
      0.34701910614967346,
      0.25844669342041016,
      0.3484736680984497,
      1.0,
      0.277599573135376,
      0.3720967471599579,
      0.28267902135849,
      0.2676033675670624,
      0.33594751358032227
    ],
    [
      0.32958555221557617,
      0.33816203474998474,
      0.4072505235671997,
      0.3606225550174713,
      0.30176639556884766,
      0.36826518177986145,
      0.37125012278556824,
      0.21460682153701782,
      0.44864872097969055,
      0.31759798526763916,
      0.277599573135376,
      1.0,
      0.37846559286117554,
      0.3128759264945984,
      0.38133105635643005,
      0.2590279281139374
    ],
    [
      0.2767358720302582,
      0.3057677745819092,
      0.4659171402454376,
      0.33263254165649414,
      0.4311113655567169,
      0.2931998372077942,
      0.3427477478981018,
      0.3315229117870331,
      0.3734959065914154,
      0.3201714754104614,
      0.3720967471599579,
      0.37846559286117554,
      1.0,
      0.45940732955932617,
      0.4553169012069702,
      0.3902531862258911
    ],
    [
      0.2704436480998993,
      0.3663631081581116,
      0.33157044649124146,
      0.37963077425956726,
      0.3466752767562866,
      0.36193159222602844,
      0.37566301226615906,
      0.3070095181465149,
      0.27948638796806335,
      0.21922025084495544,
      0.28267902135849,
      0.3128759264945984,
      0.45940732955932617,
      1.0,
      0.5890239477157593,
      0.3486306071281433
    ],
    [
      0.2602764964103699,
      0.4139598608016968,
      0.3308674097061157,
      0.3819412291049957,
      0.2830703854560852,
      0.41072654724121094,
      0.44465333223342896,
      0.33963891863822937,
      0.3916652500629425,
      0.2949679493904114,
      0.2676033675670624,
      0.38133105635643005,
      0.4553169012069702,
      0.5890239477157593,
      1.0,
      0.33501458168029785
    ],
    [
      0.2521536350250244,
      0.18991680443286896,
      0.2605057656764984,
      0.2790263891220093,
      0.13270074129104614,
      0.22801758348941803,
      0.1762688010931015,
      0.2382597178220749,
      0.24938620626926422,
      0.28187501430511475,
      0.33594751358032227,
      0.2590279281139374,
      0.3902531862258911,
      0.3486306071281433,
      0.33501458168029785,
      1.0
    ]
  ]
}