{
  "game_number": 560,
  "words": [
    "BIRD",
    "FISH",
    "MAMMAL",
    "REPTILE",
    "DINOSAUR",
    "MUSHROOM",
    "PLUMBER",
    "PRINCESS",
    "BUNKER",
    "CLEAVER",
    "PARTRIDGE",
    "TANNER",
    "FIT",
    "HEALTHY",
    "SOUND",
    "STRONG"
  ],
  "adjacency_matrix": [
    [
      1.0,
      0.5910657048225403,
      0.6304977536201477,
      0.5799385905265808,
      0.5491862893104553,
      0.43860897421836853,
      0.35440245270729065,
      0.389850378036499,
      0.21023337543010712,
      0.2645363509654999,
      0.6053902506828308,
      0.3299693763256073,
      0.3059406876564026,
      0.32102707028388977,
      0.4028441309928894,
      0.2776886522769928
    ],
    [
      0.5910657048225403,
      1.0,
      0.5430946946144104,
      0.5300627946853638,
      0.4647752344608307,
      0.4323817789554596,
      0.35449928045272827,
      0.31381720304489136,
      0.2733217179775238,
      0.3894968628883362,
      0.3985247015953064,
      0.3975107669830322,
      0.33387139439582825,
      0.4240763187408447,
      0.3753569424152374,
      0.30360695719718933
    ],
    [
      0.6304977536201477,
      0.5430946946144104,
      1.0,
      0.6731957197189331,
      0.6237308979034424,
      0.37761467695236206,
      0.29475483298301697,
      0.35555973649024963,
      0.23047317564487457,
      0.20525982975959778,
      0.35117435455322266,
      0.29439353942871094,
      0.2803165018558502,
      0.3655994236469269,
      0.3421800136566162,
      0.26342853903770447
    ],
    [
      0.5799385905265808,
      0.5300627946853638,
      0.6731957197189331,
      1.0,
      0.6493401527404785,
      0.362922340631485,
      0.3562229573726654,
      0.3929573595523834,
      0.3154737651348114,
      0.2822323441505432,
      0.2833467423915863,
      0.3719758987426758,
      0.33082315325737,
      0.3230748474597931,
      0.32436272501945496,
      0.2725171744823456
    ],
    [
      0.5491862893104553,
      0.4647752344608307,
      0.6237308979034424,
      0.6493401527404785,
      1.0,
      0.4590969979763031,
      0.30202925205230713,
      0.39043760299682617,
      0.29790613055229187,
      0.295665442943573,
      0.3186255395412445,
      0.31087037920951843,
      0.3105018436908722,
      0.31370148062705994,
      0.3437667787075043,
      0.26332178711891174
    ],
    [
      0.43860897421836853,
      0.4323817789554596,
      0.37761467695236206,
      0.362922340631485,
      0.4590969979763031,
      1.0,
      0.3275509774684906,
      0.2912593185901642,
      0.3526065945625305,
      0.32964828610420227,
      0.4293946623802185,
      0.37019962072372437,
      0.28428635001182556,
      0.3028518259525299,
      0.3051864206790924,
      0.2726457118988037
    ],
    [
      0.35440245270729065,
      0.35449928045272827,
      0.29475483298301697,
      0.3562229573726654,
      0.30202925205230713,
      0.3275509774684906,
      1.0,
      0.35194385051727295,
      0.2664434611797333,
      0.2730695903301239,
      0.3239603340625763,
      0.4631245732307434,
      0.25415921211242676,
      0.23080839216709137,
      0.28543820977211,
      0.2269713133573532
    ],
    [
      0.389850378036499,
      0.31381720304489136,
      0.35555973649024963,
      0.3929573595523834,
      0.39043760299682617,
      0.2912593185901642,
      0.35194385051727295,
      0.9999999403953552,
      0.31924954056739807,
      0.20717325806617737,
      0.3871358633041382,
      0.39434564113616943,
      0.3747764229774475,
      0.3369038999080658,
      0.3208422362804413,
      0.26707160472869873
    ],
    [
      0.21023337543010712,
      0.2733217179775238,
      0.23047317564487457,
      0.3154737651348114,
      0.29790613055229187,
      0.3526065945625305,
      0.2664434611797333,
      0.31924954056739807,
      1.0,
      0.2445770651102066,
      0.254037469625473,
      0.2729659676551819,
      0.2730503976345062,
      0.23370562493801117,
      0.2610743045806885,
      0.20686469972133636
    ],
    [
      0.2645363509654999,
      0.3894968628883362,
      0.20525982975959778,
      0.2822323441505432,
      0.295665442943573,
      0.32964828610420227,
      0.2730695903301239,
      0.20717325806617737,
      0.2445770651102066,
      1.0,
      0.32973843812942505,
      0.28841131925582886,
      0.3960532248020172,
      0.23602662980556488,
      0.34766829013824463,
      0.39108219742774963
    ],
    [
      0.6053902506828308,
      0.3985247015953064,
      0.35117435455322266,
      0.2833467423915863,
      0.3186255395412445,
      0.4293946623802185,
      0.3239603340625763,
      0.3871358633041382,
      0.254037469625473,
      0.32973843812942505,
      0.9999999403953552,
      0.37078964710235596,
      0.2982000708580017,
      0.24235683679580688,
      0.30572614073753357,
      0.20905601978302002
    ],
    [
      0.3299693763256073,
      0.3975107669830322,
      0.29439353942871094,
      0.3719758987426758,
      0.31087037920951843,
      0.37019962072372437,
      0.4631245732307434,
      0.39434564113616943,
      0.2729659676551819,
      0.28841131925582886,
      0.37078964710235596,
      1.0,
      0.2547870874404907,
      0.2953837215900421,
      0.2614496052265167,
      0.26983290910720825
    ],
    [
      0.3059406876564026,
      0.33387139439582825,
      0.2803165018558502,
      0.33082315325737,
      0.3105018436908722,
      0.28428635001182556,
      0.25415921211242676,
      0.3747764229774475,
      0.2730503976345062,
      0.3960532248020172,
      0.2982000708580017,
      0.2547870874404907,
      1.0,
      0.5044390559196472,
      0.4797734320163727,
      0.4728892147541046
    ],
    [
      0.32102707028388977,
      0.4240763187408447,
      0.3655994236469269,
      0.3230748474597931,
      0.31370148062705994,
      0.3028518259525299,
      0.23080839216709137,
      0.3369038999080658,
      0.23370562493801117,
      0.23602662980556488,
      0.24235683679580688,
      0.2953837215900421,
      0.5044390559196472,
      1.0,
      0.46329233050346375,
      0.6046454310417175
    ],
    [
      0.4028441309928894,
      0.3753569424152374,
      0.3421800136566162,
      0.32436272501945496,
      0.3437667787075043,
      0.3051864206790924,
      0.28543820977211,
      0.3208422362804413,
      0.2610743045806885,
      0.34766829013824463,
      0.30572614073753357,
      0.2614496052265167,
      0.4797734320163727,
      0.46329233050346375,
      1.0,
      0.5434590578079224
    ],
    [
      0.2776886522769928,
      0.30360695719718933,
      0.26342853903770447,
      0.2725171744823456,
      0.26332178711891174,
      0.2726457118988037,
      0.2269713133573532,
      0.26707160472869873,
      0.20686469972133636,
      0.39108219742774963,
      0.20905601978302002,
      0.26983290910720825,
      0.4728892147541046,
      0.6046454310417175,
      0.5434590578079224,
      1.0
    ]
  ]
}