{"game_number":347,"words":["ASH","CEDAR","MAPLE","PINE","HILL","MOUNTAIN","PLATEAU","VALLEY","EVERYTHING","ONION","PLAIN","POPPY","ELM","FEAR","JUMP","SESAME"],"adjacency_matrix":[[1.0,0.46271854639053345,0.4720512926578522,0.5041383504867554,0.36693042516708374,0.43583735823631287,0.2673475444316864,0.3257291913032532,0.26386216282844543,0.36188825964927673,0.36425918340682983,0.2733907699584961,0.40160754323005676,0.27998533844947815,0.23598948121070862,0.2956763803958893],[0.46271854639053345,0.9999999403953552,0.6169499754905701,0.6989179849624634,0.3809376358985901,0.4112476706504822,0.3064815104007721,0.34578773379325867,0.14396202564239502,0.37603890895843506,0.31769755482673645,0.3270644545555115,0.5189785361289978,0.18731683492660522,0.19987784326076508,0.3406223952770233],[0.4720512926578522,0.6169499754905701,1.0,0.6548885703086853,0.38077685236930847,0.38906097412109375,0.33263176679611206,0.2954636514186859,0.23245835304260254,0.34953272342681885,0.36235538125038147,0.3727013170719147,0.5489476323127747,0.21352776885032654,0.2771673798561096,0.36688053607940674],[0.5041383504867554,0.6989179849624634,0.6548885703086853,1.0,0.43027257919311523,0.493206650018692,0.35082852840423584,0.37211307883262634,0.22834423184394836,0.3609701991081238,0.4476223289966583,0.35682880878448486,0.5955962538719177,0.32424917817115784,0.3053121566772461,0.3728165030479431],[0.36693042516708374,0.3809376358985901,0.38077685236930847,0.43027257919311523,1.0,0.7736624479293823,0.6401568651199341,0.7311819791793823,0.3019118309020996,0.39153024554252625,0.5032420754432678,0.3188128173351288,0.33146512508392334,0.2889460027217865,0.3991086483001709,0.2926347255706787],[0.43583735823631287,0.4112476706504822,0.38906097412109375,0.493206650018692,0.7736624479293823,0.9999999403953552,0.6406852006912231,0.7034656405448914,0.3425942659378052,0.3851009011268616,0.5330380797386169,0.34407520294189453,0.2727946639060974,0.3632294535636902,0.4123586416244507,0.26933085918426514],[0.2673475444316864,0.3064815104007721,0.33263176679611206,0.35082852840423584,0.6401568651199341,0.6406852006912231,1.0,0.6690730452537537,0.2469048649072647,0.3165484368801117,0.43861162662506104,0.23279069364070892,0.12009211629629135,0.2511041760444641,0.3549678325653076,0.26964643597602844],[0.3257291913032532,0.34578773379325867,0.2954636514186859,0.37211307883262634,0.7311819791793823,0.7034656405448914,0.6690730452537537,0.9999999403953552,0.26872730255126953,0.34243258833885193,0.5219897031784058,0.29448482394218445,0.22212450206279755,0.32608333230018616,0.2897704541683197,0.2557350695133209],[0.26386216282844543,0.14396202564239502,0.23245835304260254,0.22834423184394836,0.3019118309020996,0.3425942659378052,0.2469048649072647,0.26872730255126953,1.0,0.21825537085533142,0.4322305917739868,0.27581971883773804,0.04110230505466461,0.443289577960968,0.33908310532569885,0.22041817009449005],[0.36188825964927673,0.37603890895843506,0.34953272342681885,0.3609701991081238,0.39153024554252625,0.3851009011268616,0.3165484368801117,0.34243258833885193,0.21825537085533142,1.0,0.30768969655036926,0.42722949385643005,0.3030082881450653,0.20652471482753754,0.25973695516586304,0.4686334729194641],[0.36425918340682983,0.31769755482673645,0.36235538125038147,0.4476223289966583,0.5032420754432678,0.5330380797386169,0.43861162662506104,0.5219897031784058,0.4322305917739868,0.30768969655036926,1.0,0.3986533284187317,0.22937513887882233,0.4309528172016144,0.34795454144477844,0.3875296115875244],[0.2733907699584961,0.3270644545555115,0.3727013170719147,0.35682880878448486,0.3188128173351288,0.34407520294189453,0.23279069364070892,0.29448482394218445,0.27581971883773804,0.42722949385643005,0.3986533284187317,1.0,0.2332083284854889,0.2739664614200592,0.24611586332321167,0.4216749668121338],[0.40160754323005676,0.5189785361289978,0.5489476323127747,0.5955962538719177,0.33146512508392334,0.2727946639060974,0.12009211629629135,0.22212450206279755,0.04110230505466461,0.3030082881450653,0.22937513887882233,0.2332083284854889,1.0,0.11846279352903366,0.14560925960540771,0.271975040435791],[0.27998533844947815,0.18731683492660522,0.21352776885032654,0.32424917817115784,0.2889460027217865,0.3632294535636902,0.2511041760444641,0.32608333230018616,0.443289577960968,0.20652471482753754,0.4309528172016144,0.2739664614200592,0.11846279352903366,1.0,0.38093283772468567,0.22825083136558533],[0.23598948121070862,0.19987784326076508,0.2771673798561096,0.3053121566772461,0.3991086483001709,0.4123586416244507,0.3549678325653076,0.2897704541683197,0.33908310532569885,0.25973695516586304,0.34795454144477844,0.24611586332321167,0.14560925960540771,0.38093283772468567,1.0,0.2761975824832916],[0.2956763803958893,0.3406223952770233,0.36688053607940674,0.3728165030479431,0.2926347255706787,0.26933085918426514,0.26964643597602844,0.2557350695133209,0.22041817009449005,0.4686334729194641,0.3875296115875244,0.4216749668121338,0.271975040435791,0.22825083136558533,0.2761975824832916,1.0]]}