{"game_number":87,"words":["ACE","CRACKERJACK","EXPERT","HOTSHOT","CHOCK","JACK","TIRE","WRENCH","GLADIATOR","HER","JOKER","SIGNS","POPCORN","RAPTURE","ROCKETRY","SOULMATE"],"adjacency_matrix":[[1.0,0.4787234961986542,0.4195674657821655,0.5154304504394531,0.2728676199913025,0.4758179485797882,0.2724781632423401,0.25113585591316223,0.36607426404953003,0.2781045138835907,0.4744836688041687,0.23455896973609924,0.23068468272686005,0.20473338663578033,0.26769164204597473,0.3549022376537323],[0.4787234961986542,1.0,0.5226027369499207,0.6064050793647766,0.5005150437355042,0.5083656311035156,0.48450660705566406,0.4571407735347748,0.41052761673927307,0.3782249689102173,0.516265869140625,0.2970588505268097,0.4349648654460907,0.39056140184402466,0.40770837664604187,0.4077940881252289],[0.4195674657821655,0.5226027369499207,1.0,0.5160326361656189,0.3043919801712036,0.29498234391212463,0.32346677780151367,0.23433206975460052,0.41231536865234375,0.361044317483902,0.38136807084083557,0.29878219962120056,0.2296472191810608,0.2489188015460968,0.3454812169075012,0.34418272972106934],[0.5154304504394531,0.6064050793647766,0.5160326361656189,1.0,0.35292014479637146,0.3320676386356354,0.3286719024181366,0.27832305431365967,0.4038831293582916,0.3201906681060791,0.4298953115940094,0.24422919750213623,0.3039059638977051,0.275443434715271,0.3623850345611572,0.34256312251091003],[0.2728676199913025,0.5005150437355042,0.3043919801712036,0.35292014479637146,1.0,0.4349861741065979,0.4226984679698944,0.4065198004245758,0.2034328579902649,0.3139627277851105,0.3362675905227661,0.2897410988807678,0.4016188383102417,0.3547114431858063,0.24819989502429962,0.28547677397727966],[0.4758179485797882,0.5083656311035156,0.29498234391212463,0.3320676386356354,0.4349861741065979,1.0,0.42266619205474854,0.49992015957832336,0.26850342750549316,0.2722136676311493,0.44987815618515015,0.24768517911434174,0.34666943550109863,0.22885249555110931,0.1899050623178482,0.313621461391449],[0.2724781632423401,0.48450660705566406,0.32346677780151367,0.3286719024181366,0.4226984679698944,0.42266619205474854,1.0,0.4885779619216919,0.35777536034584045,0.3496561348438263,0.33572816848754883,0.39095374941825867,0.33357369899749756,0.30571576952934265,0.268297016620636,0.2952699661254883],[0.25113585591316223,0.4571407735347748,0.23433206975460052,0.27832305431365967,0.4065198004245758,0.49992015957832336,0.4885779619216919,0.9999999403953552,0.3189043700695038,0.3022412657737732,0.3199458420276642,0.25835147500038147,0.2972799837589264,0.2876706123352051,0.2241629809141159,0.2732085585594177],[0.36607426404953003,0.41052761673927307,0.41231536865234375,0.4038831293582916,0.2034328579902649,0.26850342750549316,0.35777536034584045,0.3189043700695038,1.0,0.2713378965854645,0.3517308235168457,0.20932458341121674,0.32634902000427246,0.22197525203227997,0.26089897751808167,0.29043763875961304],[0.2781045138835907,0.3782249689102173,0.361044317483902,0.3201906681060791,0.3139627277851105,0.2722136676311493,0.3496561348438263,0.3022412657737732,0.2713378965854645,1.0,0.2894437313079834,0.3312259316444397,0.24610936641693115,0.3334515392780304,0.21802878379821777,0.4606848657131195],[0.4744836688041687,0.516265869140625,0.38136807084083557,0.4298953115940094,0.3362675905227661,0.44987815618515015,0.33572816848754883,0.3199458420276642,0.3517308235168457,0.2894437313079834,1.0,0.28481626510620117,0.29207873344421387,0.24725478887557983,0.21372653543949127,0.4390888810157776],[0.23455896973609924,0.2970588505268097,0.29878219962120056,0.24422919750213623,0.2897410988807678,0.24768517911434174,0.39095374941825867,0.25835147500038147,0.20932458341121674,0.3312259316444397,0.28481626510620117,1.0,0.22627238929271698,0.2829653322696686,0.2031652182340622,0.21586117148399353],[0.23068468272686005,0.4349648654460907,0.2296472191810608,0.3039059638977051,0.4016188383102417,0.34666943550109863,0.33357369899749756,0.2972799837589264,0.32634902000427246,0.24610936641693115,0.29207873344421387,0.22627238929271698,0.9999999403953552,0.311635822057724,0.2623385190963745,0.18910720944404602],[0.20473338663578033,0.39056140184402466,0.2489188015460968,0.275443434715271,0.3547114431858063,0.22885249555110931,0.30571576952934265,0.2876706123352051,0.22197525203227997,0.3334515392780304,0.24725478887557983,0.2829653322696686,0.311635822057724,1.0,0.2506067454814911,0.40055447816848755],[0.26769164204597473,0.40770837664604187,0.3454812169075012,0.3623850345611572,0.24819989502429962,0.1899050623178482,0.268297016620636,0.2241629809141159,0.26089897751808167,0.21802878379821777,0.21372653543949127,0.2031652182340622,0.2623385190963745,0.2506067454814911,1.0,0.1940416544675827],[0.3549022376537323,0.4077940881252289,0.34418272972106934,0.34256312251091003,0.28547677397727966,0.313621461391449,0.2952699661254883,0.2732085585594177,0.29043763875961304,0.4606848657131195,0.4390888810157776,0.21586117148399353,0.18910720944404602,0.40055447816848755,0.1940416544675827,0.9999999403953552]]}