{
  "game_number": 203,
  "words": [
    "BERET",
    "DERBY",
    "PILLBOX",
    "SNAPBACK",
    "GATOR",
    "SOONER",
    "VOLUNTEER",
    "WOLVERINE",
    "BANANAS",
    "COMMANDO",
    "FIGURE",
    "ROGUE",
    "CRACK",
    "HOLE",
    "LEAK",
    "PUNCTURE"
  ],
  "adjacency_matrix": [
    [
      0.9999999403953552,
      0.24925832450389862,
      0.4251403510570526,
      0.3959050476551056,
      0.22492572665214539,
      0.0947064608335495,
      0.25089648365974426,
      0.2662038505077362,
      0.3168412744998932,
      0.48126494884490967,
      0.3017197549343109,
      0.2952769100666046,
      0.3143768906593323,
      0.3166128396987915,
      0.16715210676193237,
      0.2306368350982666
    ],
    [
      0.24925832450389862,
      1.0,
      0.2112867832183838,
      0.26426613330841064,
      0.26777729392051697,
      0.18652193248271942,
      0.20068493485450745,
      0.2229403406381607,
      0.14926783740520477,
      0.2492760568857193,
      0.2100750058889389,
      0.25867795944213867,
      0.2813118100166321,
      0.23834912478923798,
      0.19412197172641754,
      0.2081466168165207
    ],
    [
      0.4251403510570526,
      0.2112867832183838,
      0.9999999403953552,
      0.3197835683822632,
      0.2560325860977173,
      0.1250000298023224,
      0.2769189178943634,
      0.20492015779018402,
      0.22888214886188507,
      0.425902783870697,
      0.31459444761276245,
      0.25745889544487,
      0.39150452613830566,
      0.39041662216186523,
      0.2529415488243103,
      0.3406369388103485
    ],
    [
      0.3959050476551056,
      0.26426613330841064,
      0.3197835683822632,
      1.0,
      0.2623227834701538,
      0.2611389756202698,
      0.2566162943840027,
      0.22974306344985962,
      0.27232471108436584,
      0.27261972427368164,
      0.3601340055465698,
      0.317107230424881,
      0.4190286099910736,
      0.38037291169166565,
      0.3779025375843048,
      0.39037489891052246
    ],
    [
      0.22492572665214539,
      0.26777729392051697,
      0.2560325860977173,
      0.2623227834701538,
      1.0,
      0.22524118423461914,
      0.3490471839904785,
      0.43707022070884705,
      0.2592898905277252,
      0.33492156863212585,
      0.2705426514148712,
      0.344703733921051,
      0.2926294207572937,
      0.41109398007392883,
      0.19003263115882874,
      0.25370821356773376
    ],
    [
      0.0947064608335495,
      0.18652193248271942,
      0.1250000298023224,
      0.2611389756202698,
      0.22524118423461914,
      1.0,
      0.2905488908290863,
      0.13905946910381317,
      0.16550013422966003,
      0.1615249216556549,
      0.2759883403778076,
      0.22364158928394318,
      0.3098028302192688,
      0.2785496711730957,
      0.3208804428577423,
      0.2397965043783188
    ],
    [
      0.25089648365974426,
      0.20068493485450745,
      0.2769189178943634,
      0.2566162943840027,
      0.3490471839904785,
      0.2905488908290863,
      1.0,
      0.24675892293453217,
      0.2059895545244217,
      0.4247770607471466,
      0.3923858106136322,
      0.31056350469589233,
      0.27954429388046265,
      0.2416244000196457,
      0.24619188904762268,
      0.2040109783411026
    ],
    [
      0.2662038505077362,
      0.2229403406381607,
      0.20492015779018402,
      0.22974306344985962,
      0.43707022070884705,
      0.13905946910381317,
      0.24675892293453217,
      0.9999999403953552,
      0.1554529219865799,
      0.2593156695365906,
      0.24906109273433685,
      0.3752073645591736,
      0.208209827542305,
      0.22457575798034668,
      0.18436367809772491,
      0.18349489569664001
    ],
    [
      0.3168412744998932,
      0.14926783740520477,
      0.22888214886188507,
      0.27232471108436584,
      0.2592898905277252,
      0.16550013422966003,
      0.2059895545244217,
      0.1554529219865799,
      1.0,
      0.20083223283290863,
      0.21434257924556732,
      0.2660014033317566,
      0.2807879149913788,
      0.2704254686832428,
      0.2075406312942505,
      0.2862386703491211
    ],
    [
      0.48126494884490967,
      0.2492760568857193,
      0.425902783870697,
      0.27261972427368164,
      0.33492156863212585,
      0.1615249216556549,
      0.4247770607471466,
      0.2593156695365906,
      0.20083223283290863,
      1.0,
      0.3176814317703247,
      0.4572768807411194,
      0.3296509087085724,
      0.3213689625263214,
      0.2333735078573227,
      0.23541072010993958
    ],
    [
      0.3017197549343109,
      0.2100750058889389,
      0.31459444761276245,
      0.3601340055465698,
      0.2705426514148712,
      0.2759883403778076,
      0.3923858106136322,
      0.24906109273433685,
      0.21434257924556732,
      0.3176814317703247,
      0.9999999403953552,
      0.28785741329193115,
      0.3991541862487793,
      0.3558248281478882,
      0.3027554750442505,
      0.2931056022644043
    ],
    [
      0.2952769100666046,
      0.25867795944213867,
      0.25745889544487,
      0.317107230424881,
      0.344703733921051,
      0.22364158928394318,
      0.31056350469589233,
      0.3752073645591736,
      0.2660014033317566,
      0.4572768807411194,
      0.28785741329193115,
      1.0,
      0.41897791624069214,
      0.2931938171386719,
      0.37521275877952576,
      0.22971868515014648
    ],
    [
      0.3143768906593323,
      0.2813118100166321,
      0.39150452613830566,
      0.4190286099910736,
      0.2926294207572937,
      0.3098028302192688,
      0.27954429388046265,
      0.208209827542305,
      0.2807879149913788,
      0.3296509087085724,
      0.3991541862487793,
      0.41897791624069214,
      1.0,
      0.5026025176048279,
      0.5209451913833618,
      0.49922680854797363
    ],
    [
      0.3166128396987915,
      0.23834912478923798,
      0.39041662216186523,
      0.38037291169166565,
      0.41109398007392883,
      0.2785496711730957,
      0.2416244000196457,
      0.22457575798034668,
      0.2704254686832428,
      0.3213689625263214,
      0.3558248281478882,
      0.2931938171386719,
      0.5026025176048279,
      0.9999999403953552,
      0.47779321670532227,
      0.45756882429122925
    ],
    [
      0.16715210676193237,
      0.19412197172641754,
      0.2529415488243103,
      0.3779025375843048,
      0.19003263115882874,
      0.3208804428577423,
      0.24619188904762268,
      0.18436367809772491,
      0.2075406312942505,
      0.2333735078573227,
      0.3027554750442505,
      0.37521275877952576,
      0.5209451913833618,
      0.47779321670532227,
      1.0,
      0.49683234095573425
    ],
    [
      0.2306368350982666,
      0.2081466168165207,
      0.3406369388103485,
      0.39037489891052246,
      0.25370821356773376,
      0.2397965043783188,
      0.2040109783411026,
      0.18349489569664001,
      0.2862386703491211,
      0.23541072010993958,
      0.2931056022644043,
      0.22971868515014648,
      0.49922680854797363,
      0.45756882429122925,
      0.49683234095573425,
      1.0
    ]
  ]
}