{"game_number":326,"words":["CENTURY","DECADE","MILLENNIUM","YEAR","CEREAL","OMELET","PANCAKE","WAFFLE","BACON","CLOSE","MUNCH","WHISTLER","EGG","JUROR","MONTH","ROSE"],"adjacency_matrix":[[1.0,0.7942622900009155,0.6882663369178772,0.623319149017334,0.19455718994140625,0.09420795738697052,0.14275026321411133,0.16208051145076752,0.13333505392074585,0.2982710003852844,0.15643198788166046,0.18789634108543396,0.15145134925842285,0.14640593528747559,0.546196699142456,0.21848224103450775],[0.7942622900009155,1.0,0.6620005965232849,0.7588693499565125,0.21390441060066223,0.15517443418502808,0.16955792903900146,0.17478744685649872,0.11917422711849213,0.3582468628883362,0.1236085444688797,0.2016042023897171,0.13888494670391083,0.11804241687059402,0.6460142731666565,0.2963566780090332],[0.6882663369178772,0.6620005965232849,1.0,0.5892142057418823,0.274716317653656,0.1621803194284439,0.2278439700603485,0.16583536565303802,0.1393299549818039,0.3106321394443512,0.18824829161167145,0.17737628519535065,0.2326008379459381,0.17383475601673126,0.4993000030517578,0.26271286606788635],[0.623319149017334,0.7588693499565125,0.5892142057418823,1.0,0.23093678057193756,0.13039977848529816,0.19380804896354675,0.14652486145496368,0.1421211063861847,0.4204506278038025,0.15603838860988617,0.1892978698015213,0.19101032614707947,0.18015725910663605,0.8239168524742126,0.3109990060329437],[0.19455718994140625,0.21390441060066223,0.274716317653656,0.23093678057193756,1.0,0.3657662272453308,0.411793977022171,0.4507955014705658,0.3861777186393738,0.221973717212677,0.4311494827270508,0.1771540641784668,0.36897143721580505,0.19994989037513733,0.18697643280029297,0.29528650641441345],[0.09420795738697052,0.15517443418502808,0.1621803194284439,0.13039977848529816,0.3657662272453308,1.0000001192092896,0.5840319395065308,0.461429625749588,0.5086326599121094,0.1895846426486969,0.44724199175834656,0.23147356510162354,0.6305760741233826,0.20696482062339783,0.15731027722358704,0.24898982048034668],[0.14275026321411133,0.16955792903900146,0.2278439700603485,0.19380804896354675,0.411793977022171,0.5840319395065308,0.9999999403953552,0.5550888776779175,0.5379006862640381,0.26378899812698364,0.47511518001556396,0.2950020730495453,0.49679797887802124,0.24487000703811646,0.2084752470254898,0.3361735939979553],[0.16208051145076752,0.17478744685649872,0.16583536565303802,0.14652486145496368,0.4507955014705658,0.461429625749588,0.5550888776779175,1.0,0.47341641783714294,0.22434014081954956,0.48010534048080444,0.2909354865550995,0.40531641244888306,0.22621354460716248,0.16013647615909576,0.271084725856781],[0.13333505392074585,0.11917422711849213,0.1393299549818039,0.1421211063861847,0.3861777186393738,0.5086326599121094,0.5379006862640381,0.47341641783714294,1.0,0.20770426094532013,0.5014252662658691,0.2429143190383911,0.5154395699501038,0.14022517204284668,0.17710761725902557,0.29418623447418213],[0.2982710003852844,0.3582468628883362,0.3106321394443512,0.4204506278038025,0.221973717212677,0.1895846426486969,0.26378899812698364,0.22434014081954956,0.20770426094532013,1.0,0.30448704957962036,0.266238272190094,0.21435943245887756,0.1952730417251587,0.3638579249382019,0.3614422082901001],[0.15643198788166046,0.1236085444688797,0.18824829161167145,0.15603838860988617,0.4311494827270508,0.44724199175834656,0.47511518001556396,0.48010534048080444,0.5014252662658691,0.30448704957962036,0.9999999403953552,0.22108736634254456,0.3687538206577301,0.13204677402973175,0.15143343806266785,0.2789269685745239],[0.18789634108543396,0.2016042023897171,0.17737628519535065,0.1892978698015213,0.1771540641784668,0.23147356510162354,0.2950020730495453,0.2909354865550995,0.2429143190383911,0.266238272190094,0.22108736634254456,1.0,0.28954946994781494,0.2886471748352051,0.1546822041273117,0.27581116557121277],[0.15145134925842285,0.13888494670391083,0.2326008379459381,0.19101032614707947,0.36897143721580505,0.6305760741233826,0.49679797887802124,0.40531641244888306,0.5154395699501038,0.21435943245887756,0.3687538206577301,0.28954946994781494,1.0,0.24275940656661987,0.18323436379432678,0.27423790097236633],[0.14640593528747559,0.11804241687059402,0.17383475601673126,0.18015725910663605,0.19994989037513733,0.20696482062339783,0.24487000703811646,0.22621354460716248,0.14022517204284668,0.1952730417251587,0.13204677402973175,0.2886471748352051,0.24275940656661987,0.9999999403953552,0.1832195669412613,0.23928417265415192],[0.546196699142456,0.6460142731666565,0.4993000030517578,0.8239168524742126,0.18697643280029297,0.15731027722358704,0.2084752470254898,0.16013647615909576,0.17710761725902557,0.3638579249382019,0.15143343806266785,0.1546822041273117,0.18323436379432678,0.1832195669412613,1.0,0.252972811460495],[0.21848224103450775,0.2963566780090332,0.26271286606788635,0.3109990060329437,0.29528650641441345,0.24898982048034668,0.3361735939979553,0.271084725856781,0.29418623447418213,0.3614422082901001,0.2789269685745239,0.27581116557121277,0.27423790097236633,0.23928417265415192,0.252972811460495,1.0]]}