{
  "game_number": 336,
  "words": [
    "FRILL",
    "FRINGE",
    "RUFFLE",
    "TRIM",
    "LAY",
    "PLACE",
    "PUT",
    "SET",
    "GEEZ",
    "SEIZE",
    "TEASE",
    "WISE",
    "BANNER",
    "BILLBOARD",
    "POSTER",
    "SIGN"
  ],
  "adjacency_matrix": [
    [
      1.0,
      0.47107619047164917,
      0.5228145718574524,
      0.5061120390892029,
      0.3968067169189453,
      0.36815038323402405,
      0.37560081481933594,
      0.3411957025527954,
      0.2202548086643219,
      0.2534022331237793,
      0.44194039702415466,
      0.3378733694553375,
      0.360090434551239,
      0.2888636887073517,
      0.35537850856781006,
      0.3599175810813904
    ],
    [
      0.47107619047164917,
      1.0,
      0.357215017080307,
      0.3686876893043518,
      0.3824176490306854,
      0.37361350655555725,
      0.27502283453941345,
      0.33017536997795105,
      0.2770709693431854,
      0.23795175552368164,
      0.2891661524772644,
      0.3248402178287506,
      0.3846690356731415,
      0.3045811653137207,
      0.3094809353351593,
      0.27924883365631104
    ],
    [
      0.5228145718574524,
      0.357215017080307,
      1.0,
      0.43847835063934326,
      0.3667241930961609,
      0.22526799142360687,
      0.27259454131126404,
      0.23800532519817352,
      0.23102156817913055,
      0.31013184785842896,
      0.47647660970687866,
      0.28039342164993286,
      0.2916325032711029,
      0.12137004733085632,
      0.17998366057872772,
      0.22307375073432922
    ],
    [
      0.5061120390892029,
      0.3686876893043518,
      0.43847835063934326,
      1.0,
      0.3946321904659271,
      0.3391565978527069,
      0.4344927966594696,
      0.41037479043006897,
      0.22581073641777039,
      0.33640536665916443,
      0.42177364230155945,
      0.42874398827552795,
      0.31746742129325867,
      0.26681387424468994,
      0.2706393301486969,
      0.3096289038658142
    ],
    [
      0.3968067169189453,
      0.3824176490306854,
      0.3667241930961609,
      0.3946321904659271,
      1.0,
      0.5436990261077881,
      0.589812159538269,
      0.5567886233329773,
      0.18480439484119415,
      0.4885757267475128,
      0.43203654885292053,
      0.4175851345062256,
      0.38220149278640747,
      0.26226139068603516,
      0.30410027503967285,
      0.3746611177921295
    ],
    [
      0.36815038323402405,
      0.37361350655555725,
      0.22526799142360687,
      0.3391565978527069,
      0.5436990261077881,
      1.0,
      0.6825529336929321,
      0.5607496500015259,
      0.20727306604385376,
      0.5124393701553345,
      0.3391403257846832,
      0.43851396441459656,
      0.45186296105384827,
      0.3518555462360382,
      0.3850378096103668,
      0.4534544050693512
    ],
    [
      0.37560081481933594,
      0.27502283453941345,
      0.27259454131126404,
      0.4344927966594696,
      0.589812159538269,
      0.6825529336929321,
      1.0,
      0.620520293712616,
      0.2463190257549286,
      0.5650711059570312,
      0.40210890769958496,
      0.4069998562335968,
      0.44737687706947327,
      0.27459222078323364,
      0.4212314188480377,
      0.46247291564941406
    ],
    [
      0.3411957025527954,
      0.33017536997795105,
      0.23800532519817352,
      0.41037479043006897,
      0.5567886233329773,
      0.5607496500015259,
      0.620520293712616,
      1.0,
      0.11333932727575302,
      0.44051727652549744,
      0.41128936409950256,
      0.3972334563732147,
      0.4307209253311157,
      0.33917903900146484,
      0.4272918701171875,
      0.45822229981422424
    ],
    [
      0.2202548086643219,
      0.2770709693431854,
      0.23102156817913055,
      0.22581073641777039,
      0.18480439484119415,
      0.20727306604385376,
      0.2463190257549286,
      0.11333932727575302,
      1.0,
      0.13444311916828156,
      0.2875721752643585,
      0.3388306498527527,
      0.15444840490818024,
      0.14387449622154236,
      0.20861466228961945,
      0.16641871631145477
    ],
    [
      0.2534022331237793,
      0.23795175552368164,
      0.31013184785842896,
      0.33640536665916443,
      0.4885757267475128,
      0.5124393701553345,
      0.5650711059570312,
      0.44051727652549744,
      0.13444311916828156,
      1.0,
      0.3700888752937317,
      0.2702268064022064,
      0.3045920729637146,
      0.2073727548122406,
      0.24204492568969727,
      0.33741992712020874
    ],
    [
      0.44194039702415466,
      0.2891661524772644,
      0.47647660970687866,
      0.42177364230155945,
      0.43203654885292053,
      0.3391403257846832,
      0.40210890769958496,
      0.41128936409950256,
      0.2875721752643585,
      0.3700888752937317,
      1.0,
      0.3812216520309448,
      0.3026122748851776,
      0.30148977041244507,
      0.3956742286682129,
      0.37674587965011597
    ],
    [
      0.3378733694553375,
      0.3248402178287506,
      0.28039342164993286,
      0.42874398827552795,
      0.4175851345062256,
      0.43851396441459656,
      0.4069998562335968,
      0.3972334563732147,
      0.3388306498527527,
      0.2702268064022064,
      0.3812216520309448,
      1.0,
      0.28568530082702637,
      0.22196294367313385,
      0.3084391951560974,
      0.31636843085289
    ],
    [
      0.360090434551239,
      0.3846690356731415,
      0.2916325032711029,
      0.31746742129325867,
      0.38220149278640747,
      0.45186296105384827,
      0.44737687706947327,
      0.4307209253311157,
      0.15444840490818024,
      0.3045920729637146,
      0.3026122748851776,
      0.28568530082702637,
      1.0,
      0.48043692111968994,
      0.549111008644104,
      0.4962763488292694
    ],
    [
      0.2888636887073517,
      0.3045811653137207,
      0.12137004733085632,
      0.26681387424468994,
      0.26226139068603516,
      0.3518555462360382,
      0.27459222078323364,
      0.33917903900146484,
      0.14387449622154236,
      0.2073727548122406,
      0.30148977041244507,
      0.22196294367313385,
      0.48043692111968994,
      1.0,
      0.5343099236488342,
      0.48314160108566284
    ],
    [
      0.35537850856781006,
      0.3094809353351593,
      0.17998366057872772,
      0.2706393301486969,
      0.30410027503967285,
      0.3850378096103668,
      0.4212314188480377,
      0.4272918701171875,
      0.20861466228961945,
      0.24204492568969727,
      0.3956742286682129,
      0.3084391951560974,
      0.549111008644104,
      0.5343099236488342,
      1.0,
      0.4974883496761322
    ],
    [
      0.3599175810813904,
      0.27924883365631104,
      0.22307375073432922,
      0.3096289038658142,
      0.3746611177921295,
      0.4534544050693512,
      0.46247291564941406,
      0.45822229981422424,
      0.16641871631145477,
      0.33741992712020874,
      0.37674587965011597,
      0.31636843085289,
      0.4962763488292694,
      0.48314160108566284,
      0.4974883496761322,
      0.9999999403953552
    ]
  ]
}