{"game_number":25,"words":["JOURNAL","LOG","RECORD","REGISTER","MANE","MOP","SHOCK","TANGLE","CHEER","FRIEND","SCRUB","WEED","FUND","HOG","MAZE","TRIMMER"],"adjacency_matrix":[[1.0,0.3777146339416504,0.42912012338638306,0.34928271174430847,0.23737160861492157,0.05057823285460472,0.24514678120613098,0.23947370052337646,0.18914124369621277,0.3030497431755066,0.2082832008600235,0.27613183856010437,0.32568180561065674,0.1335669457912445,0.1928001344203949,0.2195049524307251],[0.3777146339416504,1.0,0.48940595984458923,0.50588059425354,0.20090721547603607,0.20491036772727966,0.21046409010887146,0.28497761487960815,0.24105693399906158,0.2971939444541931,0.3778417110443115,0.2678554952144623,0.2712627351284027,0.2863530218601227,0.2452322244644165,0.251223623752594],[0.42912012338638306,0.48940595984458923,1.0,0.47631213068962097,0.26799818873405457,0.17876620590686798,0.30901479721069336,0.2623172104358673,0.2962903082370758,0.348171591758728,0.3326825797557831,0.3143776059150696,0.43351659178733826,0.24677684903144836,0.1534980684518814,0.24334193766117096],[0.34928271174430847,0.50588059425354,0.47631213068962097,1.0,0.2307489514350891,0.18543052673339844,0.25101038813591003,0.2188662588596344,0.29552900791168213,0.3079610764980316,0.33254605531692505,0.29410138726234436,0.44173896312713623,0.2895938754081726,0.16362154483795166,0.21769589185714722],[0.23737160861492157,0.20090721547603607,0.26799818873405457,0.2307489514350891,1.0000001192092896,0.3360614776611328,0.32657793164253235,0.37271612882614136,0.23919151723384857,0.29283133149147034,0.2984285056591034,0.3107099235057831,0.268081933259964,0.3750973641872406,0.19540609419345856,0.3720802366733551],[0.05057823285460472,0.20491036772727966,0.17876620590686798,0.18543052673339844,0.3360614776611328,1.0,0.16900843381881714,0.25423663854599,0.27005237340927124,0.21779750287532806,0.4400603473186493,0.3369901776313782,0.2813970744609833,0.325099378824234,0.12498022615909576,0.301035612821579],[0.24514678120613098,0.21046409010887146,0.30901479721069336,0.25101038813591003,0.32657793164253235,0.16900843381881714,1.0,0.31408682465553284,0.4791164696216583,0.33064600825309753,0.2638482451438904,0.30298686027526855,0.30735892057418823,0.2243676334619522,0.21954424679279327,0.23984549939632416],[0.23947370052337646,0.28497761487960815,0.2623172104358673,0.2188662588596344,0.37271612882614136,0.25423663854599,0.31408682465553284,1.0,0.23391881585121155,0.28425294160842896,0.37357866764068604,0.41204798221588135,0.26276636123657227,0.27520865201950073,0.5178767442703247,0.32676634192466736],[0.18914124369621277,0.24105693399906158,0.2962903082370758,0.29552900791168213,0.23919151723384857,0.27005237340927124,0.4791164696216583,0.23391881585121155,0.9999999403953552,0.41626060009002686,0.3416900634765625,0.3266018033027649,0.30729928612709045,0.2694791257381439,0.16993801295757294,0.2500862181186676],[0.3030497431755066,0.2971939444541931,0.348171591758728,0.3079610764980316,0.29283133149147034,0.21779750287532806,0.33064600825309753,0.28425294160842896,0.41626060009002686,1.0,0.2648482322692871,0.3574446141719818,0.344983845949173,0.21269214153289795,0.19514912366867065,0.3542057275772095],[0.2082832008600235,0.3778417110443115,0.3326825797557831,0.33254605531692505,0.2984285056591034,0.4400603473186493,0.2638482451438904,0.37357866764068604,0.3416900634765625,0.2648482322692871,1.0,0.504400908946991,0.305632084608078,0.3629714548587799,0.24115492403507233,0.38377246260643005],[0.27613183856010437,0.2678554952144623,0.3143776059150696,0.29410138726234436,0.3107099235057831,0.3369901776313782,0.30298686027526855,0.41204798221588135,0.3266018033027649,0.3574446141719818,0.504400908946991,1.0,0.36254578828811646,0.42886415123939514,0.3353562653064728,0.46302875876426697],[0.32568180561065674,0.2712627351284027,0.43351659178733826,0.44173896312713623,0.268081933259964,0.2813970744609833,0.30735892057418823,0.26276636123657227,0.30729928612709045,0.344983845949173,0.305632084608078,0.36254578828811646,1.0,0.2850310206413269,0.2671475410461426,0.2524487376213074],[0.1335669457912445,0.2863530218601227,0.24677684903144836,0.2895938754081726,0.3750973641872406,0.325099378824234,0.2243676334619522,0.27520865201950073,0.2694791257381439,0.21269214153289795,0.3629714548587799,0.42886415123939514,0.2850310206413269,1.0000001192092896,0.18591757118701935,0.32062387466430664],[0.1928001344203949,0.2452322244644165,0.1534980684518814,0.16362154483795166,0.19540609419345856,0.12498022615909576,0.21954424679279327,0.5178767442703247,0.16993801295757294,0.19514912366867065,0.24115492403507233,0.3353562653064728,0.2671475410461426,0.18591757118701935,1.0,0.21993626654148102],[0.2195049524307251,0.251223623752594,0.24334193766117096,0.21769589185714722,0.3720802366733551,0.301035612821579,0.23984549939632416,0.32676634192466736,0.2500862181186676,0.3542057275772095,0.38377246260643005,0.46302875876426697,0.2524487376213074,0.32062387466430664,0.21993626654148102,1.0]]}