{"game_number":184,"words":["CHERRY","FUDGE","NUTS","SPRINKLES","DESERT","DITCH","MAROON","STRAND","CURSES","DARN","RATS","SHOOT","FUZZY","PEPPERS","SEASHELLS","WOODCHUCK"],"adjacency_matrix":[[1.0,0.39028602838516235,0.39374443888664246,0.41248637437820435,0.16800174117088318,0.2213204950094223,0.3675767183303833,0.2221478670835495,0.18260958790779114,0.25697264075279236,0.2779877483844757,0.2595830261707306,0.29246240854263306,0.36706218123435974,0.26314041018486023,0.3216668367385864],[0.39028602838516235,1.0000001192092896,0.33616772294044495,0.43643319606781006,0.228833869099617,0.3780924379825592,0.30856990814208984,0.264230340719223,0.21010302007198334,0.3535142242908478,0.23386870324611664,0.2572658658027649,0.4584007263183594,0.2682400643825531,0.18835057318210602,0.33030200004577637],[0.39374443888664246,0.33616772294044495,1.0,0.43633824586868286,0.31378841400146484,0.3072216510772705,0.334992378950119,0.24110934138298035,0.37125417590141296,0.4060925245285034,0.3693195581436157,0.3512325882911682,0.26353588700294495,0.42210665345191956,0.3954438865184784,0.35232698917388916],[0.41248637437820435,0.43643319606781006,0.43633824586868286,1.0,0.32188621163368225,0.2915458679199219,0.39586514234542847,0.2844146490097046,0.4573036730289459,0.2341795116662979,0.32771649956703186,0.26335251331329346,0.33811163902282715,0.5287702083587646,0.4528953433036804,0.3545452356338501],[0.16800174117088318,0.228833869099617,0.31378841400146484,0.32188621163368225,1.0,0.4919038414955139,0.35968372225761414,0.3749169111251831,0.28192561864852905,0.30846792459487915,0.27853721380233765,0.40479424595832825,0.3376893997192383,0.26812943816185,0.30452761054039,0.30269667506217957],[0.2213204950094223,0.3780924379825592,0.3072216510772705,0.2915458679199219,0.4919038414955139,1.0,0.33205124735832214,0.37229037284851074,0.27841296792030334,0.3627620339393616,0.288689523935318,0.45356106758117676,0.2765321433544159,0.21984003484249115,0.21064801514148712,0.36673596501350403],[0.3675767183303833,0.30856990814208984,0.334992378950119,0.39586514234542847,0.35968372225761414,0.33205124735832214,0.9999999403953552,0.3231058716773987,0.291042298078537,0.2861987352371216,0.2560800611972809,0.2671232223510742,0.3470436632633209,0.40765130519866943,0.3477015495300293,0.3354097604751587],[0.2221478670835495,0.264230340719223,0.24110934138298035,0.2844146490097046,0.3749169111251831,0.37229037284851074,0.3231058716773987,1.0,0.2742644250392914,0.25953593850135803,0.21572574973106384,0.27097201347351074,0.31124430894851685,0.20172487199306488,0.23516763746738434,0.31513160467147827],[0.18260958790779114,0.21010302007198334,0.37125417590141296,0.4573036730289459,0.28192561864852905,0.27841296792030334,0.291042298078537,0.2742644250392914,0.9999999403953552,0.2765260934829712,0.3518376648426056,0.3173683285713196,0.18829627335071564,0.34822314977645874,0.37776586413383484,0.31943798065185547],[0.25697264075279236,0.3535142242908478,0.4060925245285034,0.2341795116662979,0.30846792459487915,0.3627620339393616,0.2861987352371216,0.25953593850135803,0.2765260934829712,0.9999999403953552,0.2992728650569916,0.2978968918323517,0.454115092754364,0.2071463018655777,0.16674166917800903,0.3558269441127777],[0.2779877483844757,0.23386870324611664,0.3693195581436157,0.32771649956703186,0.27853721380233765,0.288689523935318,0.2560800611972809,0.21572574973106384,0.3518376648426056,0.2992728650569916,1.0,0.2957479953765869,0.21591424942016602,0.3288150131702423,0.26223769783973694,0.4099262058734894],[0.2595830261707306,0.2572658658027649,0.3512325882911682,0.26335251331329346,0.40479424595832825,0.45356106758117676,0.2671232223510742,0.27097201347351074,0.3173683285713196,0.2978968918323517,0.2957479953765869,0.9999999403953552,0.20615407824516296,0.3103761076927185,0.2727433145046234,0.37088915705680847],[0.29246240854263306,0.4584007263183594,0.26353588700294495,0.33811163902282715,0.3376893997192383,0.2765321433544159,0.3470436632633209,0.31124430894851685,0.18829627335071564,0.454115092754364,0.21591424942016602,0.20615407824516296,0.9999999403953552,0.27848711609840393,0.18514761328697205,0.33195316791534424],[0.36706218123435974,0.2682400643825531,0.42210665345191956,0.5287702083587646,0.26812943816185,0.21984003484249115,0.40765130519866943,0.20172487199306488,0.34822314977645874,0.2071463018655777,0.3288150131702423,0.3103761076927185,0.27848711609840393,1.0,0.38759103417396545,0.26549994945526123],[0.26314041018486023,0.18835057318210602,0.3954438865184784,0.4528953433036804,0.30452761054039,0.21064801514148712,0.3477015495300293,0.23516763746738434,0.37776586413383484,0.16674166917800903,0.26223769783973694,0.2727433145046234,0.18514761328697205,0.38759103417396545,1.0,0.2735496163368225],[0.3216668367385864,0.33030200004577637,0.35232698917388916,0.3545452356338501,0.30269667506217957,0.36673596501350403,0.3354097604751587,0.31513160467147827,0.31943798065185547,0.3558269441127777,0.4099262058734894,0.37088915705680847,0.33195316791534424,0.26549994945526123,0.2735496163368225,0.9999999403953552]]}