{"game_number":361,"words":["BOXER","DALMATIAN","HUSKY","POODLE","BEAK","MUZZLE","SNOUT","TRUNK","DETOUR","SLOW","STOP","YIELD","ASLEEP","BARRIER","BITE","WAVE"],"adjacency_matrix":[[1.0,0.2573634684085846,0.3838193714618683,0.3591419756412506,0.22785207629203796,0.25347283482551575,0.28938835859298706,0.2941376566886902,0.17562177777290344,0.18432515859603882,0.22644197940826416,0.19408981502056122,0.19572019577026367,0.23159781098365784,0.22352106869220734,0.21107374131679535],[0.2573634684085846,1.0,0.4032808840274811,0.43176043033599854,0.2721286714076996,0.26818299293518066,0.3590954840183258,0.21509821712970734,0.1464158445596695,0.2107672393321991,0.20205378532409668,0.11309938132762909,0.20428310334682465,0.15172627568244934,0.334501713514328,0.23252862691879272],[0.3838193714618683,0.4032808840274811,1.0,0.4703366756439209,0.3019448220729828,0.32224875688552856,0.3488712012767792,0.340074360370636,0.25612789392471313,0.33921951055526733,0.24305400252342224,0.25060001015663147,0.25772029161453247,0.27862897515296936,0.3555968999862671,0.2735264301300049],[0.3591419756412506,0.43176043033599854,0.4703366756439209,1.0,0.3431941270828247,0.38277313113212585,0.37821686267852783,0.32654866576194763,0.24897105991840363,0.2744506001472473,0.2816837728023529,0.20830146968364716,0.27963072061538696,0.2666710913181305,0.3810843825340271,0.28556954860687256],[0.22785207629203796,0.2721286714076996,0.3019448220729828,0.3431941270828247,0.9999999403953552,0.4594775140285492,0.6071788668632507,0.40511059761047363,0.2687409818172455,0.3158046007156372,0.28674882650375366,0.32068029046058655,0.2274731993675232,0.3010403513908386,0.415689617395401,0.3184472620487213],[0.25347283482551575,0.26818299293518066,0.32224875688552856,0.38277313113212585,0.4594775140285492,1.0,0.5628888010978699,0.3332650363445282,0.18227745592594147,0.32345515489578247,0.3504016101360321,0.292023241519928,0.15895286202430725,0.26286444067955017,0.4662928581237793,0.3122192323207855],[0.28938835859298706,0.3590954840183258,0.3488712012767792,0.37821686267852783,0.6071788668632507,0.5628888010978699,1.0,0.4135739207267761,0.22189390659332275,0.26847508549690247,0.2753039002418518,0.24595141410827637,0.19969893991947174,0.20068170130252838,0.43912723660469055,0.3103502690792084],[0.2941376566886902,0.21509821712970734,0.340074360370636,0.32654866576194763,0.40511059761047363,0.3332650363445282,0.4135739207267761,1.0,0.32489436864852905,0.30436721444129944,0.2879766821861267,0.32582777738571167,0.2989034652709961,0.27787113189697266,0.2669473886489868,0.25529664754867554],[0.17562177777290344,0.1464158445596695,0.25612789392471313,0.24897105991840363,0.2687409818172455,0.18227745592594147,0.22189390659332275,0.32489436864852905,1.0,0.40384364128112793,0.49728745222091675,0.33029988408088684,0.13216520845890045,0.43010926246643066,0.32228967547416687,0.35064494609832764],[0.18432515859603882,0.2107672393321991,0.33921951055526733,0.2744506001472473,0.3158046007156372,0.32345515489578247,0.26847508549690247,0.30436721444129944,0.40384364128112793,1.0,0.5911627411842346,0.39756760001182556,0.3363432288169861,0.3769615590572357,0.4516640901565552,0.4228464961051941],[0.22644197940826416,0.20205378532409668,0.24305400252342224,0.2816837728023529,0.28674882650375366,0.3504016101360321,0.2753039002418518,0.2879766821861267,0.49728745222091675,0.5911627411842346,1.0,0.4224061667919159,0.30192452669143677,0.39767739176750183,0.42874419689178467,0.4113213121891022],[0.19408981502056122,0.11309938132762909,0.25060001015663147,0.20830146968364716,0.32068029046058655,0.292023241519928,0.24595141410827637,0.32582777738571167,0.33029988408088684,0.39756760001182556,0.4224061667919159,1.0,0.21997204422950745,0.2981061041355133,0.41651082038879395,0.3331044018268585],[0.19572019577026367,0.20428310334682465,0.25772029161453247,0.27963072061538696,0.2274731993675232,0.15895286202430725,0.19969893991947174,0.2989034652709961,0.13216520845890045,0.3363432288169861,0.30192452669143677,0.21997204422950745,0.9999999403953552,0.1235302984714508,0.27626290917396545,0.2009143829345703],[0.23159781098365784,0.15172627568244934,0.27862897515296936,0.2666710913181305,0.3010403513908386,0.26286444067955017,0.20068170130252838,0.27787113189697266,0.43010926246643066,0.3769615590572357,0.39767739176750183,0.2981061041355133,0.1235302984714508,1.0,0.3247975707054138,0.451130211353302],[0.22352106869220734,0.334501713514328,0.3555968999862671,0.3810843825340271,0.415689617395401,0.4662928581237793,0.43912723660469055,0.2669473886489868,0.32228967547416687,0.4516640901565552,0.42874419689178467,0.41651082038879395,0.27626290917396545,0.3247975707054138,1.0,0.396515816450119],[0.21107374131679535,0.23252862691879272,0.2735264301300049,0.28556954860687256,0.3184472620487213,0.3122192323207855,0.3103502690792084,0.25529664754867554,0.35064494609832764,0.4228464961051941,0.4113213121891022,0.3331044018268585,0.2009143829345703,0.451130211353302,0.396515816450119,0.9999998807907104]]}