{
  "game_number": 467,
  "words": [
    "BLOCK",
    "MATCH",
    "MESSAGE",
    "SWIPE",
    "FIRE",
    "LIT",
    "SICK",
    "TIGHT",
    "BREAK",
    "CHARM",
    "DUCK",
    "STRIKE",
    "FLOAT",
    "FLY",
    "GLIDE",
    "SOAR"
  ],
  "adjacency_matrix": [
    [
      1.0,
      0.3767683804035187,
      0.4594837427139282,
      0.4272395968437195,
      0.41410312056541443,
      0.2772355079650879,
      0.25806310772895813,
      0.3666745126247406,
      0.5194891691207886,
      0.3708757162094116,
      0.42035114765167236,
      0.48157134652137756,
      0.39689958095550537,
      0.36742642521858215,
      0.3306754529476166,
      0.2466212660074234
    ],
    [
      0.3767683804035187,
      1.0,
      0.3731728494167328,
      0.3700495958328247,
      0.4355880916118622,
      0.36786824464797974,
      0.23038442432880402,
      0.4061864912509918,
      0.5045098066329956,
      0.326230525970459,
      0.3676561713218689,
      0.4617079794406891,
      0.350605845451355,
      0.3681642711162567,
      0.32598674297332764,
      0.27281880378723145
    ],
    [
      0.4594837427139282,
      0.3731728494167328,
      1.0,
      0.41224250197410583,
      0.3542729914188385,
      0.2769917845726013,
      0.3258689343929291,
      0.266147255897522,
      0.4211658239364624,
      0.3797529339790344,
      0.3021959066390991,
      0.3894445300102234,
      0.3719017505645752,
      0.3422938585281372,
      0.23779919743537903,
      0.22879748046398163
    ],
    [
      0.4272395968437195,
      0.3700495958328247,
      0.41224250197410583,
      1.0,
      0.3284270465373993,
      0.2283841073513031,
      0.29275718331336975,
      0.3005226254463196,
      0.4754642844200134,
      0.4078025817871094,
      0.3736419379711151,
      0.47636163234710693,
      0.378635436296463,
      0.4527030885219574,
      0.3646566867828369,
      0.29823294281959534
    ],
    [
      0.41410312056541443,
      0.4355880916118622,
      0.3542729914188385,
      0.3284270465373993,
      1.0,
      0.5333617329597473,
      0.3431260883808136,
      0.323720782995224,
      0.4442081153392792,
      0.3372688591480255,
      0.3648274540901184,
      0.4532583951950073,
      0.3987070918083191,
      0.41085362434387207,
      0.35772284865379333,
      0.32119402289390564
    ],
    [
      0.2772355079650879,
      0.36786824464797974,
      0.2769917845726013,
      0.2283841073513031,
      0.5333617329597473,
      1.0,
      0.25463685393333435,
      0.32865476608276367,
      0.32939767837524414,
      0.24273894727230072,
      0.24716034531593323,
      0.2872360944747925,
      0.363141804933548,
      0.3318772315979004,
      0.32160139083862305,
      0.30693018436431885
    ],
    [
      0.25806310772895813,
      0.23038442432880402,
      0.3258689343929291,
      0.29275718331336975,
      0.3431260883808136,
      0.25463685393333435,
      1.0,
      0.30145251750946045,
      0.3894871473312378,
      0.29158806800842285,
      0.36603644490242004,
      0.31329676508903503,
      0.32472339272499084,
      0.3432558476924896,
      0.19122646749019623,
      0.26444658637046814
    ],
    [
      0.3666745126247406,
      0.4061864912509918,
      0.266147255897522,
      0.3005226254463196,
      0.323720782995224,
      0.32865476608276367,
      0.30145251750946045,
      0.9999999403953552,
      0.5029795169830322,
      0.3484063744544983,
      0.2813044488430023,
      0.3493032157421112,
      0.35955387353897095,
      0.3295154869556427,
      0.3219253718852997,
      0.3028103709220886
    ],
    [
      0.5194891691207886,
      0.5045098066329956,
      0.4211658239364624,
      0.4754642844200134,
      0.4442081153392792,
      0.32939767837524414,
      0.3894871473312378,
      0.5029795169830322,
      0.9999999403953552,
      0.37800201773643494,
      0.39838752150535583,
      0.5477036237716675,
      0.46112802624702454,
      0.4576444923877716,
      0.417623370885849,
      0.37326592206954956
    ],
    [
      0.3708757162094116,
      0.326230525970459,
      0.3797529339790344,
      0.4078025817871094,
      0.3372688591480255,
      0.24273894727230072,
      0.29158806800842285,
      0.3484063744544983,
      0.37800201773643494,
      1.0,
      0.32628312706947327,
      0.3433537781238556,
      0.3355964124202728,
      0.32823947072029114,
      0.36612260341644287,
      0.30135905742645264
    ],
    [
      0.42035114765167236,
      0.3676561713218689,
      0.3021959066390991,
      0.3736419379711151,
      0.3648274540901184,
      0.24716034531593323,
      0.36603644490242004,
      0.2813044488430023,
      0.39838752150535583,
      0.32628312706947327,
      0.9999999403953552,
      0.37739333510398865,
      0.43981990218162537,
      0.4941011965274811,
      0.38665592670440674,
      0.32528355717658997
    ],
    [
      0.48157134652137756,
      0.4617079794406891,
      0.3894445300102234,
      0.47636163234710693,
      0.4532583951950073,
      0.2872360944747925,
      0.31329676508903503,
      0.3493032157421112,
      0.5477036237716675,
      0.3433537781238556,
      0.37739333510398865,
      1.0,
      0.37322545051574707,
      0.5150591135025024,
      0.3982997238636017,
      0.3621894121170044
    ],
    [
      0.39689958095550537,
      0.350605845451355,
      0.3719017505645752,
      0.378635436296463,
      0.3987070918083191,
      0.363141804933548,
      0.32472339272499084,
      0.35955387353897095,
      0.46112802624702454,
      0.3355964124202728,
      0.43981990218162537,
      0.37322545051574707,
      1.0,
      0.5505474805831909,
      0.5437449812889099,
      0.4870917797088623
    ],
    [
      0.36742642521858215,
      0.3681642711162567,
      0.3422938585281372,
      0.4527030885219574,
      0.41085362434387207,
      0.3318772315979004,
      0.3432558476924896,
      0.3295154869556427,
      0.4576444923877716,
      0.32823947072029114,
      0.4941011965274811,
      0.5150591135025024,
      0.5505474805831909,
      1.0,
      0.5904208421707153,
      0.5010536313056946
    ],
    [
      0.3306754529476166,
      0.32598674297332764,
      0.23779919743537903,
      0.3646566867828369,
      0.35772284865379333,
      0.32160139083862305,
      0.19122646749019623,
      0.3219253718852997,
      0.417623370885849,
      0.36612260341644287,
      0.38665592670440674,
      0.3982997238636017,
      0.5437449812889099,
      0.5904208421707153,
      1.0,
      0.474424809217453
    ],
    [
      0.2466212660074234,
      0.27281880378723145,
      0.22879748046398163,
      0.29823294281959534,
      0.32119402289390564,
      0.30693018436431885,
      0.26444658637046814,
      0.3028103709220886,
      0.37326592206954956,
      0.30135905742645264,
      0.32528355717658997,
      0.3621894121170044,
      0.4870917797088623,
      0.5010536313056946,
      0.474424809217453,
      0.9999999403953552
    ]
  ]
}