{"game_number":310,"words":["COW","DOE","HEN","MARE","I","IT","THEY","WE","D","L","M","V","EWE","U","YEW","YOU"],"adjacency_matrix":[[1.0,0.32883965969085693,0.4135713577270508,0.5096923112869263,-0.015341389924287796,0.2780856788158417,0.24521274864673615,0.16155588626861572,0.033025868237018585,0.028670290485024452,-0.007953622378408909,0.04209698364138603,0.5952741503715515,0.05176570639014244,0.24231840670108795,0.23026597499847412],[0.32883965969085693,0.9999999403953552,0.3480568826198578,0.2436647117137909,0.26947274804115295,0.24157239496707916,0.27655041217803955,0.2957606017589569,0.22691406309604645,0.2258196771144867,0.17213588953018188,0.23057113587856293,0.41892585158348083,0.30758729577064514,0.2824099361896515,0.25706747174263],[0.4135713577270508,0.3480568826198578,0.9999999403953552,0.3703620135784149,0.20269185304641724,0.2552621364593506,0.2249501645565033,0.21530000865459442,0.1939028799533844,0.26706987619400024,0.19010287523269653,0.2111651599407196,0.4596230685710907,0.231702983379364,0.17410294711589813,0.2287077158689499],[0.5096923112869263,0.2436647117137909,0.3703620135784149,0.9999999403953552,-0.06070561334490776,0.29016926884651184,0.21227677166461945,0.15721316635608673,-0.012583019211888313,0.003362895455211401,-0.017992662265896797,-0.005040767602622509,0.4597283899784088,-0.0405353344976902,0.10163412988185883,0.23193460702896118],[-0.015341389924287796,0.26947274804115295,0.20269185304641724,-0.06070561334490776,1.0,0.038928043097257614,0.08240128308534622,0.12554650008678436,0.739042341709137,0.7718340754508972,0.6748519539833069,0.6804296374320984,0.15917599201202393,0.8394168615341187,0.2333930879831314,0.059830110520124435],[0.2780856788158417,0.24157239496707916,0.2552621364593506,0.29016926884651184,0.038928043097257614,1.0,0.6024177074432373,0.5045815110206604,-0.01302857231348753,-0.05286236107349396,-0.07561811059713364,0.003997644875198603,0.1490434855222702,0.02057221718132496,0.14418034255504608,0.5399546027183533],[0.24521274864673615,0.27655041217803955,0.2249501645565033,0.21227677166461945,0.08240128308534622,0.6024177074432373,1.0,0.6963076591491699,0.012958910316228867,-0.03624606505036354,-0.04085252806544304,-0.008427612483501434,0.1339903473854065,0.06500714272260666,0.06475085020065308,0.6448498964309692],[0.16155588626861572,0.2957606017589569,0.21530000865459442,0.15721316635608673,0.12554650008678436,0.5045815110206604,0.6963076591491699,0.9999999403953552,0.06402328610420227,0.005734891165047884,0.05572342127561569,0.027338100597262383,0.1085941419005394,0.0675814151763916,0.0923190638422966,0.6704053282737732],[0.033025868237018585,0.22691406309604645,0.1939028799533844,-0.012583019211888313,0.739042341709137,-0.01302857231348753,0.012958910316228867,0.06402328610420227,0.9999999403953552,0.8830181956291199,0.7608402371406555,0.720405101776123,0.1748475730419159,0.720283031463623,0.18669874966144562,-0.03641671687364578],[0.028670290485024452,0.2258196771144867,0.26706987619400024,0.003362895455211401,0.7718340754508972,-0.05286236107349396,-0.03624606505036354,0.005734891165047884,0.8830181956291199,1.0,0.7713460922241211,0.7382591962814331,0.18479207158088684,0.7566892504692078,0.19212844967842102,-0.0666431337594986],[-0.007953622378408909,0.17213588953018188,0.19010287523269653,-0.017992662265896797,0.6748519539833069,-0.07561811059713364,-0.04085252806544304,0.05572342127561569,0.7608402371406555,0.7713460922241211,1.0,0.6434912085533142,0.1725967675447464,0.6463649868965149,0.17718011140823364,-0.06061976030468941],[0.04209698364138603,0.23057113587856293,0.2111651599407196,-0.005040767602622509,0.6804296374320984,0.003997644875198603,-0.008427612483501434,0.027338100597262383,0.720405101776123,0.7382591962814331,0.6434912085533142,1.0000001192092896,0.19376805424690247,0.750795841217041,0.2262324094772339,-0.034857314079999924],[0.5952741503715515,0.41892585158348083,0.4596230685710907,0.4597283899784088,0.15917599201202393,0.1490434855222702,0.1339903473854065,0.1085941419005394,0.1748475730419159,0.18479207158088684,0.1725967675447464,0.19376805424690247,1.0,0.18999937176704407,0.26287150382995605,0.11938361823558807],[0.05176570639014244,0.30758729577064514,0.231702983379364,-0.0405353344976902,0.8394168615341187,0.02057221718132496,0.06500714272260666,0.0675814151763916,0.720283031463623,0.7566892504692078,0.6463649868965149,0.750795841217041,0.18999937176704407,0.9999999403953552,0.24619236588478088,0.05973290279507637],[0.24231840670108795,0.2824099361896515,0.17410294711589813,0.10163412988185883,0.2333930879831314,0.14418034255504608,0.06475085020065308,0.0923190638422966,0.18669874966144562,0.19212844967842102,0.17718011140823364,0.2262324094772339,0.26287150382995605,0.24619236588478088,1.0,0.08426876366138458],[0.23026597499847412,0.25706747174263,0.2287077158689499,0.23193460702896118,0.059830110520124435,0.5399546027183533,0.6448498964309692,0.6704053282737732,-0.03641671687364578,-0.0666431337594986,-0.06061976030468941,-0.034857314079999924,0.11938361823558807,0.05973290279507637,0.08426876366138458,0.9999999403953552]]}