{
  "game_number": 577,
  "words": [
    "I",
    "IT",
    "THEY",
    "WE",
    "D",
    "L",
    "M",
    "V",
    "EWE",
    "U",
    "YEW",
    "YOU",
    "BARE",
    "NAKED",
    "NUDE",
    "UNCLAD"
  ],
  "adjacency_matrix": [
    [
      1.0,
      0.038928043097257614,
      0.08240128308534622,
      0.12554650008678436,
      0.739042341709137,
      0.7718340754508972,
      0.6748519539833069,
      0.6804296374320984,
      0.15917599201202393,
      0.8394168615341187,
      0.2333930879831314,
      0.059830110520124435,
      -0.04056243225932121,
      -0.07482555508613586,
      -0.05705607309937477,
      -0.14903774857521057
    ],
    [
      0.038928043097257614,
      1.0,
      0.6024177074432373,
      0.5045815110206604,
      -0.01302857231348753,
      -0.05286236107349396,
      -0.07561811059713364,
      0.003997644875198603,
      0.1490434855222702,
      0.02057221718132496,
      0.14418034255504608,
      0.5399546027183533,
      0.38288697600364685,
      0.3107444643974304,
      0.2477286010980606,
      0.29808083176612854
    ],
    [
      0.08240128308534622,
      0.6024177074432373,
      1.0,
      0.6963076591491699,
      0.012958910316228867,
      -0.03624606505036354,
      -0.04085252806544304,
      -0.008427612483501434,
      0.1339903473854065,
      0.06500714272260666,
      0.06475085020065308,
      0.6448498964309692,
      0.3210351765155792,
      0.30949854850769043,
      0.2445518672466278,
      0.2875484824180603
    ],
    [
      0.12554650008678436,
      0.5045815110206604,
      0.6963076591491699,
      0.9999999403953552,
      0.06402328610420227,
      0.005734891165047884,
      0.05572342127561569,
      0.027338100597262383,
      0.1085941419005394,
      0.0675814151763916,
      0.0923190638422966,
      0.6704053282737732,
      0.2681373655796051,
      0.25216060876846313,
      0.17927329242229462,
      0.19909435510635376
    ],
    [
      0.739042341709137,
      -0.01302857231348753,
      0.012958910316228867,
      0.06402328610420227,
      0.9999999403953552,
      0.8830181956291199,
      0.7608402371406555,
      0.720405101776123,
      0.1748475730419159,
      0.720283031463623,
      0.18669874966144562,
      -0.03641671687364578,
      -0.023349111899733543,
      -0.055083416402339935,
      -0.03085578791797161,
      -0.13932527601718903
    ],
    [
      0.7718340754508972,
      -0.05286236107349396,
      -0.03624606505036354,
      0.005734891165047884,
      0.8830181956291199,
      1.0,
      0.7713460922241211,
      0.7382591962814331,
      0.18479207158088684,
      0.7566892504692078,
      0.19212844967842102,
      -0.0666431337594986,
      -0.013664108701050282,
      -0.07084591686725616,
      -0.0484536774456501,
      -0.14400501549243927
    ],
    [
      0.6748519539833069,
      -0.07561811059713364,
      -0.04085252806544304,
      0.05572342127561569,
      0.7608402371406555,
      0.7713460922241211,
      1.0,
      0.6434912085533142,
      0.1725967675447464,
      0.6463649868965149,
      0.17718011140823364,
      -0.06061976030468941,
      -0.016623836010694504,
      -0.007389392238110304,
      0.012648495845496655,
      -0.08270981162786484
    ],
    [
      0.6804296374320984,
      0.003997644875198603,
      -0.008427612483501434,
      0.027338100597262383,
      0.720405101776123,
      0.7382591962814331,
      0.6434912085533142,
      1.0000001192092896,
      0.19376805424690247,
      0.750795841217041,
      0.2262324094772339,
      -0.034857314079999924,
      -0.04274095222353935,
      -0.03290187194943428,
      -0.015602036379277706,
      -0.10167007148265839
    ],
    [
      0.15917599201202393,
      0.1490434855222702,
      0.1339903473854065,
      0.1085941419005394,
      0.1748475730419159,
      0.18479207158088684,
      0.1725967675447464,
      0.19376805424690247,
      1.0,
      0.18999937176704407,
      0.26287150382995605,
      0.11938361823558807,
      0.21000736951828003,
      0.20532798767089844,
      0.1526419222354889,
      0.16399867832660675
    ],
    [
      0.8394168615341187,
      0.02057221718132496,
      0.06500714272260666,
      0.0675814151763916,
      0.720283031463623,
      0.7566892504692078,
      0.6463649868965149,
      0.750795841217041,
      0.18999937176704407,
      0.9999999403953552,
      0.24619236588478088,
      0.05973290279507637,
      -0.03636582940816879,
      -0.07383470982313156,
      -0.04630640894174576,
      -0.13220664858818054
    ],
    [
      0.2333930879831314,
      0.14418034255504608,
      0.06475085020065308,
      0.0923190638422966,
      0.18669874966144562,
      0.19212844967842102,
      0.17718011140823364,
      0.2262324094772339,
      0.26287150382995605,
      0.24619236588478088,
      1.0,
      0.08426876366138458,
      0.15953361988067627,
      0.11881673336029053,
      0.06285033375024796,
      0.14299017190933228
    ],
    [
      0.059830110520124435,
      0.5399546027183533,
      0.6448498964309692,
      0.6704053282737732,
      -0.03641671687364578,
      -0.0666431337594986,
      -0.06061976030468941,
      -0.034857314079999924,
      0.11938361823558807,
      0.05973290279507637,
      0.08426876366138458,
      0.9999999403953552,
      0.2737669348716736,
      0.26000964641571045,
      0.17371530830860138,
      0.2529028356075287
    ],
    [
      -0.04056243225932121,
      0.38288697600364685,
      0.3210351765155792,
      0.2681373655796051,
      -0.023349111899733543,
      -0.013664108701050282,
      -0.016623836010694504,
      -0.04274095222353935,
      0.21000736951828003,
      -0.03636582940816879,
      0.15953361988067627,
      0.2737669348716736,
      1.0,
      0.6340437531471252,
      0.43168914318084717,
      0.5166262984275818
    ],
    [
      -0.07482555508613586,
      0.3107444643974304,
      0.30949854850769043,
      0.25216060876846313,
      -0.055083416402339935,
      -0.07084591686725616,
      -0.007389392238110304,
      -0.03290187194943428,
      0.20532798767089844,
      -0.07383470982313156,
      0.11881673336029053,
      0.26000964641571045,
      0.6340437531471252,
      0.9999999403953552,
      0.7682033777236938,
      0.6258921027183533
    ],
    [
      -0.05705607309937477,
      0.2477286010980606,
      0.2445518672466278,
      0.17927329242229462,
      -0.03085578791797161,
      -0.0484536774456501,
      0.012648495845496655,
      -0.015602036379277706,
      0.1526419222354889,
      -0.04630640894174576,
      0.06285033375024796,
      0.17371530830860138,
      0.43168914318084717,
      0.7682033777236938,
      1.0,
      0.595396876335144
    ],
    [
      -0.14903774857521057,
      0.29808083176612854,
      0.2875484824180603,
      0.19909435510635376,
      -0.13932527601718903,
      -0.14400501549243927,
      -0.08270981162786484,
      -0.10167007148265839,
      0.16399867832660675,
      -0.13220664858818054,
      0.14299017190933228,
      0.2529028356075287,
      0.5166262984275818,
      0.6258921027183533,
      0.595396876335144,
      0.9999999403953552
    ]
  ]
}