{"game_number":227,"words":["CLEF","NOTE","REST","STAFF","BULL","CRAB","SCALES","TWINS","CAPITOL","COLUMBIA","VIRGIN","ISLAND","CAN","GEM","LIB","TAU"],"adjacency_matrix":[[0.9999999403953552,0.27554449439048767,0.10398999601602554,0.1084844321012497,0.16026759147644043,0.13188351690769196,0.24927137792110443,0.12882095575332642,0.16233791410923004,0.24693843722343445,0.21168063580989838,0.13655179738998413,0.1567673534154892,0.20881405472755432,0.19820404052734375,0.15225602686405182],[0.27554449439048767,1.0,0.4514737129211426,0.3182528018951416,0.27873098850250244,0.1613578051328659,0.353912889957428,0.23694013059139252,0.18218468129634857,0.1953628659248352,0.1210949718952179,0.2177741378545761,0.3467782139778137,0.279375821352005,0.14299717545509338,0.07778655737638474],[0.10398999601602554,0.4514737129211426,1.0,0.40021374821662903,0.38136202096939087,0.28803515434265137,0.37213149666786194,0.3224387764930725,0.33119693398475647,0.25504276156425476,0.32187145948410034,0.41531407833099365,0.46214377880096436,0.2847698926925659,0.15898257493972778,0.1529848873615265],[0.1084844321012497,0.3182528018951416,0.40021374821662903,1.0,0.2261531800031662,0.19854900240898132,0.3040027916431427,0.2957414388656616,0.3134481906890869,0.2162681668996811,0.17392246425151825,0.2950745224952698,0.32094648480415344,0.14034755527973175,0.18158435821533203,0.07842588424682617],[0.16026759147644043,0.27873098850250244,0.38136202096939087,0.2261531800031662,1.0,0.39759695529937744,0.2167164534330368,0.29596465826034546,0.2758013606071472,0.19236430525779724,0.4249250888824463,0.30835458636283875,0.22947381436824799,0.32337018847465515,0.25681689381599426,0.17575740814208984],[0.13188351690769196,0.1613578051328659,0.28803515434265137,0.19854900240898132,0.39759695529937744,1.0,0.24235183000564575,0.23027147352695465,0.21202169358730316,0.26692378520965576,0.30269482731819153,0.41845718026161194,0.2608499526977539,0.365253746509552,0.1894274652004242,0.26298993825912476],[0.24927137792110443,0.353912889957428,0.37213149666786194,0.3040027916431427,0.2167164534330368,0.24235183000564575,1.0,0.24344567954540253,0.24333080649375916,0.2045079469680786,0.1627170294523239,0.28364238142967224,0.31550249457359314,0.27173128724098206,0.09008442610502243,0.20550525188446045],[0.12882095575332642,0.23694013059139252,0.3224387764930725,0.2957414388656616,0.29596465826034546,0.23027147352695465,0.24344567954540253,0.9999999403953552,0.14168839156627655,0.18849490582942963,0.30057254433631897,0.24075056612491608,0.29258832335472107,0.19080807268619537,0.12855571508407593,0.1348942071199417],[0.16233791410923004,0.18218468129634857,0.33119693398475647,0.3134481906890869,0.2758013606071472,0.21202169358730316,0.24333080649375916,0.14168839156627655,0.9999999403953552,0.45128992199897766,0.2922883629798889,0.4350013732910156,0.17915399372577667,0.25329428911209106,0.23159752786159515,0.17397859692573547],[0.24693843722343445,0.1953628659248352,0.25504276156425476,0.2162681668996811,0.19236430525779724,0.26692378520965576,0.2045079469680786,0.18849490582942963,0.45128992199897766,1.0,0.3046684265136719,0.3445102870464325,0.2272055447101593,0.27476194500923157,0.26255252957344055,0.18059010803699493],[0.21168063580989838,0.1210949718952179,0.32187145948410034,0.17392246425151825,0.4249250888824463,0.30269482731819153,0.1627170294523239,0.30057254433631897,0.2922883629798889,0.3046684265136719,1.0,0.4073939919471741,0.1648707538843155,0.3575800657272339,0.27429288625717163,0.17703589797019958],[0.13655179738998413,0.2177741378545761,0.41531407833099365,0.2950745224952698,0.30835458636283875,0.41845718026161194,0.28364238142967224,0.24075056612491608,0.4350013732910156,0.3445102870464325,0.4073939919471741,1.0,0.2511223256587982,0.32024112343788147,0.11591628193855286,0.20402361452579498],[0.1567673534154892,0.3467782139778137,0.46214377880096436,0.32094648480415344,0.22947381436824799,0.2608499526977539,0.31550249457359314,0.29258832335472107,0.17915399372577667,0.2272055447101593,0.1648707538843155,0.2511223256587982,1.0,0.19803427159786224,0.1562778204679489,0.13726435601711273],[0.20881405472755432,0.279375821352005,0.2847698926925659,0.14034755527973175,0.32337018847465515,0.365253746509552,0.27173128724098206,0.19080807268619537,0.25329428911209106,0.27476194500923157,0.3575800657272339,0.32024112343788147,0.19803427159786224,1.0,0.12128964811563492,0.1507621705532074],[0.19820404052734375,0.14299717545509338,0.15898257493972778,0.18158435821533203,0.25681689381599426,0.1894274652004242,0.09008442610502243,0.12855571508407593,0.23159752786159515,0.26255252957344055,0.27429288625717163,0.11591628193855286,0.1562778204679489,0.12128964811563492,1.0,0.17252539098262787],[0.15225602686405182,0.07778655737638474,0.1529848873615265,0.07842588424682617,0.17575740814208984,0.26298993825912476,0.20550525188446045,0.1348942071199417,0.17397859692573547,0.18059010803699493,0.17703589797019958,0.20402361452579498,0.13726435601711273,0.1507621705532074,0.17252539098262787,1.0000001192092896]]}