{"game_number":213,"words":["BUZZ","CALL","DIAL","RING","APPENDIX","CHAPTER","INDEX","PREFACE","DINKY","LITTLE","MINUTE","SLIGHT","ITCHY","JERRY","PINKY","SPEEDY"],"adjacency_matrix":[[1.0,0.38140204548835754,0.2913607954978943,0.35960257053375244,0.11265752464532852,0.14656803011894226,0.2515588402748108,0.22967836260795593,0.34659823775291443,0.4412638247013092,0.33947691321372986,0.41776207089424133,0.38379141688346863,0.2727240324020386,0.295867383480072,0.3770703971385956],[0.38140204548835754,1.0,0.5592987537384033,0.45501381158828735,0.23581433296203613,0.2942116856575012,0.3081434965133667,0.4190535545349121,0.2750297486782074,0.3863406181335449,0.3931657373905182,0.31396734714508057,0.1941487044095993,0.2735755145549774,0.2924809455871582,0.34332749247550964],[0.2913607954978943,0.5592987537384033,1.0,0.4867103695869446,0.21840402483940125,0.20493699610233307,0.3275676965713501,0.2930746376514435,0.3407229483127594,0.34519830346107483,0.3778668940067291,0.32538530230522156,0.21447999775409698,0.19570863246917725,0.3527657091617584,0.20866744220256805],[0.35960257053375244,0.45501381158828735,0.4867103695869446,1.0,0.3069262206554413,0.24376630783081055,0.34210845828056335,0.28259870409965515,0.2809831202030182,0.34173598885536194,0.31035223603248596,0.306433767080307,0.1660507172346115,0.3169093728065491,0.4308263659477234,0.24301327764987946],[0.11265752464532852,0.23581433296203613,0.21840402483940125,0.3069262206554413,1.0,0.5435836315155029,0.41753584146499634,0.5443732738494873,0.16603848338127136,0.2613803744316101,0.25741612911224365,0.21252427995204926,0.15179002285003662,0.090973861515522,0.1680719405412674,0.17990651726722717],[0.14656803011894226,0.2942116856575012,0.20493699610233307,0.24376630783081055,0.5435836315155029,1.0,0.3376341462135315,0.5681034922599792,0.13940376043319702,0.29140597581863403,0.31650084257125854,0.16781993210315704,0.051728755235672,0.07370372861623764,0.03683150187134743,0.21477456390857697],[0.2515588402748108,0.3081434965133667,0.3275676965713501,0.34210845828056335,0.41753584146499634,0.3376341462135315,1.0,0.3525942265987396,0.19738686084747314,0.2588174641132355,0.21766652166843414,0.3014218807220459,0.16038785874843597,0.1516019105911255,0.2872287631034851,0.27209681272506714],[0.22967836260795593,0.4190535545349121,0.2930746376514435,0.28259870409965515,0.5443732738494873,0.5681034922599792,0.3525942265987396,0.9999999403953552,0.2199682742357254,0.35648390650749207,0.35440826416015625,0.362420916557312,0.18019144237041473,0.17342381179332733,0.19299302995204926,0.307253360748291],[0.34659823775291443,0.2750297486782074,0.3407229483127594,0.2809831202030182,0.16603848338127136,0.13940376043319702,0.19738686084747314,0.2199682742357254,0.9999999403953552,0.5380606055259705,0.34605324268341064,0.4060596823692322,0.36382508277893066,0.4285637140274048,0.5018559098243713,0.3280618190765381],[0.4412638247013092,0.3863406181335449,0.34519830346107483,0.34173598885536194,0.2613803744316101,0.29140597581863403,0.2588174641132355,0.35648390650749207,0.5380606055259705,0.9999999403953552,0.4648490846157074,0.6951637268066406,0.35246822237968445,0.25383463501930237,0.4061656892299652,0.3128727376461029],[0.33947691321372986,0.3931657373905182,0.3778668940067291,0.31035223603248596,0.25741612911224365,0.31650084257125854,0.21766652166843414,0.35440826416015625,0.34605324268341064,0.4648490846157074,1.0,0.43495044112205505,0.1998087614774704,0.12890616059303284,0.22131572663784027,0.3709036409854889],[0.41776207089424133,0.31396734714508057,0.32538530230522156,0.306433767080307,0.21252427995204926,0.16781993210315704,0.3014218807220459,0.362420916557312,0.4060596823692322,0.6951637268066406,0.43495044112205505,1.0,0.3468524217605591,0.1767861694097519,0.39245253801345825,0.3675861358642578],[0.38379141688346863,0.1941487044095993,0.21447999775409698,0.1660507172346115,0.15179002285003662,0.051728755235672,0.16038785874843597,0.18019144237041473,0.36382508277893066,0.35246822237968445,0.1998087614774704,0.3468524217605591,1.0,0.1469918191432953,0.48284009099006653,0.23745091259479523],[0.2727240324020386,0.2735755145549774,0.19570863246917725,0.3169093728065491,0.090973861515522,0.07370372861623764,0.1516019105911255,0.17342381179332733,0.4285637140274048,0.25383463501930237,0.12890616059303284,0.1767861694097519,0.1469918191432953,1.0,0.3675992786884308,0.2212369740009308],[0.295867383480072,0.2924809455871582,0.3527657091617584,0.4308263659477234,0.1680719405412674,0.03683150187134743,0.2872287631034851,0.19299302995204926,0.5018559098243713,0.4061656892299652,0.22131572663784027,0.39245253801345825,0.48284009099006653,0.3675992786884308,1.0,0.22118407487869263],[0.3770703971385956,0.34332749247550964,0.20866744220256805,0.24301327764987946,0.17990651726722717,0.21477456390857697,0.27209681272506714,0.307253360748291,0.3280618190765381,0.3128727376461029,0.3709036409854889,0.3675861358642578,0.23745091259479523,0.2212369740009308,0.22118407487869263,1.0]]}