{"game_number":132,"words":["BLAST","KNOCK","SLAM","TRASH","APOLOGIES","OOPS","PARDON","SORRY","DEFENSE","EXCUSE","OUT","REASON","DATE","DEAD","DIRTY","DOH"],"adjacency_matrix":[[1.0,0.568187952041626,0.42230603098869324,0.4264254868030548,0.288595587015152,0.23437121510505676,0.3010440170764923,0.3245680630207062,0.3588103950023651,0.3528825342655182,0.45552611351013184,0.28760963678359985,0.390119731426239,0.4647977352142334,0.3801825940608978,0.1684505194425583],[0.568187952041626,1.0,0.560980498790741,0.410902202129364,0.26223474740982056,0.24452583491802216,0.35707587003707886,0.2973942458629608,0.3248446583747864,0.37762385606765747,0.570740818977356,0.3061613440513611,0.38200873136520386,0.39711007475852966,0.33198249340057373,0.19096581637859344],[0.42230603098869324,0.560980498790741,1.0,0.3995378613471985,0.29951658844947815,0.22901412844657898,0.3005426526069641,0.22766363620758057,0.3430711030960083,0.32015740871429443,0.39979833364486694,0.18721424043178558,0.272639662027359,0.2470967322587967,0.3444856107234955,0.1311686486005783],[0.4264254868030548,0.410902202129364,0.3995378613471985,1.0,0.2618710398674011,0.2189047634601593,0.26291680335998535,0.26624494791030884,0.3296392858028412,0.3575284779071808,0.4714242219924927,0.2875605821609497,0.2954840064048767,0.44748902320861816,0.5395902395248413,0.1267312467098236],[0.288595587015152,0.26223474740982056,0.29951658844947815,0.2618710398674011,0.9999999403953552,0.5060911774635315,0.5255882143974304,0.6155121326446533,0.3142549991607666,0.5506063103675842,0.3068787753582001,0.40574878454208374,0.33266401290893555,0.297669380903244,0.2971094846725464,0.20403936505317688],[0.23437121510505676,0.24452583491802216,0.22901412844657898,0.2189047634601593,0.5060911774635315,1.0,0.34989267587661743,0.6003307104110718,0.19541703164577484,0.37828201055526733,0.2195855677127838,0.30271947383880615,0.21266281604766846,0.27854612469673157,0.29252704977989197,0.5967721939086914],[0.3010440170764923,0.35707587003707886,0.3005426526069641,0.26291680335998535,0.5255882143974304,0.34989267587661743,0.9999999403953552,0.40569642186164856,0.29847362637519836,0.5465399026870728,0.2974421977996826,0.35281309485435486,0.3019520342350006,0.34435391426086426,0.27185195684432983,0.1538686752319336],[0.3245680630207062,0.2973942458629608,0.22766363620758057,0.26624494791030884,0.6155121326446533,0.6003307104110718,0.40569642186164856,1.0,0.28049495816230774,0.5686975121498108,0.34510335326194763,0.48489657044410706,0.29758504033088684,0.3816176950931549,0.3656083643436432,0.3734770119190216],[0.3588103950023651,0.3248446583747864,0.3430711030960083,0.3296392858028412,0.3142549991607666,0.19541703164577484,0.29847362637519836,0.28049495816230774,1.0,0.4434589743614197,0.34753116965293884,0.41928285360336304,0.30849218368530273,0.265908807516098,0.276538223028183,0.0425361730158329],[0.3528825342655182,0.37762385606765747,0.32015740871429443,0.3575284779071808,0.5506063103675842,0.37828201055526733,0.5465399026870728,0.5686975121498108,0.4434589743614197,0.9999999403953552,0.40595024824142456,0.6815319061279297,0.3913785219192505,0.32782912254333496,0.3735257387161255,0.20953474938869476],[0.45552611351013184,0.570740818977356,0.39979833364486694,0.4714242219924927,0.3068787753582001,0.2195855677127838,0.2974421977996826,0.34510335326194763,0.34753116965293884,0.40595024824142456,0.9999999403953552,0.3739696145057678,0.48104357719421387,0.5005286931991577,0.4402867257595062,0.1110919713973999],[0.28760963678359985,0.3061613440513611,0.18721424043178558,0.2875605821609497,0.40574878454208374,0.30271947383880615,0.35281309485435486,0.48489657044410706,0.41928285360336304,0.6815319061279297,0.3739696145057678,1.0,0.41989192366600037,0.33641892671585083,0.2689307928085327,0.13652700185775757],[0.390119731426239,0.38200873136520386,0.272639662027359,0.2954840064048767,0.33266401290893555,0.21266281604766846,0.3019520342350006,0.29758504033088684,0.30849218368530273,0.3913785219192505,0.48104357719421387,0.41989192366600037,1.0,0.4197162687778473,0.2537086308002472,0.13048133254051208],[0.4647977352142334,0.39711007475852966,0.2470967322587967,0.44748902320861816,0.297669380903244,0.27854612469673157,0.34435391426086426,0.3816176950931549,0.265908807516098,0.32782912254333496,0.5005286931991577,0.33641892671585083,0.4197162687778473,1.0,0.44680705666542053,0.11306018382310867],[0.3801825940608978,0.33198249340057373,0.3444856107234955,0.5395902395248413,0.2971094846725464,0.29252704977989197,0.27185195684432983,0.3656083643436432,0.276538223028183,0.3735257387161255,0.4402867257595062,0.2689307928085327,0.2537086308002472,0.44680705666542053,0.9999999403953552,0.19224725663661957],[0.1684505194425583,0.19096581637859344,0.1311686486005783,0.1267312467098236,0.20403936505317688,0.5967721939086914,0.1538686752319336,0.3734770119190216,0.0425361730158329,0.20953474938869476,0.1110919713973999,0.13652700185775757,0.13048133254051208,0.11306018382310867,0.19224725663661957,1.0]]}