{
  "game_number": 167,
  "words": [
    "BLANKET",
    "BROAD",
    "GENERAL",
    "UMBRELLA",
    "ABC",
    "BREEZE",
    "PICNIC",
    "PIE",
    "ARS",
    "BOOT",
    "BUT",
    "RUM",
    "CALM",
    "QUIET",
    "SLEEPY",
    "SLOW"
  ],
  "adjacency_matrix": [
    [
      1.0,
      0.5381340980529785,
      0.4274137318134308,
      0.5453523993492126,
      0.03507990390062332,
      0.4211274981498718,
      0.4030560851097107,
      0.30747416615486145,
      0.21511435508728027,
      0.4095834493637085,
      0.22398196160793304,
      0.26206451654434204,
      0.37082597613334656,
      0.394428551197052,
      0.28480854630470276,
      0.3064556121826172
    ],
    [
      0.5381340980529785,
      1.0,
      0.6390296220779419,
      0.4830509126186371,
      0.05068236589431763,
      0.34975945949554443,
      0.3202977776527405,
      0.2753961384296417,
      0.25690630078315735,
      0.3232809901237488,
      0.3412622809410095,
      0.23623162508010864,
      0.44390004873275757,
      0.5193995833396912,
      0.374226450920105,
      0.43945634365081787
    ],
    [
      0.4274137318134308,
      0.6390296220779419,
      1.0,
      0.3927770256996155,
      0.12345314770936966,
      0.31085413694381714,
      0.3739619851112366,
      0.2469293177127838,
      0.21344630420207977,
      0.3139059841632843,
      0.382838636636734,
      0.26100558042526245,
      0.39971834421157837,
      0.4831814467906952,
      0.33799275755882263,
      0.39813658595085144
    ],
    [
      0.5453523993492126,
      0.4830509126186371,
      0.3927770256996155,
      0.9999999403953552,
      0.08116477727890015,
      0.3104688227176666,
      0.339651882648468,
      0.31380078196525574,
      0.2364453226327896,
      0.345523864030838,
      0.21801888942718506,
      0.19858881831169128,
      0.1935303956270218,
      0.2119489163160324,
      0.17233647406101227,
      0.12705285847187042
    ],
    [
      0.03507990390062332,
      0.05068236589431763,
      0.12345314770936966,
      0.08116477727890015,
      0.9999999403953552,
      0.06041176617145538,
      0.042661409825086594,
      0.18962448835372925,
      0.25518620014190674,
      0.060991447418928146,
      0.11632794886827469,
      0.15631629526615143,
      0.01580740511417389,
      0.03163452446460724,
      0.08563078194856644,
      0.03134234622120857
    ],
    [
      0.4211274981498718,
      0.34975945949554443,
      0.31085413694381714,
      0.3104688227176666,
      0.06041176617145538,
      1.0,
      0.3261010944843292,
      0.295514851808548,
      0.21647439897060394,
      0.41333532333374023,
      0.288705050945282,
      0.33206355571746826,
      0.4860506057739258,
      0.3969302177429199,
      0.33009597659111023,
      0.4294052720069885
    ],
    [
      0.4030560851097107,
      0.3202977776527405,
      0.3739619851112366,
      0.339651882648468,
      0.042661409825086594,
      0.3261010944843292,
      1.0,
      0.3647937774658203,
      0.13256126642227173,
      0.3763318657875061,
      0.26548004150390625,
      0.2187763899564743,
      0.28040608763694763,
      0.3757914900779724,
      0.2987038195133209,
      0.26491910219192505
    ],
    [
      0.30747416615486145,
      0.2753961384296417,
      0.2469293177127838,
      0.31380078196525574,
      0.18962448835372925,
      0.295514851808548,
      0.3647937774658203,
      1.0,
      0.30153316259384155,
      0.3270016610622406,
      0.21049317717552185,
      0.3349652588367462,
      0.20277194678783417,
      0.1740707904100418,
      0.18878598511219025,
      0.22722375392913818
    ],
    [
      0.21511435508728027,
      0.25690630078315735,
      0.21344630420207977,
      0.2364453226327896,
      0.25518620014190674,
      0.21647439897060394,
      0.13256126642227173,
      0.30153316259384155,
      1.0,
      0.35604459047317505,
      0.26474234461784363,
      0.2700299918651581,
      0.2038118988275528,
      0.25626248121261597,
      0.19084030389785767,
      0.2556898593902588
    ],
    [
      0.4095834493637085,
      0.3232809901237488,
      0.3139059841632843,
      0.345523864030838,
      0.060991447418928146,
      0.41333532333374023,
      0.3763318657875061,
      0.3270016610622406,
      0.35604459047317505,
      1.0,
      0.2849014401435852,
      0.32627353072166443,
      0.2850911319255829,
      0.3002397119998932,
      0.2300134003162384,
      0.31789430975914
    ],
    [
      0.22398196160793304,
      0.3412622809410095,
      0.382838636636734,
      0.21801888942718506,
      0.11632794886827469,
      0.288705050945282,
      0.26548004150390625,
      0.21049317717552185,
      0.26474234461784363,
      0.2849014401435852,
      0.9999999403953552,
      0.2189783751964569,
      0.3315480351448059,
      0.41374555230140686,
      0.2631883919239044,
      0.4191455841064453
    ],
    [
      0.26206451654434204,
      0.23623162508010864,
      0.26100558042526245,
      0.19858881831169128,
      0.15631629526615143,
      0.33206355571746826,
      0.2187763899564743,
      0.3349652588367462,
      0.2700299918651581,
      0.32627353072166443,
      0.2189783751964569,
      1.0,
      0.24443480372428894,
      0.2258221060037613,
      0.27128612995147705,
      0.24040283262729645
    ],
    [
      0.37082597613334656,
      0.44390004873275757,
      0.39971834421157837,
      0.1935303956270218,
      0.01580740511417389,
      0.4860506057739258,
      0.28040608763694763,
      0.20277194678783417,
      0.2038118988275528,
      0.2850911319255829,
      0.3315480351448059,
      0.24443480372428894,
      0.9999999403953552,
      0.7744765877723694,
      0.49327629804611206,
      0.5027247071266174
    ],
    [
      0.394428551197052,
      0.5193995833396912,
      0.4831814467906952,
      0.2119489163160324,
      0.03163452446460724,
      0.3969302177429199,
      0.3757914900779724,
      0.1740707904100418,
      0.25626248121261597,
      0.3002397119998932,
      0.41374555230140686,
      0.2258221060037613,
      0.7744765877723694,
      1.0,
      0.5873734951019287,
      0.5642958879470825
    ],
    [
      0.28480854630470276,
      0.374226450920105,
      0.33799275755882263,
      0.17233647406101227,
      0.08563078194856644,
      0.33009597659111023,
      0.2987038195133209,
      0.18878598511219025,
      0.19084030389785767,
      0.2300134003162384,
      0.2631883919239044,
      0.27128612995147705,
      0.49327629804611206,
      0.5873734951019287,
      1.0,
      0.43042463064193726
    ],
    [
      0.3064556121826172,
      0.43945634365081787,
      0.39813658595085144,
      0.12705285847187042,
      0.03134234622120857,
      0.4294052720069885,
      0.26491910219192505,
      0.22722375392913818,
      0.2556898593902588,
      0.31789430975914,
      0.4191455841064453,
      0.24040283262729645,
      0.5027247071266174,
      0.5642958879470825,
      0.43042463064193726,
      1.0
    ]
  ]
}