{"game_number":293,"words":["FIT","HEALTHY","SOUND","STRONG","DIP","DROP","FALL","SINK","FOUNTAIN","SPRING","TAP","WELL","KEYS","NICKS","SUMMER","SWIFT"],"adjacency_matrix":[[1.0,0.5044390559196472,0.4797734320163727,0.4728892147541046,0.3411352038383484,0.4061506390571594,0.4881266951560974,0.42276930809020996,0.357655793428421,0.35300907492637634,0.35837236046791077,0.5771295428276062,0.303757905960083,0.3373810052871704,0.2868506610393524,0.30515673756599426],[0.5044390559196472,1.0,0.46329233050346375,0.6046454310417175,0.25374093651771545,0.27160778641700745,0.3220086395740509,0.25923407077789307,0.33559244871139526,0.3135053217411041,0.2595335841178894,0.5038471221923828,0.2831985056400299,0.24220404028892517,0.309610515832901,0.37323784828186035],[0.4797734320163727,0.46329233050346375,1.0,0.5434590578079224,0.2554440200328827,0.35655903816223145,0.33954888582229614,0.37287724018096924,0.38335520029067993,0.3271428942680359,0.39246585965156555,0.4669339060783386,0.3956090211868286,0.2968566417694092,0.25560715794563293,0.44416823983192444],[0.4728892147541046,0.6046454310417175,0.5434590578079224,1.0,0.3123748302459717,0.3966224789619446,0.424175888299942,0.30109190940856934,0.3404778242111206,0.37092292308807373,0.3107595145702362,0.5534863471984863,0.32551029324531555,0.3338600695133209,0.31138232350349426,0.5357834696769714],[0.3411352038383484,0.25374093651771545,0.2554440200328827,0.3123748302459717,1.0,0.6231989860534668,0.46793460845947266,0.510769248008728,0.41291335225105286,0.4334917664527893,0.5408471822738647,0.3846438527107239,0.21529966592788696,0.3304351270198822,0.360663503408432,0.29569628834724426],[0.4061506390571594,0.27160778641700745,0.35655903816223145,0.3966224789619446,0.6231989860534668,1.0,0.6236399412155151,0.5764592885971069,0.41840124130249023,0.444955050945282,0.5096082091331482,0.36870354413986206,0.2719222605228424,0.3468782305717468,0.3459163308143616,0.3712647557258606],[0.4881266951560974,0.3220086395740509,0.33954888582229614,0.424175888299942,0.46793460845947266,0.6236399412155151,1.0,0.48508894443511963,0.4211987555027008,0.7487207055091858,0.3485056161880493,0.4732125699520111,0.21579131484031677,0.2396470308303833,0.6106032729148865,0.3473353385925293],[0.42276930809020996,0.25923407077789307,0.37287724018096924,0.30109190940856934,0.510769248008728,0.5764592885971069,0.48508894443511963,1.0,0.4371111989021301,0.37504735589027405,0.4696131944656372,0.3959752917289734,0.29368650913238525,0.2929752469062805,0.3099709451198578,0.33407503366470337],[0.357655793428421,0.33559244871139526,0.38335520029067993,0.3404778242111206,0.41291335225105286,0.41840124130249023,0.4211987555027008,0.4371111989021301,1.0000001192092896,0.4801933765411377,0.4945240020751953,0.3427548110485077,0.32486528158187866,0.26854240894317627,0.34551000595092773,0.3205038011074066],[0.35300907492637634,0.3135053217411041,0.3271428942680359,0.37092292308807373,0.4334917664527893,0.444955050945282,0.7487207055091858,0.37504735589027405,0.4801933765411377,1.0,0.37818464636802673,0.39117252826690674,0.22535017132759094,0.19252453744411469,0.8246198892593384,0.3737078607082367],[0.35837236046791077,0.2595335841178894,0.39246585965156555,0.3107595145702362,0.5408471822738647,0.5096082091331482,0.3485056161880493,0.4696131944656372,0.4945240020751953,0.37818464636802673,1.0,0.3700280785560608,0.38615694642066956,0.3140370547771454,0.22863197326660156,0.3138905465602875],[0.5771295428276062,0.5038471221923828,0.4669339060783386,0.5534863471984863,0.3846438527107239,0.36870354413986206,0.4732125699520111,0.3959752917289734,0.3427548110485077,0.39117252826690674,0.3700280785560608,1.0,0.3015478551387787,0.3620401620864868,0.3849090039730072,0.3762688934803009],[0.303757905960083,0.2831985056400299,0.3956090211868286,0.32551029324531555,0.21529966592788696,0.2719222605228424,0.21579131484031677,0.29368650913238525,0.32486528158187866,0.22535017132759094,0.38615694642066956,0.3015478551387787,1.0,0.4166632294654846,0.18105866014957428,0.2853398323059082],[0.3373810052871704,0.24220404028892517,0.2968566417694092,0.3338600695133209,0.3304351270198822,0.3468782305717468,0.2396470308303833,0.2929752469062805,0.26854240894317627,0.19252453744411469,0.3140370547771454,0.3620401620864868,0.4166632294654846,1.0,0.1782182902097702,0.2959761321544647],[0.2868506610393524,0.309610515832901,0.25560715794563293,0.31138232350349426,0.360663503408432,0.3459163308143616,0.6106032729148865,0.3099709451198578,0.34551000595092773,0.8246198892593384,0.22863197326660156,0.3849090039730072,0.18105866014957428,0.1782182902097702,1.0,0.2715047299861908],[0.30515673756599426,0.37323784828186035,0.44416823983192444,0.5357834696769714,0.29569628834724426,0.3712647557258606,0.3473353385925293,0.33407503366470337,0.3205038011074066,0.3737078607082367,0.3138905465602875,0.3762688934803009,0.2853398323059082,0.2959761321544647,0.2715047299861908,0.9999999403953552]]}