{
  "game_number": 277,
  "words": [
    "BEAR",
    "STAND",
    "STOMACH",
    "TAKE",
    "BALONEY",
    "BULL",
    "BUNK",
    "TRIPE",
    "HEELS",
    "MOUSE",
    "REMOTE",
    "TONGUE",
    "STRAIN",
    "TAX",
    "TEST",
    "TRY"
  ],
  "adjacency_matrix": [
    [
      0.9999999403953552,
      0.550673246383667,
      0.3991031050682068,
      0.5229251384735107,
      0.2964359521865845,
      0.49946656823158264,
      0.26614463329315186,
      0.3162822127342224,
      0.3737611472606659,
      0.29985615611076355,
      0.3187611997127533,
      0.36528459191322327,
      0.46524739265441895,
      0.3135683238506317,
      0.3163803517818451,
      0.36892759799957275
    ],
    [
      0.550673246383667,
      1.0,
      0.40885382890701294,
      0.6481611728668213,
      0.2994500994682312,
      0.3987538814544678,
      0.3905086815357208,
      0.32927393913269043,
      0.39133042097091675,
      0.27536216378211975,
      0.3545874059200287,
      0.32407352328300476,
      0.4220722019672394,
      0.306438148021698,
      0.4943179190158844,
      0.5057122707366943
    ],
    [
      0.3991031050682068,
      0.40885382890701294,
      1.0,
      0.3805334270000458,
      0.326743483543396,
      0.410479336977005,
      0.3671610951423645,
      0.41672059893608093,
      0.3243330717086792,
      0.3556554317474365,
      0.3281911611557007,
      0.4873899519443512,
      0.46264639496803284,
      0.28432396054267883,
      0.32778677344322205,
      0.3084666430950165
    ],
    [
      0.5229251384735107,
      0.6481611728668213,
      0.3805334270000458,
      1.0,
      0.24793760478496552,
      0.3540624678134918,
      0.30646857619285583,
      0.30648893117904663,
      0.3048994243144989,
      0.278822124004364,
      0.3611261546611786,
      0.28327909111976624,
      0.3756851553916931,
      0.2964154779911041,
      0.46273142099380493,
      0.6378813982009888
    ],
    [
      0.2964359521865845,
      0.2994500994682312,
      0.326743483543396,
      0.24793760478496552,
      1.0,
      0.5001622438430786,
      0.5174748301506042,
      0.7120435833930969,
      0.21524478495121002,
      0.2571210265159607,
      0.2694491744041443,
      0.3274618089199066,
      0.3799673318862915,
      0.3730291426181793,
      0.3598597049713135,
      0.24506159126758575
    ],
    [
      0.49946656823158264,
      0.3987538814544678,
      0.410479336977005,
      0.3540624678134918,
      0.5001622438430786,
      1.0,
      0.31366202235221863,
      0.4824860394001007,
      0.3759317994117737,
      0.3702441453933716,
      0.22634263336658478,
      0.40152400732040405,
      0.3732815980911255,
      0.2840186357498169,
      0.37117505073547363,
      0.2258671522140503
    ],
    [
      0.26614463329315186,
      0.3905086815357208,
      0.3671610951423645,
      0.30646857619285583,
      0.5174748301506042,
      0.31366202235221863,
      1.0,
      0.4846254289150238,
      0.2483498901128769,
      0.24982891976833344,
      0.37580662965774536,
      0.2435283213853836,
      0.34512412548065186,
      0.2954618036746979,
      0.3894296884536743,
      0.25368404388427734
    ],
    [
      0.3162822127342224,
      0.32927393913269043,
      0.41672059893608093,
      0.30648893117904663,
      0.7120435833930969,
      0.4824860394001007,
      0.4846254289150238,
      1.0,
      0.23348146677017212,
      0.2615237832069397,
      0.23420503735542297,
      0.3866187334060669,
      0.35575416684150696,
      0.2783186137676239,
      0.32313966751098633,
      0.3041784167289734
    ],
    [
      0.3737611472606659,
      0.39133042097091675,
      0.3243330717086792,
      0.3048994243144989,
      0.21524478495121002,
      0.3759317994117737,
      0.2483498901128769,
      0.23348146677017212,
      1.0,
      0.29777729511260986,
      0.25051233172416687,
      0.3482348322868347,
      0.354488730430603,
      0.23071177303791046,
      0.24647869169712067,
      0.23617930710315704
    ],
    [
      0.29985615611076355,
      0.27536216378211975,
      0.3556554317474365,
      0.278822124004364,
      0.2571210265159607,
      0.3702441453933716,
      0.24982891976833344,
      0.2615237832069397,
      0.29777729511260986,
      1.0,
      0.3414793610572815,
      0.45291316509246826,
      0.3542296886444092,
      0.19550566375255585,
      0.35166695713996887,
      0.2261904776096344
    ],
    [
      0.3187611997127533,
      0.3545874059200287,
      0.3281911611557007,
      0.3611261546611786,
      0.2694491744041443,
      0.22634263336658478,
      0.37580662965774536,
      0.23420503735542297,
      0.25051233172416687,
      0.3414793610572815,
      1.0,
      0.3298104405403137,
      0.36614954471588135,
      0.3324677646160126,
      0.3871350884437561,
      0.31372061371803284
    ],
    [
      0.36528459191322327,
      0.32407352328300476,
      0.4873899519443512,
      0.28327909111976624,
      0.3274618089199066,
      0.40152400732040405,
      0.2435283213853836,
      0.3866187334060669,
      0.3482348322868347,
      0.45291316509246826,
      0.3298104405403137,
      1.0,
      0.3703116774559021,
      0.2754811644554138,
      0.31657981872558594,
      0.2265845686197281
    ],
    [
      0.46524739265441895,
      0.4220722019672394,
      0.46264639496803284,
      0.3756851553916931,
      0.3799673318862915,
      0.3732815980911255,
      0.34512412548065186,
      0.35575416684150696,
      0.354488730430603,
      0.3542296886444092,
      0.36614954471588135,
      0.3703116774559021,
      1.0,
      0.3686603903770447,
      0.5027746558189392,
      0.2891296446323395
    ],
    [
      0.3135683238506317,
      0.306438148021698,
      0.28432396054267883,
      0.2964154779911041,
      0.3730291426181793,
      0.2840186357498169,
      0.2954618036746979,
      0.2783186137676239,
      0.23071177303791046,
      0.19550566375255585,
      0.3324677646160126,
      0.2754811644554138,
      0.3686603903770447,
      1.0,
      0.35615745186805725,
      0.25196877121925354
    ],
    [
      0.3163803517818451,
      0.4943179190158844,
      0.32778677344322205,
      0.46273142099380493,
      0.3598597049713135,
      0.37117505073547363,
      0.3894296884536743,
      0.32313966751098633,
      0.24647869169712067,
      0.35166695713996887,
      0.3871350884437561,
      0.31657981872558594,
      0.5027746558189392,
      0.35615745186805725,
      1.0,
      0.4979220926761627
    ],
    [
      0.36892759799957275,
      0.5057122707366943,
      0.3084666430950165,
      0.6378813982009888,
      0.24506159126758575,
      0.2258671522140503,
      0.25368404388427734,
      0.3041784167289734,
      0.23617930710315704,
      0.2261904776096344,
      0.31372061371803284,
      0.2265845686197281,
      0.2891296446323395,
      0.25196877121925354,
      0.4979220926761627,
      0.9999999403953552
    ]
  ]
}