{
  "game_number": 93,
  "words": [
    "COLOR",
    "HUE",
    "SHADE",
    "TONE",
    "DALE",
    "DELL",
    "GLEN",
    "HOLLOW",
    "DOLE",
    "HOPE",
    "MARLEY",
    "ROSS",
    "DRE",
    "GARY",
    "GENRE",
    "LUBE"
  ],
  "adjacency_matrix": [
    [
      1.0,
      0.5948948860168457,
      0.5949156880378723,
      0.4620763957500458,
      0.17160694301128387,
      0.18604740500450134,
      0.1261342614889145,
      0.2662827968597412,
      0.15514719486236572,
      0.22867169976234436,
      0.3516196012496948,
      0.26233163475990295,
      0.30248692631721497,
      0.2977429926395416,
      0.2992737293243408,
      0.14943434298038483
    ],
    [
      0.5948948860168457,
      1.0,
      0.5260220766067505,
      0.4567129909992218,
      0.29544737935066223,
      0.23974797129631042,
      0.2916381359100342,
      0.2694774866104126,
      0.1829821914434433,
      0.17275694012641907,
      0.29643696546554565,
      0.22164027392864227,
      0.2636898458003998,
      0.2558053135871887,
      0.16638115048408508,
      0.09380441159009933
    ],
    [
      0.5949156880378723,
      0.5260220766067505,
      1.0,
      0.44220206141471863,
      0.2371329665184021,
      0.25877586007118225,
      0.32355839014053345,
      0.4359799325466156,
      0.32003915309906006,
      0.3750128746032715,
      0.40068554878234863,
      0.2962109446525574,
      0.32541021704673767,
      0.30359596014022827,
      0.31050753593444824,
      0.17484815418720245
    ],
    [
      0.4620763957500458,
      0.4567129909992218,
      0.44220206141471863,
      1.0,
      0.25142377614974976,
      0.19828984141349792,
      0.27453139424324036,
      0.36565089225769043,
      0.18526104092597961,
      0.33286526799201965,
      0.34527239203453064,
      0.2501215636730194,
      0.2795168161392212,
      0.2674894332885742,
      0.3644970655441284,
      0.12689651548862457
    ],
    [
      0.17160694301128387,
      0.29544737935066223,
      0.2371329665184021,
      0.25142377614974976,
      1.0,
      0.49449819326400757,
      0.6638717651367188,
      0.34541383385658264,
      0.3130309283733368,
      0.14871762692928314,
      0.4890217185020447,
      0.508467972278595,
      0.3736916780471802,
      0.4757668077945709,
      0.15781940519809723,
      0.15610238909721375
    ],
    [
      0.18604740500450134,
      0.23974797129631042,
      0.25877586007118225,
      0.19828984141349792,
      0.49449819326400757,
      1.0,
      0.4470895528793335,
      0.30586299300193787,
      0.16502083837985992,
      0.15886379778385162,
      0.36523550748825073,
      0.3781132698059082,
      0.33040034770965576,
      0.319622665643692,
      0.14054211974143982,
      0.15438298881053925
    ],
    [
      0.1261342614889145,
      0.2916381359100342,
      0.32355839014053345,
      0.27453139424324036,
      0.6638717651367188,
      0.4470895528793335,
      1.0,
      0.3985484838485718,
      0.24226580560207367,
      0.21587111055850983,
      0.479724258184433,
      0.4757993221282959,
      0.3709346652030945,
      0.4418725073337555,
      0.1531200259923935,
      0.12668703496456146
    ],
    [
      0.2662827968597412,
      0.2694774866104126,
      0.4359799325466156,
      0.36565089225769043,
      0.34541383385658264,
      0.30586299300193787,
      0.3985484838485718,
      1.0,
      0.3410749137401581,
      0.33559560775756836,
      0.4099698066711426,
      0.38449838757514954,
      0.3805583417415619,
      0.34727099537849426,
      0.22042927145957947,
      0.19654808938503265
    ],
    [
      0.15514719486236572,
      0.1829821914434433,
      0.32003915309906006,
      0.18526104092597961,
      0.3130309283733368,
      0.16502083837985992,
      0.24226580560207367,
      0.3410749137401581,
      0.9999999403953552,
      0.2773951292037964,
      0.3733380436897278,
      0.29141175746917725,
      0.3623368740081787,
      0.2716359794139862,
      0.21980047225952148,
      0.22252023220062256
    ],
    [
      0.22867169976234436,
      0.17275694012641907,
      0.3750128746032715,
      0.33286526799201965,
      0.14871762692928314,
      0.15886379778385162,
      0.21587111055850983,
      0.33559560775756836,
      0.2773951292037964,
      1.0,
      0.3269059360027313,
      0.275047242641449,
      0.24665787816047668,
      0.21412970125675201,
      0.25952059030532837,
      0.1545826941728592
    ],
    [
      0.3516196012496948,
      0.29643696546554565,
      0.40068554878234863,
      0.34527239203453064,
      0.4890217185020447,
      0.36523550748825073,
      0.479724258184433,
      0.4099698066711426,
      0.3733380436897278,
      0.3269059360027313,
      1.0,
      0.6587862372398376,
      0.5991517305374146,
      0.6417936682701111,
      0.2895435094833374,
      0.31893205642700195
    ],
    [
      0.26233163475990295,
      0.22164027392864227,
      0.2962109446525574,
      0.2501215636730194,
      0.508467972278595,
      0.3781132698059082,
      0.4757993221282959,
      0.38449838757514954,
      0.29141175746917725,
      0.275047242641449,
      0.6587862372398376,
      1.0000001192092896,
      0.5322955250740051,
      0.6838449835777283,
      0.20353209972381592,
      0.21040819585323334
    ],
    [
      0.30248692631721497,
      0.2636898458003998,
      0.32541021704673767,
      0.2795168161392212,
      0.3736916780471802,
      0.33040034770965576,
      0.3709346652030945,
      0.3805583417415619,
      0.3623368740081787,
      0.24665787816047668,
      0.5991517305374146,
      0.5322955250740051,
      0.9999999403953552,
      0.5310863256454468,
      0.22296816110610962,
      0.27162009477615356
    ],
    [
      0.2977429926395416,
      0.2558053135871887,
      0.30359596014022827,
      0.2674894332885742,
      0.4757668077945709,
      0.319622665643692,
      0.4418725073337555,
      0.34727099537849426,
      0.2716359794139862,
      0.21412970125675201,
      0.6417936682701111,
      0.6838449835777283,
      0.5310863256454468,
      1.0,
      0.2680600583553314,
      0.2598647475242615
    ],
    [
      0.2992737293243408,
      0.16638115048408508,
      0.31050753593444824,
      0.3644970655441284,
      0.15781940519809723,
      0.14054211974143982,
      0.1531200259923935,
      0.22042927145957947,
      0.21980047225952148,
      0.25952059030532837,
      0.2895435094833374,
      0.20353209972381592,
      0.22296816110610962,
      0.2680600583553314,
      1.0,
      0.08356571942567825
    ],
    [
      0.14943434298038483,
      0.09380441159009933,
      0.17484815418720245,
      0.12689651548862457,
      0.15610238909721375,
      0.15438298881053925,
      0.12668703496456146,
      0.19654808938503265,
      0.22252023220062256,
      0.1545826941728592,
      0.31893205642700195,
      0.21040819585323334,
      0.27162009477615356,
      0.2598647475242615,
      0.08356571942567825,
      1.0
    ]
  ]
}