{
  "game_number": 229,
  "words": [
    "BEAR",
    "STAND",
    "SWALLOW",
    "TAKE",
    "COO",
    "GOBBLE",
    "HONK",
    "HOOT",
    "APP",
    "GOO",
    "MOTOR",
    "SAM",
    "RELISH",
    "SAVOR",
    "TREASURE",
    "VALUE"
  ],
  "adjacency_matrix": [
    [
      0.9999999403953552,
      0.550673246383667,
      0.43303966522216797,
      0.5229251384735107,
      0.2714692950248718,
      0.30995702743530273,
      0.3466021418571472,
      0.3359854519367218,
      0.21122631430625916,
      0.22345834970474243,
      0.30333074927330017,
      0.22924302518367767,
      0.4985370635986328,
      0.413216769695282,
      0.4306108355522156,
      0.39442941546440125
    ],
    [
      0.550673246383667,
      1.0,
      0.44855591654777527,
      0.6481611728668213,
      0.2775276303291321,
      0.29574134945869446,
      0.31971871852874756,
      0.3447113633155823,
      0.3353115916252136,
      0.15135912597179413,
      0.2700975835323334,
      0.19810102880001068,
      0.49084827303886414,
      0.4024757742881775,
      0.3446527421474457,
      0.43034517765045166
    ],
    [
      0.43303966522216797,
      0.44855591654777527,
      0.9999999403953552,
      0.5467982888221741,
      0.3647361695766449,
      0.5411047339439392,
      0.3799809515476227,
      0.39116257429122925,
      0.2630886733531952,
      0.29600533843040466,
      0.2523374855518341,
      0.24948930740356445,
      0.465162992477417,
      0.4480098783969879,
      0.360801637172699,
      0.2858666181564331
    ],
    [
      0.5229251384735107,
      0.6481611728668213,
      0.5467982888221741,
      1.0,
      0.24179425835609436,
      0.3866283595561981,
      0.31118184328079224,
      0.32673001289367676,
      0.30369457602500916,
      0.1539372354745865,
      0.22957995533943176,
      0.17993049323558807,
      0.5325422286987305,
      0.45373299717903137,
      0.35642293095588684,
      0.37990081310272217
    ],
    [
      0.2714692950248718,
      0.2775276303291321,
      0.3647361695766449,
      0.24179425835609436,
      1.0,
      0.38997748494148254,
      0.42881399393081665,
      0.4778766930103302,
      0.23566024005413055,
      0.36229220032691956,
      0.19786986708641052,
      0.3063250184059143,
      0.2901548445224762,
      0.30421900749206543,
      0.16912148892879486,
      0.19525326788425446
    ],
    [
      0.30995702743530273,
      0.29574134945869446,
      0.5411047339439392,
      0.3866283595561981,
      0.38997748494148254,
      1.0,
      0.3841896951198578,
      0.41539350152015686,
      0.2225138396024704,
      0.38832151889801025,
      0.12750902771949768,
      0.15350569784641266,
      0.38881972432136536,
      0.3822157084941864,
      0.29559439420700073,
      0.24773038923740387
    ],
    [
      0.3466021418571472,
      0.31971871852874756,
      0.3799809515476227,
      0.31118184328079224,
      0.42881399393081665,
      0.3841896951198578,
      1.0,
      0.5239519476890564,
      0.23660124838352203,
      0.26155897974967957,
      0.331540048122406,
      0.2705228924751282,
      0.3170138895511627,
      0.3585315942764282,
      0.2142012119293213,
      0.22581267356872559
    ],
    [
      0.3359854519367218,
      0.3447113633155823,
      0.39116257429122925,
      0.32673001289367676,
      0.4778766930103302,
      0.41539350152015686,
      0.5239519476890564,
      1.0,
      0.2801225185394287,
      0.3181649148464203,
      0.2155112624168396,
      0.26478075981140137,
      0.40523412823677063,
      0.32171380519866943,
      0.2780953347682953,
      0.26931247115135193
    ],
    [
      0.21122631430625916,
      0.3353115916252136,
      0.2630886733531952,
      0.30369457602500916,
      0.23566024005413055,
      0.2225138396024704,
      0.23660124838352203,
      0.2801225185394287,
      1.0,
      0.2630394995212555,
      0.3241509199142456,
      0.2696855068206787,
      0.18703794479370117,
      0.17582693696022034,
      0.242186039686203,
      0.3243243992328644
    ],
    [
      0.22345834970474243,
      0.15135912597179413,
      0.29600533843040466,
      0.1539372354745865,
      0.36229220032691956,
      0.38832151889801025,
      0.26155897974967957,
      0.3181649148464203,
      0.2630394995212555,
      1.0,
      0.2582690119743347,
      0.35831770300865173,
      0.25364041328430176,
      0.24048331379890442,
      0.28473934531211853,
      0.22705908119678497
    ],
    [
      0.30333074927330017,
      0.2700975835323334,
      0.2523374855518341,
      0.22957995533943176,
      0.19786986708641052,
      0.12750902771949768,
      0.331540048122406,
      0.2155112624168396,
      0.3241509199142456,
      0.2582690119743347,
      1.0,
      0.1892629861831665,
      0.25154268741607666,
      0.1997734010219574,
      0.30859681963920593,
      0.2930305004119873
    ],
    [
      0.22924302518367767,
      0.19810102880001068,
      0.24948930740356445,
      0.17993049323558807,
      0.3063250184059143,
      0.15350569784641266,
      0.2705228924751282,
      0.26478075981140137,
      0.2696855068206787,
      0.35831770300865173,
      0.1892629861831665,
      1.0,
      0.17143169045448303,
      0.16135568916797638,
      0.21120017766952515,
      0.1765100210905075
    ],
    [
      0.4985370635986328,
      0.49084827303886414,
      0.465162992477417,
      0.5325422286987305,
      0.2901548445224762,
      0.38881972432136536,
      0.3170138895511627,
      0.40523412823677063,
      0.18703794479370117,
      0.25364041328430176,
      0.25154268741607666,
      0.17143169045448303,
      1.0,
      0.6629924178123474,
      0.4293598532676697,
      0.4190126657485962
    ],
    [
      0.413216769695282,
      0.4024757742881775,
      0.4480098783969879,
      0.45373299717903137,
      0.30421900749206543,
      0.3822157084941864,
      0.3585315942764282,
      0.32171380519866943,
      0.17582693696022034,
      0.24048331379890442,
      0.1997734010219574,
      0.16135568916797638,
      0.6629924178123474,
      1.0,
      0.4874056875705719,
      0.3943544626235962
    ],
    [
      0.4306108355522156,
      0.3446527421474457,
      0.360801637172699,
      0.35642293095588684,
      0.16912148892879486,
      0.29559439420700073,
      0.2142012119293213,
      0.2780953347682953,
      0.242186039686203,
      0.28473934531211853,
      0.30859681963920593,
      0.21120017766952515,
      0.4293598532676697,
      0.4874056875705719,
      1.0,
      0.5469624996185303
    ],
    [
      0.39442941546440125,
      0.43034517765045166,
      0.2858666181564331,
      0.37990081310272217,
      0.19525326788425446,
      0.24773038923740387,
      0.22581267356872559,
      0.26931247115135193,
      0.3243243992328644,
      0.22705908119678497,
      0.2930305004119873,
      0.1765100210905075,
      0.4190126657485962,
      0.3943544626235962,
      0.5469624996185303,
      1.0
    ]
  ]
}