{"game_number":46,"words":["CONDITION","FORM","SHAPE","STATE","BUSH","COUNTRY","STICKS","WOODS","FLAMINGO","FOUNTAIN","GNOME","PINWHEEL","FAIRY","FISH","FOLK","TALL"],"adjacency_matrix":[[1.0,0.5440059304237366,0.5202783346176147,0.5204465389251709,0.29702720046043396,0.40916839241981506,0.30536893010139465,0.28282466530799866,0.33087942004203796,0.27962613105773926,0.2004527449607849,0.3057008981704712,0.3413853943347931,0.3602008819580078,0.25624361634254456,0.27871957421302795],[0.5440059304237366,1.0,0.6568649411201477,0.5332328677177429,0.3434021770954132,0.4240265488624573,0.45271041989326477,0.2959429919719696,0.35484880208969116,0.44070979952812195,0.2577396631240845,0.4671535789966583,0.44264164566993713,0.3747943937778473,0.3954406678676605,0.34712740778923035],[0.5202783346176147,0.6568649411201477,1.0,0.4610155522823334,0.3249157667160034,0.38484251499176025,0.46154865622520447,0.30931195616722107,0.36697572469711304,0.35765641927719116,0.24586692452430725,0.5243222117424011,0.3460162878036499,0.3823689818382263,0.30732133984565735,0.3643255829811096],[0.5204465389251709,0.5332328677177429,0.4610155522823334,1.0,0.3591189384460449,0.6391631960868835,0.3149736523628235,0.2993167042732239,0.2724175453186035,0.38545650243759155,0.2118394821882248,0.3266308903694153,0.3591897487640381,0.3957217335700989,0.4038694202899933,0.28090447187423706],[0.29702720046043396,0.3434021770954132,0.3249157667160034,0.3591189384460449,1.0,0.44121164083480835,0.4416004717350006,0.511799156665802,0.40382733941078186,0.26606032252311707,0.3579776883125305,0.3595080077648163,0.3888820707798004,0.3232397735118866,0.39546287059783936,0.3166130781173706],[0.40916839241981506,0.4240265488624573,0.38484251499176025,0.6391631960868835,0.44121164083480835,1.0,0.32394859194755554,0.39339679479599,0.2808559834957123,0.269926518201828,0.210759237408638,0.2690574526786804,0.31513428688049316,0.3195101022720337,0.4682468771934509,0.2786313593387604],[0.30536893010139465,0.45271041989326477,0.46154865622520447,0.3149736523628235,0.4416004717350006,0.32394859194755554,0.9999999403953552,0.4282686710357666,0.34652578830718994,0.37018394470214844,0.33892181515693665,0.44628632068634033,0.35906073451042175,0.4221407473087311,0.35494163632392883,0.379717618227005],[0.28282466530799866,0.2959429919719696,0.30931195616722107,0.2993167042732239,0.511799156665802,0.39339679479599,0.4282686710357666,1.0,0.2883746922016144,0.22475847601890564,0.2970661222934723,0.30981576442718506,0.29968613386154175,0.39335396885871887,0.3739500939846039,0.25723403692245483],[0.33087942004203796,0.35484880208969116,0.36697572469711304,0.2724175453186035,0.40382733941078186,0.2808559834957123,0.34652578830718994,0.2883746922016144,0.9999999403953552,0.41576194763183594,0.3992135524749756,0.5108904242515564,0.45827579498291016,0.4650830030441284,0.3158304691314697,0.2779795527458191],[0.27962613105773926,0.44070979952812195,0.35765641927719116,0.38545650243759155,0.26606032252311707,0.269926518201828,0.37018394470214844,0.22475847601890564,0.41576194763183594,1.0000001192092896,0.37194934487342834,0.43198245763778687,0.43447017669677734,0.3778335452079773,0.2381451278924942,0.34710076451301575],[0.2004527449607849,0.2577396631240845,0.24586692452430725,0.2118394821882248,0.3579776883125305,0.210759237408638,0.33892181515693665,0.2970661222934723,0.3992135524749756,0.37194934487342834,1.0,0.4299130439758301,0.5213890075683594,0.3029383718967438,0.4193618595600128,0.2892695963382721],[0.3057008981704712,0.4671535789966583,0.5243222117424011,0.3266308903694153,0.3595080077648163,0.2690574526786804,0.44628632068634033,0.30981576442718506,0.5108904242515564,0.43198245763778687,0.4299130439758301,1.0,0.47392046451568604,0.36566001176834106,0.3388371169567108,0.37021976709365845],[0.3413853943347931,0.44264164566993713,0.3460162878036499,0.3591897487640381,0.3888820707798004,0.31513428688049316,0.35906073451042175,0.29968613386154175,0.45827579498291016,0.43447017669677734,0.5213890075683594,0.47392046451568604,1.0,0.39376017451286316,0.5145305395126343,0.4234524965286255],[0.3602008819580078,0.3747943937778473,0.3823689818382263,0.3957217335700989,0.3232397735118866,0.3195101022720337,0.4221407473087311,0.39335396885871887,0.4650830030441284,0.3778335452079773,0.3029383718967438,0.36566001176834106,0.39376017451286316,1.0,0.38240399956703186,0.30223754048347473],[0.25624361634254456,0.3954406678676605,0.30732133984565735,0.4038694202899933,0.39546287059783936,0.4682468771934509,0.35494163632392883,0.3739500939846039,0.3158304691314697,0.2381451278924942,0.4193618595600128,0.3388371169567108,0.5145305395126343,0.38240399956703186,1.0,0.2979756295681],[0.27871957421302795,0.34712740778923035,0.3643255829811096,0.28090447187423706,0.3166130781173706,0.2786313593387604,0.379717618227005,0.25723403692245483,0.2779795527458191,0.34710076451301575,0.2892695963382721,0.37021976709365845,0.4234524965286255,0.30223754048347473,0.2979756295681,1.0]]}