{
  "game_number": 293,
  "words": [
    "EXPLORATORY",
    "PILOT",
    "PRELIMINARY",
    "TRIAL",
    "FIDDLER",
    "JERSEY",
    "KINKY",
    "MERRILY",
    "PAN",
    "PARKER",
    "PIPER",
    "RABBIT",
    "ACCEPT",
    "BELIEVE",
    "BUY",
    "TRUST"
  ],
  "adjacency_matrix": [
    [
      1.0,
      0.41288161277770996,
      0.5944405198097229,
      0.41213375329971313,
      0.20490281283855438,
      0.14523868262767792,
      0.3152516782283783,
      0.25281432271003723,
      0.23385438323020935,
      0.27803561091423035,
      0.14865431189537048,
      0.29134342074394226,
      0.2808310091495514,
      0.2622945308685303,
      0.2324484884738922,
      0.2899584174156189
    ],
    [
      0.41288161277770996,
      1.0,
      0.4203859567642212,
      0.4487660229206085,
      0.29032713174819946,
      0.20285286009311676,
      0.19292859733104706,
      0.19554400444030762,
      0.30963119864463806,
      0.3341507911682129,
      0.3121778964996338,
      0.2740650773048401,
      0.2859979271888733,
      0.25943249464035034,
      0.31031569838523865,
      0.33743762969970703
    ],
    [
      0.5944405198097229,
      0.4203859567642212,
      1.0,
      0.5734894871711731,
      0.14110693335533142,
      0.1962115466594696,
      0.2728279232978821,
      0.22510120272636414,
      0.2202558070421219,
      0.1880117803812027,
      0.13436029851436615,
      0.2275271713733673,
      0.3227520287036896,
      0.2880554497241974,
      0.205943301320076,
      0.2736932933330536
    ],
    [
      0.41213375329971313,
      0.4487660229206085,
      0.5734894871711731,
      1.0,
      0.19590719044208527,
      0.24073578417301178,
      0.20626457035541534,
      0.21633872389793396,
      0.2669413983821869,
      0.25114381313323975,
      0.19585449993610382,
      0.26720279455184937,
      0.30837908387184143,
      0.3101305067539215,
      0.25670525431632996,
      0.36402586102485657
    ],
    [
      0.20490281283855438,
      0.29032713174819946,
      0.14110693335533142,
      0.19590719044208527,
      1.0000001192092896,
      0.2234758883714676,
      0.2677142024040222,
      0.3772180378437042,
      0.3541658818721771,
      0.3696281313896179,
      0.6063989400863647,
      0.3932708203792572,
      0.1828574538230896,
      0.15826186537742615,
      0.2326420545578003,
      0.2468956857919693
    ],
    [
      0.14523868262767792,
      0.20285286009311676,
      0.1962115466594696,
      0.24073578417301178,
      0.2234758883714676,
      1.0,
      0.11585211008787155,
      0.06998226046562195,
      0.16719695925712585,
      0.32113850116729736,
      0.26857906579971313,
      0.2767512798309326,
      0.19054043292999268,
      0.1607992947101593,
      0.28826984763145447,
      0.20302756130695343
    ],
    [
      0.3152516782283783,
      0.19292859733104706,
      0.2728279232978821,
      0.20626457035541534,
      0.2677142024040222,
      0.11585211008787155,
      1.0,
      0.2282041311264038,
      0.20765721797943115,
      0.34809133410453796,
      0.15986895561218262,
      0.3464687466621399,
      0.16945873200893402,
      0.1809355616569519,
      0.2020140290260315,
      0.17741020023822784
    ],
    [
      0.25281432271003723,
      0.19554400444030762,
      0.22510120272636414,
      0.21633872389793396,
      0.3772180378437042,
      0.06998226046562195,
      0.2282041311264038,
      1.0,
      0.2940671741962433,
      0.26995614171028137,
      0.32024624943733215,
      0.2747109830379486,
      0.2813705801963806,
      0.23067043721675873,
      0.3206903338432312,
      0.236331969499588
    ],
    [
      0.23385438323020935,
      0.30963119864463806,
      0.2202558070421219,
      0.2669413983821869,
      0.3541658818721771,
      0.16719695925712585,
      0.20765721797943115,
      0.2940671741962433,
      1.0,
      0.393667608499527,
      0.3449872136116028,
      0.4037702679634094,
      0.264787495136261,
      0.20341378450393677,
      0.3723714351654053,
      0.30807065963745117
    ],
    [
      0.27803561091423035,
      0.3341507911682129,
      0.1880117803812027,
      0.25114381313323975,
      0.3696281313896179,
      0.32113850116729736,
      0.34809133410453796,
      0.26995614171028137,
      0.393667608499527,
      1.0,
      0.388589471578598,
      0.449928343296051,
      0.23030945658683777,
      0.1813105344772339,
      0.2756553888320923,
      0.27019989490509033
    ],
    [
      0.14865431189537048,
      0.3121778964996338,
      0.13436029851436615,
      0.19585449993610382,
      0.6063989400863647,
      0.26857906579971313,
      0.15986895561218262,
      0.32024624943733215,
      0.3449872136116028,
      0.388589471578598,
      1.0,
      0.3010348975658417,
      0.17738841474056244,
      0.15809619426727295,
      0.22376032173633575,
      0.19998857378959656
    ],
    [
      0.29134342074394226,
      0.2740650773048401,
      0.2275271713733673,
      0.26720279455184937,
      0.3932708203792572,
      0.2767512798309326,
      0.3464687466621399,
      0.2747109830379486,
      0.4037702679634094,
      0.449928343296051,
      0.3010348975658417,
      1.0,
      0.2065390646457672,
      0.21099726855754852,
      0.2697277367115021,
      0.19534751772880554
    ],
    [
      0.2808310091495514,
      0.2859979271888733,
      0.3227520287036896,
      0.30837908387184143,
      0.1828574538230896,
      0.19054043292999268,
      0.16945873200893402,
      0.2813705801963806,
      0.264787495136261,
      0.23030945658683777,
      0.17738841474056244,
      0.2065390646457672,
      1.0,
      0.5974259376525879,
      0.5607901811599731,
      0.48285433650016785
    ],
    [
      0.2622945308685303,
      0.25943249464035034,
      0.2880554497241974,
      0.3101305067539215,
      0.15826186537742615,
      0.1607992947101593,
      0.1809355616569519,
      0.23067043721675873,
      0.20341378450393677,
      0.1813105344772339,
      0.15809619426727295,
      0.21099726855754852,
      0.5974259376525879,
      1.0,
      0.4294270873069763,
      0.5048041939735413
    ],
    [
      0.2324484884738922,
      0.31031569838523865,
      0.205943301320076,
      0.25670525431632996,
      0.2326420545578003,
      0.28826984763145447,
      0.2020140290260315,
      0.3206903338432312,
      0.3723714351654053,
      0.2756553888320923,
      0.22376032173633575,
      0.2697277367115021,
      0.5607901811599731,
      0.4294270873069763,
      1.0,
      0.4396366477012634
    ],
    [
      0.2899584174156189,
      0.33743762969970703,
      0.2736932933330536,
      0.36402586102485657,
      0.2468956857919693,
      0.20302756130695343,
      0.17741020023822784,
      0.236331969499588,
      0.30807065963745117,
      0.27019989490509033,
      0.19998857378959656,
      0.19534751772880554,
      0.48285433650016785,
      0.5048041939735413,
      0.4396366477012634,
      1.0000001192092896
    ]
  ]
}