{"game_number":153,"words":["BARK","GROWL","HOWL","WHINE","ARM","BRANCH","CHAPTER","WING","CRADLE","FONT","ROOT","SOURCE","CLUE","FROWN","MELLOW","PREEN"],"adjacency_matrix":[[1.0,0.4964309334754944,0.43960273265838623,0.362612247467041,0.2888052761554718,0.3858233690261841,0.16236895322799683,0.2600514590740204,0.26099658012390137,0.14265066385269165,0.4530602693557739,0.29861849546432495,0.29910942912101746,0.26020538806915283,0.3468796908855438,0.2778836190700531],[0.4964309334754944,1.0,0.6389121413230896,0.5998129844665527,0.264242023229599,0.2332705706357956,0.19408155977725983,0.26797184348106384,0.32490837574005127,0.2388356477022171,0.3536968231201172,0.3545211851596832,0.2895612120628357,0.4546436369419098,0.46343159675598145,0.4030349850654602],[0.43960273265838623,0.6389121413230896,1.0,0.6375777721405029,0.22183971107006073,0.11332206428050995,0.12539871037006378,0.22836489975452423,0.27681905031204224,0.18826839327812195,0.29266485571861267,0.2921998202800751,0.2877442538738251,0.4192328155040741,0.39794817566871643,0.3412777781486511],[0.362612247467041,0.5998129844665527,0.6375777721405029,1.0,0.2913669943809509,0.19739319384098053,0.14828595519065857,0.30365413427352905,0.30242589116096497,0.21734270453453064,0.2911233603954315,0.2803252935409546,0.2870289087295532,0.4231075942516327,0.39294612407684326,0.4543640613555908],[0.2888052761554718,0.264242023229599,0.22183971107006073,0.2913669943809509,1.0,0.5466819405555725,0.23528678715229034,0.5100498199462891,0.42075440287590027,0.3139035999774933,0.3906886577606201,0.385970801115036,0.32288187742233276,0.3058043420314789,0.2653009593486786,0.3554108738899231],[0.3858233690261841,0.2332705706357956,0.11332206428050995,0.19739319384098053,0.5466819405555725,1.0,0.3842261731624603,0.5057706832885742,0.347665399312973,0.3056199848651886,0.5212476849555969,0.4184432923793793,0.2875669598579407,0.2493862509727478,0.19853730499744415,0.27451542019844055],[0.16236895322799683,0.19408155977725983,0.12539871037006378,0.14828595519065857,0.23528678715229034,0.3842261731624603,1.0,0.2550308108329773,0.17673499882221222,0.2582024037837982,0.23899030685424805,0.37677547335624695,0.26651081442832947,0.1691872477531433,0.13849343359470367,0.15776070952415466],[0.2600514590740204,0.26797184348106384,0.22836489975452423,0.30365413427352905,0.5100498199462891,0.5057706832885742,0.2550308108329773,1.0,0.3658084571361542,0.29466331005096436,0.4342748522758484,0.3524076044559479,0.2617711126804352,0.20914460718631744,0.3087117075920105,0.38239768147468567],[0.26099658012390137,0.32490837574005127,0.27681905031204224,0.30242589116096497,0.42075440287590027,0.347665399312973,0.17673499882221222,0.3658084571361542,0.9999999403953552,0.27449873089790344,0.4476871192455292,0.28387609124183655,0.24435178935527802,0.23887138068675995,0.263203889131546,0.2887295186519623],[0.14265066385269165,0.2388356477022171,0.18826839327812195,0.21734270453453064,0.3139035999774933,0.3056199848651886,0.2582024037837982,0.29466331005096436,0.27449873089790344,1.0,0.3450010120868683,0.4098256826400757,0.3488309681415558,0.22799479961395264,0.22921478748321533,0.19047343730926514],[0.4530602693557739,0.3536968231201172,0.29266485571861267,0.2911233603954315,0.3906886577606201,0.5212476849555969,0.23899030685424805,0.4342748522758484,0.4476871192455292,0.3450010120868683,1.0,0.4717894196510315,0.4220435321331024,0.27083948254585266,0.31787267327308655,0.2969461977481842],[0.29861849546432495,0.3545211851596832,0.2921998202800751,0.2803252935409546,0.385970801115036,0.4184432923793793,0.37677547335624695,0.3524076044559479,0.28387609124183655,0.4098256826400757,0.4717894196510315,1.0,0.5028470754623413,0.27516981959342957,0.2888971269130707,0.2597225606441498],[0.29910942912101746,0.2895612120628357,0.2877442538738251,0.2870289087295532,0.32288187742233276,0.2875669598579407,0.26651081442832947,0.2617711126804352,0.24435178935527802,0.3488309681415558,0.4220435321331024,0.5028470754623413,1.0,0.27742594480514526,0.29046228528022766,0.2881091237068176],[0.26020538806915283,0.4546436369419098,0.4192328155040741,0.4231075942516327,0.3058043420314789,0.2493862509727478,0.1691872477531433,0.20914460718631744,0.23887138068675995,0.22799479961395264,0.27083948254585266,0.27516981959342957,0.27742594480514526,1.0,0.3647758960723877,0.3872002959251404],[0.3468796908855438,0.46343159675598145,0.39794817566871643,0.39294612407684326,0.2653009593486786,0.19853730499744415,0.13849343359470367,0.3087117075920105,0.263203889131546,0.22921478748321533,0.31787267327308655,0.2888971269130707,0.29046228528022766,0.3647758960723877,1.0,0.36459052562713623],[0.2778836190700531,0.4030349850654602,0.3412777781486511,0.4543640613555908,0.3554108738899231,0.27451542019844055,0.15776070952415466,0.38239768147468567,0.2887295186519623,0.19047343730926514,0.2969461977481842,0.2597225606441498,0.2881091237068176,0.3872002959251404,0.36459052562713623,0.9999999403953552]]}