{
  "game_number": 171,
  "words": [
    "BEAT",
    "METER",
    "RHYTHM",
    "TIME",
    "DONUT",
    "INCH",
    "JUROR",
    "MONTH",
    "DAYS",
    "PADDLE",
    "TAG",
    "TIRED",
    "EARTHWORM",
    "EEL",
    "SALAMANDER",
    "SLUG"
  ],
  "adjacency_matrix": [
    [
      1.0,
      0.38581013679504395,
      0.5447112917900085,
      0.3985779881477356,
      0.32720258831977844,
      0.3021194338798523,
      0.21286234259605408,
      0.2525474429130554,
      0.29245567321777344,
      0.43533796072006226,
      0.3592337369918823,
      0.44280049204826355,
      0.2321222871541977,
      0.21720032393932343,
      0.2846653163433075,
      0.4269869327545166
    ],
    [
      0.38581013679504395,
      1.0,
      0.5003082752227783,
      0.3804176151752472,
      0.3091123402118683,
      0.5315076112747192,
      0.14941604435443878,
      0.3619832396507263,
      0.3351478576660156,
      0.3464909791946411,
      0.3284990191459656,
      0.2442919909954071,
      0.2538585662841797,
      0.24471411108970642,
      0.2128474861383438,
      0.32185599207878113
    ],
    [
      0.5447112917900085,
      0.5003082752227783,
      1.0,
      0.3242628872394562,
      0.2569413483142853,
      0.24527940154075623,
      0.19465170800685883,
      0.20937691628932953,
      0.23814386129379272,
      0.39172035455703735,
      0.25581833720207214,
      0.322028785943985,
      0.2732285261154175,
      0.2280578911304474,
      0.24300839006900787,
      0.2898552417755127
    ],
    [
      0.3985779881477356,
      0.3804176151752472,
      0.3242628872394562,
      1.0,
      0.22990477085113525,
      0.3604337275028229,
      0.24144554138183594,
      0.5753383040428162,
      0.6800163388252258,
      0.28462931513786316,
      0.3196614682674408,
      0.4343005120754242,
      0.19266165792942047,
      0.11450772732496262,
      0.22270269691944122,
      0.23496931791305542
    ],
    [
      0.32720258831977844,
      0.3091123402118683,
      0.2569413483142853,
      0.22990477085113525,
      1.0,
      0.2692345082759857,
      0.20428308844566345,
      0.1684771478176117,
      0.1778528392314911,
      0.29610633850097656,
      0.2809593379497528,
      0.29746559262275696,
      0.3275994658470154,
      0.28846976161003113,
      0.25924447178840637,
      0.41395172476768494
    ],
    [
      0.3021194338798523,
      0.5315076112747192,
      0.24527940154075623,
      0.3604337275028229,
      0.2692345082759857,
      1.0,
      0.10274266451597214,
      0.40684905648231506,
      0.39949744939804077,
      0.30726462602615356,
      0.16063328087329865,
      0.27291810512542725,
      0.2984320819377899,
      0.239541158080101,
      0.17609277367591858,
      0.3299902081489563
    ],
    [
      0.21286234259605408,
      0.14941604435443878,
      0.19465170800685883,
      0.24144554138183594,
      0.20428308844566345,
      0.10274266451597214,
      0.9999999403953552,
      0.1832195669412613,
      0.16342484951019287,
      0.19132684171199799,
      0.19244717061519623,
      0.2171594351530075,
      0.1553315371274948,
      0.15407167375087738,
      0.1598684936761856,
      0.22645939886569977
    ],
    [
      0.2525474429130554,
      0.3619832396507263,
      0.20937691628932953,
      0.5753383040428162,
      0.1684771478176117,
      0.40684905648231506,
      0.1832195669412613,
      1.0,
      0.7164857387542725,
      0.16036497056484222,
      0.25536802411079407,
      0.24944359064102173,
      0.1076057106256485,
      0.0410754457116127,
      0.084837406873703,
      0.18094424903392792
    ],
    [
      0.29245567321777344,
      0.3351478576660156,
      0.23814386129379272,
      0.6800163388252258,
      0.1778528392314911,
      0.39949744939804077,
      0.16342484951019287,
      0.7164857387542725,
      0.9999999403953552,
      0.2354731410741806,
      0.27452364563941956,
      0.36549562215805054,
      0.12430982291698456,
      0.046045880764722824,
      0.14534114301204681,
      0.1446373164653778
    ],
    [
      0.43533796072006226,
      0.3464909791946411,
      0.39172035455703735,
      0.28462931513786316,
      0.29610633850097656,
      0.30726462602615356,
      0.19132684171199799,
      0.16036497056484222,
      0.2354731410741806,
      1.0,
      0.330462247133255,
      0.27451956272125244,
      0.2901623547077179,
      0.37251943349838257,
      0.31441622972488403,
      0.40678146481513977
    ],
    [
      0.3592337369918823,
      0.3284990191459656,
      0.25581833720207214,
      0.3196614682674408,
      0.2809593379497528,
      0.16063328087329865,
      0.19244717061519623,
      0.25536802411079407,
      0.27452364563941956,
      0.330462247133255,
      0.9999999403953552,
      0.23189368844032288,
      0.11149174720048904,
      0.21677978336811066,
      0.22572699189186096,
      0.26574575901031494
    ],
    [
      0.44280049204826355,
      0.2442919909954071,
      0.322028785943985,
      0.4343005120754242,
      0.29746559262275696,
      0.27291810512542725,
      0.2171594351530075,
      0.24944359064102173,
      0.36549562215805054,
      0.27451956272125244,
      0.23189368844032288,
      1.0,
      0.22315147519111633,
      0.1559954434633255,
      0.19278579950332642,
      0.3119596242904663
    ],
    [
      0.2321222871541977,
      0.2538585662841797,
      0.2732285261154175,
      0.19266165792942047,
      0.3275994658470154,
      0.2984320819377899,
      0.1553315371274948,
      0.1076057106256485,
      0.12430982291698456,
      0.2901623547077179,
      0.11149174720048904,
      0.22315147519111633,
      1.0,
      0.5067887902259827,
      0.41817566752433777,
      0.5162872076034546
    ],
    [
      0.21720032393932343,
      0.24471411108970642,
      0.2280578911304474,
      0.11450772732496262,
      0.28846976161003113,
      0.239541158080101,
      0.15407167375087738,
      0.0410754457116127,
      0.046045880764722824,
      0.37251943349838257,
      0.21677978336811066,
      0.1559954434633255,
      0.5067887902259827,
      1.0,
      0.5135452151298523,
      0.42184147238731384
    ],
    [
      0.2846653163433075,
      0.2128474861383438,
      0.24300839006900787,
      0.22270269691944122,
      0.25924447178840637,
      0.17609277367591858,
      0.1598684936761856,
      0.084837406873703,
      0.14534114301204681,
      0.31441622972488403,
      0.22572699189186096,
      0.19278579950332642,
      0.41817566752433777,
      0.5135452151298523,
      1.0,
      0.4320961833000183
    ],
    [
      0.4269869327545166,
      0.32185599207878113,
      0.2898552417755127,
      0.23496931791305542,
      0.41395172476768494,
      0.3299902081489563,
      0.22645939886569977,
      0.18094424903392792,
      0.1446373164653778,
      0.40678146481513977,
      0.26574575901031494,
      0.3119596242904663,
      0.5162872076034546,
      0.42184147238731384,
      0.4320961833000183,
      1.0
    ]
  ]
}