{
  "game_number": 391,
  "words": [
    "BLOOM",
    "BUD",
    "SHOOT",
    "SPROUT",
    "FOSTER",
    "NURSE",
    "RAISE",
    "REAR",
    "CORONA",
    "FLARE",
    "LIGHT",
    "RADIATION",
    "CLIP",
    "PACE",
    "RATE",
    "SPEED"
  ],
  "adjacency_matrix": [
    [
      1.0,
      0.523681640625,
      0.4567197859287262,
      0.5619563460350037,
      0.361080139875412,
      0.2715842127799988,
      0.3053227961063385,
      0.3034076988697052,
      0.33810701966285706,
      0.4396423399448395,
      0.4194929301738739,
      0.28212156891822815,
      0.3335377871990204,
      0.33911335468292236,
      0.3741196095943451,
      0.31492096185684204
    ],
    [
      0.523681640625,
      0.9999999403953552,
      0.3973362445831299,
      0.5025718808174133,
      0.24881264567375183,
      0.2159251719713211,
      0.23336216807365417,
      0.2910032570362091,
      0.29771095514297485,
      0.37589290738105774,
      0.26669687032699585,
      0.16148917376995087,
      0.3065001666545868,
      0.2238876223564148,
      0.27300789952278137,
      0.1772296130657196
    ],
    [
      0.4567197859287262,
      0.3973362445831299,
      0.9999999403953552,
      0.4643133580684662,
      0.3011627495288849,
      0.28104937076568604,
      0.45268142223358154,
      0.42777007818222046,
      0.2885708808898926,
      0.5008136034011841,
      0.3676953911781311,
      0.21614816784858704,
      0.5001928210258484,
      0.35428085923194885,
      0.41327786445617676,
      0.38631629943847656
    ],
    [
      0.5619563460350037,
      0.5025718808174133,
      0.4643133580684662,
      0.9999999403953552,
      0.3660666048526764,
      0.2637082040309906,
      0.4186054468154907,
      0.34870219230651855,
      0.2742026746273041,
      0.4362359642982483,
      0.40105852484703064,
      0.2540326714515686,
      0.3711046278476715,
      0.3152662217617035,
      0.3455759584903717,
      0.31424814462661743
    ],
    [
      0.361080139875412,
      0.24881264567375183,
      0.3011627495288849,
      0.3660666048526764,
      1.0,
      0.3599763512611389,
      0.4365158975124359,
      0.3265766501426697,
      0.2283947467803955,
      0.2965071201324463,
      0.30644986033439636,
      0.2810541093349457,
      0.24584755301475525,
      0.34322693943977356,
      0.3500795066356659,
      0.3383341431617737
    ],
    [
      0.2715842127799988,
      0.2159251719713211,
      0.28104937076568604,
      0.2637082040309906,
      0.3599763512611389,
      1.0,
      0.3387519419193268,
      0.3140750229358673,
      0.24658428132534027,
      0.2868705987930298,
      0.2714207172393799,
      0.26739200949668884,
      0.31607282161712646,
      0.26454851031303406,
      0.3094254732131958,
      0.16862232983112335
    ],
    [
      0.3053227961063385,
      0.23336216807365417,
      0.45268142223358154,
      0.4186054468154907,
      0.4365158975124359,
      0.3387519419193268,
      0.9999999403953552,
      0.46617522835731506,
      0.21998263895511627,
      0.42469409108161926,
      0.41011562943458557,
      0.2559008300304413,
      0.34635671973228455,
      0.3540812134742737,
      0.49708613753318787,
      0.42431947588920593
    ],
    [
      0.3034076988697052,
      0.2910032570362091,
      0.42777007818222046,
      0.34870219230651855,
      0.3265766501426697,
      0.3140750229358673,
      0.46617522835731506,
      1.0,
      0.25205904245376587,
      0.3753369152545929,
      0.419769287109375,
      0.24095258116722107,
      0.3573842942714691,
      0.34373006224632263,
      0.3636717200279236,
      0.3930753767490387
    ],
    [
      0.33810701966285706,
      0.29771095514297485,
      0.2885708808898926,
      0.2742026746273041,
      0.2283947467803955,
      0.24658428132534027,
      0.21998263895511627,
      0.25205904245376587,
      0.9999999403953552,
      0.4656454920768738,
      0.3386791944503784,
      0.38154250383377075,
      0.3077661395072937,
      0.1716700941324234,
      0.25598931312561035,
      0.22103159129619598
    ],
    [
      0.4396423399448395,
      0.37589290738105774,
      0.5008136034011841,
      0.4362359642982483,
      0.2965071201324463,
      0.2868705987930298,
      0.42469409108161926,
      0.3753369152545929,
      0.4656454920768738,
      1.0,
      0.5302470922470093,
      0.40717577934265137,
      0.4104360044002533,
      0.3351266086101532,
      0.3771819472312927,
      0.3811568021774292
    ],
    [
      0.4194929301738739,
      0.26669687032699585,
      0.3676953911781311,
      0.40105852484703064,
      0.30644986033439636,
      0.2714207172393799,
      0.41011562943458557,
      0.419769287109375,
      0.3386791944503784,
      0.5302470922470093,
      1.0,
      0.48719504475593567,
      0.37976863980293274,
      0.3900141716003418,
      0.4136480391025543,
      0.5403544306755066
    ],
    [
      0.28212156891822815,
      0.16148917376995087,
      0.21614816784858704,
      0.2540326714515686,
      0.2810541093349457,
      0.26739200949668884,
      0.2559008300304413,
      0.24095258116722107,
      0.38154250383377075,
      0.40717577934265137,
      0.48719504475593567,
      1.0,
      0.18141211569309235,
      0.24906675517559052,
      0.34660789370536804,
      0.3386736214160919
    ],
    [
      0.3335377871990204,
      0.3065001666545868,
      0.5001928210258484,
      0.3711046278476715,
      0.24584755301475525,
      0.31607282161712646,
      0.34635671973228455,
      0.3573842942714691,
      0.3077661395072937,
      0.4104360044002533,
      0.37976863980293274,
      0.18141211569309235,
      1.0,
      0.37981829047203064,
      0.4685770869255066,
      0.40071025490760803
    ],
    [
      0.33911335468292236,
      0.2238876223564148,
      0.35428085923194885,
      0.3152662217617035,
      0.34322693943977356,
      0.26454851031303406,
      0.3540812134742737,
      0.34373006224632263,
      0.1716700941324234,
      0.3351266086101532,
      0.3900141716003418,
      0.24906675517559052,
      0.37981829047203064,
      1.0,
      0.621420681476593,
      0.6920364499092102
    ],
    [
      0.3741196095943451,
      0.27300789952278137,
      0.41327786445617676,
      0.3455759584903717,
      0.3500795066356659,
      0.3094254732131958,
      0.49708613753318787,
      0.3636717200279236,
      0.25598931312561035,
      0.3771819472312927,
      0.4136480391025543,
      0.34660789370536804,
      0.4685770869255066,
      0.621420681476593,
      1.0,
      0.6312331557273865
    ],
    [
      0.31492096185684204,
      0.1772296130657196,
      0.38631629943847656,
      0.31424814462661743,
      0.3383341431617737,
      0.16862232983112335,
      0.42431947588920593,
      0.3930753767490387,
      0.22103159129619598,
      0.3811568021774292,
      0.5403544306755066,
      0.3386736214160919,
      0.40071025490760803,
      0.6920364499092102,
      0.6312331557273865,
      1.0
    ]
  ]
}