{"game_number":377,"words":["ADIDAS","NIKE","PUMA","REEBOK","CABARET","CAROUSEL","CATS","CHICAGO","DUST","MOP","SWEEP","VACUUM","BAT","IRON","SPIDER","SUPER"],"adjacency_matrix":[[0.9999999403953552,0.5617847442626953,0.3746321499347687,0.5377644896507263,0.06660088896751404,0.10789569467306137,0.16527396440505981,0.2472953349351883,0.11840731650590897,0.07181815057992935,0.04711666703224182,0.04615507647395134,0.15898887813091278,0.16635170578956604,0.25590795278549194,0.2579334080219269],[0.5617847442626953,1.0,0.3914400339126587,0.6063900589942932,0.11442366242408752,0.15720422565937042,0.12977103888988495,0.29442939162254333,0.2083464115858078,0.1637325882911682,0.16625753045082092,0.19012516736984253,0.2300814390182495,0.2239789068698883,0.18286742269992828,0.3141554892063141],[0.3746321499347687,0.3914400339126587,1.0,0.48077061772346497,0.16556259989738464,0.19956569373607635,0.41969841718673706,0.32250362634658813,0.2534361183643341,0.13828697800636292,0.19072012603282928,0.18440772593021393,0.40236708521842957,0.215286523103714,0.49784553050994873,0.34668514132499695],[0.5377644896507263,0.6063900589942932,0.48077061772346497,1.0,0.219212606549263,0.36024245619773865,0.2576664984226227,0.3273402154445648,0.3031729757785797,0.2919187545776367,0.26223915815353394,0.29700967669487,0.338407039642334,0.34960314631462097,0.34415197372436523,0.3315744698047638],[0.06660088896751404,0.11442366242408752,0.16556259989738464,0.219212606549263,1.0,0.445616215467453,0.31023818254470825,0.3124221861362457,0.26043376326560974,0.22519049048423767,0.31754061579704285,0.31696760654449463,0.24400416016578674,0.25293493270874023,0.3056122958660126,0.3465341627597809],[0.10789569467306137,0.15720422565937042,0.19956569373607635,0.36024245619773865,0.445616215467453,1.0,0.2814449071884155,0.31257322430610657,0.3112731873989105,0.21878838539123535,0.34238725900650024,0.4065020680427551,0.276061087846756,0.3480694591999054,0.3688634932041168,0.29981115460395813],[0.16527396440505981,0.12977103888988495,0.41969841718673706,0.2576664984226227,0.31023818254470825,0.2814449071884155,0.9999999403953552,0.29158586263656616,0.30692702531814575,0.20488528907299042,0.2883099913597107,0.2389048933982849,0.28918421268463135,0.28977811336517334,0.34780213236808777,0.3961215019226074],[0.2472953349351883,0.29442939162254333,0.32250362634658813,0.3273402154445648,0.3124221861362457,0.31257322430610657,0.29158586263656616,1.0,0.24471378326416016,0.11833877116441727,0.24783995747566223,0.26676449179649353,0.2365315556526184,0.23447607457637787,0.27105170488357544,0.33520910143852234],[0.11840731650590897,0.2083464115858078,0.2534361183643341,0.3031729757785797,0.26043376326560974,0.3112731873989105,0.30692702531814575,0.24471378326416016,1.0,0.3921966850757599,0.4565131962299347,0.4796487092971802,0.3382295072078705,0.45628711581230164,0.37182244658470154,0.32204142212867737],[0.07181815057992935,0.1637325882911682,0.13828697800636292,0.2919187545776367,0.22519049048423767,0.21878838539123535,0.20488528907299042,0.11833877116441727,0.3921966850757599,1.0,0.4218499958515167,0.3266160190105438,0.3017989993095398,0.3226414620876312,0.23469185829162598,0.28779786825180054],[0.04711666703224182,0.16625753045082092,0.19072012603282928,0.26223915815353394,0.31754061579704285,0.34238725900650024,0.2883099913597107,0.24783995747566223,0.4565131962299347,0.4218499958515167,1.0,0.4098310172557831,0.3625609576702118,0.2557585835456848,0.33913087844848633,0.3472614884376526],[0.04615507647395134,0.19012516736984253,0.18440772593021393,0.29700967669487,0.31696760654449463,0.4065020680427551,0.2389048933982849,0.26676449179649353,0.4796487092971802,0.3266160190105438,0.4098310172557831,1.0,0.2705552875995636,0.3259985148906708,0.31436780095100403,0.3328770697116852],[0.15898887813091278,0.2300814390182495,0.40236708521842957,0.338407039642334,0.24400416016578674,0.276061087846756,0.28918421268463135,0.2365315556526184,0.3382295072078705,0.3017989993095398,0.3625609576702118,0.2705552875995636,0.9999999403953552,0.3079243004322052,0.44492602348327637,0.30816951394081116],[0.16635170578956604,0.2239789068698883,0.215286523103714,0.34960314631462097,0.25293493270874023,0.3480694591999054,0.28977811336517334,0.23447607457637787,0.45628711581230164,0.3226414620876312,0.2557585835456848,0.3259985148906708,0.3079243004322052,1.0000001192092896,0.30399298667907715,0.3434971272945404],[0.25590795278549194,0.18286742269992828,0.49784553050994873,0.34415197372436523,0.3056122958660126,0.3688634932041168,0.34780213236808777,0.27105170488357544,0.37182244658470154,0.23469185829162598,0.33913087844848633,0.31436780095100403,0.44492602348327637,0.30399298667907715,1.0,0.34165525436401367],[0.2579334080219269,0.3141554892063141,0.34668514132499695,0.3315744698047638,0.3465341627597809,0.29981115460395813,0.3961215019226074,0.33520910143852234,0.32204142212867737,0.28779786825180054,0.3472614884376526,0.3328770697116852,0.30816951394081116,0.3434971272945404,0.34165525436401367,1.0]]}