{
  "game_number": 418,
  "words": [
    "ELASTIC",
    "LIMBER",
    "PLASTIC",
    "SUPPLE",
    "FOIL",
    "GLOVE",
    "JACKET",
    "MASK",
    "BASSINET",
    "CELLOPHANE",
    "HARPOON",
    "ORGANISM",
    "FACTORY",
    "MILL",
    "PLANT",
    "SHOP"
  ],
  "adjacency_matrix": [
    [
      1.0,
      0.4641408622264862,
      0.5691722631454468,
      0.6175260543823242,
      0.37117868661880493,
      0.3644750714302063,
      0.36718979477882385,
      0.3220643401145935,
      0.32853373885154724,
      0.4333491921424866,
      0.2765769362449646,
      0.26407238841056824,
      0.2683519423007965,
      0.21732456982135773,
      0.22307023406028748,
      0.2168094664812088
    ],
    [
      0.4641408622264862,
      0.9999999403953552,
      0.38298851251602173,
      0.6465093493461609,
      0.2958911955356598,
      0.3224678933620453,
      0.3310432434082031,
      0.24888396263122559,
      0.3781397044658661,
      0.27694767713546753,
      0.34028735756874084,
      0.30531013011932373,
      0.2208162397146225,
      0.2778007984161377,
      0.33380556106567383,
      0.2873782813549042
    ],
    [
      0.5691722631454468,
      0.38298851251602173,
      1.0,
      0.42127472162246704,
      0.5306205153465271,
      0.5063517689704895,
      0.4968574345111847,
      0.4984876811504364,
      0.49725329875946045,
      0.610749363899231,
      0.3213593363761902,
      0.3627619743347168,
      0.43859314918518066,
      0.3420618772506714,
      0.45701608061790466,
      0.3968266248703003
    ],
    [
      0.6175260543823242,
      0.6465093493461609,
      0.42127472162246704,
      1.0,
      0.3444380760192871,
      0.3760196268558502,
      0.32473427057266235,
      0.26196345686912537,
      0.35355061292648315,
      0.36425742506980896,
      0.2425985187292099,
      0.3279421925544739,
      0.22815071046352386,
      0.22216124832630157,
      0.29726070165634155,
      0.2363497018814087
    ],
    [
      0.37117868661880493,
      0.2958911955356598,
      0.5306205153465271,
      0.3444380760192871,
      1.0,
      0.47260525822639465,
      0.42236295342445374,
      0.5066142082214355,
      0.26638302206993103,
      0.4217362403869629,
      0.35426342487335205,
      0.22267605364322662,
      0.2626749575138092,
      0.2545855939388275,
      0.29622122645378113,
      0.3440614938735962
    ],
    [
      0.3644750714302063,
      0.3224678933620453,
      0.5063517689704895,
      0.3760196268558502,
      0.47260525822639465,
      1.0,
      0.5777459740638733,
      0.5243839621543884,
      0.3681853115558624,
      0.407817006111145,
      0.32848796248435974,
      0.35492897033691406,
      0.4113456606864929,
      0.34213516116142273,
      0.3411213457584381,
      0.40537378191947937
    ],
    [
      0.36718979477882385,
      0.3310432434082031,
      0.4968574345111847,
      0.32473427057266235,
      0.42236295342445374,
      0.5777459740638733,
      1.0,
      0.5105579495429993,
      0.3689854145050049,
      0.4466298222541809,
      0.3158160448074341,
      0.24961324036121368,
      0.3721279203891754,
      0.27351877093315125,
      0.30948400497436523,
      0.4009576141834259
    ],
    [
      0.3220643401145935,
      0.24888396263122559,
      0.4984876811504364,
      0.26196345686912537,
      0.5066142082214355,
      0.5243839621543884,
      0.5105579495429993,
      0.9999999403953552,
      0.24561218917369843,
      0.3182174861431122,
      0.32107946276664734,
      0.29152634739875793,
      0.38870254158973694,
      0.2905344069004059,
      0.3412645757198334,
      0.3474999964237213
    ],
    [
      0.32853373885154724,
      0.3781397044658661,
      0.49725329875946045,
      0.35355061292648315,
      0.26638302206993103,
      0.3681853115558624,
      0.3689854145050049,
      0.24561218917369843,
      1.0,
      0.43248996138572693,
      0.1868150681257248,
      0.27263006567955017,
      0.3681565523147583,
      0.30079564452171326,
      0.3103645145893097,
      0.40474188327789307
    ],
    [
      0.4333491921424866,
      0.27694767713546753,
      0.610749363899231,
      0.36425742506980896,
      0.4217362403869629,
      0.407817006111145,
      0.4466298222541809,
      0.3182174861431122,
      0.43248996138572693,
      1.0,
      0.19784218072891235,
      0.33883264660835266,
      0.3707548677921295,
      0.2371375858783722,
      0.35134270787239075,
      0.28569379448890686
    ],
    [
      0.2765769362449646,
      0.34028735756874084,
      0.3213593363761902,
      0.2425985187292099,
      0.35426342487335205,
      0.32848796248435974,
      0.3158160448074341,
      0.32107946276664734,
      0.1868150681257248,
      0.19784218072891235,
      1.0,
      0.26126667857170105,
      0.27021631598472595,
      0.23390638828277588,
      0.23286095261573792,
      0.26636552810668945
    ],
    [
      0.26407238841056824,
      0.30531013011932373,
      0.3627619743347168,
      0.3279421925544739,
      0.22267605364322662,
      0.35492897033691406,
      0.24961324036121368,
      0.29152634739875793,
      0.27263006567955017,
      0.33883264660835266,
      0.26126667857170105,
      1.0,
      0.4017331302165985,
      0.26680734753608704,
      0.5330925583839417,
      0.26261425018310547
    ],
    [
      0.2683519423007965,
      0.2208162397146225,
      0.43859314918518066,
      0.22815071046352386,
      0.2626749575138092,
      0.4113456606864929,
      0.3721279203891754,
      0.38870254158973694,
      0.3681565523147583,
      0.3707548677921295,
      0.27021631598472595,
      0.4017331302165985,
      1.0,
      0.6472152471542358,
      0.6254563331604004,
      0.6320347785949707
    ],
    [
      0.21732456982135773,
      0.2778007984161377,
      0.3420618772506714,
      0.22216124832630157,
      0.2545855939388275,
      0.34213516116142273,
      0.27351877093315125,
      0.2905344069004059,
      0.30079564452171326,
      0.2371375858783722,
      0.23390638828277588,
      0.26680734753608704,
      0.6472152471542358,
      1.0,
      0.5304661393165588,
      0.5682083368301392
    ],
    [
      0.22307023406028748,
      0.33380556106567383,
      0.45701608061790466,
      0.29726070165634155,
      0.29622122645378113,
      0.3411213457584381,
      0.30948400497436523,
      0.3412645757198334,
      0.3103645145893097,
      0.35134270787239075,
      0.23286095261573792,
      0.5330925583839417,
      0.6254563331604004,
      0.5304661393165588,
      1.0,
      0.5006463527679443
    ],
    [
      0.2168094664812088,
      0.2873782813549042,
      0.3968266248703003,
      0.2363497018814087,
      0.3440614938735962,
      0.40537378191947937,
      0.4009576141834259,
      0.3474999964237213,
      0.40474188327789307,
      0.28569379448890686,
      0.26636552810668945,
      0.26261425018310547,
      0.6320347785949707,
      0.5682083368301392,
      0.5006463527679443,
      1.0
    ]
  ]
}