{
  "game_number": 386,
  "words": [
    "MINERAL",
    "SPRING",
    "STILL",
    "TAP",
    "CORSET",
    "DIABOLO",
    "HOURGLASS",
    "WASP",
    "BOO-BOO",
    "BROWN",
    "HONEY",
    "TEDDY",
    "GASPS",
    "HUFFS",
    "PANTS",
    "PUFFS"
  ],
  "adjacency_matrix": [
    [
      0.9999999403953552,
      0.32510650157928467,
      0.29252302646636963,
      0.3395373225212097,
      0.28481757640838623,
      0.2710930109024048,
      0.27961233258247375,
      0.24818304181098938,
      0.29028069972991943,
      0.4036209285259247,
      0.38950952887535095,
      0.20403450727462769,
      0.14718756079673767,
      0.17024286091327667,
      0.2690553665161133,
      0.2143193781375885
    ],
    [
      0.32510650157928467,
      1.0,
      0.280673086643219,
      0.37818464636802673,
      0.2699170410633087,
      0.2555285096168518,
      0.27426689863204956,
      0.2503719925880432,
      0.2506621181964874,
      0.34670278429985046,
      0.29033368825912476,
      0.19030000269412994,
      0.20455680787563324,
      0.16716226935386658,
      0.3115077018737793,
      0.23334519565105438
    ],
    [
      0.29252302646636963,
      0.280673086643219,
      1.0,
      0.3097132742404938,
      0.2867417633533478,
      0.30272576212882996,
      0.23134204745292664,
      0.26533243060112,
      0.3121172785758972,
      0.37477579712867737,
      0.3285088837146759,
      0.23674774169921875,
      0.2751239836215973,
      0.3372602164745331,
      0.3416879177093506,
      0.24630235135555267
    ],
    [
      0.3395373225212097,
      0.37818464636802673,
      0.3097132742404938,
      1.0,
      0.19017449021339417,
      0.360740065574646,
      0.280819833278656,
      0.2767695188522339,
      0.30198389291763306,
      0.34476083517074585,
      0.3621225655078888,
      0.1428830772638321,
      0.2534129321575165,
      0.21384570002555847,
      0.2929675877094269,
      0.24256771802902222
    ],
    [
      0.28481757640838623,
      0.2699170410633087,
      0.2867417633533478,
      0.19017449021339417,
      1.0,
      0.38928085565567017,
      0.4511483609676361,
      0.2740458846092224,
      0.3211327791213989,
      0.30528178811073303,
      0.21711395680904388,
      0.24331067502498627,
      0.24709168076515198,
      0.233918234705925,
      0.44704052805900574,
      0.31674298644065857
    ],
    [
      0.2710930109024048,
      0.2555285096168518,
      0.30272576212882996,
      0.360740065574646,
      0.38928085565567017,
      1.0,
      0.3174910545349121,
      0.26893508434295654,
      0.31082892417907715,
      0.3472471833229065,
      0.29343703389167786,
      0.2717367708683014,
      0.22102873027324677,
      0.2817499339580536,
      0.31716716289520264,
      0.28223276138305664
    ],
    [
      0.27961233258247375,
      0.27426689863204956,
      0.23134204745292664,
      0.280819833278656,
      0.4511483609676361,
      0.3174910545349121,
      1.0,
      0.3176393210887909,
      0.1583613008260727,
      0.3518587648868561,
      0.2509326636791229,
      0.21119505167007446,
      0.15323425829410553,
      0.1794963777065277,
      0.29029276967048645,
      0.2562282085418701
    ],
    [
      0.24818304181098938,
      0.2503719925880432,
      0.26533243060112,
      0.2767695188522339,
      0.2740458846092224,
      0.26893508434295654,
      0.3176393210887909,
      1.0,
      0.30552780628204346,
      0.39330682158470154,
      0.47856900095939636,
      0.2586210370063782,
      0.18368662893772125,
      0.24894894659519196,
      0.31262704730033875,
      0.32165202498435974
    ],
    [
      0.29028069972991943,
      0.2506621181964874,
      0.3121172785758972,
      0.30198389291763306,
      0.3211327791213989,
      0.31082892417907715,
      0.1583613008260727,
      0.30552780628204346,
      1.0,
      0.3734651207923889,
      0.384631484746933,
      0.38139286637306213,
      0.3808220624923706,
      0.3728298544883728,
      0.37283971905708313,
      0.2977374196052551
    ],
    [
      0.4036209285259247,
      0.34670278429985046,
      0.37477579712867737,
      0.34476083517074585,
      0.30528178811073303,
      0.3472471833229065,
      0.3518587648868561,
      0.39330682158470154,
      0.3734651207923889,
      1.0,
      0.45421358942985535,
      0.41712406277656555,
      0.22519035637378693,
      0.32050344347953796,
      0.49169299006462097,
      0.3966030180454254
    ],
    [
      0.38950952887535095,
      0.29033368825912476,
      0.3285088837146759,
      0.3621225655078888,
      0.21711395680904388,
      0.29343703389167786,
      0.2509326636791229,
      0.47856900095939636,
      0.384631484746933,
      0.45421358942985535,
      1.0,
      0.3342384994029999,
      0.2404378056526184,
      0.3161870837211609,
      0.3159162998199463,
      0.3756946623325348
    ],
    [
      0.20403450727462769,
      0.19030000269412994,
      0.23674774169921875,
      0.1428830772638321,
      0.24331067502498627,
      0.2717367708683014,
      0.21119505167007446,
      0.2586210370063782,
      0.38139286637306213,
      0.41712406277656555,
      0.3342384994029999,
      1.0,
      0.2548482418060303,
      0.2754831314086914,
      0.40205368399620056,
      0.22975391149520874
    ],
    [
      0.14718756079673767,
      0.20455680787563324,
      0.2751239836215973,
      0.2534129321575165,
      0.24709168076515198,
      0.22102873027324677,
      0.15323425829410553,
      0.18368662893772125,
      0.3808220624923706,
      0.22519035637378693,
      0.2404378056526184,
      0.2548482418060303,
      1.0,
      0.5132209062576294,
      0.30483147501945496,
      0.42199084162712097
    ],
    [
      0.17024286091327667,
      0.16716226935386658,
      0.3372602164745331,
      0.21384570002555847,
      0.233918234705925,
      0.2817499339580536,
      0.1794963777065277,
      0.24894894659519196,
      0.3728298544883728,
      0.32050344347953796,
      0.3161870837211609,
      0.2754831314086914,
      0.5132209062576294,
      1.0,
      0.4516395032405853,
      0.7221325635910034
    ],
    [
      0.2690553665161133,
      0.3115077018737793,
      0.3416879177093506,
      0.2929675877094269,
      0.44704052805900574,
      0.31716716289520264,
      0.29029276967048645,
      0.31262704730033875,
      0.37283971905708313,
      0.49169299006462097,
      0.3159162998199463,
      0.40205368399620056,
      0.30483147501945496,
      0.4516395032405853,
      1.0,
      0.4153749942779541
    ],
    [
      0.2143193781375885,
      0.23334519565105438,
      0.24630235135555267,
      0.24256771802902222,
      0.31674298644065857,
      0.28223276138305664,
      0.2562282085418701,
      0.32165202498435974,
      0.2977374196052551,
      0.3966030180454254,
      0.3756946623325348,
      0.22975391149520874,
      0.42199084162712097,
      0.7221325635910034,
      0.4153749942779541,
      1.0000001192092896
    ]
  ]
}