{
  "game_number": 133,
  "words": [
    "AVAILABLE",
    "HANDY",
    "NEARBY",
    "READY",
    "FILLING",
    "HEARTY",
    "SOLID",
    "SQUARE",
    "BUTTY",
    "CHIPPY",
    "FOOTY",
    "TELLY",
    "BREAK",
    "LEAVE",
    "REST",
    "VACATION"
  ],
  "adjacency_matrix": [
    [
      1.0,
      0.4361206591129303,
      0.4034343957901001,
      0.6038365364074707,
      0.4606415331363678,
      0.22338621318340302,
      0.4341742992401123,
      0.2715856730937958,
      0.26773110032081604,
      0.2220047265291214,
      0.199879989027977,
      0.2859433889389038,
      0.27876779437065125,
      0.4133341610431671,
      0.4735656678676605,
      0.29675859212875366
    ],
    [
      0.4361206591129303,
      1.0000001192092896,
      0.3531607687473297,
      0.4994286596775055,
      0.3711804449558258,
      0.35055458545684814,
      0.4351756274700165,
      0.2543635368347168,
      0.3893545866012573,
      0.32899221777915955,
      0.3196942210197449,
      0.37067610025405884,
      0.38881397247314453,
      0.38983362913131714,
      0.3659750521183014,
      0.347354918718338
    ],
    [
      0.4034343957901001,
      0.3531607687473297,
      0.9999999403953552,
      0.3020826578140259,
      0.33194565773010254,
      0.18826745450496674,
      0.30734625458717346,
      0.3724682927131653,
      0.3224485516548157,
      0.3570804297924042,
      0.267769992351532,
      0.24172398447990417,
      0.26304081082344055,
      0.36042091250419617,
      0.4215972423553467,
      0.3219590485095978
    ],
    [
      0.6038365364074707,
      0.4994286596775055,
      0.3020826578140259,
      0.9999999403953552,
      0.4264306128025055,
      0.40000346302986145,
      0.5000238418579102,
      0.2964570224285126,
      0.2984670102596283,
      0.2973978519439697,
      0.3109179735183716,
      0.37232324481010437,
      0.45170754194259644,
      0.48092371225357056,
      0.5056176781654358,
      0.3255872130393982
    ],
    [
      0.4606415331363678,
      0.3711804449558258,
      0.33194565773010254,
      0.4264306128025055,
      0.9999999403953552,
      0.25224927067756653,
      0.429757684469223,
      0.3653510510921478,
      0.3682774305343628,
      0.2773876190185547,
      0.21341204643249512,
      0.34059956669807434,
      0.41242092847824097,
      0.44731059670448303,
      0.46552446484565735,
      0.3275037407875061
    ],
    [
      0.22338621318340302,
      0.35055458545684814,
      0.18826745450496674,
      0.40000346302986145,
      0.25224927067756653,
      0.9999998807907104,
      0.427278995513916,
      0.247675359249115,
      0.33684787154197693,
      0.3855333626270294,
      0.2762902081012726,
      0.24252600967884064,
      0.3092406988143921,
      0.29428383708000183,
      0.36804094910621643,
      0.3218272030353546
    ],
    [
      0.4341742992401123,
      0.4351756274700165,
      0.30734625458717346,
      0.5000238418579102,
      0.429757684469223,
      0.427278995513916,
      1.0,
      0.36716678738594055,
      0.33588388562202454,
      0.3345606029033661,
      0.31868776679039,
      0.2966219186782837,
      0.3971724808216095,
      0.3404458463191986,
      0.5141182541847229,
      0.26322880387306213
    ],
    [
      0.2715856730937958,
      0.2543635368347168,
      0.3724682927131653,
      0.2964570224285126,
      0.3653510510921478,
      0.247675359249115,
      0.36716678738594055,
      1.0,
      0.32234278321266174,
      0.28945595026016235,
      0.2933850586414337,
      0.2619803845882416,
      0.3364699184894562,
      0.31913602352142334,
      0.3856409192085266,
      0.22704924643039703
    ],
    [
      0.26773110032081604,
      0.3893545866012573,
      0.3224485516548157,
      0.2984670102596283,
      0.3682774305343628,
      0.33684787154197693,
      0.33588388562202454,
      0.32234278321266174,
      0.9999998807907104,
      0.5960937142372131,
      0.3304288983345032,
      0.4036642014980316,
      0.3286958336830139,
      0.3056740164756775,
      0.3803759515285492,
      0.245330810546875
    ],
    [
      0.2220047265291214,
      0.32899221777915955,
      0.3570804297924042,
      0.2973978519439697,
      0.2773876190185547,
      0.3855333626270294,
      0.3345606029033661,
      0.28945595026016235,
      0.5960937142372131,
      1.0,
      0.3789454996585846,
      0.3968242406845093,
      0.2971484661102295,
      0.29055914282798767,
      0.3121200203895569,
      0.2598789632320404
    ],
    [
      0.199879989027977,
      0.3196942210197449,
      0.267769992351532,
      0.3109179735183716,
      0.21341204643249512,
      0.2762902081012726,
      0.31868776679039,
      0.2933850586414337,
      0.3304288983345032,
      0.3789454996585846,
      1.0000001192092896,
      0.4229283630847931,
      0.3238350749015808,
      0.27949804067611694,
      0.341762512922287,
      0.24709996581077576
    ],
    [
      0.2859433889389038,
      0.37067610025405884,
      0.24172398447990417,
      0.37232324481010437,
      0.34059956669807434,
      0.24252600967884064,
      0.2966219186782837,
      0.2619803845882416,
      0.4036642014980316,
      0.3968242406845093,
      0.4229283630847931,
      1.0,
      0.29940521717071533,
      0.33923643827438354,
      0.377078652381897,
      0.25005224347114563
    ],
    [
      0.27876779437065125,
      0.38881397247314453,
      0.26304081082344055,
      0.45170754194259644,
      0.41242092847824097,
      0.3092406988143921,
      0.3971724808216095,
      0.3364699184894562,
      0.3286958336830139,
      0.2971484661102295,
      0.3238350749015808,
      0.29940521717071533,
      0.9999999403953552,
      0.5848414301872253,
      0.5837022662162781,
      0.49192142486572266
    ],
    [
      0.4133341610431671,
      0.38983362913131714,
      0.36042091250419617,
      0.48092371225357056,
      0.44731059670448303,
      0.29428383708000183,
      0.3404458463191986,
      0.31913602352142334,
      0.3056740164756775,
      0.29055914282798767,
      0.27949804067611694,
      0.33923643827438354,
      0.5848414301872253,
      1.0,
      0.6321292519569397,
      0.5106610655784607
    ],
    [
      0.4735656678676605,
      0.3659750521183014,
      0.4215972423553467,
      0.5056176781654358,
      0.46552446484565735,
      0.36804094910621643,
      0.5141182541847229,
      0.3856409192085266,
      0.3803759515285492,
      0.3121200203895569,
      0.341762512922287,
      0.377078652381897,
      0.5837022662162781,
      0.6321292519569397,
      1.0,
      0.4878375828266144
    ],
    [
      0.29675859212875366,
      0.347354918718338,
      0.3219590485095978,
      0.3255872130393982,
      0.3275037407875061,
      0.3218272030353546,
      0.26322880387306213,
      0.22704924643039703,
      0.245330810546875,
      0.2598789632320404,
      0.24709996581077576,
      0.25005224347114563,
      0.49192142486572266,
      0.5106610655784607,
      0.4878375828266144,
      1.0
    ]
  ]
}