{
  "game_number": 447,
  "words": [
    "CONE",
    "IRIS",
    "LENS",
    "PUPIL",
    "DADA",
    "GRAMMY",
    "MUM",
    "POPPY",
    "EXPOSE",
    "PATE",
    "RESUME",
    "ROSE",
    "COIN",
    "CREATE",
    "DEVISE",
    "INVENT"
  ],
  "adjacency_matrix": [
    [
      1.0,
      0.3941417634487152,
      0.46866756677627563,
      0.2926456034183502,
      0.24527132511138916,
      0.19629716873168945,
      0.26369914412498474,
      0.3676204979419708,
      0.2822284698486328,
      0.41941165924072266,
      0.2571943700313568,
      0.39687061309814453,
      0.34004709124565125,
      0.31406909227371216,
      0.27193334698677063,
      0.19273899495601654
    ],
    [
      0.3941417634487152,
      1.0,
      0.4400525987148285,
      0.42021629214286804,
      0.2415425181388855,
      0.13185477256774902,
      0.25371381640434265,
      0.3297954797744751,
      0.20478986203670502,
      0.24943187832832336,
      0.14063182473182678,
      0.27529531717300415,
      0.2445538192987442,
      0.18059943616390228,
      0.1514757126569748,
      0.11931363493204117
    ],
    [
      0.46866756677627563,
      0.4400525987148285,
      0.9999999403953552,
      0.3526991009712219,
      0.19280022382736206,
      0.1546526402235031,
      0.23054800927639008,
      0.22324618697166443,
      0.339834064245224,
      0.25755321979522705,
      0.22007188200950623,
      0.23447951674461365,
      0.2882709801197052,
      0.24433688819408417,
      0.22450140118598938,
      0.16519175469875336
    ],
    [
      0.2926456034183502,
      0.42021629214286804,
      0.3526991009712219,
      1.0,
      0.30552276968955994,
      0.20177210867404938,
      0.4056718945503235,
      0.13998514413833618,
      0.2467886507511139,
      0.2712303698062897,
      0.17191702127456665,
      0.23114848136901855,
      0.18076524138450623,
      0.20622749626636505,
      0.22931230068206787,
      0.14253023266792297
    ],
    [
      0.24527132511138916,
      0.2415425181388855,
      0.19280022382736206,
      0.30552276968955994,
      1.0,
      0.3922114074230194,
      0.5175461173057556,
      0.26740390062332153,
      0.21734827756881714,
      0.2908155918121338,
      0.21957533061504364,
      0.2628149390220642,
      0.20020604133605957,
      0.2667508125305176,
      0.2196103185415268,
      0.264494389295578
    ],
    [
      0.19629716873168945,
      0.13185477256774902,
      0.1546526402235031,
      0.20177210867404938,
      0.3922114074230194,
      1.0,
      0.3682083785533905,
      0.3111216127872467,
      0.21602576971054077,
      0.3553398549556732,
      0.2835850119590759,
      0.2973909080028534,
      0.23913593590259552,
      0.2848941683769226,
      0.19395743310451508,
      0.22309985756874084
    ],
    [
      0.26369914412498474,
      0.25371381640434265,
      0.23054800927639008,
      0.4056718945503235,
      0.5175461173057556,
      0.3682083785533905,
      1.0,
      0.31754249334335327,
      0.2773267924785614,
      0.3151044547557831,
      0.2500842213630676,
      0.2948038578033447,
      0.2024075984954834,
      0.20428895950317383,
      0.20598533749580383,
      0.2100527435541153
    ],
    [
      0.3676204979419708,
      0.3297954797744751,
      0.22324618697166443,
      0.13998514413833618,
      0.26740390062332153,
      0.3111216127872467,
      0.31754249334335327,
      1.0,
      0.24206753075122833,
      0.36281126737594604,
      0.26699018478393555,
      0.42455726861953735,
      0.29882559180259705,
      0.24548673629760742,
      0.1686074137687683,
      0.22017209231853485
    ],
    [
      0.2822284698486328,
      0.20478986203670502,
      0.339834064245224,
      0.2467886507511139,
      0.21734827756881714,
      0.21602576971054077,
      0.2773267924785614,
      0.24206753075122833,
      1.0,
      0.3553078770637512,
      0.44440555572509766,
      0.27940833568573,
      0.2752463221549988,
      0.592227578163147,
      0.4452669322490692,
      0.3796985149383545
    ],
    [
      0.41941165924072266,
      0.24943187832832336,
      0.25755321979522705,
      0.2712303698062897,
      0.2908155918121338,
      0.3553398549556732,
      0.3151044547557831,
      0.36281126737594604,
      0.3553078770637512,
      0.9999999403953552,
      0.3676140606403351,
      0.3610381782054901,
      0.31970664858818054,
      0.3333151638507843,
      0.3164374530315399,
      0.24686813354492188
    ],
    [
      0.2571943700313568,
      0.14063182473182678,
      0.22007188200950623,
      0.17191702127456665,
      0.21957533061504364,
      0.2835850119590759,
      0.2500842213630676,
      0.26699018478393555,
      0.44440555572509766,
      0.3676140606403351,
      1.0,
      0.33678534626960754,
      0.2366371750831604,
      0.44590601325035095,
      0.31411921977996826,
      0.23129543662071228
    ],
    [
      0.39687061309814453,
      0.27529531717300415,
      0.23447951674461365,
      0.23114848136901855,
      0.2628149390220642,
      0.2973909080028534,
      0.2948038578033447,
      0.42455726861953735,
      0.27940833568573,
      0.3610381782054901,
      0.33678534626960754,
      1.0,
      0.2929244935512543,
      0.31805163621902466,
      0.2266066074371338,
      0.21212700009346008
    ],
    [
      0.34004709124565125,
      0.2445538192987442,
      0.2882709801197052,
      0.18076524138450623,
      0.20020604133605957,
      0.23913593590259552,
      0.2024075984954834,
      0.29882559180259705,
      0.2752463221549988,
      0.31970664858818054,
      0.2366371750831604,
      0.2929244935512543,
      1.0000001192092896,
      0.2989099621772766,
      0.3126693069934845,
      0.28223562240600586
    ],
    [
      0.31406909227371216,
      0.18059943616390228,
      0.24433688819408417,
      0.20622749626636505,
      0.2667508125305176,
      0.2848941683769226,
      0.20428895950317383,
      0.24548673629760742,
      0.592227578163147,
      0.3333151638507843,
      0.44590601325035095,
      0.31805163621902466,
      0.2989099621772766,
      1.0,
      0.6282039284706116,
      0.6208363175392151
    ],
    [
      0.27193334698677063,
      0.1514757126569748,
      0.22450140118598938,
      0.22931230068206787,
      0.2196103185415268,
      0.19395743310451508,
      0.20598533749580383,
      0.1686074137687683,
      0.4452669322490692,
      0.3164374530315399,
      0.31411921977996826,
      0.2266066074371338,
      0.3126693069934845,
      0.6282039284706116,
      1.0,
      0.6610375642776489
    ],
    [
      0.19273899495601654,
      0.11931363493204117,
      0.16519175469875336,
      0.14253023266792297,
      0.264494389295578,
      0.22309985756874084,
      0.2100527435541153,
      0.22017209231853485,
      0.3796985149383545,
      0.24686813354492188,
      0.23129543662071228,
      0.21212700009346008,
      0.28223562240600586,
      0.6208363175392151,
      0.6610375642776489,
      1.0
    ]
  ]
}