{
  "game_number": 607,
  "words": [
    "KING",
    "MAGIC",
    "SUN",
    "THUNDER",
    "CHECKERS",
    "OUTBACK",
    "SONIC",
    "SUBWAY",
    "DAY",
    "FLOYD",
    "SABBATH",
    "STRIPES",
    "GAS",
    "LIQUID",
    "PLASMA",
    "SOLID"
  ],
  "adjacency_matrix": [
    [
      1.0,
      0.3904775381088257,
      0.36156347393989563,
      0.31207722425460815,
      0.33903050422668457,
      0.2172008752822876,
      0.2097456157207489,
      0.222200408577919,
      0.33387234807014465,
      0.4119263291358948,
      0.3304373025894165,
      0.2531483769416809,
      0.1724044233560562,
      0.21315106749534607,
      0.2433575689792633,
      0.23391170799732208
    ],
    [
      0.3904775381088257,
      1.0,
      0.4206041991710663,
      0.3780365586280823,
      0.32084017992019653,
      0.3082793653011322,
      0.467871755361557,
      0.30161958932876587,
      0.30651527643203735,
      0.3037615418434143,
      0.3696270287036896,
      0.25410619378089905,
      0.32976990938186646,
      0.4529152512550354,
      0.3166193664073944,
      0.4199373126029968
    ],
    [
      0.36156347393989563,
      0.4206041991710663,
      1.0,
      0.39045250415802,
      0.22058145701885223,
      0.30001193284988403,
      0.25495943427085876,
      0.2373804748058319,
      0.41193410754203796,
      0.2986079454421997,
      0.37451836466789246,
      0.3165759742259979,
      0.38459041714668274,
      0.37246325612068176,
      0.3525254726409912,
      0.27955660223960876
    ],
    [
      0.31207722425460815,
      0.3780365586280823,
      0.39045250415802,
      1.0,
      0.17498642206192017,
      0.22381210327148438,
      0.4134353697299957,
      0.23547925055027008,
      0.282948762178421,
      0.35392487049102783,
      0.24392834305763245,
      0.22788064181804657,
      0.3042551577091217,
      0.2776794135570526,
      0.348195880651474,
      0.25135043263435364
    ],
    [
      0.33903050422668457,
      0.32084017992019653,
      0.22058145701885223,
      0.17498642206192017,
      1.0,
      0.13480201363563538,
      0.19574975967407227,
      0.2245469093322754,
      0.24286426603794098,
      0.29408058524131775,
      0.19234085083007812,
      0.3749323785305023,
      0.19911254942417145,
      0.21149790287017822,
      0.15927651524543762,
      0.24952483177185059
    ],
    [
      0.2172008752822876,
      0.3082793653011322,
      0.30001193284988403,
      0.22381210327148438,
      0.13480201363563538,
      1.0,
      0.29091760516166687,
      0.23505441844463348,
      0.3209766447544098,
      0.2522972524166107,
      0.2118285447359085,
      0.2167382836341858,
      0.3327566981315613,
      0.21525825560092926,
      0.2333930879831314,
      0.24156689643859863
    ],
    [
      0.2097456157207489,
      0.467871755361557,
      0.25495943427085876,
      0.4134353697299957,
      0.19574975967407227,
      0.29091760516166687,
      1.0,
      0.25099924206733704,
      0.16028089821338654,
      0.36658522486686707,
      0.1853712499141693,
      0.23019489645957947,
      0.4136752784252167,
      0.3817856013774872,
      0.36222803592681885,
      0.3432423770427704
    ],
    [
      0.222200408577919,
      0.30161958932876587,
      0.2373804748058319,
      0.23547925055027008,
      0.2245469093322754,
      0.23505441844463348,
      0.25099924206733704,
      0.9999999403953552,
      0.3576614558696747,
      0.2606283724308014,
      0.25521397590637207,
      0.2374609261751175,
      0.3776072561740875,
      0.32901036739349365,
      0.22469265758991241,
      0.25805914402008057
    ],
    [
      0.33387234807014465,
      0.30651527643203735,
      0.41193410754203796,
      0.282948762178421,
      0.24286426603794098,
      0.3209766447544098,
      0.16028089821338654,
      0.3576614558696747,
      0.9999999403953552,
      0.2735210061073303,
      0.46387866139411926,
      0.2451126128435135,
      0.25524285435676575,
      0.21672728657722473,
      0.20557470619678497,
      0.27210819721221924
    ],
    [
      0.4119263291358948,
      0.3037615418434143,
      0.2986079454421997,
      0.35392487049102783,
      0.29408058524131775,
      0.2522972524166107,
      0.36658522486686707,
      0.2606283724308014,
      0.2735210061073303,
      1.0,
      0.2652743458747864,
      0.3600442111492157,
      0.27479809522628784,
      0.2733501195907593,
      0.2493482083082199,
      0.3019888997077942
    ],
    [
      0.3304373025894165,
      0.3696270287036896,
      0.37451836466789246,
      0.24392834305763245,
      0.19234085083007812,
      0.2118285447359085,
      0.1853712499141693,
      0.25521397590637207,
      0.46387866139411926,
      0.2652743458747864,
      1.0,
      0.23375238478183746,
      0.23626002669334412,
      0.19572603702545166,
      0.23783236742019653,
      0.1356608271598816
    ],
    [
      0.2531483769416809,
      0.25410619378089905,
      0.3165759742259979,
      0.22788064181804657,
      0.3749323785305023,
      0.2167382836341858,
      0.23019489645957947,
      0.2374609261751175,
      0.2451126128435135,
      0.3600442111492157,
      0.23375238478183746,
      0.9999999403953552,
      0.26681992411613464,
      0.24020886421203613,
      0.30255329608917236,
      0.3639627993106842
    ],
    [
      0.1724044233560562,
      0.32976990938186646,
      0.38459041714668274,
      0.3042551577091217,
      0.19911254942417145,
      0.3327566981315613,
      0.4136752784252167,
      0.3776072561740875,
      0.25524285435676575,
      0.27479809522628784,
      0.23626002669334412,
      0.26681992411613464,
      0.9999999403953552,
      0.5944470763206482,
      0.527569591999054,
      0.38361871242523193
    ],
    [
      0.21315106749534607,
      0.4529152512550354,
      0.37246325612068176,
      0.2776794135570526,
      0.21149790287017822,
      0.21525825560092926,
      0.3817856013774872,
      0.32901036739349365,
      0.21672728657722473,
      0.2733501195907593,
      0.19572603702545166,
      0.24020886421203613,
      0.5944470763206482,
      1.0,
      0.5360279083251953,
      0.5935763716697693
    ],
    [
      0.2433575689792633,
      0.3166193664073944,
      0.3525254726409912,
      0.348195880651474,
      0.15927651524543762,
      0.2333930879831314,
      0.36222803592681885,
      0.22469265758991241,
      0.20557470619678497,
      0.2493482083082199,
      0.23783236742019653,
      0.30255329608917236,
      0.527569591999054,
      0.5360279083251953,
      1.0,
      0.37924623489379883
    ],
    [
      0.23391170799732208,
      0.4199373126029968,
      0.27955660223960876,
      0.25135043263435364,
      0.24952483177185059,
      0.24156689643859863,
      0.3432423770427704,
      0.25805914402008057,
      0.27210819721221924,
      0.3019888997077942,
      0.1356608271598816,
      0.3639627993106842,
      0.38361871242523193,
      0.5935763716697693,
      0.37924623489379883,
      1.0
    ]
  ]
}