{
  "game_number": 35,
  "words": [
    "RAIN",
    "SPRING",
    "TAP",
    "WELL",
    "PASS",
    "PUNT",
    "SNAP",
    "SPIKE",
    "BRAD",
    "NAIL",
    "PIN",
    "TACK",
    "DON",
    "LEO",
    "MIC",
    "RAP"
  ],
  "adjacency_matrix": [
    [
      1.0,
      0.44457101821899414,
      0.31338366866111755,
      0.3505074679851532,
      0.39464572072029114,
      0.26424938440322876,
      0.37411433458328247,
      0.3765537440776825,
      0.19218596816062927,
      0.23166441917419434,
      0.28952687978744507,
      0.2725363075733185,
      0.19812558591365814,
      0.13199953734874725,
      0.3134874403476715,
      0.31545865535736084
    ],
    [
      0.44457101821899414,
      1.0,
      0.37818464636802673,
      0.39117252826690674,
      0.37108877301216125,
      0.25744304060935974,
      0.4365956485271454,
      0.4435102641582489,
      0.2119038850069046,
      0.2674732506275177,
      0.35359716415405273,
      0.3912731409072876,
      0.27417701482772827,
      0.0880451649427414,
      0.27732357382774353,
      0.25862768292427063
    ],
    [
      0.31338366866111755,
      0.37818464636802673,
      1.0,
      0.3700280785560608,
      0.4070207476615906,
      0.3514312207698822,
      0.4948423504829407,
      0.4176139533519745,
      0.25768476724624634,
      0.3929562270641327,
      0.4689962565898895,
      0.3468111455440521,
      0.2874195873737335,
      0.10148914158344269,
      0.4148027300834656,
      0.34016698598861694
    ],
    [
      0.3505074679851532,
      0.39117252826690674,
      0.3700280785560608,
      1.0,
      0.4488621950149536,
      0.2918456196784973,
      0.31586283445358276,
      0.34536662697792053,
      0.3123258352279663,
      0.35042804479599,
      0.3094823956489563,
      0.35330843925476074,
      0.43664857745170593,
      0.08101313561201096,
      0.28059807419776917,
      0.3314613401889801
    ],
    [
      0.39464572072029114,
      0.37108877301216125,
      0.4070207476615906,
      0.4488621950149536,
      1.0,
      0.5395034551620483,
      0.5151576399803162,
      0.42909348011016846,
      0.25934115052223206,
      0.3973950147628784,
      0.41440123319625854,
      0.46371710300445557,
      0.39468324184417725,
      0.06460628658533096,
      0.32740771770477295,
      0.32690295577049255
    ],
    [
      0.26424938440322876,
      0.25744304060935974,
      0.3514312207698822,
      0.2918456196784973,
      0.5395034551620483,
      0.9999999403953552,
      0.5002139210700989,
      0.34602922201156616,
      0.30622434616088867,
      0.31583496928215027,
      0.369662880897522,
      0.45250996947288513,
      0.27839693427085876,
      0.13963346183300018,
      0.28932034969329834,
      0.2698833644390106
    ],
    [
      0.37411433458328247,
      0.4365956485271454,
      0.4948423504829407,
      0.31586283445358276,
      0.5151576399803162,
      0.5002139210700989,
      0.9999998807907104,
      0.49441632628440857,
      0.36929386854171753,
      0.4380127191543579,
      0.4977208077907562,
      0.4783063232898712,
      0.32397180795669556,
      0.13293831050395966,
      0.36855414509773254,
      0.34208759665489197
    ],
    [
      0.3765537440776825,
      0.4435102641582489,
      0.4176139533519745,
      0.34536662697792053,
      0.42909348011016846,
      0.34602922201156616,
      0.49441632628440857,
      1.0,
      0.3496444523334503,
      0.4985930025577545,
      0.5639708042144775,
      0.39479929208755493,
      0.25262823700904846,
      0.1219257190823555,
      0.3439830243587494,
      0.3274393677711487
    ],
    [
      0.19218596816062927,
      0.2119038850069046,
      0.25768476724624634,
      0.3123258352279663,
      0.25934115052223206,
      0.30622434616088867,
      0.36929386854171753,
      0.3496444523334503,
      1.0,
      0.47105830907821655,
      0.4287945628166199,
      0.33728376030921936,
      0.18767911195755005,
      0.4543447196483612,
      0.40262851119041443,
      0.339365154504776
    ],
    [
      0.23166441917419434,
      0.2674732506275177,
      0.3929562270641327,
      0.35042804479599,
      0.3973950147628784,
      0.31583496928215027,
      0.4380127191543579,
      0.4985930025577545,
      0.47105830907821655,
      1.0,
      0.5633118748664856,
      0.48545563220977783,
      0.1984509974718094,
      0.14730453491210938,
      0.31802234053611755,
      0.3369259536266327
    ],
    [
      0.28952687978744507,
      0.35359716415405273,
      0.4689962565898895,
      0.3094823956489563,
      0.41440123319625854,
      0.369662880897522,
      0.4977208077907562,
      0.5639708042144775,
      0.4287945628166199,
      0.5633118748664856,
      0.9999999403953552,
      0.4784954786300659,
      0.23981085419654846,
      0.16287344694137573,
      0.43595921993255615,
      0.34798869490623474
    ],
    [
      0.2725363075733185,
      0.3912731409072876,
      0.3468111455440521,
      0.35330843925476074,
      0.46371710300445557,
      0.45250996947288513,
      0.4783063232898712,
      0.39479929208755493,
      0.33728376030921936,
      0.48545563220977783,
      0.4784954786300659,
      0.9999999403953552,
      0.2902320325374603,
      0.07530895620584488,
      0.36844494938850403,
      0.36658820509910583
    ],
    [
      0.19812558591365814,
      0.27417701482772827,
      0.2874195873737335,
      0.43664857745170593,
      0.39468324184417725,
      0.27839693427085876,
      0.32397180795669556,
      0.25262823700904846,
      0.18767911195755005,
      0.1984509974718094,
      0.23981085419654846,
      0.2902320325374603,
      1.0,
      0.09162743389606476,
      0.18383996188640594,
      0.22446084022521973
    ],
    [
      0.13199953734874725,
      0.0880451649427414,
      0.10148914158344269,
      0.08101313561201096,
      0.06460628658533096,
      0.13963346183300018,
      0.13293831050395966,
      0.1219257190823555,
      0.4543447196483612,
      0.14730453491210938,
      0.16287344694137573,
      0.07530895620584488,
      0.09162743389606476,
      0.9999999403953552,
      0.22186212241649628,
      0.24000021815299988
    ],
    [
      0.3134874403476715,
      0.27732357382774353,
      0.4148027300834656,
      0.28059807419776917,
      0.32740771770477295,
      0.28932034969329834,
      0.36855414509773254,
      0.3439830243587494,
      0.40262851119041443,
      0.31802234053611755,
      0.43595921993255615,
      0.36844494938850403,
      0.18383996188640594,
      0.22186212241649628,
      0.9999999403953552,
      0.47883933782577515
    ],
    [
      0.31545865535736084,
      0.25862768292427063,
      0.34016698598861694,
      0.3314613401889801,
      0.32690295577049255,
      0.2698833644390106,
      0.34208759665489197,
      0.3274393677711487,
      0.339365154504776,
      0.3369259536266327,
      0.34798869490623474,
      0.36658820509910583,
      0.22446084022521973,
      0.24000021815299988,
      0.47883933782577515,
      1.0
    ]
  ]
}