{
  "game_number": 119,
  "words": [
    "CARDINAL",
    "ELMO",
    "KETCHUP",
    "ROSE",
    "MONTH",
    "ORANGE",
    "PURPLE",
    "SILVER",
    "COTTON",
    "EYE",
    "JOHN",
    "ROCK",
    "ALTERNATIVE",
    "BREAK",
    "CHANGE",
    "DEPARTURE"
  ],
  "adjacency_matrix": [
    [
      1.0,
      0.23365753889083862,
      0.2456503063440323,
      0.3654128909111023,
      0.25675174593925476,
      0.36484020948410034,
      0.45312556624412537,
      0.30209025740623474,
      0.1312789022922516,
      0.30265113711357117,
      0.1959940791130066,
      0.2473992258310318,
      0.391662061214447,
      0.3098020851612091,
      0.34916257858276367,
      0.38044625520706177
    ],
    [
      0.23365753889083862,
      1.0,
      0.2787987291812897,
      0.20171786844730377,
      0.018994299694895744,
      0.31536534428596497,
      0.3804008364677429,
      0.21341368556022644,
      0.25744637846946716,
      0.2920679748058319,
      0.4632837474346161,
      0.2956686019897461,
      0.10931973159313202,
      0.09815581887960434,
      0.13566431403160095,
      0.09113093465566635
    ],
    [
      0.2456503063440323,
      0.2787987291812897,
      1.0000001192092896,
      0.32157477736473083,
      0.02301025390625,
      0.41395795345306396,
      0.39800572395324707,
      0.2459968626499176,
      0.26126059889793396,
      0.24760814011096954,
      0.14681902527809143,
      0.3165980577468872,
      0.2191501408815384,
      0.20754078030586243,
      0.26552367210388184,
      0.13500845432281494
    ],
    [
      0.3654128909111023,
      0.20171786844730377,
      0.32157477736473083,
      1.0,
      0.252972811460495,
      0.4192940294742584,
      0.48392948508262634,
      0.37208935618400574,
      0.3470701277256012,
      0.2852538824081421,
      0.18459230661392212,
      0.38119786977767944,
      0.24894480407238007,
      0.35558485984802246,
      0.3869064152240753,
      0.3150181174278259
    ],
    [
      0.25675174593925476,
      0.018994299694895744,
      0.02301025390625,
      0.252972811460495,
      1.0,
      0.17941375076770782,
      0.18377064168453217,
      0.15597663819789886,
      0.1525573432445526,
      0.23982714116573334,
      0.1294393539428711,
      0.1412542164325714,
      0.2358514666557312,
      0.3741844892501831,
      0.34574511647224426,
      0.354585736989975
    ],
    [
      0.36484020948410034,
      0.31536534428596497,
      0.41395795345306396,
      0.4192940294742584,
      0.17941375076770782,
      0.9999999403953552,
      0.818572998046875,
      0.48078975081443787,
      0.4478945732116699,
      0.4186354875564575,
      0.17975768446922302,
      0.38540318608283997,
      0.4015839993953705,
      0.2831763029098511,
      0.36203768849372864,
      0.24985356628894806
    ],
    [
      0.45312556624412537,
      0.3804008364677429,
      0.39800572395324707,
      0.48392948508262634,
      0.18377064168453217,
      0.818572998046875,
      1.0,
      0.5921676158905029,
      0.4432033598423004,
      0.3900849521160126,
      0.2528066635131836,
      0.4113657474517822,
      0.3653663098812103,
      0.3128226697444916,
      0.38218438625335693,
      0.2508624494075775
    ],
    [
      0.30209025740623474,
      0.21341368556022644,
      0.2459968626499176,
      0.37208935618400574,
      0.15597663819789886,
      0.48078975081443787,
      0.5921676158905029,
      1.0,
      0.4184754490852356,
      0.3091093599796295,
      0.14458301663398743,
      0.3532291054725647,
      0.34195175766944885,
      0.32166218757629395,
      0.32349714636802673,
      0.2457330971956253
    ],
    [
      0.1312789022922516,
      0.25744637846946716,
      0.26126059889793396,
      0.3470701277256012,
      0.1525573432445526,
      0.4478945732116699,
      0.4432033598423004,
      0.4184754490852356,
      1.0,
      0.3171239495277405,
      0.19473454356193542,
      0.3126698434352875,
      0.301290899515152,
      0.22379150986671448,
      0.2569458484649658,
      0.17219661176204681
    ],
    [
      0.30265113711357117,
      0.2920679748058319,
      0.24760814011096954,
      0.2852538824081421,
      0.23982714116573334,
      0.4186354875564575,
      0.3900849521160126,
      0.3091093599796295,
      0.3171239495277405,
      1.0,
      0.1444695144891739,
      0.283049076795578,
      0.25342971086502075,
      0.33448758721351624,
      0.34912246465682983,
      0.2687952518463135
    ],
    [
      0.1959940791130066,
      0.4632837474346161,
      0.14681902527809143,
      0.18459230661392212,
      0.1294393539428711,
      0.17975768446922302,
      0.2528066635131836,
      0.14458301663398743,
      0.19473454356193542,
      0.1444695144891739,
      1.0,
      0.2231779843568802,
      0.09696608036756516,
      0.13216076791286469,
      0.0955883264541626,
      0.14394396543502808
    ],
    [
      0.2473992258310318,
      0.2956686019897461,
      0.3165980577468872,
      0.38119786977767944,
      0.1412542164325714,
      0.38540318608283997,
      0.4113657474517822,
      0.3532291054725647,
      0.3126698434352875,
      0.283049076795578,
      0.2231779843568802,
      1.0,
      0.4558175802230835,
      0.4128701090812683,
      0.36778101325035095,
      0.28680917620658875
    ],
    [
      0.391662061214447,
      0.10931973159313202,
      0.2191501408815384,
      0.24894480407238007,
      0.2358514666557312,
      0.4015839993953705,
      0.3653663098812103,
      0.34195175766944885,
      0.301290899515152,
      0.25342971086502075,
      0.09696608036756516,
      0.4558175802230835,
      1.0,
      0.34912407398223877,
      0.5249068140983582,
      0.4267043471336365
    ],
    [
      0.3098020851612091,
      0.09815581887960434,
      0.20754078030586243,
      0.35558485984802246,
      0.3741844892501831,
      0.2831763029098511,
      0.3128226697444916,
      0.32166218757629395,
      0.22379150986671448,
      0.33448758721351624,
      0.13216076791286469,
      0.4128701090812683,
      0.34912407398223877,
      0.9999999403953552,
      0.569499135017395,
      0.46044379472732544
    ],
    [
      0.34916257858276367,
      0.13566431403160095,
      0.26552367210388184,
      0.3869064152240753,
      0.34574511647224426,
      0.36203768849372864,
      0.38218438625335693,
      0.32349714636802673,
      0.2569458484649658,
      0.34912246465682983,
      0.0955883264541626,
      0.36778101325035095,
      0.5249068140983582,
      0.569499135017395,
      1.0,
      0.5188532471656799
    ],
    [
      0.38044625520706177,
      0.09113093465566635,
      0.13500845432281494,
      0.3150181174278259,
      0.354585736989975,
      0.24985356628894806,
      0.2508624494075775,
      0.2457330971956253,
      0.17219661176204681,
      0.2687952518463135,
      0.14394396543502808,
      0.28680917620658875,
      0.4267043471336365,
      0.46044379472732544,
      0.5188532471656799,
      0.9999999403953552
    ]
  ]
}