{
  "game_number": 529,
  "words": [
    "COPPER",
    "GOLD",
    "NICKEL",
    "SILVER",
    "MERCURY",
    "SKY",
    "SPARKS",
    "LIBERTY",
    "CARS",
    "ELEPHANTS",
    "SWIMMERS",
    "TREES",
    "BUILD",
    "GROW",
    "SWELL",
    "MOUNT"
  ],
  "adjacency_matrix": [
    [
      1.0,
      0.6769309639930725,
      0.6367297172546387,
      0.6964263319969177,
      0.5794609189033508,
      0.3317969739437103,
      0.3590141832828522,
      0.2704727351665497,
      0.28963157534599304,
      0.34071019291877747,
      0.19779284298419952,
      0.31800347566604614,
      0.30945488810539246,
      0.25019726157188416,
      0.29141393303871155,
      0.3632931709289551
    ],
    [
      0.6769309639930725,
      1.0,
      0.527113139629364,
      0.8747971057891846,
      0.4689348340034485,
      0.3860180377960205,
      0.3809148967266083,
      0.2616277039051056,
      0.32103660702705383,
      0.3213314414024353,
      0.24589893221855164,
      0.2925606369972229,
      0.33594751358032227,
      0.2601515054702759,
      0.3303188681602478,
      0.3413692116737366
    ],
    [
      0.6367297172546387,
      0.527113139629364,
      1.0,
      0.5213663578033447,
      0.4465949535369873,
      0.2495315819978714,
      0.28540700674057007,
      0.2661508321762085,
      0.24785564839839935,
      0.1969299465417862,
      0.12308033555746078,
      0.17405028641223907,
      0.28331857919692993,
      0.25185298919677734,
      0.3012315034866333,
      0.29906678199768066
    ],
    [
      0.6964263319969177,
      0.8747971057891846,
      0.5213663578033447,
      1.0,
      0.5044264197349548,
      0.358245849609375,
      0.34878212213516235,
      0.2591957151889801,
      0.35977715253829956,
      0.28957727551460266,
      0.2619648575782776,
      0.2765538692474365,
      0.28683042526245117,
      0.22746631503105164,
      0.3000137507915497,
      0.3719365894794464
    ],
    [
      0.5794609189033508,
      0.4689348340034485,
      0.4465949535369873,
      0.5044264197349548,
      1.0,
      0.3674328923225403,
      0.3789837658405304,
      0.25731006264686584,
      0.27728334069252014,
      0.30003371834754944,
      0.23649625480175018,
      0.24502627551555634,
      0.25550663471221924,
      0.19343864917755127,
      0.27935120463371277,
      0.31346556544303894
    ],
    [
      0.3317969739437103,
      0.3860180377960205,
      0.2495315819978714,
      0.358245849609375,
      0.3674328923225403,
      1.0,
      0.3405497074127197,
      0.23463074862957,
      0.27386611700057983,
      0.2453826516866684,
      0.18603846430778503,
      0.4062437117099762,
      0.27157503366470337,
      0.28538060188293457,
      0.3507048785686493,
      0.31758010387420654
    ],
    [
      0.3590141832828522,
      0.3809148967266083,
      0.28540700674057007,
      0.34878212213516235,
      0.3789837658405304,
      0.3405497074127197,
      1.0,
      0.2744724750518799,
      0.43719786405563354,
      0.34533923864364624,
      0.25687962770462036,
      0.40415117144584656,
      0.35092228651046753,
      0.3325546085834503,
      0.41287142038345337,
      0.3381897211074829
    ],
    [
      0.2704727351665497,
      0.2616277039051056,
      0.2661508321762085,
      0.2591957151889801,
      0.25731006264686584,
      0.23463074862957,
      0.2744724750518799,
      1.0,
      0.2672378718852997,
      0.20684979856014252,
      0.18598511815071106,
      0.30071717500686646,
      0.32760530710220337,
      0.24860234558582306,
      0.28815433382987976,
      0.23881886899471283
    ],
    [
      0.28963157534599304,
      0.32103660702705383,
      0.24785564839839935,
      0.35977715253829956,
      0.27728334069252014,
      0.27386611700057983,
      0.43719786405563354,
      0.2672378718852997,
      1.0,
      0.44244521856307983,
      0.3922198712825775,
      0.5179609060287476,
      0.4064972996711731,
      0.28906723856925964,
      0.23430253565311432,
      0.29798516631126404
    ],
    [
      0.34071019291877747,
      0.3213314414024353,
      0.1969299465417862,
      0.28957727551460266,
      0.30003371834754944,
      0.2453826516866684,
      0.34533923864364624,
      0.20684979856014252,
      0.44244521856307983,
      1.0,
      0.35804247856140137,
      0.5149286389350891,
      0.28596577048301697,
      0.2776971459388733,
      0.23352478444576263,
      0.3433428406715393
    ],
    [
      0.19779284298419952,
      0.24589893221855164,
      0.12308033555746078,
      0.2619648575782776,
      0.23649625480175018,
      0.18603846430778503,
      0.25687962770462036,
      0.18598511815071106,
      0.3922198712825775,
      0.35804247856140137,
      1.0,
      0.28414300084114075,
      0.24160237610340118,
      0.23356091976165771,
      0.34001877903938293,
      0.2010144740343094
    ],
    [
      0.31800347566604614,
      0.2925606369972229,
      0.17405028641223907,
      0.2765538692474365,
      0.24502627551555634,
      0.4062437117099762,
      0.40415117144584656,
      0.30071717500686646,
      0.5179609060287476,
      0.5149286389350891,
      0.28414300084114075,
      1.0,
      0.3828103244304657,
      0.44435134530067444,
      0.2902589440345764,
      0.2889096438884735
    ],
    [
      0.30945488810539246,
      0.33594751358032227,
      0.28331857919692993,
      0.28683042526245117,
      0.25550663471221924,
      0.27157503366470337,
      0.35092228651046753,
      0.32760530710220337,
      0.4064972996711731,
      0.28596577048301697,
      0.24160237610340118,
      0.3828103244304657,
      1.0,
      0.631019651889801,
      0.4390661418437958,
      0.4826355278491974
    ],
    [
      0.25019726157188416,
      0.2601515054702759,
      0.25185298919677734,
      0.22746631503105164,
      0.19343864917755127,
      0.28538060188293457,
      0.3325546085834503,
      0.24860234558582306,
      0.28906723856925964,
      0.2776971459388733,
      0.23356091976165771,
      0.44435134530067444,
      0.631019651889801,
      1.0,
      0.6051784753799438,
      0.3935229480266571
    ],
    [
      0.29141393303871155,
      0.3303188681602478,
      0.3012315034866333,
      0.3000137507915497,
      0.27935120463371277,
      0.3507048785686493,
      0.41287142038345337,
      0.28815433382987976,
      0.23430253565311432,
      0.23352478444576263,
      0.34001877903938293,
      0.2902589440345764,
      0.4390661418437958,
      0.6051784753799438,
      1.0,
      0.3750641644001007
    ],
    [
      0.3632931709289551,
      0.3413692116737366,
      0.29906678199768066,
      0.3719365894794464,
      0.31346556544303894,
      0.31758010387420654,
      0.3381897211074829,
      0.23881886899471283,
      0.29798516631126404,
      0.3433428406715393,
      0.2010144740343094,
      0.2889096438884735,
      0.4826355278491974,
      0.3935229480266571,
      0.3750641644001007,
      1.0
    ]
  ]
}