{"game_number":39,"words":["DELICATE","RAW","SENSITIVE","TENDER","DESSERT","MAIN","SIDE","STARTER","BARE","DEAR","MOUSSE","NEW","CARPET","DELICIOUS","MEAT","TAPE"],"adjacency_matrix":[[1.0,0.4566774070262909,0.6950764656066895,0.5148918032646179,0.3996477425098419,0.37838315963745117,0.39738479256629944,0.268347829580307,0.4482167959213257,0.43213769793510437,0.32300737500190735,0.4431893229484558,0.314718097448349,0.5915939211845398,0.3920430839061737,0.27457791566848755],[0.4566774070262909,1.0,0.5285606384277344,0.4026501476764679,0.2568010687828064,0.41557857394218445,0.3576255142688751,0.3049536645412445,0.5289069414138794,0.2852676510810852,0.2533874809741974,0.4702349007129669,0.2853817045688629,0.5161726474761963,0.5990912914276123,0.3998759090900421],[0.6950764656066895,0.5285606384277344,1.0,0.5329105854034424,0.22083206474781036,0.4298291504383087,0.4140453636646271,0.3114275336265564,0.39458128809928894,0.45966753363609314,0.20427174866199493,0.542439877986908,0.26006019115448,0.5121601223945618,0.4063423275947571,0.3424934148788452],[0.5148918032646179,0.4026501476764679,0.5329105854034424,1.0,0.31852060556411743,0.3852567970752716,0.4093644917011261,0.4527389109134674,0.39832770824432373,0.4082973897457123,0.21905964612960815,0.43788328766822815,0.25929486751556396,0.4355612099170685,0.39267587661743164,0.2512477934360504],[0.3996477425098419,0.2568010687828064,0.22083206474781036,0.31852060556411743,1.0,0.3783002197742462,0.33466076850891113,0.3542574942111969,0.22932840883731842,0.2815031111240387,0.5209253430366516,0.3231406509876251,0.33756569027900696,0.5718367099761963,0.42729395627975464,0.25052154064178467],[0.37838315963745117,0.41557857394218445,0.4298291504383087,0.3852567970752716,0.3783002197742462,1.0000001192092896,0.5662093162536621,0.48242825269699097,0.4904150366783142,0.4107643663883209,0.18800483644008636,0.6460349559783936,0.34128090739250183,0.35442355275154114,0.4264797568321228,0.3276526629924774],[0.39738479256629944,0.3576255142688751,0.4140453636646271,0.4093644917011261,0.33466076850891113,0.5662093162536621,1.0,0.4362216293811798,0.3763462007045746,0.3636213541030884,0.24250191450119019,0.45818623900413513,0.3776390552520752,0.30679452419281006,0.4034065008163452,0.37889015674591064],[0.268347829580307,0.3049536645412445,0.3114275336265564,0.4527389109134674,0.3542574942111969,0.48242825269699097,0.4362216293811798,1.0,0.29078933596611023,0.26665252447128296,0.2584572732448578,0.46834415197372437,0.28882932662963867,0.3011198937892914,0.3422504663467407,0.31911221146583557],[0.4482167959213257,0.5289069414138794,0.39458128809928894,0.39832770824432373,0.22932840883731842,0.4904150366783142,0.3763462007045746,0.29078933596611023,1.0,0.42551547288894653,0.2551943063735962,0.4310378134250641,0.37786945700645447,0.4015471637248993,0.43258264660835266,0.29877689480781555],[0.43213769793510437,0.2852676510810852,0.45966753363609314,0.4082973897457123,0.2815031111240387,0.4107643663883209,0.3636213541030884,0.26665252447128296,0.42551547288894653,1.0,0.18687470257282257,0.4536180794239044,0.2387964278459549,0.4594458341598511,0.31431451439857483,0.2054966539144516],[0.32300737500190735,0.2533874809741974,0.20427174866199493,0.21905964612960815,0.5209253430366516,0.18800483644008636,0.24250191450119019,0.2584572732448578,0.2551943063735962,0.18687470257282257,1.0,0.19215691089630127,0.3135932981967926,0.4418204724788666,0.346647709608078,0.27331972122192383],[0.4431893229484558,0.4702349007129669,0.542439877986908,0.43788328766822815,0.3231406509876251,0.6460349559783936,0.45818623900413513,0.46834415197372437,0.4310378134250641,0.4536180794239044,0.19215691089630127,0.9999999403953552,0.38890770077705383,0.49311167001724243,0.37279456853866577,0.3316293954849243],[0.314718097448349,0.2853817045688629,0.26006019115448,0.25929486751556396,0.33756569027900696,0.34128090739250183,0.3776390552520752,0.28882932662963867,0.37786945700645447,0.2387964278459549,0.3135932981967926,0.38890770077705383,1.0,0.2725723385810852,0.3696794807910919,0.4484460949897766],[0.5915939211845398,0.5161726474761963,0.5121601223945618,0.4355612099170685,0.5718367099761963,0.35442355275154114,0.30679452419281006,0.3011198937892914,0.4015471637248993,0.4594458341598511,0.4418204724788666,0.49311167001724243,0.2725723385810852,1.0,0.5180084109306335,0.22211432456970215],[0.3920430839061737,0.5990912914276123,0.4063423275947571,0.39267587661743164,0.42729395627975464,0.4264797568321228,0.4034065008163452,0.3422504663467407,0.43258264660835266,0.31431451439857483,0.346647709608078,0.37279456853866577,0.3696794807910919,0.5180084109306335,1.0,0.36762747168540955],[0.27457791566848755,0.3998759090900421,0.3424934148788452,0.2512477934360504,0.25052154064178467,0.3276526629924774,0.37889015674591064,0.31911221146583557,0.29877689480781555,0.2054966539144516,0.27331972122192383,0.3316293954849243,0.4484460949897766,0.22211432456970215,0.36762747168540955,1.0000001192092896]]}