{
  "game_number": 475,
  "words": [
    "GEN",
    "MS",
    "PROF",
    "REV",
    "CHARCOAL",
    "INK",
    "PAINT",
    "PASTEL",
    "BELL",
    "BLACK",
    "DR",
    "GHOST",
    "ALLEY",
    "DRIVE",
    "LANE",
    "STREET"
  ],
  "adjacency_matrix": [
    [
      0.9999999403953552,
      0.17597144842147827,
      0.35505563020706177,
      0.39805635809898376,
      0.209781676530838,
      0.10520098358392715,
      0.156997412443161,
      0.2349560260772705,
      0.32026851177215576,
      0.29728081822395325,
      0.2377537041902542,
      0.2513873279094696,
      0.3271530568599701,
      0.29811638593673706,
      0.29432642459869385,
      0.2961256504058838
    ],
    [
      0.17597144842147827,
      1.0,
      0.1244385614991188,
      0.25086894631385803,
      0.11440515518188477,
      0.17067071795463562,
      0.05382755026221275,
      0.14543724060058594,
      0.14484889805316925,
      0.118159219622612,
      0.37298980355262756,
      0.10222592949867249,
      -0.01356667559593916,
      0.017841743305325508,
      0.13373413681983948,
      0.011371408589184284
    ],
    [
      0.35505563020706177,
      0.1244385614991188,
      1.0,
      0.22769975662231445,
      0.13319484889507294,
      0.10361731052398682,
      0.11817324161529541,
      0.11225389689207077,
      0.23651814460754395,
      0.20953042805194855,
      0.4686827063560486,
      0.2547997832298279,
      0.18313266336917877,
      0.21042339503765106,
      0.12658944725990295,
      0.2266523241996765
    ],
    [
      0.39805635809898376,
      0.25086894631385803,
      0.22769975662231445,
      1.0,
      0.12831754982471466,
      0.11910920590162277,
      0.14170938730239868,
      0.1722126454114914,
      0.3248814046382904,
      0.2199942171573639,
      0.21553947031497955,
      0.24678637087345123,
      0.25443223118782043,
      0.3830740749835968,
      0.252445787191391,
      0.23958000540733337
    ],
    [
      0.209781676530838,
      0.11440515518188477,
      0.13319484889507294,
      0.12831754982471466,
      1.0000001192092896,
      0.4625987112522125,
      0.4849541187286377,
      0.4927698075771332,
      0.2900199890136719,
      0.47059762477874756,
      0.07795168459415436,
      0.31393441557884216,
      0.24212315678596497,
      0.23145538568496704,
      0.24435265362262726,
      0.2438652664422989
    ],
    [
      0.10520098358392715,
      0.17067071795463562,
      0.10361731052398682,
      0.11910920590162277,
      0.4625987112522125,
      1.0,
      0.5401731133460999,
      0.451429545879364,
      0.21319223940372467,
      0.4384646713733673,
      0.07990743219852448,
      0.34850332140922546,
      0.2061658352613449,
      0.20134899020195007,
      0.22044257819652557,
      0.24845626950263977
    ],
    [
      0.156997412443161,
      0.05382755026221275,
      0.11817324161529541,
      0.14170938730239868,
      0.4849541187286377,
      0.5401731133460999,
      0.9999999403953552,
      0.5313855409622192,
      0.2852279543876648,
      0.4337734282016754,
      -0.0278131365776062,
      0.3553524911403656,
      0.23497819900512695,
      0.3466126322746277,
      0.33177459239959717,
      0.3574480712413788
    ],
    [
      0.2349560260772705,
      0.14543724060058594,
      0.11225389689207077,
      0.1722126454114914,
      0.4927698075771332,
      0.451429545879364,
      0.5313855409622192,
      1.0,
      0.2564869225025177,
      0.45548948645591736,
      0.06803049147129059,
      0.3103773593902588,
      0.2343008816242218,
      0.1812758594751358,
      0.2702212929725647,
      0.33087533712387085
    ],
    [
      0.32026851177215576,
      0.14484889805316925,
      0.23651814460754395,
      0.3248814046382904,
      0.2900199890136719,
      0.21319223940372467,
      0.2852279543876648,
      0.2564869225025177,
      0.9999999403953552,
      0.3356628119945526,
      0.15718039870262146,
      0.39668843150138855,
      0.3126998245716095,
      0.3147626221179962,
      0.2990018427371979,
      0.3715240955352783
    ],
    [
      0.29728081822395325,
      0.118159219622612,
      0.20953042805194855,
      0.2199942171573639,
      0.47059762477874756,
      0.4384646713733673,
      0.4337734282016754,
      0.45548948645591736,
      0.3356628119945526,
      1.0,
      0.13409104943275452,
      0.5146946907043457,
      0.37305018305778503,
      0.34919920563697815,
      0.3455318808555603,
      0.4067443907260895
    ],
    [
      0.2377537041902542,
      0.37298980355262756,
      0.4686827063560486,
      0.21553947031497955,
      0.07795168459415436,
      0.07990743219852448,
      -0.0278131365776062,
      0.06803049147129059,
      0.15718039870262146,
      0.13409104943275452,
      1.0,
      0.13088193535804749,
      0.10229341685771942,
      0.04696454480290413,
      0.04792790114879608,
      0.07877427339553833
    ],
    [
      0.2513873279094696,
      0.10222592949867249,
      0.2547997832298279,
      0.24678637087345123,
      0.31393441557884216,
      0.34850332140922546,
      0.3553524911403656,
      0.3103773593902588,
      0.39668843150138855,
      0.5146946907043457,
      0.13088193535804749,
      1.0,
      0.4352656304836273,
      0.32963353395462036,
      0.3619372546672821,
      0.4253106415271759
    ],
    [
      0.3271530568599701,
      -0.01356667559593916,
      0.18313266336917877,
      0.25443223118782043,
      0.24212315678596497,
      0.2061658352613449,
      0.23497819900512695,
      0.2343008816242218,
      0.3126998245716095,
      0.37305018305778503,
      0.10229341685771942,
      0.4352656304836273,
      1.0,
      0.391033798456192,
      0.5623908042907715,
      0.6623042225837708
    ],
    [
      0.29811638593673706,
      0.017841743305325508,
      0.21042339503765106,
      0.3830740749835968,
      0.23145538568496704,
      0.20134899020195007,
      0.3466126322746277,
      0.1812758594751358,
      0.3147626221179962,
      0.34919920563697815,
      0.04696454480290413,
      0.32963353395462036,
      0.391033798456192,
      1.0,
      0.4609905481338501,
      0.47037801146507263
    ],
    [
      0.29432642459869385,
      0.13373413681983948,
      0.12658944725990295,
      0.252445787191391,
      0.24435265362262726,
      0.22044257819652557,
      0.33177459239959717,
      0.2702212929725647,
      0.2990018427371979,
      0.3455318808555603,
      0.04792790114879608,
      0.3619372546672821,
      0.5623908042907715,
      0.4609905481338501,
      1.0,
      0.5836187601089478
    ],
    [
      0.2961256504058838,
      0.011371408589184284,
      0.2266523241996765,
      0.23958000540733337,
      0.2438652664422989,
      0.24845626950263977,
      0.3574480712413788,
      0.33087533712387085,
      0.3715240955352783,
      0.4067443907260895,
      0.07877427339553833,
      0.4253106415271759,
      0.6623042225837708,
      0.47037801146507263,
      0.5836187601089478,
      1.0
    ]
  ]
}