{
  "game_number": 523,
  "words": [
    "HEAR",
    "KNOCK",
    "THERE",
    "TUT",
    "ARE",
    "SEE",
    "WHY",
    "YOU",
    "FAMILY",
    "FLUSH",
    "JELLY",
    "WE",
    "BURN",
    "KINDLE",
    "LIGHT",
    "TORCH"
  ],
  "adjacency_matrix": [
    [
      1.0,
      0.49340081214904785,
      0.490231990814209,
      0.33289265632629395,
      0.38046330213546753,
      0.6845276355743408,
      0.37023645639419556,
      0.537568211555481,
      0.2712702453136444,
      0.35071828961372375,
      0.20440684258937836,
      0.4805945158004761,
      0.3869805634021759,
      0.3202107548713684,
      0.3903101682662964,
      0.27052804827690125
    ],
    [
      0.49340081214904785,
      1.0,
      0.3123761713504791,
      0.27199482917785645,
      0.2850814163684845,
      0.39101850986480713,
      0.23979304730892181,
      0.3612690567970276,
      0.23759940266609192,
      0.49814409017562866,
      0.24497736990451813,
      0.31100285053253174,
      0.4792603850364685,
      0.33774226903915405,
      0.40539902448654175,
      0.40047013759613037
    ],
    [
      0.490231990814209,
      0.3123761713504791,
      1.0,
      0.12216062843799591,
      0.5402712821960449,
      0.5738353729248047,
      0.504392147064209,
      0.5704684853553772,
      0.32593536376953125,
      0.29880446195602417,
      0.1799943894147873,
      0.5496353507041931,
      0.257726788520813,
      0.29465699195861816,
      0.3879227638244629,
      0.230112224817276
    ],
    [
      0.33289265632629395,
      0.27199482917785645,
      0.12216062843799591,
      1.0,
      0.1259128600358963,
      0.24977681040763855,
      0.13286879658699036,
      0.2158302366733551,
      0.08117761462926865,
      0.20604752004146576,
      0.18540233373641968,
      0.20830543339252472,
      0.22899392247200012,
      0.18513786792755127,
      0.08322960138320923,
      0.1660948544740677
    ],
    [
      0.38046330213546753,
      0.2850814163684845,
      0.5402712821960449,
      0.1259128600358963,
      1.0,
      0.48773300647735596,
      0.39589500427246094,
      0.46066197752952576,
      0.3813880383968353,
      0.31440210342407227,
      0.19587014615535736,
      0.518312931060791,
      0.28571659326553345,
      0.2731890380382538,
      0.3465515971183777,
      0.20818069577217102
    ],
    [
      0.6845276355743408,
      0.39101850986480713,
      0.5738353729248047,
      0.24977681040763855,
      0.48773300647735596,
      1.0,
      0.5010278224945068,
      0.5387231111526489,
      0.2687879204750061,
      0.3649387061595917,
      0.17647700011730194,
      0.505518913269043,
      0.3588097393512726,
      0.29999780654907227,
      0.36932164430618286,
      0.23742295801639557
    ],
    [
      0.37023645639419556,
      0.23979304730892181,
      0.504392147064209,
      0.13286879658699036,
      0.39589500427246094,
      0.5010278224945068,
      1.0,
      0.5436264872550964,
      0.21469518542289734,
      0.23366472125053406,
      0.15026137232780457,
      0.47444823384284973,
      0.2426721602678299,
      0.2677799165248871,
      0.3083055913448334,
      0.11017156392335892
    ],
    [
      0.537568211555481,
      0.3612690567970276,
      0.5704684853553772,
      0.2158302366733551,
      0.46066197752952576,
      0.5387231111526489,
      0.5436264872550964,
      0.9999999403953552,
      0.3142724335193634,
      0.30493855476379395,
      0.15894551575183868,
      0.6704053282737732,
      0.3060949146747589,
      0.31696292757987976,
      0.28136706352233887,
      0.25462600588798523
    ],
    [
      0.2712702453136444,
      0.23759940266609192,
      0.32593536376953125,
      0.08117761462926865,
      0.3813880383968353,
      0.2687879204750061,
      0.21469518542289734,
      0.3142724335193634,
      1.0,
      0.2573027014732361,
      0.1778598576784134,
      0.3030693829059601,
      0.2205631136894226,
      0.24946434795856476,
      0.2856842279434204,
      0.24756315350532532
    ],
    [
      0.35071828961372375,
      0.49814409017562866,
      0.29880446195602417,
      0.20604752004146576,
      0.31440210342407227,
      0.3649387061595917,
      0.23366472125053406,
      0.30493855476379395,
      0.2573027014732361,
      1.0,
      0.2750096917152405,
      0.27614203095436096,
      0.49928057193756104,
      0.395222932100296,
      0.38087984919548035,
      0.3283288776874542
    ],
    [
      0.20440684258937836,
      0.24497736990451813,
      0.1799943894147873,
      0.18540233373641968,
      0.19587014615535736,
      0.17647700011730194,
      0.15026137232780457,
      0.15894551575183868,
      0.1778598576784134,
      0.2750096917152405,
      1.0,
      0.1070944145321846,
      0.27358415722846985,
      0.20572474598884583,
      0.2884986698627472,
      0.21874257922172546
    ],
    [
      0.4805945158004761,
      0.31100285053253174,
      0.5496353507041931,
      0.20830543339252472,
      0.518312931060791,
      0.505518913269043,
      0.47444823384284973,
      0.6704053282737732,
      0.3030693829059601,
      0.27614203095436096,
      0.1070944145321846,
      0.9999999403953552,
      0.2959579825401306,
      0.27609503269195557,
      0.2554042637348175,
      0.22603929042816162
    ],
    [
      0.3869805634021759,
      0.4792603850364685,
      0.257726788520813,
      0.22899392247200012,
      0.28571659326553345,
      0.3588097393512726,
      0.2426721602678299,
      0.3060949146747589,
      0.2205631136894226,
      0.49928057193756104,
      0.27358415722846985,
      0.2959579825401306,
      1.0,
      0.5564355850219727,
      0.41777947545051575,
      0.5134856104850769
    ],
    [
      0.3202107548713684,
      0.33774226903915405,
      0.29465699195861816,
      0.18513786792755127,
      0.2731890380382538,
      0.29999780654907227,
      0.2677799165248871,
      0.31696292757987976,
      0.24946434795856476,
      0.395222932100296,
      0.20572474598884583,
      0.27609503269195557,
      0.5564355850219727,
      1.0,
      0.4062776565551758,
      0.4365936815738678
    ],
    [
      0.3903101682662964,
      0.40539902448654175,
      0.3879227638244629,
      0.08322960138320923,
      0.3465515971183777,
      0.36932164430618286,
      0.3083055913448334,
      0.28136706352233887,
      0.2856842279434204,
      0.38087984919548035,
      0.2884986698627472,
      0.2554042637348175,
      0.41777947545051575,
      0.4062776565551758,
      1.0,
      0.47833094000816345
    ],
    [
      0.27052804827690125,
      0.40047013759613037,
      0.230112224817276,
      0.1660948544740677,
      0.20818069577217102,
      0.23742295801639557,
      0.11017156392335892,
      0.25462600588798523,
      0.24756315350532532,
      0.3283288776874542,
      0.21874257922172546,
      0.22603929042816162,
      0.5134856104850769,
      0.4365936815738678,
      0.47833094000816345,
      1.0
    ]
  ]
}