{
  "game_number": 431,
  "words": [
    "BARGE",
    "DORY",
    "SCOW",
    "SLOOP",
    "AMERICA",
    "HOOK",
    "MORGAN",
    "NEMO",
    "AUTO",
    "BUREAU",
    "DEMO",
    "PLUTO",
    "CANARY",
    "FINK",
    "RAT",
    "SNITCH"
  ],
  "adjacency_matrix": [
    [
      1.0,
      0.4455498158931732,
      0.6186587810516357,
      0.5246473550796509,
      0.2378924936056137,
      0.415426641702652,
      0.3763641119003296,
      0.23152104020118713,
      0.3507387638092041,
      0.2995931804180145,
      0.32321837544441223,
      0.27911946177482605,
      0.33025220036506653,
      0.35311800241470337,
      0.36815395951271057,
      0.26174747943878174
    ],
    [
      0.4455498158931732,
      1.0,
      0.4889048933982849,
      0.48214444518089294,
      0.3470117747783661,
      0.383613646030426,
      0.4761140048503876,
      0.36206936836242676,
      0.27056458592414856,
      0.1386173814535141,
      0.19843769073486328,
      0.3500397503376007,
      0.3651536703109741,
      0.38315537571907043,
      0.2713486850261688,
      0.2652536630630493
    ],
    [
      0.6186587810516357,
      0.4889048933982849,
      1.0000001192092896,
      0.6087073683738708,
      0.24444855749607086,
      0.33626705408096313,
      0.33684590458869934,
      0.2288065254688263,
      0.27136629819869995,
      0.3015810251235962,
      0.2323228418827057,
      0.30752333998680115,
      0.34009411931037903,
      0.42077794671058655,
      0.3587424159049988,
      0.3147885501384735
    ],
    [
      0.5246473550796509,
      0.48214444518089294,
      0.6087073683738708,
      1.0,
      0.23589877784252167,
      0.3586256504058838,
      0.3181522488594055,
      0.2614855170249939,
      0.22302725911140442,
      0.3028528094291687,
      0.20329998433589935,
      0.3115394115447998,
      0.31895866990089417,
      0.2735251486301422,
      0.29533621668815613,
      0.2486668825149536
    ],
    [
      0.2378924936056137,
      0.3470117747783661,
      0.24444855749607086,
      0.23589877784252167,
      0.9999999403953552,
      0.26115772128105164,
      0.5049688220024109,
      0.3354206383228302,
      0.36688458919525146,
      0.19932234287261963,
      0.25919443368911743,
      0.48150011897087097,
      0.2800277769565582,
      0.34469860792160034,
      0.2811010479927063,
      0.26918306946754456
    ],
    [
      0.415426641702652,
      0.383613646030426,
      0.33626705408096313,
      0.3586256504058838,
      0.26115772128105164,
      1.0,
      0.3224356174468994,
      0.306106835603714,
      0.2800545394420624,
      0.2762170433998108,
      0.35728922486305237,
      0.2139027714729309,
      0.31841424107551575,
      0.3961784541606903,
      0.339754581451416,
      0.38615918159484863
    ],
    [
      0.3763641119003296,
      0.4761140048503876,
      0.33684590458869934,
      0.3181522488594055,
      0.5049688220024109,
      0.3224356174468994,
      1.0,
      0.4368594288825989,
      0.3570917844772339,
      0.2586655616760254,
      0.2841208875179291,
      0.3951477110385895,
      0.3269490897655487,
      0.5406891107559204,
      0.36846867203712463,
      0.32196182012557983
    ],
    [
      0.23152104020118713,
      0.36206936836242676,
      0.2288065254688263,
      0.2614855170249939,
      0.3354206383228302,
      0.306106835603714,
      0.4368594288825989,
      0.9999998807907104,
      0.22848190367221832,
      0.09387469291687012,
      0.3913787603378296,
      0.3537867069244385,
      0.311046838760376,
      0.43459996581077576,
      0.3503030240535736,
      0.39466068148612976
    ],
    [
      0.3507387638092041,
      0.27056458592414856,
      0.27136629819869995,
      0.22302725911140442,
      0.36688458919525146,
      0.2800545394420624,
      0.3570917844772339,
      0.22848190367221832,
      1.0,
      0.2996758818626404,
      0.3122827708721161,
      0.4424338936805725,
      0.26074719429016113,
      0.25357410311698914,
      0.318915992975235,
      0.25896626710891724
    ],
    [
      0.2995931804180145,
      0.1386173814535141,
      0.3015810251235962,
      0.3028528094291687,
      0.19932234287261963,
      0.2762170433998108,
      0.2586655616760254,
      0.09387469291687012,
      0.2996758818626404,
      1.0,
      0.21003971993923187,
      0.15323865413665771,
      0.15835532546043396,
      0.2254241406917572,
      0.27195096015930176,
      0.27710455656051636
    ],
    [
      0.32321837544441223,
      0.19843769073486328,
      0.2323228418827057,
      0.20329998433589935,
      0.25919443368911743,
      0.35728922486305237,
      0.2841208875179291,
      0.3913787603378296,
      0.3122827708721161,
      0.21003971993923187,
      1.0,
      0.2661265432834625,
      0.27308347821235657,
      0.39237815141677856,
      0.2838984429836273,
      0.31209760904312134
    ],
    [
      0.27911946177482605,
      0.3500397503376007,
      0.30752333998680115,
      0.3115394115447998,
      0.48150011897087097,
      0.2139027714729309,
      0.3951477110385895,
      0.3537867069244385,
      0.4424338936805725,
      0.15323865413665771,
      0.2661265432834625,
      1.0,
      0.39437636733055115,
      0.3428427577018738,
      0.3026069700717926,
      0.22733205556869507
    ],
    [
      0.33025220036506653,
      0.3651536703109741,
      0.34009411931037903,
      0.31895866990089417,
      0.2800277769565582,
      0.31841424107551575,
      0.3269490897655487,
      0.311046838760376,
      0.26074719429016113,
      0.15835532546043396,
      0.27308347821235657,
      0.39437636733055115,
      1.0,
      0.4129537343978882,
      0.4622431993484497,
      0.3641294240951538
    ],
    [
      0.35311800241470337,
      0.38315537571907043,
      0.42077794671058655,
      0.2735251486301422,
      0.34469860792160034,
      0.3961784541606903,
      0.5406891107559204,
      0.43459996581077576,
      0.25357410311698914,
      0.2254241406917572,
      0.39237815141677856,
      0.3428427577018738,
      0.4129537343978882,
      1.0,
      0.49637728929519653,
      0.5252329111099243
    ],
    [
      0.36815395951271057,
      0.2713486850261688,
      0.3587424159049988,
      0.29533621668815613,
      0.2811010479927063,
      0.339754581451416,
      0.36846867203712463,
      0.3503030240535736,
      0.318915992975235,
      0.27195096015930176,
      0.2838984429836273,
      0.3026069700717926,
      0.4622431993484497,
      0.49637728929519653,
      1.0,
      0.4951743483543396
    ],
    [
      0.26174747943878174,
      0.2652536630630493,
      0.3147885501384735,
      0.2486668825149536,
      0.26918306946754456,
      0.38615918159484863,
      0.32196182012557983,
      0.39466068148612976,
      0.25896626710891724,
      0.27710455656051636,
      0.31209760904312134,
      0.22733205556869507,
      0.3641294240951538,
      0.5252329111099243,
      0.4951743483543396,
      0.9999999403953552
    ]
  ]
}