{"game_number":290,"words":["ACORN","CONE","POLLEN","SAP","CHOCOLATE","GUM","LICORICE","LOLLIPOP","CHUMP","FOOL","MARK","SUCKER","FACE","HURRICANE","NEEDLE","POTATO"],"adjacency_matrix":[[1.0,0.4057483673095703,0.3138064444065094,0.42234286665916443,0.3614940345287323,0.3469591438770294,0.378410667181015,0.38191771507263184,0.32472875714302063,0.33122357726097107,0.24292978644371033,0.38230377435684204,0.19180993735790253,0.26358383893966675,0.3690990209579468,0.43502092361450195],[0.4057483673095703,1.0,0.39897236227989197,0.29757699370384216,0.47897419333457947,0.40964218974113464,0.3735796809196472,0.4516217112541199,0.3114732503890991,0.2831853926181793,0.3253398835659027,0.4246869385242462,0.44152241945266724,0.3324073553085327,0.4646749198436737,0.42950165271759033],[0.3138064444065094,0.39897236227989197,1.0,0.331990122795105,0.338627427816391,0.3218104839324951,0.34876692295074463,0.24939686059951782,0.14593590795993805,0.1729712337255478,0.2127460539340973,0.2497788667678833,0.23024576902389526,0.20726314187049866,0.3022628426551819,0.3074808418750763],[0.42234286665916443,0.29757699370384216,0.331990122795105,1.0,0.31068679690361023,0.4366329610347748,0.32866165041923523,0.3327602446079254,0.26445403695106506,0.32364916801452637,0.14871373772621155,0.4597332179546356,0.21377180516719818,0.19871917366981506,0.3863280117511749,0.30053725838661194],[0.3614940345287323,0.47897419333457947,0.338627427816391,0.31068679690361023,1.0,0.46916741132736206,0.5733526945114136,0.5298105478286743,0.2724606692790985,0.27964287996292114,0.3648653030395508,0.35081204771995544,0.30660054087638855,0.2950733006000519,0.3476637005805969,0.4753139019012451],[0.3469591438770294,0.40964218974113464,0.3218104839324951,0.4366329610347748,0.46916741132736206,1.0,0.5565544962882996,0.5111275911331177,0.24393612146377563,0.21283099055290222,0.19081421196460724,0.3570776581764221,0.2619364261627197,0.15269838273525238,0.3440299332141876,0.33497464656829834],[0.378410667181015,0.3735796809196472,0.34876692295074463,0.32866165041923523,0.5733526945114136,0.5565544962882996,1.0,0.5362182855606079,0.18379250168800354,0.20657043159008026,0.22513219714164734,0.28023722767829895,0.19942377507686615,0.15524360537528992,0.3413335382938385,0.42783209681510925],[0.38191771507263184,0.4516217112541199,0.24939686059951782,0.3327602446079254,0.5298105478286743,0.5111275911331177,0.5362182855606079,1.0,0.39205655455589294,0.35147467255592346,0.2852027714252472,0.464582622051239,0.29182925820350647,0.24974776804447174,0.4176458716392517,0.4367024004459381],[0.32472875714302063,0.3114732503890991,0.14593590795993805,0.26445403695106506,0.2724606692790985,0.24393612146377563,0.18379250168800354,0.39205655455589294,0.9999999403953552,0.6138640642166138,0.3260447084903717,0.6357049942016602,0.4359801113605499,0.278825044631958,0.3715798556804657,0.34838902950286865],[0.33122357726097107,0.2831853926181793,0.1729712337255478,0.32364916801452637,0.27964287996292114,0.21283099055290222,0.20657043159008026,0.35147467255592346,0.6138640642166138,0.9999999403953552,0.3651299476623535,0.5677051544189453,0.39659667015075684,0.23660579323768616,0.35530343651771545,0.32667964696884155],[0.24292978644371033,0.3253398835659027,0.2127460539340973,0.14871373772621155,0.3648653030395508,0.19081421196460724,0.22513219714164734,0.2852027714252472,0.3260447084903717,0.3651299476623535,1.0,0.32801976799964905,0.4290410876274109,0.2438773363828659,0.4219684302806854,0.25833582878112793],[0.38230377435684204,0.4246869385242462,0.2497788667678833,0.4597332179546356,0.35081204771995544,0.3570776581764221,0.28023722767829895,0.464582622051239,0.6357049942016602,0.5677051544189453,0.32801976799964905,1.0,0.3706434369087219,0.25785425305366516,0.4800041913986206,0.35585448145866394],[0.19180993735790253,0.44152241945266724,0.23024576902389526,0.21377180516719818,0.30660054087638855,0.2619364261627197,0.19942377507686615,0.29182925820350647,0.4359801113605499,0.39659667015075684,0.4290410876274109,0.3706434369087219,1.0,0.28160491585731506,0.39766231179237366,0.3326190114021301],[0.26358383893966675,0.3324073553085327,0.20726314187049866,0.19871917366981506,0.2950733006000519,0.15269838273525238,0.15524360537528992,0.24974776804447174,0.278825044631958,0.23660579323768616,0.2438773363828659,0.25785425305366516,0.28160491585731506,1.0,0.2527082562446594,0.25642862915992737],[0.3690990209579468,0.4646749198436737,0.3022628426551819,0.3863280117511749,0.3476637005805969,0.3440299332141876,0.3413335382938385,0.4176458716392517,0.3715798556804657,0.35530343651771545,0.4219684302806854,0.4800041913986206,0.39766231179237366,0.2527082562446594,0.9999999403953552,0.37557274103164673],[0.43502092361450195,0.42950165271759033,0.3074808418750763,0.30053725838661194,0.4753139019012451,0.33497464656829834,0.42783209681510925,0.4367024004459381,0.34838902950286865,0.32667964696884155,0.25833582878112793,0.35585448145866394,0.3326190114021301,0.25642862915992737,0.37557274103164673,0.9999999403953552]]}