{"game_number":267,"words":["BOWL","DISH","PLATE","SAUCER","BALONEY","BUNK","CROCK","TRIPE","CUP","HOOK","STRAP","WIRE","LASER","RADAR","SCUBA","SPAM"],"adjacency_matrix":[[1.0,0.556686282157898,0.5527515411376953,0.4850114583969116,0.3360324501991272,0.33371099829673767,0.4491945505142212,0.37582746148109436,0.6099733114242554,0.3367476463317871,0.36436060070991516,0.36534327268600464,0.27464020252227783,0.3012908697128296,0.2019244283437729,0.23558968305587769],[0.556686282157898,0.9999999403953552,0.6016046404838562,0.37911123037338257,0.37342485785484314,0.32137274742126465,0.47323331236839294,0.46641889214515686,0.44184496998786926,0.43982699513435364,0.4091759920120239,0.3990679383277893,0.32772088050842285,0.3774039149284363,0.20228499174118042,0.2728232145309448],[0.5527515411376953,0.6016046404838562,0.9999999403953552,0.3532301187515259,0.3729821443557739,0.2862141728401184,0.4045664072036743,0.4104759991168976,0.4515450596809387,0.4325045645236969,0.4646097719669342,0.4473699629306793,0.28389912843704224,0.31379950046539307,0.17911399900913239,0.22080188989639282],[0.4850114583969116,0.37911123037338257,0.3532301187515259,1.0,0.29778578877449036,0.2752399146556854,0.3510185778141022,0.3152645528316498,0.5342569351196289,0.16986019909381866,0.24680832028388977,0.3006889224052429,0.3314383327960968,0.3610389828681946,0.2525182366371155,0.21272650361061096],[0.3360324501991272,0.37342485785484314,0.3729821443557739,0.29778578877449036,1.0,0.5174748301506042,0.6748039722442627,0.7120435833930969,0.2994564473628998,0.3818916082382202,0.33313506841659546,0.38466209173202515,0.2548764646053314,0.32202601432800293,0.32435962557792664,0.447864294052124],[0.33371099829673767,0.32137274742126465,0.2862141728401184,0.2752399146556854,0.5174748301506042,1.0,0.514672577381134,0.4846254289150238,0.22097977995872498,0.3555479049682617,0.409171462059021,0.3366987407207489,0.22778040170669556,0.3240170478820801,0.2513315677642822,0.28044459223747253],[0.4491945505142212,0.47323331236839294,0.4045664072036743,0.3510185778141022,0.6748039722442627,0.514672577381134,1.0,0.662937581539154,0.399942010641098,0.3949032425880432,0.38186171650886536,0.39763036370277405,0.20697154104709625,0.21484646201133728,0.24091362953186035,0.3379560708999634],[0.37582746148109436,0.46641889214515686,0.4104759991168976,0.3152645528316498,0.7120435833930969,0.4846254289150238,0.662937581539154,1.0,0.31494003534317017,0.3320254981517792,0.2924650311470032,0.30313536524772644,0.14566005766391754,0.2677134573459625,0.18048043549060822,0.35761821269989014],[0.6099733114242554,0.44184496998786926,0.4515450596809387,0.5342569351196289,0.2994564473628998,0.22097977995872498,0.399942010641098,0.31494003534317017,1.0,0.30333220958709717,0.3453053832054138,0.30056262016296387,0.2393185794353485,0.18350978195667267,0.1958674192428589,0.21819710731506348],[0.3367476463317871,0.43982699513435364,0.4325045645236969,0.16986019909381866,0.3818916082382202,0.3555479049682617,0.3949032425880432,0.3320254981517792,0.30333220958709717,1.0,0.549283504486084,0.5145420432090759,0.21990181505680084,0.3061401844024658,0.22737441956996918,0.2586681842803955],[0.36436060070991516,0.4091759920120239,0.4646097719669342,0.24680832028388977,0.33313506841659546,0.409171462059021,0.38186171650886536,0.2924650311470032,0.3453053832054138,0.549283504486084,1.0,0.5477854609489441,0.33395397663116455,0.25141772627830505,0.3396788239479065,0.20909149944782257],[0.36534327268600464,0.3990679383277893,0.4473699629306793,0.3006889224052429,0.38466209173202515,0.3366987407207489,0.39763036370277405,0.30313536524772644,0.30056262016296387,0.5145420432090759,0.5477854609489441,1.0,0.3654848337173462,0.378132164478302,0.2705039083957672,0.3420233428478241],[0.27464020252227783,0.32772088050842285,0.28389912843704224,0.3314383327960968,0.2548764646053314,0.22778040170669556,0.20697154104709625,0.14566005766391754,0.2393185794353485,0.21990181505680084,0.33395397663116455,0.3654848337173462,1.0000001192092896,0.517920732498169,0.4131637513637543,0.22506532073020935],[0.3012908697128296,0.3774039149284363,0.31379950046539307,0.3610389828681946,0.32202601432800293,0.3240170478820801,0.21484646201133728,0.2677134573459625,0.18350978195667267,0.3061401844024658,0.25141772627830505,0.378132164478302,0.517920732498169,1.0,0.32116249203681946,0.31103435158729553],[0.2019244283437729,0.20228499174118042,0.17911399900913239,0.2525182366371155,0.32435962557792664,0.2513315677642822,0.24091362953186035,0.18048043549060822,0.1958674192428589,0.22737441956996918,0.3396788239479065,0.2705039083957672,0.4131637513637543,0.32116249203681946,0.9999999403953552,0.18339984118938446],[0.23558968305587769,0.2728232145309448,0.22080188989639282,0.21272650361061096,0.447864294052124,0.28044459223747253,0.3379560708999634,0.35761821269989014,0.21819710731506348,0.2586681842803955,0.20909149944782257,0.3420233428478241,0.22506532073020935,0.31103435158729553,0.18339984118938446,1.0]]}