{"game_number":49,"words":["BI","BUY","BY","BYE","AB","PEC","QUAD","TRI","DUB","EMO","POP","TRAP","HI","LO","MED","OFF"],"adjacency_matrix":[[1.0,0.08208762109279633,0.0158217865973711,0.1390518993139267,0.3995732069015503,0.2787041664123535,0.19697189331054688,0.45251554250717163,0.14569556713104248,0.2394515573978424,0.16653233766555786,0.10936041176319122,0.3428928852081299,0.4009458124637604,0.22288325428962708,0.06383185088634491],[0.08208762109279633,1.0,0.29825255274772644,0.258100301027298,0.05667722597718239,0.18684197962284088,0.26023200154304504,0.25827106833457947,0.26777181029319763,0.18499621748924255,0.3699706196784973,0.3601767122745514,0.1883630007505417,0.059935927391052246,0.34188491106033325,0.5162680745124817],[0.0158217865973711,0.29825255274772644,1.0,0.23221227526664734,0.09869637340307236,0.1225961223244667,0.1754978895187378,0.15294478833675385,0.20110639929771423,0.1441538780927658,0.2349042296409607,0.30909353494644165,0.14773628115653992,0.051781848073005676,0.21205377578735352,0.4959080219268799],[0.1390518993139267,0.258100301027298,0.23221227526664734,1.0,0.11385175585746765,0.24587415158748627,0.21301361918449402,0.2909919023513794,0.10389228910207748,0.10460393875837326,0.1711556762456894,0.18546202778816223,0.458092600107193,0.24131160974502563,0.23618926107883453,0.3334495723247528],[0.3995732069015503,0.05667722597718239,0.09869637340307236,0.11385175585746765,1.0,0.3243238627910614,0.1671508103609085,0.3089599013328552,0.02973920665681362,0.0563012957572937,0.06067440286278725,0.0606318935751915,0.3003820478916168,0.3864145576953888,0.15772950649261475,0.056923817843198776],[0.2787041664123535,0.18684197962284088,0.1225961223244667,0.24587415158748627,0.3243238627910614,1.0,0.4042765498161316,0.37641021609306335,0.1962643265724182,0.19122807681560516,0.2860293686389923,0.25165316462516785,0.22818279266357422,0.19322875142097473,0.24282671511173248,0.2621473968029022],[0.19697189331054688,0.26023200154304504,0.1754978895187378,0.21301361918449402,0.1671508103609085,0.4042765498161316,1.0,0.44815772771835327,0.22550369799137115,0.14764828979969025,0.2578465938568115,0.3299747109413147,0.1725521832704544,0.1218094453215599,0.31825312972068787,0.3211093842983246],[0.45251554250717163,0.25827106833457947,0.15294478833675385,0.2909919023513794,0.3089599013328552,0.37641021609306335,0.44815772771835327,0.9999999403953552,0.31122955679893494,0.2600075602531433,0.2652561068534851,0.3000473082065582,0.33283260464668274,0.266076922416687,0.40569424629211426,0.2793892025947571],[0.14569556713104248,0.26777181029319763,0.20110639929771423,0.10389228910207748,0.02973920665681362,0.1962643265724182,0.22550369799137115,0.31122955679893494,1.0000001192092896,0.2578444480895996,0.38773152232170105,0.3163544535636902,0.15897932648658752,0.14643028378486633,0.2016211748123169,0.23146487772464752],[0.2394515573978424,0.18499621748924255,0.1441538780927658,0.10460393875837326,0.0563012957572937,0.19122807681560516,0.14764828979969025,0.2600075602531433,0.2578444480895996,1.0,0.41752785444259644,0.23415544629096985,0.24112224578857422,0.13363635540008545,0.2556505501270294,0.2245127558708191],[0.16653233766555786,0.3699706196784973,0.2349042296409607,0.1711556762456894,0.06067440286278725,0.2860293686389923,0.2578465938568115,0.2652561068534851,0.38773152232170105,0.41752785444259644,0.9999999403953552,0.3974415957927704,0.22588187456130981,0.15085718035697937,0.350558340549469,0.3997950553894043],[0.10936041176319122,0.3601767122745514,0.30909353494644165,0.18546202778816223,0.0606318935751915,0.25165316462516785,0.3299747109413147,0.3000473082065582,0.3163544535636902,0.23415544629096985,0.3974415957927704,1.0,0.0801682248711586,0.0776897743344307,0.2479342371225357,0.45893871784210205],[0.3428928852081299,0.1883630007505417,0.14773628115653992,0.458092600107193,0.3003820478916168,0.22818279266357422,0.1725521832704544,0.33283260464668274,0.15897932648658752,0.24112224578857422,0.22588187456130981,0.0801682248711586,1.0,0.48430362343788147,0.2293182760477066,0.16719701886177063],[0.4009458124637604,0.059935927391052246,0.051781848073005676,0.24131160974502563,0.3864145576953888,0.19322875142097473,0.1218094453215599,0.266076922416687,0.14643028378486633,0.13363635540008545,0.15085718035697937,0.0776897743344307,0.48430362343788147,0.9999999403953552,0.1606294959783554,0.04508175700902939],[0.22288325428962708,0.34188491106033325,0.21205377578735352,0.23618926107883453,0.15772950649261475,0.24282671511173248,0.31825312972068787,0.40569424629211426,0.2016211748123169,0.2556505501270294,0.350558340549469,0.2479342371225357,0.2293182760477066,0.1606294959783554,1.0,0.4577558636665344],[0.06383185088634491,0.5162680745124817,0.4959080219268799,0.3334495723247528,0.056923817843198776,0.2621473968029022,0.3211093842983246,0.2793892025947571,0.23146487772464752,0.2245127558708191,0.3997950553894043,0.45893871784210205,0.16719701886177063,0.04508175700902939,0.4577558636665344,1.0]]}