{"game_number":160,"words":["BRUSH","GRAZE","KISS","SKIM","ODD","PERFECT","PRIME","WHOLE","OYSTER","PLUM","SOY","XO","CLAW","FRUIT","HUG","WITNESS"],"adjacency_matrix":[[0.9999999403953552,0.44491973519325256,0.396609365940094,0.39413127303123474,0.2707900404930115,0.3501744568347931,0.2597613036632538,0.34651830792427063,0.26022616028785706,0.40288543701171875,0.22461849451065063,-0.020125627517700195,0.45171475410461426,0.3216805160045624,0.2965790629386902,0.25564008951187134],[0.44491973519325256,1.0,0.3612419664859772,0.4475117623806,0.1751786172389984,0.2504277229309082,0.2376929074525833,0.29085010290145874,0.24347706139087677,0.2796117961406708,0.21017012000083923,0.03514472022652626,0.3365808129310608,0.31869250535964966,0.2877045273780823,0.271968275308609],[0.396609365940094,0.3612419664859772,1.0,0.2945581376552582,0.2264413833618164,0.37358176708221436,0.282753050327301,0.34578269720077515,0.2790190577507019,0.35060930252075195,0.14690528810024261,0.1652384102344513,0.3976806402206421,0.31392723321914673,0.6335322260856628,0.37403741478919983],[0.39413127303123474,0.4475117623806,0.2945581376552582,1.0,0.2171911597251892,0.24115616083145142,0.18019230663776398,0.3684160113334656,0.14577606320381165,0.18749791383743286,0.268032044172287,-0.06904079765081406,0.29840072989463806,0.2080470770597458,0.22488757967948914,0.20625218749046326],[0.2707900404930115,0.1751786172389984,0.2264413833618164,0.2171911597251892,1.0,0.504680335521698,0.4095023274421692,0.4214511513710022,0.2023295909166336,0.3074037730693817,0.13994558155536652,0.03961016237735748,0.21828730404376984,0.2945166826248169,0.18028481304645538,0.2788563668727875],[0.3501744568347931,0.2504277229309082,0.37358176708221436,0.24115616083145142,0.504680335521698,1.0,0.5257905125617981,0.48364293575286865,0.2879446744918823,0.37823107838630676,0.16185374557971954,0.05924372747540474,0.31533339619636536,0.35362640023231506,0.26003456115722656,0.3680248558521271],[0.2597613036632538,0.2376929074525833,0.282753050327301,0.18019230663776398,0.4095023274421692,0.5257905125617981,1.0,0.43098166584968567,0.2939073145389557,0.4207424819469452,0.10745421797037125,-0.082342728972435,0.24227192997932434,0.38153937458992004,0.15894220769405365,0.4199223816394806],[0.34651830792427063,0.29085010290145874,0.34578269720077515,0.3684160113334656,0.4214511513710022,0.48364293575286865,0.43098166584968567,1.0,0.3246658742427826,0.2656325101852417,0.1515381783246994,-0.06856191903352737,0.2859260141849518,0.401333749294281,0.21688415110111237,0.4187207520008087],[0.26022616028785706,0.24347706139087677,0.2790190577507019,0.14577606320381165,0.2023295909166336,0.2879446744918823,0.2939073145389557,0.3246658742427826,0.9999999403953552,0.4249953627586365,0.3159332275390625,0.0502932146191597,0.3491005599498749,0.37635377049446106,0.18296219408512115,0.21111024916172028],[0.40288543701171875,0.2796117961406708,0.35060930252075195,0.18749791383743286,0.3074037730693817,0.37823107838630676,0.4207424819469452,0.2656325101852417,0.4249953627586365,1.0,0.30709078907966614,0.12351300567388535,0.3563707172870636,0.5715174674987793,0.2678612172603607,0.19680240750312805],[0.22461849451065063,0.21017012000083923,0.14690528810024261,0.268032044172287,0.13994558155536652,0.16185374557971954,0.10745421797037125,0.1515381783246994,0.3159332275390625,0.30709078907966614,1.0,0.14822176098823547,0.12384720891714096,0.29361647367477417,0.15149076282978058,0.08424483239650726],[-0.020125627517700195,0.03514472022652626,0.1652384102344513,-0.06904079765081406,0.03961016237735748,0.05924372747540474,-0.082342728972435,-0.06856191903352737,0.0502932146191597,0.12351300567388535,0.14822176098823547,1.0,0.05328258126974106,-0.006409369874745607,0.30058085918426514,-0.08216580003499985],[0.45171475410461426,0.3365808129310608,0.3976806402206421,0.29840072989463806,0.21828730404376984,0.31533339619636536,0.24227192997932434,0.2859260141849518,0.3491005599498749,0.3563707172870636,0.12384720891714096,0.05328258126974106,1.0,0.3644472658634186,0.3435022830963135,0.306239515542984],[0.3216805160045624,0.31869250535964966,0.31392723321914673,0.2080470770597458,0.2945166826248169,0.35362640023231506,0.38153937458992004,0.401333749294281,0.37635377049446106,0.5715174674987793,0.29361647367477417,-0.006409369874745607,0.3644472658634186,1.0,0.20176823437213898,0.41494378447532654],[0.2965790629386902,0.2877045273780823,0.6335322260856628,0.22488757967948914,0.18028481304645538,0.26003456115722656,0.15894220769405365,0.21688415110111237,0.18296219408512115,0.2678612172603607,0.15149076282978058,0.30058085918426514,0.3435022830963135,0.20176823437213898,1.0,0.2420566976070404],[0.25564008951187134,0.271968275308609,0.37403741478919983,0.20625218749046326,0.2788563668727875,0.3680248558521271,0.4199223816394806,0.4187207520008087,0.21111024916172028,0.19680240750312805,0.08424483239650726,-0.08216580003499985,0.306239515542984,0.41494378447532654,0.2420566976070404,1.0]]}