{
  "game_number": 113,
  "words": [
    "BAY",
    "CHANNEL",
    "SOUND",
    "STRAIT",
    "BUNGEE",
    "EXTENSION",
    "SPINAL",
    "UMBILICAL",
    "GENIE",
    "LIGHTNING",
    "MESSAGE",
    "SHIP",
    "CONVEY",
    "EXPRESS",
    "MEAN",
    "SPELL"
  ],
  "adjacency_matrix": [
    [
      1.0,
      0.4191458523273468,
      0.3108631670475006,
      0.5108156800270081,
      0.23560072481632233,
      0.3436463475227356,
      0.22914166748523712,
      0.2990364134311676,
      0.22380474209785461,
      0.17873364686965942,
      0.26955199241638184,
      0.4896295666694641,
      0.22646310925483704,
      0.2247081995010376,
      0.268901526927948,
      0.2522569000720978
    ],
    [
      0.4191458523273468,
      1.0,
      0.378239244222641,
      0.4602177143096924,
      0.26649174094200134,
      0.4007369577884674,
      0.29039257764816284,
      0.3042302131652832,
      0.22095589339733124,
      0.2694965898990631,
      0.44687604904174805,
      0.42081278562545776,
      0.3252306580543518,
      0.34414026141166687,
      0.31778696179389954,
      0.2590145766735077
    ],
    [
      0.3108631670475006,
      0.378239244222641,
      1.0,
      0.33160045742988586,
      0.2712559998035431,
      0.34206724166870117,
      0.2651979923248291,
      0.2932218313217163,
      0.2530994713306427,
      0.36509817838668823,
      0.41971835494041443,
      0.3861430287361145,
      0.4741443991661072,
      0.38334226608276367,
      0.4590342044830322,
      0.4445944130420685
    ],
    [
      0.5108156800270081,
      0.4602177143096924,
      0.33160045742988586,
      1.0,
      0.2020527720451355,
      0.3315369784832001,
      0.2946036756038666,
      0.33704259991645813,
      0.28208696842193604,
      0.2649264633655548,
      0.3590291440486908,
      0.4317037761211395,
      0.28289005160331726,
      0.28968754410743713,
      0.37036794424057007,
      0.2704278230667114
    ],
    [
      0.23560072481632233,
      0.26649174094200134,
      0.2712559998035431,
      0.2020527720451355,
      1.0000001192092896,
      0.31835728883743286,
      0.4215318560600281,
      0.43044301867485046,
      0.17687669396400452,
      0.35106781125068665,
      0.17733237147331238,
      0.2720741331577301,
      0.1013387069106102,
      0.15795402228832245,
      0.17016282677650452,
      0.26692599058151245
    ],
    [
      0.3436463475227356,
      0.4007369577884674,
      0.34206724166870117,
      0.3315369784832001,
      0.31835728883743286,
      1.0,
      0.3254052996635437,
      0.34238946437835693,
      0.27374231815338135,
      0.24449777603149414,
      0.40150186419487,
      0.3163384199142456,
      0.310085654258728,
      0.3893347978591919,
      0.33319637179374695,
      0.36182206869125366
    ],
    [
      0.22914166748523712,
      0.29039257764816284,
      0.2651979923248291,
      0.2946036756038666,
      0.4215318560600281,
      0.3254052996635437,
      1.0,
      0.5068082213401794,
      0.18065695464611053,
      0.33267614245414734,
      0.2432813048362732,
      0.257450670003891,
      0.1865888088941574,
      0.22100888192653656,
      0.20677876472473145,
      0.24120840430259705
    ],
    [
      0.2990364134311676,
      0.3042302131652832,
      0.2932218313217163,
      0.33704259991645813,
      0.43044301867485046,
      0.34238946437835693,
      0.5068082213401794,
      1.0,
      0.19847097992897034,
      0.2580288350582123,
      0.25699785351753235,
      0.3052928149700165,
      0.15622536838054657,
      0.2624347507953644,
      0.21863487362861633,
      0.17628277838230133
    ],
    [
      0.22380474209785461,
      0.22095589339733124,
      0.2530994713306427,
      0.28208696842193604,
      0.17687669396400452,
      0.27374231815338135,
      0.18065695464611053,
      0.19847097992897034,
      0.9999999403953552,
      0.2635248005390167,
      0.24699479341506958,
      0.2900788187980652,
      0.20163129270076752,
      0.2619011104106903,
      0.2344079613685608,
      0.39086776971817017
    ],
    [
      0.17873364686965942,
      0.2694965898990631,
      0.36509817838668823,
      0.2649264633655548,
      0.35106781125068665,
      0.24449777603149414,
      0.33267614245414734,
      0.2580288350582123,
      0.2635248005390167,
      1.0,
      0.3366228938102722,
      0.3165048062801361,
      0.2883124053478241,
      0.25866812467575073,
      0.3165439963340759,
      0.3616192638874054
    ],
    [
      0.26955199241638184,
      0.44687604904174805,
      0.41971835494041443,
      0.3590291440486908,
      0.17733237147331238,
      0.40150186419487,
      0.2432813048362732,
      0.25699785351753235,
      0.24699479341506958,
      0.3366228938102722,
      1.0,
      0.37573423981666565,
      0.5499911308288574,
      0.439290314912796,
      0.3831733465194702,
      0.37404561042785645
    ],
    [
      0.4896295666694641,
      0.42081278562545776,
      0.3861430287361145,
      0.4317037761211395,
      0.2720741331577301,
      0.3163384199142456,
      0.257450670003891,
      0.3052928149700165,
      0.2900788187980652,
      0.3165048062801361,
      0.37573423981666565,
      1.0,
      0.32594916224479675,
      0.293740451335907,
      0.32048237323760986,
      0.3413928151130676
    ],
    [
      0.22646310925483704,
      0.3252306580543518,
      0.4741443991661072,
      0.28289005160331726,
      0.1013387069106102,
      0.310085654258728,
      0.1865888088941574,
      0.15622536838054657,
      0.20163129270076752,
      0.2883124053478241,
      0.5499911308288574,
      0.32594916224479675,
      1.0,
      0.7059527635574341,
      0.5288033485412598,
      0.352542519569397
    ],
    [
      0.2247081995010376,
      0.34414026141166687,
      0.38334226608276367,
      0.28968754410743713,
      0.15795402228832245,
      0.3893347978591919,
      0.22100888192653656,
      0.2624347507953644,
      0.2619011104106903,
      0.25866812467575073,
      0.439290314912796,
      0.293740451335907,
      0.7059527635574341,
      0.9999999403953552,
      0.45991939306259155,
      0.34742558002471924
    ],
    [
      0.268901526927948,
      0.31778696179389954,
      0.4590342044830322,
      0.37036794424057007,
      0.17016282677650452,
      0.33319637179374695,
      0.20677876472473145,
      0.21863487362861633,
      0.2344079613685608,
      0.3165439963340759,
      0.3831733465194702,
      0.32048237323760986,
      0.5288033485412598,
      0.45991939306259155,
      1.0,
      0.3776148855686188
    ],
    [
      0.2522569000720978,
      0.2590145766735077,
      0.4445944130420685,
      0.2704278230667114,
      0.26692599058151245,
      0.36182206869125366,
      0.24120840430259705,
      0.17628277838230133,
      0.39086776971817017,
      0.3616192638874054,
      0.37404561042785645,
      0.3413928151130676,
      0.352542519569397,
      0.34742558002471924,
      0.3776148855686188,
      1.0
    ]
  ]
}