{"game_number":77,"words":["BRAND","COLLECTION","LABEL","LINE","DODGE","HIDE","HOP","TAG","BUNNY","DUCK","MARTIAN","PIG","GREECE","HARE","KATZ","MAIM"],"adjacency_matrix":[[1.0,0.42016831040382385,0.5872276425361633,0.5127924084663391,0.29416215419769287,0.32267269492149353,0.31291744112968445,0.37162214517593384,0.34962019324302673,0.3331916928291321,0.3149753510951996,0.30064573884010315,0.20878906548023224,0.2705851197242737,0.17502395808696747,0.2552814483642578],[0.42016831040382385,1.0,0.3817031681537628,0.45374175906181335,0.25555258989334106,0.34777334332466125,0.21465885639190674,0.3611907958984375,0.20858895778656006,0.3009623885154724,0.23607014119625092,0.27418017387390137,0.20942747592926025,0.28396081924438477,0.12783142924308777,0.16896361112594604],[0.5872276425361633,0.3817031681537628,0.9999999403953552,0.46817874908447266,0.2390807718038559,0.34786632657051086,0.31357091665267944,0.47696274518966675,0.2278023362159729,0.26577556133270264,0.21636651456356049,0.22201023995876312,0.18446069955825806,0.16106101870536804,0.12834608554840088,0.17302484810352325],[0.5127924084663391,0.45374175906181335,0.46817874908447266,1.0,0.3802049160003662,0.37815335392951965,0.3530261814594269,0.45667439699172974,0.3318575322628021,0.3646731376647949,0.2914208769798279,0.2865883708000183,0.2595912218093872,0.3558579981327057,0.19380973279476166,0.21991121768951416],[0.29416215419769287,0.25555258989334106,0.2390807718038559,0.3802049160003662,1.0,0.548985481262207,0.4091964662075043,0.3102540373802185,0.35050272941589355,0.5270517468452454,0.3000239431858063,0.23999464511871338,0.20425279438495636,0.361911803483963,0.2579795718193054,0.39337897300720215],[0.32267269492149353,0.34777334332466125,0.34786632657051086,0.37815335392951965,0.548985481262207,1.0,0.3213210105895996,0.3880459666252136,0.323958158493042,0.4245903491973877,0.28067344427108765,0.3279084861278534,0.2635638117790222,0.442854642868042,0.1388636976480484,0.399178683757782],[0.31291744112968445,0.21465885639190674,0.31357091665267944,0.3530261814594269,0.4091964662075043,0.3213210105895996,1.0,0.33092349767684937,0.38589420914649963,0.44735318422317505,0.30462172627449036,0.28414759039878845,0.2096686214208603,0.3403199017047882,0.21006904542446136,0.27325186133384705],[0.37162214517593384,0.3611907958984375,0.47696274518966675,0.45667439699172974,0.3102540373802185,0.3880459666252136,0.33092349767684937,0.9999999403953552,0.30748602747917175,0.3020162880420685,0.16925843060016632,0.23134487867355347,0.22609756886959076,0.2657223343849182,0.20644932985305786,0.24043507874011993],[0.34962019324302673,0.20858895778656006,0.2278023362159729,0.3318575322628021,0.35050272941589355,0.323958158493042,0.38589420914649963,0.30748602747917175,1.0,0.48070207238197327,0.3819870948791504,0.513424277305603,0.19232068955898285,0.508709192276001,0.39742720127105713,0.27688565850257874],[0.3331916928291321,0.3009623885154724,0.26577556133270264,0.3646731376647949,0.5270517468452454,0.4245903491973877,0.44735318422317505,0.3020162880420685,0.48070207238197327,0.9999999403953552,0.3040841221809387,0.5105675458908081,0.22200872004032135,0.4698595106601715,0.28386160731315613,0.28067731857299805],[0.3149753510951996,0.23607014119625092,0.21636651456356049,0.2914208769798279,0.3000239431858063,0.28067344427108765,0.30462172627449036,0.16925843060016632,0.3819870948791504,0.3040841221809387,1.0,0.3306577205657959,0.3278028070926666,0.3427290916442871,0.333839476108551,0.20960178971290588],[0.30064573884010315,0.27418017387390137,0.22201023995876312,0.2865883708000183,0.23999464511871338,0.3279084861278534,0.28414759039878845,0.23134487867355347,0.513424277305603,0.5105675458908081,0.3306577205657959,1.0,0.25849318504333496,0.43355846405029297,0.27143850922584534,0.3167841136455536],[0.20878906548023224,0.20942747592926025,0.18446069955825806,0.2595912218093872,0.20425279438495636,0.2635638117790222,0.2096686214208603,0.22609756886959076,0.19232068955898285,0.22200872004032135,0.3278028070926666,0.25849318504333496,1.0,0.2632738947868347,0.3437158465385437,0.19160467386245728],[0.2705851197242737,0.28396081924438477,0.16106101870536804,0.3558579981327057,0.361911803483963,0.442854642868042,0.3403199017047882,0.2657223343849182,0.508709192276001,0.4698595106601715,0.3427290916442871,0.43355846405029297,0.2632738947868347,1.0,0.22519882023334503,0.3123920261859894],[0.17502395808696747,0.12783142924308777,0.12834608554840088,0.19380973279476166,0.2579795718193054,0.1388636976480484,0.21006904542446136,0.20644932985305786,0.39742720127105713,0.28386160731315613,0.333839476108551,0.27143850922584534,0.3437158465385437,0.22519882023334503,1.0,0.21040792763233185],[0.2552814483642578,0.16896361112594604,0.17302484810352325,0.21991121768951416,0.39337897300720215,0.399178683757782,0.27325186133384705,0.24043507874011993,0.27688565850257874,0.28067731857299805,0.20960178971290588,0.3167841136455536,0.19160467386245728,0.3123920261859894,0.21040792763233185,1.0]]}