{"game_number":373,"words":["CRICKET","FENCING","POLO","SQUASH","CAMI","HALTER","TANK","TEE","BEET","CARROT","CORN","ONION","ANT","BEETLE","MANTIS","TERMITE"],"adjacency_matrix":[[0.9999999403953552,0.4309224486351013,0.485477477312088,0.5043285489082336,0.2566533386707306,0.19942700862884521,0.2651563882827759,0.32062429189682007,0.3403584957122803,0.3063775300979614,0.35661792755126953,0.2686201333999634,0.4221300482749939,0.4070080816745758,0.3133237361907959,0.31969109177589417],[0.4309224486351013,1.0,0.3795728087425232,0.411963552236557,0.26430031657218933,0.37654566764831543,0.3233805000782013,0.2699342668056488,0.30881547927856445,0.26077818870544434,0.31053125858306885,0.28171297907829285,0.30931633710861206,0.28974267840385437,0.24076257646083832,0.3197709619998932],[0.485477477312088,0.3795728087425232,0.9999999403953552,0.4816868305206299,0.4249674677848816,0.38230061531066895,0.38545745611190796,0.3482070863246918,0.27307233214378357,0.26351386308670044,0.2754982113838196,0.23544585704803467,0.261679083108902,0.2886013090610504,0.27826249599456787,0.22770775854587555],[0.5043285489082336,0.411963552236557,0.4816868305206299,1.0,0.33149054646492004,0.3422474265098572,0.3018968403339386,0.2994231581687927,0.49939441680908203,0.44913873076438904,0.477300226688385,0.4784252643585205,0.3377901613712311,0.3610939085483551,0.3253094255924225,0.3017413318157196],[0.2566533386707306,0.26430031657218933,0.4249674677848816,0.33149054646492004,1.0,0.4558882713317871,0.34196943044662476,0.4051930606365204,0.3357619047164917,0.31608718633651733,0.2643432319164276,0.42854544520378113,0.3138759136199951,0.2710105776786804,0.3173930048942566,0.2290702760219574],[0.19942700862884521,0.37654566764831543,0.38230061531066895,0.3422474265098572,0.4558882713317871,1.0,0.30167070031166077,0.3615250587463379,0.2926276922225952,0.36985135078430176,0.3520469665527344,0.28975775837898254,0.2941148281097412,0.22506584227085114,0.2811959683895111,0.31166014075279236],[0.2651563882827759,0.3233805000782013,0.38545745611190796,0.3018968403339386,0.34196943044662476,0.30167070031166077,1.0,0.31302666664123535,0.3281751871109009,0.232402503490448,0.30742204189300537,0.352179616689682,0.3334164619445801,0.360524445772171,0.2738874554634094,0.3288820683956146],[0.32062429189682007,0.2699342668056488,0.3482070863246918,0.2994231581687927,0.4051930606365204,0.3615250587463379,0.31302666664123535,1.0,0.29394105076789856,0.2709149718284607,0.25071799755096436,0.23521052300930023,0.258115291595459,0.2083156406879425,0.2409304529428482,0.24976696074008942],[0.3403584957122803,0.30881547927856445,0.27307233214378357,0.49939441680908203,0.3357619047164917,0.2926276922225952,0.3281751871109009,0.29394105076789856,1.0,0.5280646681785583,0.5953546762466431,0.5413393378257751,0.4051225185394287,0.555939257144928,0.3511587083339691,0.3164149224758148],[0.3063775300979614,0.26077818870544434,0.26351386308670044,0.44913873076438904,0.31608718633651733,0.36985135078430176,0.232402503490448,0.2709149718284607,0.5280646681785583,1.0,0.4012080430984497,0.4535333812236786,0.37515634298324585,0.42736145853996277,0.36875924468040466,0.3453366458415985],[0.35661792755126953,0.31053125858306885,0.2754982113838196,0.477300226688385,0.2643432319164276,0.3520469665527344,0.30742204189300537,0.25071799755096436,0.5953546762466431,0.4012080430984497,1.0,0.4481222629547119,0.3282199203968048,0.40616002678871155,0.28865450620651245,0.30209779739379883],[0.2686201333999634,0.28171297907829285,0.23544585704803467,0.4784252643585205,0.42854544520378113,0.28975775837898254,0.352179616689682,0.23521052300930023,0.5413393378257751,0.4535333812236786,0.4481222629547119,1.0,0.3002890348434448,0.3127289414405823,0.330851286649704,0.27585840225219727],[0.4221300482749939,0.30931633710861206,0.261679083108902,0.3377901613712311,0.3138759136199951,0.2941148281097412,0.3334164619445801,0.258115291595459,0.4051225185394287,0.37515634298324585,0.3282199203968048,0.3002890348434448,1.0,0.579919159412384,0.45397520065307617,0.6281746625900269],[0.4070080816745758,0.28974267840385437,0.2886013090610504,0.3610939085483551,0.2710105776786804,0.22506584227085114,0.360524445772171,0.2083156406879425,0.555939257144928,0.42736145853996277,0.40616002678871155,0.3127289414405823,0.579919159412384,1.0,0.5160535573959351,0.5326233506202698],[0.3133237361907959,0.24076257646083832,0.27826249599456787,0.3253094255924225,0.3173930048942566,0.2811959683895111,0.2738874554634094,0.2409304529428482,0.3511587083339691,0.36875924468040466,0.28865450620651245,0.330851286649704,0.45397520065307617,0.5160535573959351,1.0,0.4041112959384918],[0.31969109177589417,0.3197709619998932,0.22770775854587555,0.3017413318157196,0.2290702760219574,0.31166014075279236,0.3288820683956146,0.24976696074008942,0.3164149224758148,0.3453366458415985,0.30209779739379883,0.27585840225219727,0.6281746625900269,0.5326233506202698,0.4041112959384918,0.9999999403953552]]}