{"game_number":103,"words":["FLOOR","ROCK","SHOCK","SURPRISE","ARTICLE","FEATURE","REPORT","STORY","EVEN","FLAT","FLUSH","LEVEL","BALCONY","BOX","ORCHESTRA","STAGE"],"adjacency_matrix":[[1.0,0.3720683455467224,0.2901230454444885,0.25818052887916565,0.29328715801239014,0.401082307100296,0.3217204809188843,0.36269891262054443,0.32800039649009705,0.47850194573402405,0.39281928539276123,0.5407495498657227,0.6155580878257751,0.454578161239624,0.3114038407802582,0.4872572124004364],[0.3720683455467224,1.0,0.40508905053138733,0.2954835891723633,0.29787495732307434,0.3557143807411194,0.18815931677818298,0.3251939117908478,0.2711349129676819,0.4315595030784607,0.35190150141716003,0.3221910893917084,0.32702288031578064,0.4034663736820221,0.35629528760910034,0.4107916057109833],[0.2901230454444885,0.40508905053138733,1.0,0.713287889957428,0.2408856898546219,0.37321510910987854,0.35677286982536316,0.3733002245426178,0.3971506357192993,0.3784383237361908,0.4814157485961914,0.39875584840774536,0.26184678077697754,0.317351371049881,0.22139951586723328,0.38835635781288147],[0.25818052887916565,0.2954835891723633,0.713287889957428,1.0,0.25672873854637146,0.4504319429397583,0.4099257290363312,0.373401939868927,0.49733462929725647,0.33887794613838196,0.4393317699432373,0.37396541237831116,0.2583407461643219,0.2986571490764618,0.2587040662765503,0.36588552594184875],[0.29328715801239014,0.29787495732307434,0.2408856898546219,0.25672873854637146,1.0,0.5035044550895691,0.4960830807685852,0.5182515382766724,0.42411917448043823,0.28097110986709595,0.2530147135257721,0.36862537264823914,0.28031933307647705,0.43804261088371277,0.3116708993911743,0.3472568094730377],[0.401082307100296,0.3557143807411194,0.37321510910987854,0.4504319429397583,0.5035044550895691,1.0,0.48618170619010925,0.5734905004501343,0.4736855626106262,0.395382285118103,0.432494580745697,0.45052462816238403,0.3050655722618103,0.47727105021476746,0.28246164321899414,0.48635903000831604],[0.3217204809188843,0.18815931677818298,0.35677286982536316,0.4099257290363312,0.4960830807685852,0.48618170619010925,0.9999999403953552,0.5512590408325195,0.3790760338306427,0.3045990765094757,0.35592907667160034,0.35225793719291687,0.23336981236934662,0.355265349149704,0.22697673738002777,0.3489548861980438],[0.36269891262054443,0.3251939117908478,0.3733002245426178,0.373401939868927,0.5182515382766724,0.5734905004501343,0.5512590408325195,1.0,0.3745230734348297,0.34199899435043335,0.3234601616859436,0.37520456314086914,0.3516342341899872,0.37062516808509827,0.31739842891693115,0.4512074887752533],[0.32800039649009705,0.2711349129676819,0.3971506357192993,0.49733462929725647,0.42411917448043823,0.4736855626106262,0.3790760338306427,0.3745230734348297,0.9999999403953552,0.39086636900901794,0.3810608685016632,0.436658650636673,0.26670119166374207,0.3368620276451111,0.24754351377487183,0.4019804894924164],[0.47850194573402405,0.4315595030784607,0.3784383237361908,0.33887794613838196,0.28097110986709595,0.395382285118103,0.3045990765094757,0.34199899435043335,0.39086636900901794,0.9999999403953552,0.41831299662590027,0.4360634982585907,0.4069015085697174,0.40686914324760437,0.2749384641647339,0.3913592994213104],[0.39281928539276123,0.35190150141716003,0.4814157485961914,0.4393317699432373,0.2530147135257721,0.432494580745697,0.35592907667160034,0.3234601616859436,0.3810608685016632,0.41831299662590027,1.0,0.4089796841144562,0.31329360604286194,0.37331849336624146,0.21030329167842865,0.4001445472240448],[0.5407495498657227,0.3221910893917084,0.39875584840774536,0.37396541237831116,0.36862537264823914,0.45052462816238403,0.35225793719291687,0.37520456314086914,0.436658650636673,0.4360634982585907,0.4089796841144562,1.0,0.38333842158317566,0.4249567687511444,0.3268618881702423,0.5712563991546631],[0.6155580878257751,0.32702288031578064,0.26184678077697754,0.2583407461643219,0.28031933307647705,0.3050655722618103,0.23336981236934662,0.3516342341899872,0.26670119166374207,0.4069015085697174,0.31329360604286194,0.38333842158317566,1.0,0.4209792912006378,0.40716758370399475,0.4498571753501892],[0.454578161239624,0.4034663736820221,0.317351371049881,0.2986571490764618,0.43804261088371277,0.47727105021476746,0.355265349149704,0.37062516808509827,0.3368620276451111,0.40686914324760437,0.37331849336624146,0.4249567687511444,0.4209792912006378,1.0,0.34275153279304504,0.39153406023979187],[0.3114038407802582,0.35629528760910034,0.22139951586723328,0.2587040662765503,0.3116708993911743,0.28246164321899414,0.22697673738002777,0.31739842891693115,0.24754351377487183,0.2749384641647339,0.21030329167842865,0.3268618881702423,0.40716758370399475,0.34275153279304504,1.0,0.41353872418403625],[0.4872572124004364,0.4107916057109833,0.38835635781288147,0.36588552594184875,0.3472568094730377,0.48635903000831604,0.3489548861980438,0.4512074887752533,0.4019804894924164,0.3913592994213104,0.4001445472240448,0.5712563991546631,0.4498571753501892,0.39153406023979187,0.41353872418403625,1.0]]}