{"game_number":38,"words":["DISH","SPILL","TALK","TELL","BRANCH","FORK","PART","SPLIT","DOORKNOB","KNIFE","TOPKNOT","UNKNOWN","FORMULA","RECIPE","SECRET","TICKET"],"adjacency_matrix":[[0.9999999403953552,0.3376902639865875,0.255337119102478,0.3664313852787018,0.29011163115501404,0.4785626232624054,0.45075133442878723,0.3588637113571167,0.3467649221420288,0.45187249779701233,0.41707643866539,0.32849201560020447,0.3340500593185425,0.6214479804039001,0.38437238335609436,0.3275398015975952],[0.3376902639865875,1.0,0.209867462515831,0.30040445923805237,0.23719243705272675,0.33390524983406067,0.3435605466365814,0.4303516149520874,0.33728286623954773,0.2933577299118042,0.2363704890012741,0.28025949001312256,0.2205905020236969,0.31573036313056946,0.30228403210639954,0.20845086872577667],[0.255337119102478,0.209867462515831,1.0,0.3548819124698639,0.190773606300354,0.27537721395492554,0.2786466181278229,0.21011435985565186,0.19146238267421722,0.1983388066291809,0.2143888920545578,0.18006470799446106,0.12993383407592773,0.20936545729637146,0.23245351016521454,0.1955113261938095],[0.3664313852787018,0.30040445923805237,0.3548819124698639,1.0,0.25209248065948486,0.2749420702457428,0.3803560733795166,0.35525810718536377,0.27629923820495605,0.23805321753025055,0.21611054241657257,0.36339858174324036,0.28698107600212097,0.3351811170578003,0.37333783507347107,0.24034246802330017],[0.29011163115501404,0.23719243705272675,0.190773606300354,0.25209248065948486,1.0,0.48308244347572327,0.4537147283554077,0.4203367531299591,0.2922344207763672,0.36675095558166504,0.41008034348487854,0.28901439905166626,0.3145385682582855,0.31135842204093933,0.39912712574005127,0.36219242215156555],[0.4785626232624054,0.33390524983406067,0.27537721395492554,0.2749420702457428,0.48308244347572327,0.9999999403953552,0.40289607644081116,0.5470246076583862,0.3679466247558594,0.5565198063850403,0.385311096906662,0.22831346094608307,0.2594060003757477,0.44168803095817566,0.3298626244068146,0.3055019676685333],[0.45075133442878723,0.3435605466365814,0.2786466181278229,0.3803560733795166,0.4537147283554077,0.40289607644081116,1.0,0.5118142366409302,0.2661600708961487,0.3507394790649414,0.37395256757736206,0.4080217778682709,0.4460362493991852,0.41227084398269653,0.4860610067844391,0.37546494603157043],[0.3588637113571167,0.4303516149520874,0.21011435985565186,0.35525810718536377,0.4203367531299591,0.5470246076583862,0.5118142366409302,1.0,0.21181544661521912,0.3702579736709595,0.3937167823314667,0.300597608089447,0.3447864353656769,0.33690962195396423,0.3552091419696808,0.34745359420776367],[0.3467649221420288,0.33728286623954773,0.19146238267421722,0.27629923820495605,0.2922344207763672,0.3679466247558594,0.2661600708961487,0.21181544661521912,1.0,0.504159688949585,0.3246781527996063,0.2463955283164978,0.25172093510627747,0.272563099861145,0.33034881949424744,0.29645347595214844],[0.45187249779701233,0.2933577299118042,0.1983388066291809,0.23805321753025055,0.36675095558166504,0.5565198063850403,0.3507394790649414,0.3702579736709595,0.504159688949585,1.0,0.4400033950805664,0.26304125785827637,0.26526230573654175,0.3950210511684418,0.3819906711578369,0.33779531717300415],[0.41707643866539,0.2363704890012741,0.2143888920545578,0.21611054241657257,0.41008034348487854,0.385311096906662,0.37395256757736206,0.3937167823314667,0.3246781527996063,0.4400033950805664,1.0,0.3595583140850067,0.2984658181667328,0.3330863416194916,0.3695898950099945,0.2652481198310852],[0.32849201560020447,0.28025949001312256,0.18006470799446106,0.36339858174324036,0.28901439905166626,0.22831346094608307,0.4080217778682709,0.300597608089447,0.2463955283164978,0.26304125785827637,0.3595583140850067,0.9999999403953552,0.2936721444129944,0.31557828187942505,0.5043937563896179,0.2917715609073639],[0.3340500593185425,0.2205905020236969,0.12993383407592773,0.28698107600212097,0.3145385682582855,0.2594060003757477,0.4460362493991852,0.3447864353656769,0.25172093510627747,0.26526230573654175,0.2984658181667328,0.2936721444129944,1.0,0.5708304643630981,0.39687541127204895,0.3115464746952057],[0.6214479804039001,0.31573036313056946,0.20936545729637146,0.3351811170578003,0.31135842204093933,0.44168803095817566,0.41227084398269653,0.33690962195396423,0.272563099861145,0.3950210511684418,0.3330863416194916,0.31557828187942505,0.5708304643630981,1.0,0.4844503700733185,0.33043360710144043],[0.38437238335609436,0.30228403210639954,0.23245351016521454,0.37333783507347107,0.39912712574005127,0.3298626244068146,0.4860610067844391,0.3552091419696808,0.33034881949424744,0.3819906711578369,0.3695898950099945,0.5043937563896179,0.39687541127204895,0.4844503700733185,1.0,0.29754287004470825],[0.3275398015975952,0.20845086872577667,0.1955113261938095,0.24034246802330017,0.36219242215156555,0.3055019676685333,0.37546494603157043,0.34745359420776367,0.29645347595214844,0.33779531717300415,0.2652481198310852,0.2917715609073639,0.3115464746952057,0.33043360710144043,0.29754287004470825,0.9999999403953552]]}