{
  "game_number": 405,
  "words": [
    "BOOTY",
    "BUM",
    "CAN",
    "REAR",
    "ROBE",
    "SLIPPERS",
    "TOWEL",
    "WASHCLOTH",
    "CRADLE",
    "EYE",
    "MEOW",
    "PAJAMAS",
    "BALL",
    "BONE",
    "FRISBEE",
    "STICK"
  ],
  "adjacency_matrix": [
    [
      1.0,
      0.4823438227176666,
      0.20117232203483582,
      0.30944371223449707,
      0.31382930278778076,
      0.31768667697906494,
      0.2886800169944763,
      0.28783929347991943,
      0.31268584728240967,
      0.22045309841632843,
      0.14123286306858063,
      0.21659713983535767,
      0.3429577648639679,
      0.34281685948371887,
      0.3006352484226227,
      0.3027835190296173
    ],
    [
      0.4823438227176666,
      1.0,
      0.229010209441185,
      0.3385040760040283,
      0.3309844434261322,
      0.3786325454711914,
      0.39081013202667236,
      0.3588348627090454,
      0.23600603640079498,
      0.32860445976257324,
      0.29579395055770874,
      0.2747724652290344,
      0.38055288791656494,
      0.38543635606765747,
      0.4103185534477234,
      0.4375438392162323
    ],
    [
      0.20117232203483582,
      0.229010209441185,
      1.0,
      0.2907841205596924,
      0.22954615950584412,
      0.272000253200531,
      0.15699447691440582,
      0.2727833688259125,
      0.2678476572036743,
      0.2965530455112457,
      0.18241019546985626,
      0.1701013296842575,
      0.3072131276130676,
      0.2755531668663025,
      0.20670261979103088,
      0.45839452743530273
    ],
    [
      0.30944371223449707,
      0.3385040760040283,
      0.2907841205596924,
      1.0,
      0.23922371864318848,
      0.27857330441474915,
      0.2608390152454376,
      0.28522494435310364,
      0.42823493480682373,
      0.40085384249687195,
      0.07951681315898895,
      0.15787078440189362,
      0.3959966003894806,
      0.35905778408050537,
      0.22200113534927368,
      0.4061329960823059
    ],
    [
      0.31382930278778076,
      0.3309844434261322,
      0.22954615950584412,
      0.23922371864318848,
      1.0,
      0.5497960448265076,
      0.4643462598323822,
      0.49380436539649963,
      0.34585264325141907,
      0.2772273123264313,
      0.06278429925441742,
      0.47778040170669556,
      0.35251614451408386,
      0.288730263710022,
      0.26404711604118347,
      0.35568538308143616
    ],
    [
      0.31768667697906494,
      0.3786325454711914,
      0.272000253200531,
      0.27857330441474915,
      0.5497960448265076,
      1.0,
      0.39921337366104126,
      0.4125291407108307,
      0.2953962981700897,
      0.22582946717739105,
      0.18213355541229248,
      0.6282827258110046,
      0.3675885796546936,
      0.28497573733329773,
      0.2959136366844177,
      0.42055776715278625
    ],
    [
      0.2886800169944763,
      0.39081013202667236,
      0.15699447691440582,
      0.2608390152454376,
      0.4643462598323822,
      0.39921337366104126,
      0.9999999403953552,
      0.6550339460372925,
      0.358636736869812,
      0.25511807203292847,
      0.07891726493835449,
      0.34585559368133545,
      0.43990641832351685,
      0.31201425194740295,
      0.43033674359321594,
      0.3628578186035156
    ],
    [
      0.28783929347991943,
      0.3588348627090454,
      0.2727833688259125,
      0.28522494435310364,
      0.49380436539649963,
      0.4125291407108307,
      0.6550339460372925,
      0.9999999403953552,
      0.3700650930404663,
      0.3282584249973297,
      0.14840297400951385,
      0.42102816700935364,
      0.3747647702693939,
      0.3205043077468872,
      0.3262331783771515,
      0.4078819751739502
    ],
    [
      0.31268584728240967,
      0.23600603640079498,
      0.2678476572036743,
      0.42823493480682373,
      0.34585264325141907,
      0.2953962981700897,
      0.358636736869812,
      0.3700650930404663,
      0.9999999403953552,
      0.25101640820503235,
      0.0891815572977066,
      0.18808788061141968,
      0.39319780468940735,
      0.37815797328948975,
      0.27746152877807617,
      0.40481793880462646
    ],
    [
      0.22045309841632843,
      0.32860445976257324,
      0.2965530455112457,
      0.40085384249687195,
      0.2772273123264313,
      0.22582946717739105,
      0.25511807203292847,
      0.3282584249973297,
      0.25101640820503235,
      1.0,
      0.19445423781871796,
      0.18943116068840027,
      0.421896755695343,
      0.41635608673095703,
      0.2989065945148468,
      0.39980548620224
    ],
    [
      0.14123286306858063,
      0.29579395055770874,
      0.18241019546985626,
      0.07951681315898895,
      0.06278429925441742,
      0.18213355541229248,
      0.07891726493835449,
      0.14840297400951385,
      0.0891815572977066,
      0.19445423781871796,
      1.0,
      0.24849438667297363,
      0.0835699737071991,
      0.08524899184703827,
      0.23427806794643402,
      0.15084193646907806
    ],
    [
      0.21659713983535767,
      0.2747724652290344,
      0.1701013296842575,
      0.15787078440189362,
      0.47778040170669556,
      0.6282827258110046,
      0.34585559368133545,
      0.42102816700935364,
      0.18808788061141968,
      0.18943116068840027,
      0.24849438667297363,
      1.0,
      0.24350057542324066,
      0.12107498198747635,
      0.2613908350467682,
      0.22942791879177094
    ],
    [
      0.3429577648639679,
      0.38055288791656494,
      0.3072131276130676,
      0.3959966003894806,
      0.35251614451408386,
      0.3675885796546936,
      0.43990641832351685,
      0.3747647702693939,
      0.39319780468940735,
      0.421896755695343,
      0.0835699737071991,
      0.24350057542324066,
      1.0,
      0.4107031226158142,
      0.5586849451065063,
      0.5564394593238831
    ],
    [
      0.34281685948371887,
      0.38543635606765747,
      0.2755531668663025,
      0.35905778408050537,
      0.288730263710022,
      0.28497573733329773,
      0.31201425194740295,
      0.3205043077468872,
      0.37815797328948975,
      0.41635608673095703,
      0.08524899184703827,
      0.12107498198747635,
      0.4107031226158142,
      1.0,
      0.27554821968078613,
      0.4690479636192322
    ],
    [
      0.3006352484226227,
      0.4103185534477234,
      0.20670261979103088,
      0.22200113534927368,
      0.26404711604118347,
      0.2959136366844177,
      0.43033674359321594,
      0.3262331783771515,
      0.27746152877807617,
      0.2989065945148468,
      0.23427806794643402,
      0.2613908350467682,
      0.5586849451065063,
      0.27554821968078613,
      1.0000001192092896,
      0.3546207547187805
    ],
    [
      0.3027835190296173,
      0.4375438392162323,
      0.45839452743530273,
      0.4061329960823059,
      0.35568538308143616,
      0.42055776715278625,
      0.3628578186035156,
      0.4078819751739502,
      0.40481793880462646,
      0.39980548620224,
      0.15084193646907806,
      0.22942791879177094,
      0.5564394593238831,
      0.4690479636192322,
      0.3546207547187805,
      1.0
    ]
  ]
}