{"game_number":55,"words":["COOL","NICE","SICK","SWEET","KIND","SORT","STYLE","TYPE","DRIFT","IDEA","MESSAGE","POINT","RING","STICK","TENDER","WING"],"adjacency_matrix":[[1.0,0.6812921762466431,0.4250253736972809,0.6087905764579773,0.5739397406578064,0.5283578038215637,0.4532822072505951,0.37572669982910156,0.4233380854129791,0.4759661555290222,0.3747856318950653,0.4236317276954651,0.34420832991600037,0.47840532660484314,0.4155019521713257,0.33799856901168823],[0.6812921762466431,1.0,0.443820059299469,0.6268559098243713,0.6732889413833618,0.5597320199012756,0.382843941450119,0.36794453859329224,0.2994198799133301,0.5131169557571411,0.38779181241989136,0.4486231207847595,0.32566380500793457,0.4471520185470581,0.36690980195999146,0.2618955075740814],[0.4250253736972809,0.443820059299469,1.0,0.431030809879303,0.4854951798915863,0.4071444571018219,0.21980789303779602,0.31179481744766235,0.31908658146858215,0.3273300528526306,0.3258689343929291,0.30079951882362366,0.2632003724575043,0.31539180874824524,0.346774697303772,0.27624374628067017],[0.6087905764579773,0.6268559098243713,0.431030809879303,1.0,0.6205292344093323,0.4646100103855133,0.3854484260082245,0.37314411997795105,0.31095147132873535,0.37419283390045166,0.3769361972808838,0.35742416977882385,0.37513744831085205,0.4331451952457428,0.5488008856773376,0.2930053174495697],[0.5739397406578064,0.6732889413833618,0.4854951798915863,0.6205292344093323,0.9999999403953552,0.8120303153991699,0.5129995942115784,0.6637248992919922,0.40872442722320557,0.5898681879043579,0.48546770215034485,0.5099934935569763,0.3917185962200165,0.4620145857334137,0.4801712930202484,0.37690383195877075],[0.5283578038215637,0.5597320199012756,0.4071444571018219,0.4646100103855133,0.8120303153991699,1.0,0.5024513006210327,0.6298767328262329,0.4908980429172516,0.5647134184837341,0.4891258180141449,0.5362566113471985,0.39307788014411926,0.5023529529571533,0.35819318890571594,0.3584742844104767],[0.4532822072505951,0.382843941450119,0.21980789303779602,0.3854484260082245,0.5129995942115784,0.5024513006210327,1.0,0.5696802139282227,0.38948318362236023,0.4360644221305847,0.4259607791900635,0.3873954713344574,0.3042404055595398,0.4193853437900543,0.30082932114601135,0.40102335810661316],[0.37572669982910156,0.36794453859329224,0.31179481744766235,0.37314411997795105,0.6637248992919922,0.6298767328262329,0.5696802139282227,1.0000001192092896,0.37159353494644165,0.4593474566936493,0.46527767181396484,0.411472350358963,0.4254697859287262,0.42746689915657043,0.39853110909461975,0.4214414060115814],[0.4233380854129791,0.2994198799133301,0.31908658146858215,0.31095147132873535,0.40872442722320557,0.4908980429172516,0.38948318362236023,0.37159353494644165,1.0,0.37103375792503357,0.41365718841552734,0.49432533979415894,0.34282997250556946,0.4580918848514557,0.28151413798332214,0.41866087913513184],[0.4759661555290222,0.5131169557571411,0.3273300528526306,0.37419283390045166,0.5898681879043579,0.5647134184837341,0.4360644221305847,0.4593474566936493,0.37103375792503357,0.9999999403953552,0.48882120847702026,0.5513364672660828,0.3515610098838806,0.4293276369571686,0.3472933769226074,0.26566803455352783],[0.3747856318950653,0.38779181241989136,0.3258689343929291,0.3769361972808838,0.48546770215034485,0.4891258180141449,0.4259607791900635,0.46527767181396484,0.41365718841552734,0.48882120847702026,1.0,0.4992128312587738,0.3837883472442627,0.3942697048187256,0.2941112220287323,0.2728464603424072],[0.4236317276954651,0.4486231207847595,0.30079951882362366,0.35742416977882385,0.5099934935569763,0.5362566113471985,0.3873954713344574,0.411472350358963,0.49432533979415894,0.5513364672660828,0.4992128312587738,1.0000001192092896,0.38943466544151306,0.5254061222076416,0.3246333599090576,0.35591921210289],[0.34420832991600037,0.32566380500793457,0.2632003724575043,0.37513744831085205,0.3917185962200165,0.39307788014411926,0.3042404055595398,0.4254697859287262,0.34282997250556946,0.3515610098838806,0.3837883472442627,0.38943466544151306,1.0,0.4414716958999634,0.36455389857292175,0.32913023233413696],[0.47840532660484314,0.4471520185470581,0.31539180874824524,0.4331451952457428,0.4620145857334137,0.5023529529571533,0.4193853437900543,0.42746689915657043,0.4580918848514557,0.4293276369571686,0.3942697048187256,0.5254061222076416,0.4414716958999634,1.0,0.35325008630752563,0.4051865339279175],[0.4155019521713257,0.36690980195999146,0.346774697303772,0.5488008856773376,0.4801712930202484,0.35819318890571594,0.30082932114601135,0.39853110909461975,0.28151413798332214,0.3472933769226074,0.2941112220287323,0.3246333599090576,0.36455389857292175,0.35325008630752563,1.0,0.3075829744338989],[0.33799856901168823,0.2618955075740814,0.27624374628067017,0.2930053174495697,0.37690383195877075,0.3584742844104767,0.40102335810661316,0.4214414060115814,0.41866087913513184,0.26566803455352783,0.2728464603424072,0.35591921210289,0.32913023233413696,0.4051865339279175,0.3075829744338989,1.0]]}