{"game_number":329,"words":["BUCKLE","BUTTON","SNAP","ZIP","JACK","NADA","NOTHING","SQUAT","CURL","LUNGE","PLANK","PRESS","CRUNCH","KANGAROO","OBVIOUS","PLANET"],"adjacency_matrix":[[1.0,0.40866711735725403,0.5228781700134277,0.4074183404445648,0.42310744524002075,0.1663864254951477,0.2616666257381439,0.3434780240058899,0.4337274730205536,0.4093318581581116,0.37858906388282776,0.39839810132980347,0.36611121892929077,0.23867695033550262,0.2698916792869568,0.22725452482700348],[0.40866711735725403,1.0,0.3769427239894867,0.3820992708206177,0.4084925949573517,0.22853992879390717,0.30144593119621277,0.20260243117809296,0.30031293630599976,0.2999753952026367,0.291229248046875,0.5061437487602234,0.2814869284629822,0.2809973955154419,0.20196415483951569,0.24320395290851593],[0.5228781700134277,0.3769427239894867,0.9999998807907104,0.3909892737865448,0.40450772643089294,0.14773200452327728,0.2805459797382355,0.3904499113559723,0.4969046115875244,0.4745154082775116,0.2967095673084259,0.4206351935863495,0.44888195395469666,0.28480032086372375,0.274038165807724,0.24785742163658142],[0.4074183404445648,0.3820992708206177,0.3909892737865448,1.0,0.35573798418045044,0.4202030301094055,0.3041459619998932,0.31312164664268494,0.4397910237312317,0.24372868239879608,0.2142617404460907,0.27963727712631226,0.34003910422325134,0.21912728250026703,0.1895882934331894,0.18931101262569427],[0.42310744524002075,0.4084925949573517,0.40450772643089294,0.35573798418045044,1.0,0.26749730110168457,0.3084711730480194,0.4035074710845947,0.3247773349285126,0.3106386959552765,0.36078810691833496,0.3261857330799103,0.3381817936897278,0.35202714800834656,0.1961381882429123,0.25564974546432495],[0.1663864254951477,0.22853992879390717,0.14773200452327728,0.4202030301094055,0.26749730110168457,1.0,0.4605494439601898,0.29557424783706665,0.147896870970726,0.1403045505285263,0.025836629793047905,0.18552327156066895,0.17549695074558258,0.12312178313732147,0.19665370881557465,0.1804972141981125],[0.2616666257381439,0.30144593119621277,0.2805459797382355,0.3041459619998932,0.3084711730480194,0.4605494439601898,1.0,0.35022443532943726,0.24037998914718628,0.22470460832118988,0.24823220074176788,0.36309435963630676,0.30895957350730896,0.127239391207695,0.5320700407028198,0.3245016038417816],[0.3434780240058899,0.20260243117809296,0.3904499113559723,0.31312164664268494,0.4035074710845947,0.29557424783706665,0.35022443532943726,1.0,0.34814101457595825,0.4211007058620453,0.3355993330478668,0.3006042242050171,0.30423703789711,0.33668622374534607,0.23513063788414001,0.2600879371166229],[0.4337274730205536,0.30031293630599976,0.4969046115875244,0.4397910237312317,0.3247773349285126,0.147896870970726,0.24037998914718628,0.34814101457595825,1.0,0.36904260516166687,0.2894899845123291,0.32852602005004883,0.3602014183998108,0.20715975761413574,0.19925326108932495,0.17100583016872406],[0.4093318581581116,0.2999753952026367,0.4745154082775116,0.24372868239879608,0.3106386959552765,0.1403045505285263,0.22470460832118988,0.4211007058620453,0.36904260516166687,1.0,0.29919418692588806,0.33822208642959595,0.32328173518180847,0.33234918117523193,0.32807591557502747,0.22105556726455688],[0.37858906388282776,0.291229248046875,0.2967095673084259,0.2142617404460907,0.36078810691833496,0.025836629793047905,0.24823220074176788,0.3355993330478668,0.2894899845123291,0.29919418692588806,0.9999999403953552,0.3114287555217743,0.3073529601097107,0.21407803893089294,0.25653502345085144,0.3428514897823334],[0.39839810132980347,0.5061437487602234,0.4206351935863495,0.27963727712631226,0.3261857330799103,0.18552327156066895,0.36309435963630676,0.3006042242050171,0.32852602005004883,0.33822208642959595,0.3114287555217743,1.0,0.38749438524246216,0.19499605894088745,0.31783682107925415,0.26712504029273987],[0.36611121892929077,0.2814869284629822,0.44888195395469666,0.34003910422325134,0.3381817936897278,0.17549695074558258,0.30895957350730896,0.30423703789711,0.3602014183998108,0.32328173518180847,0.3073529601097107,0.38749438524246216,1.0,0.21731552481651306,0.2708668112754822,0.3094009757041931],[0.23867695033550262,0.2809973955154419,0.28480032086372375,0.21912728250026703,0.35202714800834656,0.12312178313732147,0.127239391207695,0.33668622374534607,0.20715975761413574,0.33234918117523193,0.21407803893089294,0.19499605894088745,0.21731552481651306,1.0,0.17603856325149536,0.2940596640110016],[0.2698916792869568,0.20196415483951569,0.274038165807724,0.1895882934331894,0.1961381882429123,0.19665370881557465,0.5320700407028198,0.23513063788414001,0.19925326108932495,0.32807591557502747,0.25653502345085144,0.31783682107925415,0.2708668112754822,0.17603856325149536,1.0,0.23629169166088104],[0.22725452482700348,0.24320395290851593,0.24785742163658142,0.18931101262569427,0.25564974546432495,0.1804972141981125,0.3245016038417816,0.2600879371166229,0.17100583016872406,0.22105556726455688,0.3428514897823334,0.26712504029273987,0.3094009757041931,0.2940596640110016,0.23629169166088104,1.0]]}