{
  "game_number": 137,
  "words": [
    "DANCE",
    "MONOLOGUE",
    "SKETCH",
    "SONG",
    "DONUT",
    "PACIFIER",
    "SAXOPHONE",
    "SKATEBOARD",
    "ANDROID",
    "RATTLESNAKE",
    "ROLLERBLADE",
    "SHAKESPEARE",
    "JERK",
    "TUG",
    "WRENCH",
    "YANK"
  ],
  "adjacency_matrix": [
    [
      1.0000001192092896,
      0.4082387685775757,
      0.4033590257167816,
      0.5639209151268005,
      0.30574917793273926,
      0.3051143288612366,
      0.4024447798728943,
      0.4491867125034332,
      0.20766133069992065,
      0.3072263300418854,
      0.46674591302871704,
      0.385789155960083,
      0.3050195872783661,
      0.30506280064582825,
      0.2934788465499878,
      0.2598402202129364
    ],
    [
      0.4082387685775757,
      0.9999999403953552,
      0.5885398387908936,
      0.5076021552085876,
      0.28281667828559875,
      0.3192998170852661,
      0.3367941975593567,
      0.25193336606025696,
      0.2536931335926056,
      0.2988894581794739,
      0.28817611932754517,
      0.4172910749912262,
      0.24508745968341827,
      0.2130911648273468,
      0.2793007493019104,
      0.20812103152275085
    ],
    [
      0.4033590257167816,
      0.5885398387908936,
      1.0,
      0.45196035504341125,
      0.3377346694469452,
      0.2020808756351471,
      0.31718534231185913,
      0.33742937445640564,
      0.2574467957019806,
      0.3093806207180023,
      0.34522542357444763,
      0.3773275911808014,
      0.24015505611896515,
      0.18717622756958008,
      0.3296159505844116,
      0.2718033790588379
    ],
    [
      0.5639209151268005,
      0.5076021552085876,
      0.45196035504341125,
      1.0,
      0.2964881360530853,
      0.28809019923210144,
      0.3783051669597626,
      0.30362945795059204,
      0.28831735253334045,
      0.31538742780685425,
      0.3249618709087372,
      0.33384326100349426,
      0.21701553463935852,
      0.24667920172214508,
      0.2749601900577545,
      0.2032804936170578
    ],
    [
      0.30574917793273926,
      0.28281667828559875,
      0.3377346694469452,
      0.2964881360530853,
      1.0,
      0.3218575716018677,
      0.262430876493454,
      0.41141316294670105,
      0.33729249238967896,
      0.32595598697662354,
      0.3963947594165802,
      0.31496724486351013,
      0.36459338665008545,
      0.22851693630218506,
      0.3783840537071228,
      0.37784552574157715
    ],
    [
      0.3051143288612366,
      0.3192998170852661,
      0.2020808756351471,
      0.28809019923210144,
      0.3218575716018677,
      1.0,
      0.3257025182247162,
      0.3507636487483978,
      0.24337774515151978,
      0.38640275597572327,
      0.3682885468006134,
      0.32105767726898193,
      0.311225026845932,
      0.3095366656780243,
      0.35704320669174194,
      0.35243698954582214
    ],
    [
      0.4024447798728943,
      0.3367941975593567,
      0.31718534231185913,
      0.3783051669597626,
      0.262430876493454,
      0.3257025182247162,
      0.9999999403953552,
      0.386094331741333,
      0.18152672052383423,
      0.2686442732810974,
      0.38493290543556213,
      0.22870373725891113,
      0.17724072933197021,
      0.1333133429288864,
      0.2038927525281906,
      0.16006708145141602
    ],
    [
      0.4491867125034332,
      0.25193336606025696,
      0.33742937445640564,
      0.30362945795059204,
      0.41141316294670105,
      0.3507636487483978,
      0.386094331741333,
      1.0,
      0.2717372179031372,
      0.31422966718673706,
      0.6968971490859985,
      0.29192909598350525,
      0.37173449993133545,
      0.25931742787361145,
      0.307735413312912,
      0.2904682755470276
    ],
    [
      0.20766133069992065,
      0.2536931335926056,
      0.2574467957019806,
      0.28831735253334045,
      0.33729249238967896,
      0.24337774515151978,
      0.18152672052383423,
      0.2717372179031372,
      1.0,
      0.21673442423343658,
      0.29570913314819336,
      0.24405750632286072,
      0.24528400599956512,
      0.21098625659942627,
      0.22830723226070404,
      0.2438649833202362
    ],
    [
      0.3072263300418854,
      0.2988894581794739,
      0.3093806207180023,
      0.31538742780685425,
      0.32595598697662354,
      0.38640275597572327,
      0.2686442732810974,
      0.31422966718673706,
      0.21673442423343658,
      0.9999999403953552,
      0.31042999029159546,
      0.2655072808265686,
      0.2967531681060791,
      0.28531429171562195,
      0.4293689727783203,
      0.3129245936870575
    ],
    [
      0.46674591302871704,
      0.28817611932754517,
      0.34522542357444763,
      0.3249618709087372,
      0.3963947594165802,
      0.3682885468006134,
      0.38493290543556213,
      0.6968971490859985,
      0.29570913314819336,
      0.31042999029159546,
      1.0,
      0.38382425904273987,
      0.3976789116859436,
      0.2885783910751343,
      0.34934836626052856,
      0.37392458319664
    ],
    [
      0.385789155960083,
      0.4172910749912262,
      0.3773275911808014,
      0.33384326100349426,
      0.31496724486351013,
      0.32105767726898193,
      0.22870373725891113,
      0.29192909598350525,
      0.24405750632286072,
      0.2655072808265686,
      0.38382425904273987,
      1.0,
      0.29030710458755493,
      0.18046854436397552,
      0.2903187572956085,
      0.32722610235214233
    ],
    [
      0.3050195872783661,
      0.24508745968341827,
      0.24015505611896515,
      0.21701553463935852,
      0.36459338665008545,
      0.311225026845932,
      0.17724072933197021,
      0.37173449993133545,
      0.24528400599956512,
      0.2967531681060791,
      0.3976789116859436,
      0.29030710458755493,
      1.0,
      0.3384256958961487,
      0.4268823266029358,
      0.5123149156570435
    ],
    [
      0.30506280064582825,
      0.2130911648273468,
      0.18717622756958008,
      0.24667920172214508,
      0.22851693630218506,
      0.3095366656780243,
      0.1333133429288864,
      0.25931742787361145,
      0.21098625659942627,
      0.28531429171562195,
      0.2885783910751343,
      0.18046854436397552,
      0.3384256958961487,
      1.0,
      0.4196222126483917,
      0.37230706214904785
    ],
    [
      0.2934788465499878,
      0.2793007493019104,
      0.3296159505844116,
      0.2749601900577545,
      0.3783840537071228,
      0.35704320669174194,
      0.2038927525281906,
      0.307735413312912,
      0.22830723226070404,
      0.4293689727783203,
      0.34934836626052856,
      0.2903187572956085,
      0.4268823266029358,
      0.4196222126483917,
      0.9999999403953552,
      0.5173676013946533
    ],
    [
      0.2598402202129364,
      0.20812103152275085,
      0.2718033790588379,
      0.2032804936170578,
      0.37784552574157715,
      0.35243698954582214,
      0.16006708145141602,
      0.2904682755470276,
      0.2438649833202362,
      0.3129245936870575,
      0.37392458319664,
      0.32722610235214233,
      0.5123149156570435,
      0.37230706214904785,
      0.5173676013946533,
      1.0
    ]
  ]
}