{"game_number":265,"words":["FOCUS","RING","SILENT","VIBRATE","DRIVE","INSPIRE","MOTIVATE","SPUR","CONNECTION","FEELINGS","SPARK","VIBE","CANDY","COPY","KNOCKS","SELTZER"],"adjacency_matrix":[[1.0,0.3907366693019867,0.40045371651649475,0.35819363594055176,0.515530526638031,0.45384833216667175,0.5346503853797913,0.4275151491165161,0.4658876359462738,0.4032762348651886,0.4429877996444702,0.37621620297431946,0.24818375706672668,0.3694373369216919,0.31579604744911194,0.2307800054550171],[0.3907366693019867,1.0,0.3659777045249939,0.43858662247657776,0.3823505938053131,0.2666845917701721,0.2980610430240631,0.40167853236198425,0.4185863435268402,0.26221907138824463,0.386118620634079,0.3067273497581482,0.3667981028556824,0.357393354177475,0.3970356583595276,0.3522876501083374],[0.40045371651649475,0.3659777045249939,1.0,0.44145098328590393,0.3748157322406769,0.3246150314807892,0.3117424547672272,0.33219805359840393,0.39011073112487793,0.341165691614151,0.38554075360298157,0.24740535020828247,0.2257760763168335,0.31335869431495667,0.3289153575897217,0.28446197509765625],[0.35819363594055176,0.43858662247657776,0.44145098328590393,1.0,0.3941432535648346,0.4194405674934387,0.3828354775905609,0.315364807844162,0.34635961055755615,0.37599968910217285,0.4333498477935791,0.3627937138080597,0.2170589566230774,0.270631343126297,0.3923751413822174,0.28795334696769714],[0.515530526638031,0.3823505938053131,0.3748157322406769,0.3941432535648346,1.0,0.5212756395339966,0.5836644768714905,0.5426849722862244,0.4335150122642517,0.30876779556274414,0.5038676261901855,0.2945175766944885,0.2518606185913086,0.5013949275016785,0.39414989948272705,0.33041873574256897],[0.45384833216667175,0.2666845917701721,0.3246150314807892,0.4194405674934387,0.5212756395339966,1.0,0.8049784898757935,0.5332627892494202,0.338632196187973,0.46268412470817566,0.6412058472633362,0.40467649698257446,0.25434911251068115,0.304857075214386,0.3024621307849884,0.2724612057209015],[0.5346503853797913,0.2980610430240631,0.3117424547672272,0.3828354775905609,0.5836644768714905,0.8049784898757935,1.0,0.5348687171936035,0.39907947182655334,0.499213308095932,0.5105562210083008,0.3239593505859375,0.262845903635025,0.3447202146053314,0.30892789363861084,0.25230661034584045],[0.4275151491165161,0.40167853236198425,0.33219805359840393,0.315364807844162,0.5426849722862244,0.5332627892494202,0.5348687171936035,0.9999999403953552,0.44654953479766846,0.3113524317741394,0.6239210963249207,0.288532018661499,0.23666565120220184,0.31567081809043884,0.3158920109272003,0.2609458565711975],[0.4658876359462738,0.4185863435268402,0.39011073112487793,0.34635961055755615,0.4335150122642517,0.338632196187973,0.39907947182655334,0.44654953479766846,0.9999998807907104,0.4058566689491272,0.45018094778060913,0.3988196551799774,0.19323648512363434,0.3797996938228607,0.23314179480075836,0.23515206575393677],[0.4032762348651886,0.26221907138824463,0.341165691614151,0.37599968910217285,0.30876779556274414,0.46268412470817566,0.499213308095932,0.3113524317741394,0.4058566689491272,0.9999999403953552,0.38366684317588806,0.46221569180488586,0.25657063722610474,0.2301359325647354,0.3461044728755951,0.19745168089866638],[0.4429877996444702,0.386118620634079,0.38554075360298157,0.4333498477935791,0.5038676261901855,0.6412058472633362,0.5105562210083008,0.6239210963249207,0.45018094778060913,0.38366684317588806,0.9999999403953552,0.41053342819213867,0.32544389367103577,0.29746726155281067,0.37042003870010376,0.29600486159324646],[0.37621620297431946,0.3067273497581482,0.24740535020828247,0.3627937138080597,0.2945175766944885,0.40467649698257446,0.3239593505859375,0.288532018661499,0.3988196551799774,0.46221569180488586,0.41053342819213867,1.0,0.2567678391933441,0.29351526498794556,0.30289915204048157,0.2859414517879486],[0.24818375706672668,0.3667981028556824,0.2257760763168335,0.2170589566230774,0.2518606185913086,0.25434911251068115,0.262845903635025,0.23666565120220184,0.19323648512363434,0.25657063722610474,0.32544389367103577,0.2567678391933441,1.0,0.26433265209198,0.29442399740219116,0.47971731424331665],[0.3694373369216919,0.357393354177475,0.31335869431495667,0.270631343126297,0.5013949275016785,0.304857075214386,0.3447202146053314,0.31567081809043884,0.3797996938228607,0.2301359325647354,0.29746726155281067,0.29351526498794556,0.26433265209198,1.0,0.32009008526802063,0.28180456161499023],[0.31579604744911194,0.3970356583595276,0.3289153575897217,0.3923751413822174,0.39414989948272705,0.3024621307849884,0.30892789363861084,0.3158920109272003,0.23314179480075836,0.3461044728755951,0.37042003870010376,0.30289915204048157,0.29442399740219116,0.32009008526802063,0.9999999403953552,0.33878055214881897],[0.2307800054550171,0.3522876501083374,0.28446197509765625,0.28795334696769714,0.33041873574256897,0.2724612057209015,0.25230661034584045,0.2609458565711975,0.23515206575393677,0.19745168089866638,0.29600486159324646,0.2859414517879486,0.47971731424331665,0.28180456161499023,0.33878055214881897,1.0]]}