{"game_number":50,"words":["CRUX","ESSENCE","HEART","SUBSTANCE","BAROQUE","COMPLEX","ELABORATE","INVOLVED","ARROW","BULLET","CHECKBOX","HYPHEN","ANGRY","BETRAY","CRUCIFIX","HYBRID"],"adjacency_matrix":[[1.0,0.5059667825698853,0.3981536328792572,0.46099230647087097,0.295904278755188,0.4244058132171631,0.36198514699935913,0.37268128991127014,0.3378002345561981,0.32829299569129944,0.22636446356773376,0.2472929209470749,0.23902691900730133,0.3140697181224823,0.4067843556404114,0.2916397452354431],[0.5059667825698853,1.0,0.5011537671089172,0.6431581974029541,0.3455747961997986,0.4238432049751282,0.3797524869441986,0.41621077060699463,0.3162840008735657,0.29214224219322205,0.20809224247932434,0.21797211468219757,0.317190557718277,0.4079047441482544,0.2725723683834076,0.38991329073905945],[0.3981536328792572,0.5011537671089172,1.0,0.4726967513561249,0.3632042407989502,0.434452623128891,0.3488733768463135,0.3873002529144287,0.4795299172401428,0.39578840136528015,0.19230252504348755,0.22659005224704742,0.3526057004928589,0.4639447331428528,0.3599282205104828,0.2757244408130646],[0.46099230647087097,0.6431581974029541,0.4726967513561249,1.0,0.32411205768585205,0.43387874960899353,0.434786319732666,0.4186602532863617,0.3338663876056671,0.3614334166049957,0.22260475158691406,0.2915554642677307,0.3020944893360138,0.38122472167015076,0.3084692656993866,0.3498716950416565],[0.295904278755188,0.3455747961997986,0.3632042407989502,0.32411205768585205,1.0,0.5039205551147461,0.5005829334259033,0.2613442838191986,0.23661863803863525,0.22605478763580322,0.17157091200351715,0.2458786964416504,0.3096218705177307,0.3094189763069153,0.42106860876083374,0.48337411880493164],[0.4244058132171631,0.4238432049751282,0.434452623128891,0.43387874960899353,0.5039205551147461,1.0,0.6006228923797607,0.45771682262420654,0.281331330537796,0.24640494585037231,0.19225428998470306,0.26320308446884155,0.3602915406227112,0.2825355529785156,0.2967725098133087,0.4395187795162201],[0.36198514699935913,0.3797524869441986,0.3488733768463135,0.434786319732666,0.5005829334259033,0.6006228923797607,0.9999999403953552,0.4469812214374542,0.30727338790893555,0.31152141094207764,0.24556544423103333,0.24839428067207336,0.3253074288368225,0.3918372094631195,0.34380945563316345,0.36459076404571533],[0.37268128991127014,0.41621077060699463,0.3873002529144287,0.4186602532863617,0.2613442838191986,0.45771682262420654,0.4469812214374542,1.0,0.2976883053779602,0.1708511859178543,0.1933470368385315,0.2122303545475006,0.46195438504219055,0.3570253252983093,0.23791688680648804,0.26554352045059204],[0.3378002345561981,0.3162840008735657,0.4795299172401428,0.3338663876056671,0.23661863803863525,0.281331330537796,0.30727338790893555,0.2976883053779602,1.0,0.5964233875274658,0.34423425793647766,0.36732161045074463,0.3297237455844879,0.34152671694755554,0.40000659227371216,0.238521546125412],[0.32829299569129944,0.29214224219322205,0.39578840136528015,0.3614334166049957,0.22605478763580322,0.24640494585037231,0.31152141094207764,0.1708511859178543,0.5964233875274658,0.9999999403953552,0.24400579929351807,0.357313871383667,0.19937409460544586,0.2426704466342926,0.38113662600517273,0.24496576189994812],[0.22636446356773376,0.20809224247932434,0.19230252504348755,0.22260475158691406,0.17157091200351715,0.19225428998470306,0.24556544423103333,0.1933470368385315,0.34423425793647766,0.24400579929351807,0.9999999403953552,0.34644395112991333,0.16109630465507507,0.24602040648460388,0.215474933385849,0.2711072266101837],[0.2472929209470749,0.21797211468219757,0.22659005224704742,0.2915554642677307,0.2458786964416504,0.26320308446884155,0.24839428067207336,0.2122303545475006,0.36732161045074463,0.357313871383667,0.34644395112991333,1.0,0.16833744943141937,0.22597026824951172,0.26821187138557434,0.30508050322532654],[0.23902691900730133,0.317190557718277,0.3526057004928589,0.3020944893360138,0.3096218705177307,0.3602915406227112,0.3253074288368225,0.46195438504219055,0.3297237455844879,0.19937409460544586,0.16109630465507507,0.16833744943141937,1.0,0.42009225487709045,0.2644045352935791,0.2410275638103485],[0.3140697181224823,0.4079047441482544,0.4639447331428528,0.38122472167015076,0.3094189763069153,0.2825355529785156,0.3918372094631195,0.3570253252983093,0.34152671694755554,0.2426704466342926,0.24602040648460388,0.22597026824951172,0.42009225487709045,1.0,0.3425752818584442,0.2133922129869461],[0.4067843556404114,0.2725723683834076,0.3599282205104828,0.3084692656993866,0.42106860876083374,0.2967725098133087,0.34380945563316345,0.23791688680648804,0.40000659227371216,0.38113662600517273,0.215474933385849,0.26821187138557434,0.2644045352935791,0.3425752818584442,1.0,0.29290685057640076],[0.2916397452354431,0.38991329073905945,0.2757244408130646,0.3498716950416565,0.48337411880493164,0.4395187795162201,0.36459076404571533,0.26554352045059204,0.238521546125412,0.24496576189994812,0.2711072266101837,0.30508050322532654,0.2410275638103485,0.2133922129869461,0.29290685057640076,1.0]]}