{"game_number":372,"words":["DATE","KIWI","LEMON","ORANGE","CHAD","GEORGIA","JORDAN","TOGO","CRANE","JAY","SWALLOW","TURKEY","FISH","GOAT","SCALES","TWINS"],"adjacency_matrix":[[1.0,0.1246238648891449,0.18167120218276978,0.30585190653800964,0.3324264883995056,0.22471347451210022,0.13945603370666504,0.3355482816696167,0.22384974360466003,0.0720394104719162,0.18852193653583527,0.265644907951355,0.2723703384399414,0.22302919626235962,0.32718613743782043,0.30836987495422363],[0.1246238648891449,1.0,0.42194893956184387,0.3850257992744446,0.22646525502204895,0.22861941158771515,0.26499730348587036,0.20915688574314117,0.2626374661922455,0.3427691161632538,0.2613394260406494,0.2877501845359802,0.2951281666755676,0.28685808181762695,0.14198964834213257,0.1835298240184784],[0.18167120218276978,0.42194893956184387,1.0,0.6021594405174255,0.3343416750431061,0.23097582161426544,0.25915637612342834,0.26216351985931396,0.2494957149028778,0.279884397983551,0.3496857285499573,0.353893905878067,0.38189852237701416,0.39643168449401855,0.2768266201019287,0.2199448198080063],[0.30585190653800964,0.3850257992744446,0.6021594405174255,0.9999999403953552,0.37901073694229126,0.3178386092185974,0.21998856961727142,0.3430292308330536,0.3455188572406769,0.30405160784721375,0.32541975378990173,0.3829292058944702,0.3832903504371643,0.36201047897338867,0.34565281867980957,0.2589164674282074],[0.3324264883995056,0.22646525502204895,0.3343416750431061,0.37901073694229126,1.0,0.39008861780166626,0.41696542501449585,0.4344044327735901,0.30984407663345337,0.32898572087287903,0.3186165690422058,0.3447771668434143,0.323897123336792,0.3054022789001465,0.2450542449951172,0.28896328806877136],[0.22471347451210022,0.22861941158771515,0.23097582161426544,0.3178386092185974,0.39008861780166626,1.0,0.4945310354232788,0.43594738841056824,0.20793196558952332,0.34271731972694397,0.19140858948230743,0.4411165416240692,0.20820021629333496,0.24051429331302643,0.15823794901371002,0.19183704257011414],[0.13945603370666504,0.26499730348587036,0.25915637612342834,0.21998856961727142,0.41696542501449585,0.4945310354232788,1.0,0.355577290058136,0.20014415681362152,0.4007546305656433,0.21604986488819122,0.3404117822647095,0.223623588681221,0.25705647468566895,0.10571527481079102,0.17793822288513184],[0.3355482816696167,0.20915688574314117,0.26216351985931396,0.3430292308330536,0.4344044327735901,0.43594738841056824,0.355577290058136,1.0,0.2926027178764343,0.2216007560491562,0.3179657757282257,0.3113986551761627,0.3526400625705719,0.32064929604530334,0.23060835897922516,0.2786615192890167],[0.22384974360466003,0.2626374661922455,0.2494957149028778,0.3455188572406769,0.30984407663345337,0.20793196558952332,0.20014415681362152,0.2926027178764343,1.0,0.2915697395801544,0.3827178180217743,0.3940189480781555,0.45607540011405945,0.3072367012500763,0.2769674062728882,0.27216994762420654],[0.0720394104719162,0.3427691161632538,0.279884397983551,0.30405160784721375,0.32898572087287903,0.34271731972694397,0.4007546305656433,0.2216007560491562,0.2915697395801544,0.9999999403953552,0.2782701849937439,0.3660229444503784,0.21679671108722687,0.2612098753452301,0.1351519227027893,0.1559503972530365],[0.18852193653583527,0.2613394260406494,0.3496857285499573,0.32541975378990173,0.3186165690422058,0.19140858948230743,0.21604986488819122,0.3179657757282257,0.3827178180217743,0.2782701849937439,0.9999999403953552,0.3680451512336731,0.42586609721183777,0.28731685876846313,0.2848268747329712,0.22597269713878632],[0.265644907951355,0.2877501845359802,0.353893905878067,0.3829292058944702,0.3447771668434143,0.4411165416240692,0.3404117822647095,0.3113986551761627,0.3940189480781555,0.3660229444503784,0.3680451512336731,1.0,0.46099257469177246,0.47449803352355957,0.27608075737953186,0.2691880762577057],[0.2723703384399414,0.2951281666755676,0.38189852237701416,0.3832903504371643,0.323897123336792,0.20820021629333496,0.223623588681221,0.3526400625705719,0.45607540011405945,0.21679671108722687,0.42586609721183777,0.46099257469177246,1.0,0.4020213484764099,0.39759406447410583,0.3030403256416321],[0.22302919626235962,0.28685808181762695,0.39643168449401855,0.36201047897338867,0.3054022789001465,0.24051429331302643,0.25705647468566895,0.32064929604530334,0.3072367012500763,0.2612098753452301,0.28731685876846313,0.47449803352355957,0.4020213484764099,1.0,0.20515292882919312,0.35199370980262756],[0.32718613743782043,0.14198964834213257,0.2768266201019287,0.34565281867980957,0.2450542449951172,0.15823794901371002,0.10571527481079102,0.23060835897922516,0.2769674062728882,0.1351519227027893,0.2848268747329712,0.27608075737953186,0.39759406447410583,0.20515292882919312,1.0,0.24344567954540253],[0.30836987495422363,0.1835298240184784,0.2199448198080063,0.2589164674282074,0.28896328806877136,0.19183704257011414,0.17793822288513184,0.2786615192890167,0.27216994762420654,0.1559503972530365,0.22597269713878632,0.2691880762577057,0.3030403256416321,0.35199370980262756,0.24344567954540253,0.9999999403953552]]}