{"game_number":185,"words":["GRANDSTAND","PEACOCK","POSTURE","STRUT","MAIN","PARAMOUNT","PRIME","SUPREME","BLUE","GREEN","WHITE","YELLOW","CHAIN","COVER","LOVE","SCARLET"],"adjacency_matrix":[[1.0,0.3436354696750641,0.3346760869026184,0.423922598361969,0.41668951511383057,0.3104194402694702,0.31054291129112244,0.3371186852455139,0.371425598859787,0.39976656436920166,0.3483849763870239,0.36327502131462097,0.2722015082836151,0.39907583594322205,0.2732824981212616,0.27483147382736206],[0.3436354696750641,1.0,0.35613465309143066,0.4160199761390686,0.31696847081184387,0.3062732219696045,0.2941235899925232,0.3638918399810791,0.4397280514240265,0.4094550907611847,0.41893547773361206,0.4373321235179901,0.2751499116420746,0.2952147424221039,0.3240208923816681,0.4309816062450409],[0.3346760869026184,0.35613465309143066,1.0,0.42495056986808777,0.3611752688884735,0.39148589968681335,0.3114780783653259,0.37893274426460266,0.27674633264541626,0.3155030608177185,0.3027312755584717,0.270312637090683,0.29077792167663574,0.32398366928100586,0.3127877712249756,0.20139780640602112],[0.423922598361969,0.4160199761390686,0.42495056986808777,0.9999999403953552,0.3543390929698944,0.29110410809516907,0.3221081793308258,0.35629189014434814,0.2403782308101654,0.24012786149978638,0.2875055968761444,0.2576797902584076,0.3440001606941223,0.3287784457206726,0.3257392942905426,0.2600456476211548],[0.41668951511383057,0.31696847081184387,0.3611752688884735,0.3543390929698944,1.0000001192092896,0.504213273525238,0.5968558192253113,0.5074127316474915,0.36633434891700745,0.4350564479827881,0.41195550560951233,0.39832672476768494,0.4417196810245514,0.5027551054954529,0.3514869809150696,0.2816365957260132],[0.3104194402694702,0.3062732219696045,0.39148589968681335,0.29110410809516907,0.504213273525238,0.9999999403953552,0.5429022908210754,0.6225402355194092,0.2284999042749405,0.305537611246109,0.29687973856925964,0.2595411241054535,0.33911797404289246,0.2856591045856476,0.4212648868560791,0.23527881503105164],[0.31054291129112244,0.2941235899925232,0.3114780783653259,0.3221081793308258,0.5968558192253113,0.5429022908210754,1.0,0.5115340948104858,0.3084406852722168,0.390325129032135,0.3792506754398346,0.33152440190315247,0.35017892718315125,0.33817294239997864,0.3619067966938019,0.23350338637828827],[0.3371186852455139,0.3638918399810791,0.37893274426460266,0.35629189014434814,0.5074127316474915,0.6225402355194092,0.5115340948104858,1.0,0.3567124009132385,0.36896437406539917,0.3580174446105957,0.33635422587394714,0.3563295602798462,0.2776322662830353,0.44891849160194397,0.2970966696739197],[0.371425598859787,0.4397280514240265,0.27674633264541626,0.2403782308101654,0.36633434891700745,0.2284999042749405,0.3084406852722168,0.3567124009132385,1.0,0.8072766661643982,0.7529580593109131,0.8668684363365173,0.34337377548217773,0.3517121374607086,0.3754796087741852,0.6498861908912659],[0.39976656436920166,0.4094550907611847,0.3155030608177185,0.24012786149978638,0.4350564479827881,0.305537611246109,0.390325129032135,0.36896437406539917,0.8072766661643982,1.0,0.6848495006561279,0.8202043771743774,0.32852703332901,0.3815144896507263,0.36671745777130127,0.5987511277198792],[0.3483849763870239,0.41893547773361206,0.3027312755584717,0.2875055968761444,0.41195550560951233,0.29687973856925964,0.3792506754398346,0.3580174446105957,0.7529580593109131,0.6848495006561279,1.0,0.744024932384491,0.29461318254470825,0.37508201599121094,0.34955915808677673,0.5449055433273315],[0.36327502131462097,0.4373321235179901,0.270312637090683,0.2576797902584076,0.39832672476768494,0.2595411241054535,0.33152440190315247,0.33635422587394714,0.8668684363365173,0.8202043771743774,0.744024932384491,1.0,0.32023459672927856,0.38791483640670776,0.35273319482803345,0.6882778406143188],[0.2722015082836151,0.2751499116420746,0.29077792167663574,0.3440001606941223,0.4417196810245514,0.33911797404289246,0.35017892718315125,0.3563295602798462,0.34337377548217773,0.32852703332901,0.29461318254470825,0.32023459672927856,1.0,0.3062822222709656,0.3032259941101074,0.267691045999527],[0.39907583594322205,0.2952147424221039,0.32398366928100586,0.3287784457206726,0.5027551054954529,0.2856591045856476,0.33817294239997864,0.2776322662830353,0.3517121374607086,0.3815144896507263,0.37508201599121094,0.38791483640670776,0.3062822222709656,1.0,0.3849984109401703,0.3270493745803833],[0.2732824981212616,0.3240208923816681,0.3127877712249756,0.3257392942905426,0.3514869809150696,0.4212648868560791,0.3619067966938019,0.44891849160194397,0.3754796087741852,0.36671745777130127,0.34955915808677673,0.35273319482803345,0.3032259941101074,0.3849984109401703,1.0,0.3677563965320587],[0.27483147382736206,0.4309816062450409,0.20139780640602112,0.2600456476211548,0.2816365957260132,0.23527881503105164,0.23350338637828827,0.2970966696739197,0.6498861908912659,0.5987511277198792,0.5449055433273315,0.6882778406143188,0.267691045999527,0.3270493745803833,0.3677563965320587,1.0]]}