{
  "game_number": 627,
  "words": [
    "BOW",
    "PORT",
    "STARBOARD",
    "STERN",
    "ALL",
    "ERA",
    "GAIN",
    "TIDE",
    "ACUTE",
    "BERMUDA",
    "LOVE",
    "RIGHT",
    "AMERICANO",
    "CAPPUCCINO",
    "ESPRESSO",
    "LATTE"
  ],
  "adjacency_matrix": [
    [
      1.0,
      0.38118478655815125,
      0.4837023913860321,
      0.6141659617424011,
      0.33435919880867004,
      0.25049781799316406,
      0.30001774430274963,
      0.4129108488559723,
      0.20974412560462952,
      0.34139636158943176,
      0.3802449405193329,
      0.4101625084877014,
      0.20017212629318237,
      0.2172154039144516,
      0.1621169149875641,
      0.16885258257389069
    ],
    [
      0.38118478655815125,
      0.9999999403953552,
      0.5984657406806946,
      0.4037666916847229,
      0.37187767028808594,
      0.35288727283477783,
      0.3233115077018738,
      0.3761303126811981,
      0.2373187094926834,
      0.4107325077056885,
      0.27027028799057007,
      0.3597220480442047,
      0.2573505938053131,
      0.326802134513855,
      0.24183234572410583,
      0.2367769032716751
    ],
    [
      0.4837023913860321,
      0.5984657406806946,
      0.9999999403953552,
      0.5032503604888916,
      0.2868433892726898,
      0.19187617301940918,
      0.23689952492713928,
      0.3717135787010193,
      0.17700916528701782,
      0.3423497676849365,
      0.1930561661720276,
      0.4026505947113037,
      0.23181265592575073,
      0.25171664357185364,
      0.20648862421512604,
      0.2032604217529297
    ],
    [
      0.6141659617424011,
      0.4037666916847229,
      0.5032503604888916,
      0.9999999403953552,
      0.3826695680618286,
      0.28504762053489685,
      0.2573831379413605,
      0.42551153898239136,
      0.38348519802093506,
      0.28582319617271423,
      0.3543964922428131,
      0.37421363592147827,
      0.2322419136762619,
      0.2658798098564148,
      0.1473688781261444,
      0.1764845848083496
    ],
    [
      0.33435919880867004,
      0.37187767028808594,
      0.2868433892726898,
      0.3826695680618286,
      1.0,
      0.3478516638278961,
      0.4688384532928467,
      0.332089900970459,
      0.3630478084087372,
      0.24708522856235504,
      0.5330608487129211,
      0.5558376908302307,
      0.18238867819309235,
      0.2641611099243164,
      0.1480741649866104,
      0.18295879662036896
    ],
    [
      0.25049781799316406,
      0.35288727283477783,
      0.19187617301940918,
      0.28504762053489685,
      0.3478516638278961,
      1.0,
      0.21580234169960022,
      0.3126681447029114,
      0.28624439239501953,
      0.22378261387348175,
      0.3035096526145935,
      0.31972095370292664,
      0.28303179144859314,
      0.18642468750476837,
      0.1564970314502716,
      0.17342060804367065
    ],
    [
      0.30001774430274963,
      0.3233115077018738,
      0.23689952492713928,
      0.2573831379413605,
      0.4688384532928467,
      0.21580234169960022,
      1.0,
      0.3004656136035919,
      0.2937278151512146,
      0.1685839146375656,
      0.45863762497901917,
      0.4685293436050415,
      0.1030406579375267,
      0.20221713185310364,
      0.11241436004638672,
      0.18165640532970428
    ],
    [
      0.4129108488559723,
      0.3761303126811981,
      0.3717135787010193,
      0.42551153898239136,
      0.332089900970459,
      0.3126681447029114,
      0.3004656136035919,
      1.0,
      0.2419605851173401,
      0.28070423007011414,
      0.3272508978843689,
      0.36592262983322144,
      0.21871262788772583,
      0.2790023684501648,
      0.12521930038928986,
      0.20693965256214142
    ],
    [
      0.20974412560462952,
      0.2373187094926834,
      0.17700916528701782,
      0.38348519802093506,
      0.3630478084087372,
      0.28624439239501953,
      0.2937278151512146,
      0.2419605851173401,
      1.0,
      0.18922272324562073,
      0.3248465061187744,
      0.27145323157310486,
      0.2226344496011734,
      0.17358165979385376,
      0.1158035546541214,
      0.09251610934734344
    ],
    [
      0.34139636158943176,
      0.4107325077056885,
      0.3423497676849365,
      0.28582319617271423,
      0.24708522856235504,
      0.22378261387348175,
      0.1685839146375656,
      0.28070423007011414,
      0.18922272324562073,
      1.0,
      0.260964572429657,
      0.21109308302402496,
      0.38180872797966003,
      0.28216883540153503,
      0.1340171843767166,
      0.155042827129364
    ],
    [
      0.3802449405193329,
      0.27027028799057007,
      0.1930561661720276,
      0.3543964922428131,
      0.5330608487129211,
      0.3035096526145935,
      0.45863762497901917,
      0.3272508978843689,
      0.3248465061187744,
      0.260964572429657,
      1.0,
      0.46230340003967285,
      0.22985583543777466,
      0.30214786529541016,
      0.22002819180488586,
      0.21132579445838928
    ],
    [
      0.4101625084877014,
      0.3597220480442047,
      0.4026505947113037,
      0.37421363592147827,
      0.5558376908302307,
      0.31972095370292664,
      0.4685293436050415,
      0.36592262983322144,
      0.27145323157310486,
      0.21109308302402496,
      0.46230340003967285,
      1.0,
      0.2293480485677719,
      0.2963365614414215,
      0.17885363101959229,
      0.1963445097208023
    ],
    [
      0.20017212629318237,
      0.2573505938053131,
      0.23181265592575073,
      0.2322419136762619,
      0.18238867819309235,
      0.28303179144859314,
      0.1030406579375267,
      0.21871262788772583,
      0.2226344496011734,
      0.38180872797966003,
      0.22985583543777466,
      0.2293480485677719,
      0.9999999403953552,
      0.4892064034938812,
      0.4120166003704071,
      0.35443875193595886
    ],
    [
      0.2172154039144516,
      0.326802134513855,
      0.25171664357185364,
      0.2658798098564148,
      0.2641611099243164,
      0.18642468750476837,
      0.20221713185310364,
      0.2790023684501648,
      0.17358165979385376,
      0.28216883540153503,
      0.30214786529541016,
      0.2963365614414215,
      0.4892064034938812,
      1.0,
      0.6830350756645203,
      0.707339346408844
    ],
    [
      0.1621169149875641,
      0.24183234572410583,
      0.20648862421512604,
      0.1473688781261444,
      0.1480741649866104,
      0.1564970314502716,
      0.11241436004638672,
      0.12521930038928986,
      0.1158035546541214,
      0.1340171843767166,
      0.22002819180488586,
      0.17885363101959229,
      0.4120166003704071,
      0.6830350756645203,
      1.0,
      0.5829020142555237
    ],
    [
      0.16885258257389069,
      0.2367769032716751,
      0.2032604217529297,
      0.1764845848083496,
      0.18295879662036896,
      0.17342060804367065,
      0.18165640532970428,
      0.20693965256214142,
      0.09251610934734344,
      0.155042827129364,
      0.21132579445838928,
      0.1963445097208023,
      0.35443875193595886,
      0.707339346408844,
      0.5829020142555237,
      1.0
    ]
  ]
}