{"game_number":79,"words":["BRASS","CHEEK","GALL","NERVE","COLLAR","HALTER","HARNESS","LEAD","CAROUSEL","GLOBE","RECORD","TOP","FERRY","MERCURY","NICKS","PLANT"],"adjacency_matrix":[[1.0,0.361735075712204,0.36363527178764343,0.3730453848838806,0.5144006609916687,0.3892911672592163,0.3890949785709381,0.43342554569244385,0.4393633306026459,0.4150654673576355,0.35907959938049316,0.4546809494495392,0.2942922115325928,0.41641417145729065,0.3717418909072876,0.366489052772522],[0.361735075712204,0.9999999403953552,0.486937552690506,0.4688730835914612,0.420054167509079,0.3336474895477295,0.291727215051651,0.30622240900993347,0.19098564982414246,0.3599514663219452,0.215921550989151,0.34752795100212097,0.1875600516796112,0.18025483191013336,0.42707106471061707,0.2843668460845947],[0.36363527178764343,0.486937552690506,1.0000001192092896,0.4751482605934143,0.2696419656276703,0.25503861904144287,0.2180081009864807,0.32293882966041565,0.21484777331352234,0.26789090037345886,0.2502545416355133,0.26522260904312134,0.15886786580085754,0.22169402241706848,0.2828509211540222,0.3621028959751129],[0.3730453848838806,0.4688730835914612,0.4751482605934143,1.0,0.35244032740592957,0.3056409955024719,0.36227279901504517,0.40779075026512146,0.2689136564731598,0.3186497390270233,0.32361602783203125,0.3120003044605255,0.31391170620918274,0.3213672637939453,0.3825691342353821,0.43250468373298645],[0.5144006609916687,0.420054167509079,0.2696419656276703,0.35244032740592957,1.0,0.5199901461601257,0.4764055609703064,0.36445021629333496,0.2852880358695984,0.3535170555114746,0.29556113481521606,0.45469316840171814,0.21683859825134277,0.3195977509021759,0.37293457984924316,0.3438991904258728],[0.3892911672592163,0.3336474895477295,0.25503861904144287,0.3056409955024719,0.5199901461601257,1.0,0.5700141191482544,0.46173524856567383,0.35989615321159363,0.23348642885684967,0.3394472599029541,0.4473811984062195,0.24886859953403473,0.2798959016799927,0.2784031927585602,0.2840053141117096],[0.3890949785709381,0.291727215051651,0.2180081009864807,0.36227279901504517,0.4764055609703064,0.5700141191482544,1.0,0.45659852027893066,0.388265460729599,0.3804153501987457,0.331778883934021,0.3766252398490906,0.3499535620212555,0.35618117451667786,0.25585615634918213,0.37255406379699707],[0.43342554569244385,0.30622240900993347,0.32293882966041565,0.40779075026512146,0.36445021629333496,0.46173524856567383,0.45659852027893066,1.0,0.27536433935165405,0.29960259795188904,0.4524540603160858,0.4900103807449341,0.2957756519317627,0.4260544776916504,0.3383377492427826,0.37498170137405396],[0.4393633306026459,0.19098564982414246,0.21484777331352234,0.2689136564731598,0.2852880358695984,0.35989615321159363,0.388265460729599,0.27536433935165405,1.0,0.3636133372783661,0.3118821084499359,0.389434814453125,0.36610013246536255,0.31556519865989685,0.2360381931066513,0.38287508487701416],[0.4150654673576355,0.3599514663219452,0.26789090037345886,0.3186497390270233,0.3535170555114746,0.23348642885684967,0.3804153501987457,0.29960259795188904,0.3636133372783661,0.9999999403953552,0.23578710854053497,0.403521865606308,0.19390004873275757,0.3236143887042999,0.24914893507957458,0.3160018026828766],[0.35907959938049316,0.215921550989151,0.2502545416355133,0.32361602783203125,0.29556113481521606,0.3394472599029541,0.331778883934021,0.4524540603160858,0.3118821084499359,0.23578710854053497,1.0,0.46381568908691406,0.23626486957073212,0.28215551376342773,0.2216799408197403,0.3668321967124939],[0.4546809494495392,0.34752795100212097,0.26522260904312134,0.3120003044605255,0.45469316840171814,0.4473811984062195,0.3766252398490906,0.4900103807449341,0.389434814453125,0.403521865606308,0.46381568908691406,1.0,0.2425256371498108,0.301810085773468,0.3036251366138458,0.37249138951301575],[0.2942922115325928,0.1875600516796112,0.15886786580085754,0.31391170620918274,0.21683859825134277,0.24886859953403473,0.3499535620212555,0.2957756519317627,0.36610013246536255,0.19390004873275757,0.23626486957073212,0.2425256371498108,1.0,0.26434943079948425,0.2700669765472412,0.40414801239967346],[0.41641417145729065,0.18025483191013336,0.22169402241706848,0.3213672637939453,0.3195977509021759,0.2798959016799927,0.35618117451667786,0.4260544776916504,0.31556519865989685,0.3236143887042999,0.28215551376342773,0.301810085773468,0.26434943079948425,1.0,0.19025777280330658,0.3395773470401764],[0.3717418909072876,0.42707106471061707,0.2828509211540222,0.3825691342353821,0.37293457984924316,0.2784031927585602,0.25585615634918213,0.3383377492427826,0.2360381931066513,0.24914893507957458,0.2216799408197403,0.3036251366138458,0.2700669765472412,0.19025777280330658,1.0,0.21102909743785858],[0.366489052772522,0.2843668460845947,0.3621028959751129,0.43250468373298645,0.3438991904258728,0.2840053141117096,0.37255406379699707,0.37498170137405396,0.38287508487701416,0.3160018026828766,0.3668321967124939,0.37249138951301575,0.40414801239967346,0.3395773470401764,0.21102909743785858,1.0]]}