{"game_number":279,"words":["CORN","CUCUMBER","PEPPER","TOMATO","CROWN","DOME","MELON","NOODLE","CUT","NUMBER","SINGLE","TRACK","BIRD","KETTLE","REFEREE","TRAIN"],"adjacency_matrix":[[1.0,0.4451678693294525,0.4618273079395294,0.5060500502586365,0.3510894775390625,0.36950594186782837,0.4852351248264313,0.3748674690723419,0.3657539188861847,0.265839159488678,0.26663529872894287,0.3104783296585083,0.3199721872806549,0.32320335507392883,0.1339772790670395,0.2510852515697479],[0.4451678693294525,0.9999999403953552,0.5472371578216553,0.6937885880470276,0.334313303232193,0.28473737835884094,0.6413876414299011,0.47463640570640564,0.32790884375572205,0.30192896723747253,0.24797002971172333,0.23295168578624725,0.3413950800895691,0.3282547891139984,0.1694067120552063,0.23279643058776855],[0.4618273079395294,0.5472371578216553,1.0,0.5935689210891724,0.33671891689300537,0.284731924533844,0.47697970271110535,0.39989617466926575,0.35185858607292175,0.3131147623062134,0.25431492924690247,0.25270238518714905,0.3743998110294342,0.40527215600013733,0.20337636768817902,0.318605899810791],[0.5060500502586365,0.6937885880470276,0.5935689210891724,1.0,0.3459841012954712,0.31205931305885315,0.6142297387123108,0.4403495788574219,0.36965760588645935,0.2980365455150604,0.2670331299304962,0.23229728639125824,0.3292321562767029,0.33400243520736694,0.22526508569717407,0.3106892704963684],[0.3510894775390625,0.334313303232193,0.33671891689300537,0.3459841012954712,1.0,0.4766455292701721,0.28482872247695923,0.22095182538032532,0.45968616008758545,0.3233170211315155,0.38091325759887695,0.36319661140441895,0.4060351550579071,0.25215303897857666,0.2698441445827484,0.3379155695438385],[0.36950594186782837,0.28473737835884094,0.284731924533844,0.31205931305885315,0.4766455292701721,0.9999999403953552,0.26939070224761963,0.3032580316066742,0.3567081689834595,0.349240243434906,0.3213443458080292,0.3812170922756195,0.35731881856918335,0.39439156651496887,0.22306355834007263,0.3614690899848938],[0.4852351248264313,0.6413876414299011,0.47697970271110535,0.6142297387123108,0.28482872247695923,0.26939070224761963,1.0,0.4896814823150635,0.3624807596206665,0.28554922342300415,0.3243843615055084,0.3171570301055908,0.3829064965248108,0.29493048787117004,0.15918202698230743,0.29704442620277405],[0.3748674690723419,0.47463640570640564,0.39989617466926575,0.4403495788574219,0.22095182538032532,0.3032580316066742,0.4896814823150635,1.0,0.3327830135822296,0.2758130729198456,0.32274433970451355,0.3458528518676758,0.31790488958358765,0.4368671774864197,0.1679050475358963,0.3754411041736603],[0.3657539188861847,0.32790884375572205,0.35185858607292175,0.36965760588645935,0.45968616008758545,0.3567081689834595,0.3624807596206665,0.3327830135822296,1.0,0.38431063294410706,0.3563787341117859,0.4744897484779358,0.2596565783023834,0.25917860865592957,0.2343076914548874,0.4408912658691406],[0.265839159488678,0.30192896723747253,0.3131147623062134,0.2980365455150604,0.3233170211315155,0.349240243434906,0.28554922342300415,0.2758130729198456,0.38431063294410706,1.0,0.47200557589530945,0.4786023199558258,0.38808783888816833,0.2575828433036804,0.24106892943382263,0.3806383013725281],[0.26663529872894287,0.24797002971172333,0.25431492924690247,0.2670331299304962,0.38091325759887695,0.3213443458080292,0.3243843615055084,0.32274433970451355,0.3563787341117859,0.47200557589530945,1.0,0.5247495770454407,0.36716824769973755,0.29244765639305115,0.24938957393169403,0.3726038336753845],[0.3104783296585083,0.23295168578624725,0.25270238518714905,0.23229728639125824,0.36319661140441895,0.3812170922756195,0.3171570301055908,0.3458528518676758,0.4744897484779358,0.4786023199558258,0.5247495770454407,1.0,0.38332313299179077,0.22428643703460693,0.2870542109012604,0.6301383376121521],[0.3199721872806549,0.3413950800895691,0.3743998110294342,0.3292321562767029,0.4060351550579071,0.35731881856918335,0.3829064965248108,0.31790488958358765,0.2596565783023834,0.38808783888816833,0.36716824769973755,0.38332313299179077,1.0,0.35756972432136536,0.2993929088115692,0.34717506170272827],[0.32320335507392883,0.3282547891139984,0.40527215600013733,0.33400243520736694,0.25215303897857666,0.39439156651496887,0.29493048787117004,0.4368671774864197,0.25917860865592957,0.2575828433036804,0.29244765639305115,0.22428643703460693,0.35756972432136536,1.0,0.2056552767753601,0.28687968850135803],[0.1339772790670395,0.1694067120552063,0.20337636768817902,0.22526508569717407,0.2698441445827484,0.22306355834007263,0.15918202698230743,0.1679050475358963,0.2343076914548874,0.24106892943382263,0.24938957393169403,0.2870542109012604,0.2993929088115692,0.2056552767753601,1.0,0.31409505009651184],[0.2510852515697479,0.23279643058776855,0.318605899810791,0.3106892704963684,0.3379155695438385,0.3614690899848938,0.29704442620277405,0.3754411041736603,0.4408912658691406,0.3806383013725281,0.3726038336753845,0.6301383376121521,0.34717506170272827,0.28687968850135803,0.31409505009651184,1.0]]}