{
  "game_number": 0,
  "words": [
    "DOOR",
    "GATE",
    "HATCH",
    "PORTAL",
    "COMPASS",
    "INSET",
    "KEY",
    "SCALE",
    "BEAT",
    "BEST",
    "BETTER",
    "TOP",
    "DOWNING",
    "FLEET",
    "MAIN",
    "WALL"
  ],
  "adjacency_matrix": [
    [
      1.0,
      0.703427255153656,
      0.5250709652900696,
      0.4490768015384674,
      0.32145217061042786,
      0.3859010934829712,
      0.4625282883644104,
      0.352695494890213,
      0.3663354814052582,
      0.2785288691520691,
      0.3316898047924042,
      0.4119489789009094,
      0.2593282461166382,
      0.30157026648521423,
      0.4370318651199341,
      0.5601732134819031
    ],
    [
      0.703427255153656,
      1.0,
      0.4210066497325897,
      0.45972350239753723,
      0.368998259305954,
      0.4014805257320404,
      0.4091665744781494,
      0.35076895356178284,
      0.4093810021877289,
      0.27616435289382935,
      0.33574509620666504,
      0.4242602586746216,
      0.21061241626739502,
      0.3773244619369507,
      0.48157358169555664,
      0.596466600894928
    ],
    [
      0.5250709652900696,
      0.4210066497325897,
      1.0,
      0.39040839672088623,
      0.287246972322464,
      0.37128913402557373,
      0.3573761582374573,
      0.27543672919273376,
      0.3503877520561218,
      0.2268669605255127,
      0.2598770558834076,
      0.33157894015312195,
      0.18961474299430847,
      0.33570948243141174,
      0.35604149103164673,
      0.3679507076740265
    ],
    [
      0.4490768015384674,
      0.45972350239753723,
      0.39040839672088623,
      1.0,
      0.28770196437835693,
      0.3623727858066559,
      0.3767727017402649,
      0.36092841625213623,
      0.29770132899284363,
      0.30318355560302734,
      0.3379348814487457,
      0.41677501797676086,
      0.12216881662607193,
      0.3738127648830414,
      0.5105558037757874,
      0.436123788356781
    ],
    [
      0.32145217061042786,
      0.368998259305954,
      0.287246972322464,
      0.28770196437835693,
      0.9999999403953552,
      0.4036363661289215,
      0.3948557376861572,
      0.44883930683135986,
      0.3449702560901642,
      0.3481500744819641,
      0.38938573002815247,
      0.3790309727191925,
      0.2092636078596115,
      0.28425049781799316,
      0.41720065474510193,
      0.37839990854263306
    ],
    [
      0.3859010934829712,
      0.4014805257320404,
      0.37128913402557373,
      0.3623727858066559,
      0.4036363661289215,
      1.0,
      0.4115557372570038,
      0.47402894496917725,
      0.3150137960910797,
      0.3458276689052582,
      0.37944096326828003,
      0.4715636074542999,
      0.22234833240509033,
      0.26445919275283813,
      0.43044331669807434,
      0.435034841299057
    ],
    [
      0.4625282883644104,
      0.4091665744781494,
      0.3573761582374573,
      0.3767727017402649,
      0.3948557376861572,
      0.4115557372570038,
      1.0,
      0.4168727695941925,
      0.3929712176322937,
      0.4878106117248535,
      0.45245522260665894,
      0.5374108552932739,
      0.3047391176223755,
      0.3269484043121338,
      0.6577591896057129,
      0.3383680284023285
    ],
    [
      0.352695494890213,
      0.35076895356178284,
      0.27543672919273376,
      0.36092841625213623,
      0.44883930683135986,
      0.47402894496917725,
      0.4168727695941925,
      1.0,
      0.3745882213115692,
      0.3811342120170593,
      0.4150485694408417,
      0.45102864503860474,
      0.23197486996650696,
      0.3438165485858917,
      0.4160313308238983,
      0.4217956066131592
    ],
    [
      0.3663354814052582,
      0.4093810021877289,
      0.3503877520561218,
      0.29770132899284363,
      0.3449702560901642,
      0.3150137960910797,
      0.3929712176322937,
      0.3745882213115692,
      1.0,
      0.4240902066230774,
      0.4515629708766937,
      0.42765864729881287,
      0.3865467309951782,
      0.3033604025840759,
      0.3839503824710846,
      0.4099533259868622
    ],
    [
      0.2785288691520691,
      0.27616435289382935,
      0.2268669605255127,
      0.30318355560302734,
      0.3481500744819641,
      0.3458276689052582,
      0.4878106117248535,
      0.3811342120170593,
      0.4240902066230774,
      1.0,
      0.6975151300430298,
      0.5524986982345581,
      0.2390575259923935,
      0.3275567889213562,
      0.5324230790138245,
      0.29447877407073975
    ],
    [
      0.3316898047924042,
      0.33574509620666504,
      0.2598770558834076,
      0.3379348814487457,
      0.38938573002815247,
      0.37944096326828003,
      0.45245522260665894,
      0.4150485694408417,
      0.4515629708766937,
      0.6975151300430298,
      1.0,
      0.4309605062007904,
      0.26439276337623596,
      0.3436030149459839,
      0.43349218368530273,
      0.3124050796031952
    ],
    [
      0.4119489789009094,
      0.4242602586746216,
      0.33157894015312195,
      0.41677501797676086,
      0.3790309727191925,
      0.4715636074542999,
      0.5374108552932739,
      0.45102864503860474,
      0.42765864729881287,
      0.5524986982345581,
      0.4309605062007904,
      1.0,
      0.3455924093723297,
      0.3367166519165039,
      0.6296278238296509,
      0.4641951322555542
    ],
    [
      0.2593282461166382,
      0.21061241626739502,
      0.18961474299430847,
      0.12216881662607193,
      0.2092636078596115,
      0.22234833240509033,
      0.3047391176223755,
      0.23197486996650696,
      0.3865467309951782,
      0.2390575259923935,
      0.26439276337623596,
      0.3455924093723297,
      0.9999999403953552,
      0.26069262623786926,
      0.28321099281311035,
      0.27562329173088074
    ],
    [
      0.30157026648521423,
      0.3773244619369507,
      0.33570948243141174,
      0.3738127648830414,
      0.28425049781799316,
      0.26445919275283813,
      0.3269484043121338,
      0.3438165485858917,
      0.3033604025840759,
      0.3275567889213562,
      0.3436030149459839,
      0.3367166519165039,
      0.26069262623786926,
      1.0,
      0.4235621392726898,
      0.30428606271743774
    ],
    [
      0.4370318651199341,
      0.48157358169555664,
      0.35604149103164673,
      0.5105558037757874,
      0.41720065474510193,
      0.43044331669807434,
      0.6577591896057129,
      0.4160313308238983,
      0.3839503824710846,
      0.5324230790138245,
      0.43349218368530273,
      0.6296278238296509,
      0.28321099281311035,
      0.4235621392726898,
      1.0000001192092896,
      0.4423283636569977
    ],
    [
      0.5601732134819031,
      0.596466600894928,
      0.3679507076740265,
      0.436123788356781,
      0.37839990854263306,
      0.435034841299057,
      0.3383680284023285,
      0.4217956066131592,
      0.4099533259868622,
      0.29447877407073975,
      0.3124050796031952,
      0.4641951322555542,
      0.27562329173088074,
      0.30428606271743774,
      0.4423283636569977,
      1.0
    ]
  ]
}