{
  "game_number": 352,
  "words": [
    "PERIOD",
    "SPELL",
    "STRETCH",
    "TIME",
    "CHECK",
    "CONTAIN",
    "CURB",
    "LIMIT",
    "BILL",
    "EGG",
    "FUR",
    "VENOM",
    "BRICK",
    "CHERRY",
    "ROSE",
    "RUBY"
  ],
  "adjacency_matrix": [
    [
      1.0,
      0.3845690190792084,
      0.4440481662750244,
      0.685093104839325,
      0.29976820945739746,
      0.31234943866729736,
      0.25468388199806213,
      0.4211365282535553,
      0.2943384349346161,
      0.22028714418411255,
      0.22588293254375458,
      0.12063681334257126,
      0.2947979271411896,
      0.14638082683086395,
      0.3278878629207611,
      0.1646772176027298
    ],
    [
      0.3845690190792084,
      1.0,
      0.4267134368419647,
      0.37275466322898865,
      0.47129932045936584,
      0.4080617427825928,
      0.3055514693260193,
      0.39052486419677734,
      0.2739390432834625,
      0.2291906625032425,
      0.2571449279785156,
      0.27097517251968384,
      0.32121914625167847,
      0.2323598712682724,
      0.3437574803829193,
      0.3740503489971161
    ],
    [
      0.4440481662750244,
      0.4267134368419647,
      0.9999999403953552,
      0.4943910241127014,
      0.42672789096832275,
      0.42924779653549194,
      0.45070844888687134,
      0.6005052924156189,
      0.3095077872276306,
      0.26899254322052,
      0.2703574299812317,
      0.22522024810314178,
      0.3642139434814453,
      0.23825260996818542,
      0.34283021092414856,
      0.2022828757762909
    ],
    [
      0.685093104839325,
      0.37275466322898865,
      0.4943910241127014,
      1.0,
      0.4185152053833008,
      0.3276479244232178,
      0.3360931873321533,
      0.48055922985076904,
      0.3399164080619812,
      0.274086594581604,
      0.1909535825252533,
      0.2254030704498291,
      0.3114476203918457,
      0.1478617787361145,
      0.29456982016563416,
      0.17219533026218414
    ],
    [
      0.29976820945739746,
      0.47129932045936584,
      0.42672789096832275,
      0.4185152053833008,
      1.0,
      0.4280714988708496,
      0.4030812084674835,
      0.4589514136314392,
      0.36031773686408997,
      0.237203449010849,
      0.20245593786239624,
      0.20153672993183136,
      0.27136027812957764,
      0.21648603677749634,
      0.2684430480003357,
      0.20401312410831451
    ],
    [
      0.31234943866729736,
      0.4080617427825928,
      0.42924779653549194,
      0.3276479244232178,
      0.4280714988708496,
      1.0,
      0.43285655975341797,
      0.5308153629302979,
      0.29878005385398865,
      0.262214720249176,
      0.21156705915927887,
      0.32610732316970825,
      0.35618096590042114,
      0.2376098781824112,
      0.3595602810382843,
      0.25170770287513733
    ],
    [
      0.25468388199806213,
      0.3055514693260193,
      0.45070844888687134,
      0.3360931873321533,
      0.4030812084674835,
      0.43285655975341797,
      1.0,
      0.5784186124801636,
      0.3675365149974823,
      0.22392500936985016,
      0.2371695637702942,
      0.2592192590236664,
      0.39453452825546265,
      0.26730281114578247,
      0.3598191738128662,
      0.21821601688861847
    ],
    [
      0.4211365282535553,
      0.39052486419677734,
      0.6005052924156189,
      0.48055922985076904,
      0.4589514136314392,
      0.5308153629302979,
      0.5784186124801636,
      0.9999999403953552,
      0.3773401975631714,
      0.2858230471611023,
      0.23391589522361755,
      0.22446267306804657,
      0.3057638704776764,
      0.2256099432706833,
      0.33899736404418945,
      0.18654239177703857
    ],
    [
      0.2943384349346161,
      0.2739390432834625,
      0.3095077872276306,
      0.3399164080619812,
      0.36031773686408997,
      0.29878005385398865,
      0.3675365149974823,
      0.3773401975631714,
      1.0,
      0.22616103291511536,
      0.29126837849617004,
      0.20892302691936493,
      0.2402576208114624,
      0.1408720165491104,
      0.3230537176132202,
      0.15797336399555206
    ],
    [
      0.22028714418411255,
      0.2291906625032425,
      0.26899254322052,
      0.274086594581604,
      0.237203449010849,
      0.262214720249176,
      0.22392500936985016,
      0.2858230471611023,
      0.22616103291511536,
      1.0,
      0.3571223318576813,
      0.34285685420036316,
      0.43988004326820374,
      0.3009241819381714,
      0.27423790097236633,
      0.3264228105545044
    ],
    [
      0.22588293254375458,
      0.2571449279785156,
      0.2703574299812317,
      0.1909535825252533,
      0.20245593786239624,
      0.21156705915927887,
      0.2371695637702942,
      0.23391589522361755,
      0.29126837849617004,
      0.3571223318576813,
      1.0,
      0.2854820489883423,
      0.30792856216430664,
      0.27657830715179443,
      0.2503795027732849,
      0.3449628949165344
    ],
    [
      0.12063681334257126,
      0.27097517251968384,
      0.22522024810314178,
      0.2254030704498291,
      0.20153672993183136,
      0.32610732316970825,
      0.2592192590236664,
      0.22446267306804657,
      0.20892302691936493,
      0.34285685420036316,
      0.2854820489883423,
      1.0,
      0.24140095710754395,
      0.24381133913993835,
      0.23259387910366058,
      0.2494804859161377
    ],
    [
      0.2947979271411896,
      0.32121914625167847,
      0.3642139434814453,
      0.3114476203918457,
      0.27136027812957764,
      0.35618096590042114,
      0.39453452825546265,
      0.3057638704776764,
      0.2402576208114624,
      0.43988004326820374,
      0.30792856216430664,
      0.24140095710754395,
      1.0000001192092896,
      0.3847523629665375,
      0.36165186762809753,
      0.4005740284919739
    ],
    [
      0.14638082683086395,
      0.2323598712682724,
      0.23825260996818542,
      0.1478617787361145,
      0.21648603677749634,
      0.2376098781824112,
      0.26730281114578247,
      0.2256099432706833,
      0.1408720165491104,
      0.3009241819381714,
      0.27657830715179443,
      0.24381133913993835,
      0.3847523629665375,
      1.0,
      0.36850506067276,
      0.3635435402393341
    ],
    [
      0.3278878629207611,
      0.3437574803829193,
      0.34283021092414856,
      0.29456982016563416,
      0.2684430480003357,
      0.3595602810382843,
      0.3598191738128662,
      0.33899736404418945,
      0.3230537176132202,
      0.27423790097236633,
      0.2503795027732849,
      0.23259387910366058,
      0.36165186762809753,
      0.36850506067276,
      1.0,
      0.35305801033973694
    ],
    [
      0.1646772176027298,
      0.3740503489971161,
      0.2022828757762909,
      0.17219533026218414,
      0.20401312410831451,
      0.25170770287513733,
      0.21821601688861847,
      0.18654239177703857,
      0.15797336399555206,
      0.3264228105545044,
      0.3449628949165344,
      0.2494804859161377,
      0.4005740284919739,
      0.3635435402393341,
      0.35305801033973694,
      1.0
    ]
  ]
}