{"game_number":211,"words":["ANGEL","CLOWN","PIRATE","WITCH","COMB","HIVE","HONEY","WAX","PERIOD","SPELL","STRETCH","WHILE","DEAR","HAIR","HOARSE","WAIL"],"adjacency_matrix":[[1.0,0.4322570860385895,0.3835735321044922,0.4546501040458679,0.2734808921813965,0.3065212368965149,0.3619803786277771,0.322095662355423,0.18507687747478485,0.3271894156932831,0.20650455355644226,0.24950529634952545,0.3614587187767029,0.3497077524662018,0.2745586037635803,0.37046387791633606],[0.4322570860385895,1.0,0.4305586814880371,0.5054166316986084,0.28664258122444153,0.25059962272644043,0.27861180901527405,0.3082539737224579,0.2632763385772705,0.35943958163261414,0.32084494829177856,0.25638899207115173,0.33589890599250793,0.34633004665374756,0.29891741275787354,0.31794673204421997],[0.3835735321044922,0.4305586814880371,1.0000001192092896,0.4914569854736328,0.30398035049438477,0.3165578246116638,0.2593919634819031,0.2963768243789673,0.21823784708976746,0.2917231023311615,0.24611836671829224,0.24027465283870697,0.27928757667541504,0.29262736439704895,0.2844913601875305,0.25275373458862305],[0.4546501040458679,0.5054166316986084,0.4914569854736328,0.9999999403953552,0.3444579541683197,0.34243497252464294,0.37432339787483215,0.32004374265670776,0.2765410542488098,0.5137706995010376,0.3112986087799072,0.2851111590862274,0.37302345037460327,0.3802018165588379,0.26993948221206665,0.3336271345615387],[0.2734808921813965,0.28664258122444153,0.30398035049438477,0.3444579541683197,1.0,0.4276883006095886,0.4800655245780945,0.4165341854095459,0.31249043345451355,0.37006470561027527,0.4209328591823578,0.2896144390106201,0.2343781292438507,0.5861240029335022,0.24755644798278809,0.3600846827030182],[0.3065212368965149,0.25059962272644043,0.3165578246116638,0.34243497252464294,0.4276883006095886,1.0,0.5173068642616272,0.3921580910682678,0.2211347371339798,0.3083951771259308,0.2536194920539856,0.20340950787067413,0.25162503123283386,0.24616599082946777,0.1594206988811493,0.25769275426864624],[0.3619803786277771,0.27861180901527405,0.2593919634819031,0.37432339787483215,0.4800655245780945,0.5173068642616272,1.0,0.4584830105304718,0.21786297857761383,0.2866044044494629,0.24236325919628143,0.29353371262550354,0.39423760771751404,0.36408230662345886,0.28488394618034363,0.3156009614467621],[0.322095662355423,0.3082539737224579,0.2963768243789673,0.32004374265670776,0.4165341854095459,0.3921580910682678,0.4584830105304718,1.0,0.15500208735466003,0.327556312084198,0.21215753257274628,0.13067226111888885,0.17233523726463318,0.46947839856147766,0.24191488325595856,0.2573496103286743],[0.18507687747478485,0.2632763385772705,0.21823784708976746,0.2765410542488098,0.31249043345451355,0.2211347371339798,0.21786297857761383,0.15500208735466003,1.0,0.3845690190792084,0.4440481662750244,0.45519503951072693,0.24919834733009338,0.2717084288597107,0.1914573758840561,0.2520985007286072],[0.3271894156932831,0.35943958163261414,0.2917231023311615,0.5137706995010376,0.37006470561027527,0.3083951771259308,0.2866044044494629,0.327556312084198,0.3845690190792084,1.0,0.4267134368419647,0.29428422451019287,0.3199332356452942,0.3395254611968994,0.3168585002422333,0.33726558089256287],[0.20650455355644226,0.32084494829177856,0.24611836671829224,0.3112986087799072,0.4209328591823578,0.2536194920539856,0.24236325919628143,0.21215753257274628,0.4440481662750244,0.4267134368419647,0.9999999403953552,0.3756370544433594,0.32631397247314453,0.36685314774513245,0.28971463441848755,0.33200934529304504],[0.24950529634952545,0.25638899207115173,0.24027465283870697,0.2851111590862274,0.2896144390106201,0.20340950787067413,0.29353371262550354,0.13067226111888885,0.45519503951072693,0.29428422451019287,0.3756370544433594,1.0,0.40654125809669495,0.20974963903427124,0.2939144968986511,0.22928360104560852],[0.3614587187767029,0.33589890599250793,0.27928757667541504,0.37302345037460327,0.2343781292438507,0.25162503123283386,0.39423760771751404,0.17233523726463318,0.24919834733009338,0.3199332356452942,0.32631397247314453,0.40654125809669495,1.0,0.29871606826782227,0.3390725553035736,0.34624549746513367],[0.3497077524662018,0.34633004665374756,0.29262736439704895,0.3802018165588379,0.5861240029335022,0.24616599082946777,0.36408230662345886,0.46947839856147766,0.2717084288597107,0.3395254611968994,0.36685314774513245,0.20974963903427124,0.29871606826782227,1.0,0.30727776885032654,0.30791160464286804],[0.2745586037635803,0.29891741275787354,0.2844913601875305,0.26993948221206665,0.24755644798278809,0.1594206988811493,0.28488394618034363,0.24191488325595856,0.1914573758840561,0.3168585002422333,0.28971463441848755,0.2939144968986511,0.3390725553035736,0.30727776885032654,1.0,0.6218093633651733],[0.37046387791633606,0.31794673204421997,0.25275373458862305,0.3336271345615387,0.3600846827030182,0.25769275426864624,0.3156009614467621,0.2573496103286743,0.2520985007286072,0.33726558089256287,0.33200934529304504,0.22928360104560852,0.34624549746513367,0.30791160464286804,0.6218093633651733,1.0]]}