{
  "game_number": 305,
  "words": [
    "FIXED",
    "FROZEN",
    "LIQUID",
    "TOXIC",
    "CAVEAT",
    "ERGO",
    "QUID",
    "VOX",
    "ARCADE",
    "BLAME",
    "NUMBERS",
    "SQUID",
    "DIRECT",
    "GUIDE",
    "LEAD",
    "USHER"
  ],
  "adjacency_matrix": [
    [
      1.0,
      0.5107130408287048,
      0.37615182995796204,
      0.34592771530151367,
      0.36804628372192383,
      0.3168654441833496,
      0.24704088270664215,
      0.0700954794883728,
      0.3061996102333069,
      0.3739280104637146,
      0.38370952010154724,
      0.27087339758872986,
      0.46822184324264526,
      0.3696720004081726,
      0.4576728940010071,
      0.2499849647283554
    ],
    [
      0.5107130408287048,
      1.0,
      0.5340899229049683,
      0.3901030719280243,
      0.2164478600025177,
      0.26905906200408936,
      0.2754426896572113,
      0.006250906269997358,
      0.2827548086643219,
      0.2709265947341919,
      0.2620319128036499,
      0.3857802450656891,
      0.3384295105934143,
      0.24627190828323364,
      0.313969224691391,
      0.1630755066871643
    ],
    [
      0.37615182995796204,
      0.5340899229049683,
      1.0,
      0.5327587127685547,
      0.2272881716489792,
      0.25199127197265625,
      0.2839846611022949,
      0.12307382375001907,
      0.29113319516181946,
      0.17572708427906036,
      0.2921484112739563,
      0.4497973620891571,
      0.3588784337043762,
      0.2630002796649933,
      0.30024009943008423,
      0.15417243540287018
    ],
    [
      0.34592771530151367,
      0.3901030719280243,
      0.5327587127685547,
      1.0,
      0.2370941936969757,
      0.3208063244819641,
      0.20506970584392548,
      0.08766312152147293,
      0.21675117313861847,
      0.3646945059299469,
      0.31291162967681885,
      0.3284952640533447,
      0.3821159899234772,
      0.24555665254592896,
      0.3983346223831177,
      0.11196142435073853
    ],
    [
      0.36804628372192383,
      0.2164478600025177,
      0.2272881716489792,
      0.2370941936969757,
      0.9999999403953552,
      0.309152752161026,
      0.2541831433773041,
      0.15106092393398285,
      0.19388189911842346,
      0.359475314617157,
      0.35052645206451416,
      0.21671827137470245,
      0.41666078567504883,
      0.39682796597480774,
      0.367931067943573,
      0.15252149105072021
    ],
    [
      0.3168654441833496,
      0.26905906200408936,
      0.25199127197265625,
      0.3208063244819641,
      0.309152752161026,
      1.0,
      0.30055615305900574,
      0.20219528675079346,
      0.24826346337795258,
      0.3117256462574005,
      0.1703248918056488,
      0.15381236374378204,
      0.3210069239139557,
      0.2577610909938812,
      0.33252155780792236,
      0.15448839962482452
    ],
    [
      0.24704088270664215,
      0.2754426896572113,
      0.2839846611022949,
      0.20506970584392548,
      0.2541831433773041,
      0.30055615305900574,
      0.9999999403953552,
      0.26892706751823425,
      0.21606238186359406,
      0.13408829271793365,
      0.15893355011940002,
      0.31282666325569153,
      0.2325151264667511,
      0.18489274382591248,
      0.15266278386116028,
      0.16956889629364014
    ],
    [
      0.0700954794883728,
      0.006250906269997358,
      0.12307382375001907,
      0.08766312152147293,
      0.15106092393398285,
      0.20219528675079346,
      0.26892706751823425,
      1.0,
      0.14647901058197021,
      0.06102248281240463,
      0.12164247035980225,
      0.13375568389892578,
      0.13380171358585358,
      0.04616381600499153,
      0.06426744908094406,
      0.09635546803474426
    ],
    [
      0.3061996102333069,
      0.2827548086643219,
      0.29113319516181946,
      0.21675117313861847,
      0.19388189911842346,
      0.24826346337795258,
      0.21606238186359406,
      0.14647901058197021,
      1.0,
      0.1743016093969345,
      0.2534516155719757,
      0.2803376019001007,
      0.32641276717185974,
      0.3221530616283417,
      0.27431410551071167,
      0.30532214045524597
    ],
    [
      0.3739280104637146,
      0.2709265947341919,
      0.17572708427906036,
      0.3646945059299469,
      0.359475314617157,
      0.3117256462574005,
      0.13408829271793365,
      0.06102248281240463,
      0.1743016093969345,
      1.0,
      0.26167386770248413,
      0.22509270906448364,
      0.4505654275417328,
      0.35240375995635986,
      0.45681190490722656,
      0.2239806205034256
    ],
    [
      0.38370952010154724,
      0.2620319128036499,
      0.2921484112739563,
      0.31291162967681885,
      0.35052645206451416,
      0.1703248918056488,
      0.15893355011940002,
      0.12164247035980225,
      0.2534516155719757,
      0.26167386770248413,
      1.0,
      0.2993050813674927,
      0.3684356212615967,
      0.30433666706085205,
      0.34600263833999634,
      0.18077339231967926
    ],
    [
      0.27087339758872986,
      0.3857802450656891,
      0.4497973620891571,
      0.3284952640533447,
      0.21671827137470245,
      0.15381236374378204,
      0.31282666325569153,
      0.13375568389892578,
      0.2803376019001007,
      0.22509270906448364,
      0.2993050813674927,
      1.0,
      0.3042204976081848,
      0.23092100024223328,
      0.15071675181388855,
      0.12926533818244934
    ],
    [
      0.46822184324264526,
      0.3384295105934143,
      0.3588784337043762,
      0.3821159899234772,
      0.41666078567504883,
      0.3210069239139557,
      0.2325151264667511,
      0.13380171358585358,
      0.32641276717185974,
      0.4505654275417328,
      0.3684356212615967,
      0.3042204976081848,
      1.0,
      0.5568156242370605,
      0.5771968364715576,
      0.3131597936153412
    ],
    [
      0.3696720004081726,
      0.24627190828323364,
      0.2630002796649933,
      0.24555665254592896,
      0.39682796597480774,
      0.2577610909938812,
      0.18489274382591248,
      0.04616381600499153,
      0.3221530616283417,
      0.35240375995635986,
      0.30433666706085205,
      0.23092100024223328,
      0.5568156242370605,
      0.9999999403953552,
      0.5504400730133057,
      0.4060213565826416
    ],
    [
      0.4576728940010071,
      0.313969224691391,
      0.30024009943008423,
      0.3983346223831177,
      0.367931067943573,
      0.33252155780792236,
      0.15266278386116028,
      0.06426744908094406,
      0.27431410551071167,
      0.45681190490722656,
      0.34600263833999634,
      0.15071675181388855,
      0.5771968364715576,
      0.5504400730133057,
      1.0,
      0.3839643597602844
    ],
    [
      0.2499849647283554,
      0.1630755066871643,
      0.15417243540287018,
      0.11196142435073853,
      0.15252149105072021,
      0.15448839962482452,
      0.16956889629364014,
      0.09635546803474426,
      0.30532214045524597,
      0.2239806205034256,
      0.18077339231967926,
      0.12926533818244934,
      0.3131597936153412,
      0.4060213565826416,
      0.3839643597602844,
      1.0
    ]
  ]
}