{"game_number":252,"words":["CHIME","DING","PING","RING","RAT","SING","SNITCH","SQUEAL","CAMP","DIVISION","FACTION","WING","BING","EDGE","SURFACE","WORD"],"adjacency_matrix":[[1.0,0.5037512183189392,0.5037515759468079,0.4453656077384949,0.2739919424057007,0.4412917494773865,0.3064354360103607,0.502131998538971,0.20424793660640717,0.22053514420986176,0.30627182126045227,0.2488202303647995,0.34292471408843994,0.24737563729286194,0.2670783996582031,0.3492061495780945],[0.5037512183189392,1.0,0.44120338559150696,0.4025323688983917,0.3251122534275055,0.36868926882743835,0.34350067377090454,0.40503185987472534,0.1961681991815567,0.23878315091133118,0.2016785889863968,0.29614123702049255,0.5558105707168579,0.31730902194976807,0.30934229493141174,0.37073346972465515],[0.5037515759468079,0.44120338559150696,1.0000001192092896,0.29575762152671814,0.24413873255252838,0.27813586592674255,0.28471139073371887,0.3824155628681183,0.16119834780693054,0.12451587617397308,0.1317509561777115,0.1989007145166397,0.37783005833625793,0.21287801861763,0.27575716376304626,0.29618728160858154],[0.4453656077384949,0.4025323688983917,0.29575762152671814,1.0,0.3544345796108246,0.3235681354999542,0.39703482389450073,0.3542938828468323,0.31095123291015625,0.40595507621765137,0.30383381247520447,0.32913023233413696,0.3645685017108917,0.481354683637619,0.45303261280059814,0.403494656085968],[0.2739919424057007,0.3251122534275055,0.24413873255252838,0.3544345796108246,1.0,0.23923471570014954,0.4951743483543396,0.38886022567749023,0.2670016884803772,0.2726057171821594,0.2877034842967987,0.2850130498409271,0.3337610065937042,0.3233257532119751,0.33567026257514954,0.41785305738449097],[0.4412917494773865,0.36868926882743835,0.27813586592674255,0.3235681354999542,0.23923471570014954,1.0,0.28316032886505127,0.4317564368247986,0.2489292323589325,0.19447575509548187,0.16563670337200165,0.23498547077178955,0.34870395064353943,0.17600278556346893,0.22989310324192047,0.3496673107147217],[0.3064354360103607,0.34350067377090454,0.28471139073371887,0.39703482389450073,0.4951743483543396,0.28316032886505127,0.9999999403953552,0.4478496313095093,0.2669762969017029,0.18873710930347443,0.3169289231300354,0.29127180576324463,0.37291648983955383,0.3006359338760376,0.24631594121456146,0.410403847694397],[0.502131998538971,0.40503185987472534,0.3824155628681183,0.3542938828468323,0.38886022567749023,0.4317564368247986,0.4478496313095093,1.0,0.232108473777771,0.17252536118030548,0.2317737191915512,0.2661750316619873,0.33801379799842834,0.29398003220558167,0.3187575042247772,0.3522787094116211],[0.20424793660640717,0.1961681991815567,0.16119834780693054,0.31095123291015625,0.2670016884803772,0.2489292323589325,0.2669762969017029,0.232108473777771,1.0,0.45124971866607666,0.3581908941268921,0.39322835206985474,0.2945125699043274,0.40261366963386536,0.30943232774734497,0.3030151128768921],[0.22053514420986176,0.23878315091133118,0.12451587617397308,0.40595507621765137,0.2726057171821594,0.19447575509548187,0.18873710930347443,0.17252536118030548,0.45124971866607666,1.0,0.45520296692848206,0.41819268465042114,0.2848335802555084,0.36205756664276123,0.3768948018550873,0.3397785723209381],[0.30627182126045227,0.2016785889863968,0.1317509561777115,0.30383381247520447,0.2877034842967987,0.16563670337200165,0.3169289231300354,0.2317737191915512,0.3581908941268921,0.45520296692848206,1.0,0.41982489824295044,0.2458934634923935,0.32896333932876587,0.275334894657135,0.34951716661453247],[0.2488202303647995,0.29614123702049255,0.1989007145166397,0.32913023233413696,0.2850130498409271,0.23498547077178955,0.29127180576324463,0.2661750316619873,0.39322835206985474,0.41819268465042114,0.41982489824295044,1.0,0.28461867570877075,0.4917484521865845,0.4206241965293884,0.3371123671531677],[0.34292471408843994,0.5558105707168579,0.37783005833625793,0.3645685017108917,0.3337610065937042,0.34870395064353943,0.37291648983955383,0.33801379799842834,0.2945125699043274,0.2848335802555084,0.2458934634923935,0.28461867570877075,1.0,0.33529332280158997,0.3006642758846283,0.38745903968811035],[0.24737563729286194,0.31730902194976807,0.21287801861763,0.481354683637619,0.3233257532119751,0.17600278556346893,0.3006359338760376,0.29398003220558167,0.40261366963386536,0.36205756664276123,0.32896333932876587,0.4917484521865845,0.33529332280158997,0.9999999403953552,0.5668171048164368,0.4077364206314087],[0.2670783996582031,0.30934229493141174,0.27575716376304626,0.45303261280059814,0.33567026257514954,0.22989310324192047,0.24631594121456146,0.3187575042247772,0.30943232774734497,0.3768948018550873,0.275334894657135,0.4206241965293884,0.3006642758846283,0.5668171048164368,1.0,0.36488497257232666],[0.3492061495780945,0.37073346972465515,0.29618728160858154,0.403494656085968,0.41785305738449097,0.3496673107147217,0.410403847694397,0.3522787094116211,0.3030151128768921,0.3397785723209381,0.34951716661453247,0.3371123671531677,0.38745903968811035,0.4077364206314087,0.36488497257232666,1.0]]}