{"game_number":81,"words":["BRICK","CHERRY","ROSE","RUBY","DROP","SPLASH","SPOT","SPRINKLE","BEST","CREAM","PICK","TOP","BIRD","BUBBLE","MUD","SPONGE"],"adjacency_matrix":[[1.0000001192092896,0.3847523629665375,0.36165186762809753,0.4005740284919739,0.37898173928260803,0.40858545899391174,0.3581138253211975,0.38880258798599243,0.29535549879074097,0.4551936089992523,0.31905120611190796,0.3699004352092743,0.2980344593524933,0.35354873538017273,0.49548208713531494,0.43415647745132446],[0.3847523629665375,1.0,0.36850506067276,0.3635435402393341,0.34289684891700745,0.3054298460483551,0.37900862097740173,0.41612866520881653,0.28547433018684387,0.4931686520576477,0.5575997829437256,0.3775447905063629,0.2823601961135864,0.3432997167110443,0.35370180010795593,0.3478689193725586],[0.36165186762809753,0.36850506067276,1.0,0.35305801033973694,0.5426560640335083,0.35367482900619507,0.4385748505592346,0.3635897636413574,0.2789144217967987,0.33731040358543396,0.3686477243900299,0.4941040873527527,0.3243831992149353,0.4727475345134735,0.2803056836128235,0.3554712235927582],[0.4005740284919739,0.3635435402393341,0.35305801033973694,1.0,0.28935500979423523,0.31226152181625366,0.2997611463069916,0.2990170121192932,0.20604324340820312,0.31420573592185974,0.22945451736450195,0.2763477563858032,0.31121590733528137,0.29558131098747253,0.2918362021446228,0.3276372253894806],[0.37898173928260803,0.34289684891700745,0.5426560640335083,0.28935500979423523,1.0,0.5606901049613953,0.47934529185295105,0.4740595817565918,0.35352587699890137,0.35171473026275635,0.5565117597579956,0.48658639192581177,0.3402648866176605,0.46037352085113525,0.3815580904483795,0.415976345539093],[0.40858545899391174,0.3054298460483551,0.35367482900619507,0.31226152181625366,0.5606901049613953,0.9999999403953552,0.4279133379459381,0.5045980215072632,0.2566039264202118,0.4041218161582947,0.3903716206550598,0.3612680435180664,0.3656988739967346,0.47343891859054565,0.4919426441192627,0.4552907347679138],[0.3581138253211975,0.37900862097740173,0.4385748505592346,0.2997611463069916,0.47934529185295105,0.4279133379459381,1.0,0.45246684551239014,0.5069935321807861,0.3672574460506439,0.5765373110771179,0.563412070274353,0.4150608777999878,0.4476930797100067,0.32237499952316284,0.4052821397781372],[0.38880258798599243,0.41612866520881653,0.3635897636413574,0.2990170121192932,0.4740595817565918,0.5045980215072632,0.45246684551239014,1.0,0.28904202580451965,0.4714370369911194,0.3881738781929016,0.3539885878562927,0.2951035797595978,0.37217941880226135,0.41114315390586853,0.4108416438102722],[0.29535549879074097,0.28547433018684387,0.2789144217967987,0.20604324340820312,0.35352587699890137,0.2566039264202118,0.5069935321807861,0.28904202580451965,1.0,0.32451504468917847,0.473209947347641,0.5524986982345581,0.30938196182250977,0.3242916464805603,0.25758323073387146,0.3431122899055481],[0.4551936089992523,0.4931686520576477,0.33731040358543396,0.31420573592185974,0.35171473026275635,0.4041218161582947,0.3672574460506439,0.4714370369911194,0.32451504468917847,1.0,0.342934787273407,0.3990769684314728,0.23176997900009155,0.38046565651893616,0.3751504719257355,0.4569038152694702],[0.31905120611190796,0.5575997829437256,0.3686477243900299,0.22945451736450195,0.5565117597579956,0.3903716206550598,0.5765373110771179,0.3881738781929016,0.473209947347641,0.342934787273407,0.9999998807907104,0.4504226744174957,0.2934092879295349,0.3228108286857605,0.2850738763809204,0.33937013149261475],[0.3699004352092743,0.3775447905063629,0.4941040873527527,0.2763477563858032,0.48658639192581177,0.3612680435180664,0.563412070274353,0.3539885878562927,0.5524986982345581,0.3990769684314728,0.4504226744174957,1.0,0.3115445673465729,0.4271770417690277,0.2916983962059021,0.3416109085083008],[0.2980344593524933,0.2823601961135864,0.3243831992149353,0.31121590733528137,0.3402648866176605,0.3656988739967346,0.4150608777999878,0.2951035797595978,0.30938196182250977,0.23176997900009155,0.2934092879295349,0.3115445673465729,1.0,0.3251684904098511,0.3023567497730255,0.35295426845550537],[0.35354873538017273,0.3432997167110443,0.4727475345134735,0.29558131098747253,0.46037352085113525,0.47343891859054565,0.4476930797100067,0.37217941880226135,0.3242916464805603,0.38046565651893616,0.3228108286857605,0.4271770417690277,0.3251684904098511,1.0,0.41186070442199707,0.5019084811210632],[0.49548208713531494,0.35370180010795593,0.2803056836128235,0.2918362021446228,0.3815580904483795,0.4919426441192627,0.32237499952316284,0.41114315390586853,0.25758323073387146,0.3751504719257355,0.2850738763809204,0.2916983962059021,0.3023567497730255,0.41186070442199707,1.0,0.47938013076782227],[0.43415647745132446,0.3478689193725586,0.3554712235927582,0.3276372253894806,0.415976345539093,0.4552907347679138,0.4052821397781372,0.4108416438102722,0.3431122899055481,0.4569038152694702,0.33937013149261475,0.3416109085083008,0.35295426845550537,0.5019084811210632,0.47938013076782227,0.9999999403953552]]}