{
  "game_number": 241,
  "words": [
    "LODGE",
    "PLANT",
    "STICK",
    "WEDGE",
    "DEED",
    "HOTEL",
    "HOUSE",
    "TOKEN",
    "BIRTH",
    "CRUISE",
    "QUALITY",
    "REMOTE",
    "BANK",
    "DUNE",
    "HILL",
    "MOUND"
  ],
  "adjacency_matrix": [
    [
      1.0,
      0.36867427825927734,
      0.37862202525138855,
      0.3295758366584778,
      0.29246607422828674,
      0.561323881149292,
      0.5660384893417358,
      0.19605621695518494,
      0.24006959795951843,
      0.33745482563972473,
      0.2546105682849884,
      0.375660240650177,
      0.3792661130428314,
      0.2538714110851288,
      0.41209372878074646,
      0.3484882712364197
    ],
    [
      0.36867427825927734,
      1.0,
      0.37220776081085205,
      0.3034151792526245,
      0.2880278527736664,
      0.39159366488456726,
      0.5062282681465149,
      0.2764384150505066,
      0.3203047513961792,
      0.36022987961769104,
      0.406924307346344,
      0.40074101090431213,
      0.45472240447998047,
      0.38716694712638855,
      0.4057556092739105,
      0.40328076481819153
    ],
    [
      0.37862202525138855,
      0.37220776081085205,
      1.0,
      0.4905145764350891,
      0.33566877245903015,
      0.2785682678222656,
      0.3913957178592682,
      0.40894296765327454,
      0.2532821297645569,
      0.33882540464401245,
      0.33949920535087585,
      0.3299330472946167,
      0.36959129571914673,
      0.26279252767562866,
      0.370779812335968,
      0.36148321628570557
    ],
    [
      0.3295758366584778,
      0.3034151792526245,
      0.4905145764350891,
      1.0,
      0.2681899070739746,
      0.25156739354133606,
      0.3248651921749115,
      0.34149521589279175,
      0.22547872364521027,
      0.3183915913105011,
      0.3277943730354309,
      0.3159935474395752,
      0.32104143500328064,
      0.40790465474128723,
      0.35410022735595703,
      0.3669232130050659
    ],
    [
      0.29246607422828674,
      0.2880278527736664,
      0.33566877245903015,
      0.2681899070739746,
      1.0,
      0.2602314352989197,
      0.43532148003578186,
      0.4016053378582001,
      0.32021230459213257,
      0.20839598774909973,
      0.3498391807079315,
      0.28658291697502136,
      0.33726227283477783,
      0.211846724152565,
      0.35354024171829224,
      0.29659318923950195
    ],
    [
      0.561323881149292,
      0.39159366488456726,
      0.2785682678222656,
      0.25156739354133606,
      0.2602314352989197,
      1.0,
      0.581744909286499,
      0.2548269033432007,
      0.2972947061061859,
      0.4643208086490631,
      0.3639508783817291,
      0.37060266733169556,
      0.4902688264846802,
      0.3105817139148712,
      0.43244504928588867,
      0.27283376455307007
    ],
    [
      0.5660384893417358,
      0.5062282681465149,
      0.3913957178592682,
      0.3248651921749115,
      0.43532148003578186,
      0.581744909286499,
      0.9999999403953552,
      0.25173091888427734,
      0.3871860206127167,
      0.3618767559528351,
      0.38656821846961975,
      0.4232354760169983,
      0.5174520611763,
      0.3598227798938751,
      0.5392335057258606,
      0.42322030663490295
    ],
    [
      0.19605621695518494,
      0.2764384150505066,
      0.40894296765327454,
      0.34149521589279175,
      0.4016053378582001,
      0.2548269033432007,
      0.25173091888427734,
      1.0,
      0.25858041644096375,
      0.2700847089290619,
      0.348725825548172,
      0.3763948082923889,
      0.31887322664260864,
      0.20011597871780396,
      0.31028488278388977,
      0.26772165298461914
    ],
    [
      0.24006959795951843,
      0.3203047513961792,
      0.2532821297645569,
      0.22547872364521027,
      0.32021230459213257,
      0.2972947061061859,
      0.3871860206127167,
      0.25858041644096375,
      1.0,
      0.28524109721183777,
      0.3896666467189789,
      0.31450897455215454,
      0.28724002838134766,
      0.17669251561164856,
      0.2602277100086212,
      0.22795340418815613
    ],
    [
      0.33745482563972473,
      0.36022987961769104,
      0.33882540464401245,
      0.3183915913105011,
      0.20839598774909973,
      0.4643208086490631,
      0.3618767559528351,
      0.2700847089290619,
      0.28524109721183777,
      0.9999999403953552,
      0.31861212849617004,
      0.3525357246398926,
      0.3412646949291229,
      0.3202018141746521,
      0.3011403977870941,
      0.19692182540893555
    ],
    [
      0.2546105682849884,
      0.406924307346344,
      0.33949920535087585,
      0.3277943730354309,
      0.3498391807079315,
      0.3639508783817291,
      0.38656821846961975,
      0.348725825548172,
      0.3896666467189789,
      0.31861212849617004,
      1.0,
      0.4012719392776489,
      0.30839478969573975,
      0.2511729300022125,
      0.2769310474395752,
      0.25398123264312744
    ],
    [
      0.375660240650177,
      0.40074101090431213,
      0.3299330472946167,
      0.3159935474395752,
      0.28658291697502136,
      0.37060266733169556,
      0.4232354760169983,
      0.3763948082923889,
      0.31450897455215454,
      0.3525357246398926,
      0.4012719392776489,
      1.0,
      0.3939371705055237,
      0.3162257969379425,
      0.422595351934433,
      0.34361764788627625
    ],
    [
      0.3792661130428314,
      0.45472240447998047,
      0.36959129571914673,
      0.32104143500328064,
      0.33726227283477783,
      0.4902688264846802,
      0.5174520611763,
      0.31887322664260864,
      0.28724002838134766,
      0.3412646949291229,
      0.30839478969573975,
      0.3939371705055237,
      1.0,
      0.33536097407341003,
      0.4398668706417084,
      0.3121804893016815
    ],
    [
      0.2538714110851288,
      0.38716694712638855,
      0.26279252767562866,
      0.40790465474128723,
      0.211846724152565,
      0.3105817139148712,
      0.3598227798938751,
      0.20011597871780396,
      0.17669251561164856,
      0.3202018141746521,
      0.2511729300022125,
      0.3162257969379425,
      0.33536097407341003,
      1.0,
      0.5059584379196167,
      0.4291781485080719
    ],
    [
      0.41209372878074646,
      0.4057556092739105,
      0.370779812335968,
      0.35410022735595703,
      0.35354024171829224,
      0.43244504928588867,
      0.5392335057258606,
      0.31028488278388977,
      0.2602277100086212,
      0.3011403977870941,
      0.2769310474395752,
      0.422595351934433,
      0.4398668706417084,
      0.5059584379196167,
      1.0,
      0.6018114686012268
    ],
    [
      0.3484882712364197,
      0.40328076481819153,
      0.36148321628570557,
      0.3669232130050659,
      0.29659318923950195,
      0.27283376455307007,
      0.42322030663490295,
      0.26772165298461914,
      0.22795340418815613,
      0.19692182540893555,
      0.25398123264312744,
      0.34361764788627625,
      0.3121804893016815,
      0.4291781485080719,
      0.6018114686012268,
      0.9999999403953552
    ]
  ]
}