{
  "game_number": 281,
  "words": [
    "ELABORATE",
    "EXPAND",
    "EXPLAIN",
    "SPECIFY",
    "FACILITY",
    "FLAIR",
    "GIFT",
    "KNACK",
    "BLOCK",
    "COMPLEX",
    "COMPOUND",
    "DEVELOPMENT",
    "ARENA",
    "BOWL",
    "COLISEUM",
    "DOME"
  ],
  "adjacency_matrix": [
    [
      0.9999999403953552,
      0.5242101550102234,
      0.6045358180999756,
      0.5242634415626526,
      0.35148876905441284,
      0.42984625697135925,
      0.3673214018344879,
      0.3130701184272766,
      0.39793768525123596,
      0.6006228923797607,
      0.38065415620803833,
      0.4256051480770111,
      0.3314192593097687,
      0.3220101296901703,
      0.2593154013156891,
      0.3513536751270294
    ],
    [
      0.5242101550102234,
      1.0,
      0.49341654777526855,
      0.48410966992378235,
      0.4148139953613281,
      0.34088245034217834,
      0.3256949782371521,
      0.2228153496980667,
      0.4189835786819458,
      0.3465886414051056,
      0.3291308283805847,
      0.4854663908481598,
      0.3686651587486267,
      0.32070788741111755,
      0.2426307648420334,
      0.36464911699295044
    ],
    [
      0.6045358180999756,
      0.49341654777526855,
      1.0,
      0.650505781173706,
      0.282734751701355,
      0.2790393829345703,
      0.27162066102027893,
      0.25264352560043335,
      0.35877904295921326,
      0.3405293822288513,
      0.319316565990448,
      0.33195245265960693,
      0.2144312858581543,
      0.26296934485435486,
      0.13232074677944183,
      0.2490842640399933
    ],
    [
      0.5242634415626526,
      0.48410966992378235,
      0.650505781173706,
      1.0,
      0.3507143557071686,
      0.2621113657951355,
      0.28517863154411316,
      0.14928533136844635,
      0.38287660479545593,
      0.28740194439888,
      0.3256739675998688,
      0.28424960374832153,
      0.24749760329723358,
      0.2494024634361267,
      0.17022328078746796,
      0.23651981353759766
    ],
    [
      0.35148876905441284,
      0.4148139953613281,
      0.282734751701355,
      0.3507143557071686,
      1.0,
      0.3485104739665985,
      0.3863926827907562,
      0.2364528328180313,
      0.4122698903083801,
      0.4965038299560547,
      0.49064746499061584,
      0.5075402855873108,
      0.5382469296455383,
      0.36492952704429626,
      0.5045644640922546,
      0.4118780195713043
    ],
    [
      0.42984625697135925,
      0.34088245034217834,
      0.2790393829345703,
      0.2621113657951355,
      0.3485104739665985,
      1.0,
      0.40275272727012634,
      0.6270250678062439,
      0.2837948203086853,
      0.35025131702423096,
      0.2876342236995697,
      0.3889900743961334,
      0.3550306558609009,
      0.2931372821331024,
      0.24526019394397736,
      0.2874426245689392
    ],
    [
      0.3673214018344879,
      0.3256949782371521,
      0.27162066102027893,
      0.28517863154411316,
      0.3863926827907562,
      0.40275272727012634,
      0.9999999403953552,
      0.42015713453292847,
      0.42129918932914734,
      0.33087411522865295,
      0.3339066207408905,
      0.4097996652126312,
      0.29640039801597595,
      0.3930811583995819,
      0.25213852524757385,
      0.3029360771179199
    ],
    [
      0.3130701184272766,
      0.2228153496980667,
      0.25264352560043335,
      0.14928533136844635,
      0.2364528328180313,
      0.6270250678062439,
      0.42015713453292847,
      1.0,
      0.2615784704685211,
      0.3189169764518738,
      0.23667368292808533,
      0.3206401765346527,
      0.21669043600559235,
      0.2705167233943939,
      0.117091104388237,
      0.14456269145011902
    ],
    [
      0.39793768525123596,
      0.4189835786819458,
      0.35877904295921326,
      0.38287660479545593,
      0.4122698903083801,
      0.2837948203086853,
      0.42129918932914734,
      0.2615784704685211,
      1.0,
      0.394745409488678,
      0.4411267936229706,
      0.41817671060562134,
      0.34852686524391174,
      0.3622116446495056,
      0.279390424489975,
      0.3402477204799652
    ],
    [
      0.6006228923797607,
      0.3465886414051056,
      0.3405293822288513,
      0.28740194439888,
      0.4965038299560547,
      0.35025131702423096,
      0.33087411522865295,
      0.3189169764518738,
      0.394745409488678,
      1.0,
      0.5674285888671875,
      0.49677133560180664,
      0.5009238123893738,
      0.2976093292236328,
      0.42892783880233765,
      0.39490264654159546
    ],
    [
      0.38065415620803833,
      0.3291308283805847,
      0.319316565990448,
      0.3256739675998688,
      0.49064746499061584,
      0.2876342236995697,
      0.3339066207408905,
      0.23667368292808533,
      0.4411267936229706,
      0.5674285888671875,
      1.0,
      0.40219444036483765,
      0.400962769985199,
      0.33216556906700134,
      0.37311530113220215,
      0.41777893900871277
    ],
    [
      0.4256051480770111,
      0.4854663908481598,
      0.33195245265960693,
      0.28424960374832153,
      0.5075402855873108,
      0.3889900743961334,
      0.4097996652126312,
      0.3206401765346527,
      0.41817671060562134,
      0.49677133560180664,
      0.40219444036483765,
      1.0,
      0.49246370792388916,
      0.27390190958976746,
      0.3223649561405182,
      0.3446098268032074
    ],
    [
      0.3314192593097687,
      0.3686651587486267,
      0.2144312858581543,
      0.24749760329723358,
      0.5382469296455383,
      0.3550306558609009,
      0.29640039801597595,
      0.21669043600559235,
      0.34852686524391174,
      0.5009238123893738,
      0.400962769985199,
      0.49246370792388916,
      0.9999999403953552,
      0.3561067283153534,
      0.6413282752037048,
      0.42927587032318115
    ],
    [
      0.3220101296901703,
      0.32070788741111755,
      0.26296934485435486,
      0.2494024634361267,
      0.36492952704429626,
      0.2931372821331024,
      0.3930811583995819,
      0.2705167233943939,
      0.3622116446495056,
      0.2976093292236328,
      0.33216556906700134,
      0.27390190958976746,
      0.3561067283153534,
      1.0,
      0.41730165481567383,
      0.45908576250076294
    ],
    [
      0.2593154013156891,
      0.2426307648420334,
      0.13232074677944183,
      0.17022328078746796,
      0.5045644640922546,
      0.24526019394397736,
      0.25213852524757385,
      0.117091104388237,
      0.279390424489975,
      0.42892783880233765,
      0.37311530113220215,
      0.3223649561405182,
      0.6413282752037048,
      0.41730165481567383,
      1.0,
      0.4205334782600403
    ],
    [
      0.3513536751270294,
      0.36464911699295044,
      0.2490842640399933,
      0.23651981353759766,
      0.4118780195713043,
      0.2874426245689392,
      0.3029360771179199,
      0.14456269145011902,
      0.3402477204799652,
      0.39490264654159546,
      0.41777893900871277,
      0.3446098268032074,
      0.42927587032318115,
      0.45908576250076294,
      0.4205334782600403,
      0.9999999403953552
    ]
  ]
}