{"game_number":234,"words":["BEDROOM","DEN","KITCHEN","STUDY","ATOLL","BAR","ISLAND","KEY","CRAM","JAM","PACK","STUFF","BAG","COUNTER","DIP","SPROUT"],"adjacency_matrix":[[1.0,0.43769362568855286,0.7049062848091125,0.3859305679798126,0.2674151360988617,0.3472951650619507,0.38607561588287354,0.3215714693069458,0.3430173993110657,0.23394803702831268,0.3517090976238251,0.33947086334228516,0.42666757106781006,0.3777693808078766,0.2621709704399109,0.24215291440486908],[0.43769362568855286,1.0,0.3989628255367279,0.2869671881198883,0.22977608442306519,0.32344210147857666,0.3021547198295593,0.19955390691757202,0.28165963292121887,0.27899429202079773,0.41774576902389526,0.27622178196907043,0.38505497574806213,0.3632384240627289,0.2818514406681061,0.3200351893901825],[0.7049062848091125,0.3989628255367279,1.0,0.34199315309524536,0.2854914367198944,0.4138660132884979,0.381788969039917,0.3264618217945099,0.32712915539741516,0.3237222731113434,0.3740949332714081,0.3840397596359253,0.43290892243385315,0.4568280875682831,0.3515552580356598,0.32225334644317627],[0.3859305679798126,0.2869671881198883,0.34199315309524536,1.0,0.2781204283237457,0.2408050000667572,0.28907814621925354,0.36816614866256714,0.3197052478790283,0.15033920109272003,0.38610270619392395,0.38168269395828247,0.31574976444244385,0.4086107313632965,0.2842496931552887,0.2860664129257202],[0.2674151360988617,0.22977608442306519,0.2854914367198944,0.2781204283237457,1.0,0.23789441585540771,0.6843979954719543,0.24248623847961426,0.2116985321044922,0.1322145313024521,0.2348051816225052,0.2207878828048706,0.248490571975708,0.3212844431400299,0.26437506079673767,0.20210742950439453],[0.3472951650619507,0.32344210147857666,0.4138660132884979,0.2408050000667572,0.23789441585540771,1.0,0.27735450863838196,0.3576953709125519,0.2516888678073883,0.288318008184433,0.3131493330001831,0.29476219415664673,0.3192255198955536,0.4373582899570465,0.338843435049057,0.23255227506160736],[0.38607561588287354,0.3021547198295593,0.381788969039917,0.28907814621925354,0.6843979954719543,0.27735450863838196,1.0,0.27467548847198486,0.26859956979751587,0.2123449593782425,0.3118365406990051,0.2712179720401764,0.30779874324798584,0.3001057505607605,0.24578967690467834,0.2786732614040375],[0.3215714693069458,0.19955390691757202,0.3264618217945099,0.36816614866256714,0.24248623847961426,0.3576953709125519,0.27467548847198486,1.0,0.18670210242271423,0.24419373273849487,0.3689732849597931,0.41756579279899597,0.36418700218200684,0.41317781805992126,0.25579899549484253,0.28475049138069153],[0.3430173993110657,0.28165963292121887,0.32712915539741516,0.3197052478790283,0.2116985321044922,0.2516888678073883,0.26859956979751587,0.18670210242271423,1.0,0.3990360200405121,0.48229798674583435,0.3622111976146698,0.39812561869621277,0.28814348578453064,0.2692616581916809,0.2919861972332001],[0.23394803702831268,0.27899429202079773,0.3237222731113434,0.15033920109272003,0.1322145313024521,0.288318008184433,0.2123449593782425,0.24419373273849487,0.3990360200405121,1.0,0.3907833993434906,0.3580784797668457,0.40863651037216187,0.3070095181465149,0.3802459239959717,0.29962971806526184],[0.3517090976238251,0.41774576902389526,0.3740949332714081,0.38610270619392395,0.2348051816225052,0.3131493330001831,0.3118365406990051,0.3689732849597931,0.48229798674583435,0.3907833993434906,1.0,0.45810481905937195,0.644250214099884,0.4411492347717285,0.3510650396347046,0.35656505823135376],[0.33947086334228516,0.27622178196907043,0.3840397596359253,0.38168269395828247,0.2207878828048706,0.29476219415664673,0.2712179720401764,0.41756579279899597,0.3622111976146698,0.3580784797668457,0.45810481905937195,1.0,0.48167750239372253,0.3925950825214386,0.2956567108631134,0.37052178382873535],[0.42666757106781006,0.38505497574806213,0.43290892243385315,0.31574976444244385,0.248490571975708,0.3192255198955536,0.30779874324798584,0.36418700218200684,0.39812561869621277,0.40863651037216187,0.644250214099884,0.48167750239372253,0.9999999403953552,0.4270009398460388,0.4039432108402252,0.35934168100357056],[0.3777693808078766,0.3632384240627289,0.4568280875682831,0.4086107313632965,0.3212844431400299,0.4373582899570465,0.3001057505607605,0.41317781805992126,0.28814348578453064,0.3070095181465149,0.4411492347717285,0.3925950825214386,0.4270009398460388,1.0,0.3945869207382202,0.36396586894989014],[0.2621709704399109,0.2818514406681061,0.3515552580356598,0.2842496931552887,0.26437506079673767,0.338843435049057,0.24578967690467834,0.25579899549484253,0.2692616581916809,0.3802459239959717,0.3510650396347046,0.2956567108631134,0.4039432108402252,0.3945869207382202,1.0,0.37652119994163513],[0.24215291440486908,0.3200351893901825,0.32225334644317627,0.2860664129257202,0.20210742950439453,0.23255227506160736,0.2786732614040375,0.28475049138069153,0.2919861972332001,0.29962971806526184,0.35656505823135376,0.37052178382873535,0.35934168100357056,0.36396586894989014,0.37652119994163513,0.9999999403953552]]}