{"game_number":335,"words":["ALTAR","RELIQUARY","SHRINE","TEMPLE","FELIX","GARFIELD","SYLVESTER","TOM","CALVIN","CHESTER","GROVER","HARRY","ABBEY","HIGH","ROCKY","SILK"],"adjacency_matrix":[[1.0,0.5353564620018005,0.5955131649971008,0.5889638066291809,0.2817826569080353,0.33631882071495056,0.299060583114624,0.30951085686683655,0.25299060344696045,0.33539918065071106,0.34312793612480164,0.22825266420841217,0.42758679389953613,0.3736705780029297,0.2980053424835205,0.3152121603488922],[0.5353564620018005,1.0,0.618860125541687,0.4649088978767395,0.31339728832244873,0.3056739568710327,0.31691986322402954,0.26865047216415405,0.23603667318820953,0.3754667639732361,0.32083365321159363,0.19578053057193756,0.47801655530929565,0.33952197432518005,0.21928367018699646,0.3773637115955353],[0.5955131649971008,0.618860125541687,1.0,0.7314698100090027,0.27884727716445923,0.38739725947380066,0.3312552869319916,0.261129230260849,0.3005451261997223,0.39706116914749146,0.441349059343338,0.28429943323135376,0.4858453571796417,0.41334661841392517,0.32174235582351685,0.3700904846191406],[0.5889638066291809,0.4649088978767395,0.7314698100090027,1.0,0.27385279536247253,0.4105467200279236,0.33282265067100525,0.2961309254169464,0.2882750332355499,0.4137379825115204,0.5010389089584351,0.2708851993083954,0.42948853969573975,0.37421029806137085,0.32921871542930603,0.3538566827774048],[0.2817826569080353,0.31339728832244873,0.27884727716445923,0.27385279536247253,0.9999999403953552,0.5144940614700317,0.5110234022140503,0.4952995777130127,0.47569388151168823,0.5087236166000366,0.5055029988288879,0.41742175817489624,0.2942073345184326,0.19964121282100677,0.36225610971450806,0.2778140902519226],[0.33631882071495056,0.3056739568710327,0.38739725947380066,0.4105467200279236,0.5144940614700317,1.0,0.5700267553329468,0.5130457282066345,0.587788462638855,0.6670690178871155,0.6678060293197632,0.502284824848175,0.3087909519672394,0.3375508487224579,0.35823705792427063,0.35444438457489014],[0.299060583114624,0.31691986322402954,0.3312552869319916,0.33282265067100525,0.5110234022140503,0.5700267553329468,0.9999999403953552,0.472900390625,0.5677439570426941,0.5789999961853027,0.5735523104667664,0.4089021384716034,0.3412202298641205,0.2852087616920471,0.3292466700077057,0.3158670663833618],[0.30951085686683655,0.26865047216415405,0.261129230260849,0.2961309254169464,0.4952995777130127,0.5130457282066345,0.472900390625,1.0,0.5069412589073181,0.5315266847610474,0.4922318756580353,0.6058907508850098,0.22149771451950073,0.28657907247543335,0.26139047741889954,0.26515671610832214],[0.25299060344696045,0.23603667318820953,0.3005451261997223,0.2882750332355499,0.47569388151168823,0.587788462638855,0.5677439570426941,0.5069412589073181,1.0,0.5422640442848206,0.5410759449005127,0.48369190096855164,0.3884648084640503,0.2941593527793884,0.37269067764282227,0.28502190113067627],[0.33539918065071106,0.3754667639732361,0.39706116914749146,0.4137379825115204,0.5087236166000366,0.6670690178871155,0.5789999961853027,0.5315266847610474,0.5422640442848206,0.9999999403953552,0.5730035305023193,0.5468676090240479,0.39167341589927673,0.40244755148887634,0.40310460329055786,0.32736197113990784],[0.34312793612480164,0.32083365321159363,0.441349059343338,0.5010389089584351,0.5055029988288879,0.6678060293197632,0.5735523104667664,0.4922318756580353,0.5410759449005127,0.5730035305023193,1.0,0.4490933120250702,0.3296419084072113,0.3839370608329773,0.38949117064476013,0.3614635169506073],[0.22825266420841217,0.19578053057193756,0.28429943323135376,0.2708851993083954,0.41742175817489624,0.502284824848175,0.4089021384716034,0.6058907508850098,0.48369190096855164,0.5468676090240479,0.4490933120250702,1.0,0.27258700132369995,0.2689479887485504,0.30794966220855713,0.2931893467903137],[0.42758679389953613,0.47801655530929565,0.4858453571796417,0.42948853969573975,0.2942073345184326,0.3087909519672394,0.3412202298641205,0.22149771451950073,0.3884648084640503,0.39167341589927673,0.3296419084072113,0.27258700132369995,0.9999999403953552,0.24281710386276245,0.2924225628376007,0.308574914932251],[0.3736705780029297,0.33952197432518005,0.41334661841392517,0.37421029806137085,0.19964121282100677,0.3375508487224579,0.2852087616920471,0.28657907247543335,0.2941593527793884,0.40244755148887634,0.3839370608329773,0.2689479887485504,0.24281710386276245,1.0,0.4800421893596649,0.3015890419483185],[0.2980053424835205,0.21928367018699646,0.32174235582351685,0.32921871542930603,0.36225610971450806,0.35823705792427063,0.3292466700077057,0.26139047741889954,0.37269067764282227,0.40310460329055786,0.38949117064476013,0.30794966220855713,0.2924225628376007,0.4800421893596649,1.0,0.26260989904403687],[0.3152121603488922,0.3773637115955353,0.3700904846191406,0.3538566827774048,0.2778140902519226,0.35444438457489014,0.3158670663833618,0.26515671610832214,0.28502190113067627,0.32736197113990784,0.3614635169506073,0.2931893467903137,0.308574914932251,0.3015890419483185,0.26260989904403687,0.9999999403953552]]}