{"game_number":140,"words":["COLLECTIVE","COMMON","JOINT","MUTUAL","CLEAR","DRAIN","EMPTY","FLUSH","CIGARETTE","PENCIL","TICKET","TOE","AMERICAN","FEVER","LUCID","PIPE"],"adjacency_matrix":[[1.0,0.5480841994285583,0.5606915950775146,0.5734806060791016,0.37194833159446716,0.35804998874664307,0.3729667365550995,0.3141671121120453,0.267733097076416,0.2687060534954071,0.35598742961883545,0.24789072573184967,0.35428357124328613,0.23304906487464905,0.3081940710544586,0.3117782175540924],[0.5480841994285583,1.0,0.5095944404602051,0.5459184050559998,0.5694789886474609,0.3595442473888397,0.43879228830337524,0.40857627987861633,0.2302798628807068,0.26126205921173096,0.3269181251525879,0.23391836881637573,0.38298434019088745,0.33365654945373535,0.3248995840549469,0.3327672481536865],[0.5606915950775146,0.5095944404602051,1.0,0.5490851402282715,0.300790935754776,0.2932605445384979,0.30968236923217773,0.36446747183799744,0.3757736086845398,0.33039429783821106,0.3851069509983063,0.43281126022338867,0.3006134033203125,0.22775042057037354,0.1854563057422638,0.42577263712882996],[0.5734806060791016,0.5459184050559998,0.5490851402282715,1.0,0.38082703948020935,0.27017688751220703,0.2921605706214905,0.3108431100845337,0.2193867266178131,0.15241101384162903,0.3032068610191345,0.13937462866306305,0.29905059933662415,0.23479031026363373,0.2740766108036041,0.2326485514640808],[0.37194833159446716,0.5694789886474609,0.300790935754776,0.38082703948020935,1.0,0.3637477457523346,0.4703274965286255,0.44048452377319336,0.19662360846996307,0.30734607577323914,0.29864126443862915,0.24113017320632935,0.22759288549423218,0.26145702600479126,0.5468336343765259,0.3159136474132538],[0.35804998874664307,0.3595442473888397,0.2932605445384979,0.27017688751220703,0.3637477457523346,0.9999999403953552,0.4551539719104767,0.6260558366775513,0.2692737281322479,0.28867673873901367,0.2853774428367615,0.36612045764923096,0.24764183163642883,0.33801960945129395,0.15598879754543304,0.48702460527420044],[0.3729667365550995,0.43879228830337524,0.30968236923217773,0.2921605706214905,0.4703274965286255,0.4551539719104767,1.0000001192092896,0.47548967599868774,0.2901569604873657,0.29973286390304565,0.3344612419605255,0.21477657556533813,0.2589607834815979,0.24421606957912445,0.2743305265903473,0.3977009356021881],[0.3141671121120453,0.40857627987861633,0.36446747183799744,0.3108431100845337,0.44048452377319336,0.6260558366775513,0.47548967599868774,1.0,0.31089943647384644,0.3538866639137268,0.34756845235824585,0.37934479117393494,0.3075892925262451,0.35322698950767517,0.27545082569122314,0.4723614454269409],[0.267733097076416,0.2302798628807068,0.3757736086845398,0.2193867266178131,0.19662360846996307,0.2692737281322479,0.2901569604873657,0.31089943647384644,0.9999999403953552,0.402468204498291,0.34804484248161316,0.2867461144924164,0.2648555636405945,0.23377682268619537,0.19259358942508698,0.5194858908653259],[0.2687060534954071,0.26126205921173096,0.33039429783821106,0.15241101384162903,0.30734607577323914,0.28867673873901367,0.29973286390304565,0.3538866639137268,0.402468204498291,1.0,0.3256910741329193,0.38144704699516296,0.1835954636335373,0.3084762692451477,0.2534216344356537,0.3612804710865021],[0.35598742961883545,0.3269181251525879,0.3851069509983063,0.3032068610191345,0.29864126443862915,0.2853774428367615,0.3344612419605255,0.34756845235824585,0.34804484248161316,0.3256910741329193,0.9999999403953552,0.27821826934814453,0.23292529582977295,0.3366124629974365,0.16789881885051727,0.3356195092201233],[0.24789072573184967,0.23391836881637573,0.43281126022338867,0.13937462866306305,0.24113017320632935,0.36612045764923096,0.21477657556533813,0.37934479117393494,0.2867461144924164,0.38144704699516296,0.27821826934814453,0.9999999403953552,0.21832911670207977,0.24583062529563904,0.11417756229639053,0.40809231996536255],[0.35428357124328613,0.38298434019088745,0.3006134033203125,0.29905059933662415,0.22759288549423218,0.24764183163642883,0.2589607834815979,0.3075892925262451,0.2648555636405945,0.1835954636335373,0.23292529582977295,0.21832911670207977,1.0,0.22386881709098816,0.23747894167900085,0.24143622815608978],[0.23304906487464905,0.33365654945373535,0.22775042057037354,0.23479031026363373,0.26145702600479126,0.33801960945129395,0.24421606957912445,0.35322698950767517,0.23377682268619537,0.3084762692451477,0.3366124629974365,0.24583062529563904,0.22386881709098816,1.0,0.22107556462287903,0.21213661134243011],[0.3081940710544586,0.3248995840549469,0.1854563057422638,0.2740766108036041,0.5468336343765259,0.15598879754543304,0.2743305265903473,0.27545082569122314,0.19259358942508698,0.2534216344356537,0.16789881885051727,0.11417756229639053,0.23747894167900085,0.22107556462287903,1.0,0.18556427955627441],[0.3117782175540924,0.3327672481536865,0.42577263712882996,0.2326485514640808,0.3159136474132538,0.48702460527420044,0.3977009356021881,0.4723614454269409,0.5194858908653259,0.3612804710865021,0.3356195092201233,0.40809231996536255,0.24143622815608978,0.21213661134243011,0.18556427955627441,1.0]]}