{"game_number":193,"words":["CHARM","CURSE","HEX","SPELL","FLUE","GRATE","LOG","POKER","CARDS","CHIPS","DICE","SLOTS","CRUMBLE","MELT","SHRED","SLICE"],"adjacency_matrix":[[1.0,0.4238041937351227,0.20559370517730713,0.44735637307167053,0.29172027111053467,0.42313656210899353,0.18165305256843567,0.2526400089263916,0.3005801737308502,0.26523348689079285,0.23844267427921295,0.23301856219768524,0.29532530903816223,0.3425986170768738,0.3652157783508301,0.3559747636318207],[0.4238041937351227,1.0,0.3194904923439026,0.5572905540466309,0.324481338262558,0.38527652621269226,0.27520638704299927,0.2860702872276306,0.28768211603164673,0.2698959410190582,0.26913225650787354,0.15503168106079102,0.4108952581882477,0.378865510225296,0.2534468472003937,0.2877398133277893],[0.20559370517730713,0.3194904923439026,1.0,0.3997168242931366,0.1911110281944275,0.127134770154953,0.23537975549697876,0.23886293172836304,0.32914528250694275,0.3107835650444031,0.33730536699295044,0.2357846200466156,0.14983732998371124,0.17509886622428894,0.188134104013443,0.27873191237449646],[0.44735637307167053,0.5572905540466309,0.3997168242931366,1.0,0.3373250663280487,0.3971515893936157,0.31783202290534973,0.26211726665496826,0.42001399397850037,0.22059334814548492,0.32835111021995544,0.1991661936044693,0.39541304111480713,0.3973930776119232,0.32542160153388977,0.2844967246055603],[0.29172027111053467,0.324481338262558,0.1911110281944275,0.3373250663280487,1.0,0.5260418653488159,0.24474723637104034,0.28408464789390564,0.2723333537578583,0.2809554636478424,0.19290104508399963,0.2505934536457062,0.23435474932193756,0.3788132667541504,0.22443777322769165,0.3048190474510193],[0.42313656210899353,0.38527652621269226,0.127134770154953,0.3971515893936157,0.5260418653488159,1.0,0.3383212089538574,0.2963694930076599,0.305040180683136,0.3801405727863312,0.29227903485298157,0.27561986446380615,0.5013998746871948,0.5108514428138733,0.3828568160533905,0.4167083203792572],[0.18165305256843567,0.27520638704299927,0.23537975549697876,0.31783202290534973,0.24474723637104034,0.3383212089538574,1.0,0.2391764223575592,0.2839706540107727,0.283510684967041,0.2121638059616089,0.2341051995754242,0.23450225591659546,0.23684710264205933,0.30483296513557434,0.286087304353714],[0.2526400089263916,0.2860702872276306,0.23886293172836304,0.26211726665496826,0.28408464789390564,0.2963694930076599,0.2391764223575592,1.0,0.49679064750671387,0.43128007650375366,0.5382828712463379,0.3930935561656952,0.2364293932914734,0.2488640695810318,0.18412697315216064,0.3511660397052765],[0.3005801737308502,0.28768211603164673,0.32914528250694275,0.42001399397850037,0.2723333537578583,0.305040180683136,0.2839706540107727,0.49679064750671387,1.0,0.5902789831161499,0.5392902493476868,0.518669843673706,0.3185694217681885,0.23470482230186462,0.3503665626049042,0.32461273670196533],[0.26523348689079285,0.2698959410190582,0.3107835650444031,0.22059334814548492,0.2809554636478424,0.3801405727863312,0.283510684967041,0.43128007650375366,0.5902789831161499,1.0,0.4711396098136902,0.4624142646789551,0.39961472153663635,0.40816107392311096,0.35296735167503357,0.4867900311946869],[0.23844267427921295,0.26913225650787354,0.33730536699295044,0.32835111021995544,0.19290104508399963,0.29227903485298157,0.2121638059616089,0.5382828712463379,0.5392902493476868,0.4711396098136902,1.0,0.37656113505363464,0.3353433907032013,0.29697948694229126,0.26325446367263794,0.5378264784812927],[0.23301856219768524,0.15503168106079102,0.2357846200466156,0.1991661936044693,0.2505934536457062,0.27561986446380615,0.2341051995754242,0.3930935561656952,0.518669843673706,0.4624142646789551,0.37656113505363464,0.9999999403953552,0.1676686406135559,0.2016834318637848,0.22996047139167786,0.41619059443473816],[0.29532530903816223,0.4108952581882477,0.14983732998371124,0.39541304111480713,0.23435474932193756,0.5013998746871948,0.23450225591659546,0.2364293932914734,0.3185694217681885,0.39961472153663635,0.3353433907032013,0.1676686406135559,1.0,0.5467227697372437,0.43471500277519226,0.4063985347747803],[0.3425986170768738,0.378865510225296,0.17509886622428894,0.3973930776119232,0.3788132667541504,0.5108514428138733,0.23684710264205933,0.2488640695810318,0.23470482230186462,0.40816107392311096,0.29697948694229126,0.2016834318637848,0.5467227697372437,1.0,0.3503851890563965,0.41087743639945984],[0.3652157783508301,0.2534468472003937,0.188134104013443,0.32542160153388977,0.22443777322769165,0.3828568160533905,0.30483296513557434,0.18412697315216064,0.3503665626049042,0.35296735167503357,0.26325446367263794,0.22996047139167786,0.43471500277519226,0.3503851890563965,1.0,0.46151605248451233],[0.3559747636318207,0.2877398133277893,0.27873191237449646,0.2844967246055603,0.3048190474510193,0.4167083203792572,0.286087304353714,0.3511660397052765,0.32461273670196533,0.4867900311946869,0.5378264784812927,0.41619059443473816,0.4063985347747803,0.41087743639945984,0.46151605248451233,1.0]]}