{"game_number":65,"words":["GRIDDLE","KETTLE","PAN","POT","FRILL","FRINGE","RUFFLE","TRIM","LAY","PLACE","PUT","SET","GEEZ","SEIZE","TEASE","WISE"],"adjacency_matrix":[[0.9999999403953552,0.44101381301879883,0.5264087915420532,0.4687175750732422,0.3899649381637573,0.255862295627594,0.2648760974407196,0.26388466358184814,0.4374327063560486,0.3454165756702423,0.30795225501060486,0.4020129442214966,0.19041350483894348,0.22597379982471466,0.2795785069465637,0.2061019241809845],[0.44101381301879883,1.0,0.5071269273757935,0.6701842546463013,0.3192419111728668,0.2935772240161896,0.2655753195285797,0.22108998894691467,0.2897193729877472,0.33001914620399475,0.3097820580005646,0.3012555241584778,0.22543928027153015,0.2791355848312378,0.21415366232395172,0.26828524470329285],[0.5264087915420532,0.5071269273757935,1.0,0.6092371344566345,0.31908559799194336,0.31978753209114075,0.33101412653923035,0.34557512402534485,0.40956535935401917,0.371250182390213,0.3471919596195221,0.3830225467681885,0.17005068063735962,0.3107772469520569,0.34069186449050903,0.29224392771720886],[0.4687175750732422,0.6701842546463013,0.6092371344566345,1.0,0.32285887002944946,0.3622782528400421,0.2788633108139038,0.33243328332901,0.35245761275291443,0.4321267306804657,0.3976992070674896,0.3762332797050476,0.21786023676395416,0.2861447036266327,0.2798821032047272,0.32123270630836487],[0.3899649381637573,0.3192419111728668,0.31908559799194336,0.32285887002944946,1.0,0.47107619047164917,0.5228145718574524,0.5061120390892029,0.3968067169189453,0.36815038323402405,0.37560081481933594,0.3411957025527954,0.2202548086643219,0.2534022331237793,0.44194039702415466,0.3378733694553375],[0.255862295627594,0.2935772240161896,0.31978753209114075,0.3622782528400421,0.47107619047164917,1.0,0.357215017080307,0.3686876893043518,0.3824176490306854,0.37361350655555725,0.27502283453941345,0.33017536997795105,0.2770709693431854,0.23795175552368164,0.2891661524772644,0.3248402178287506],[0.2648760974407196,0.2655753195285797,0.33101412653923035,0.2788633108139038,0.5228145718574524,0.357215017080307,1.0,0.43847835063934326,0.3667241930961609,0.22526799142360687,0.27259454131126404,0.23800532519817352,0.23102156817913055,0.31013184785842896,0.47647660970687866,0.28039342164993286],[0.26388466358184814,0.22108998894691467,0.34557512402534485,0.33243328332901,0.5061120390892029,0.3686876893043518,0.43847835063934326,1.0,0.3946321904659271,0.3391565978527069,0.4344927966594696,0.41037479043006897,0.22581073641777039,0.33640536665916443,0.42177364230155945,0.42874398827552795],[0.4374327063560486,0.2897193729877472,0.40956535935401917,0.35245761275291443,0.3968067169189453,0.3824176490306854,0.3667241930961609,0.3946321904659271,1.0,0.5436990261077881,0.589812159538269,0.5567886233329773,0.18480439484119415,0.4885757267475128,0.43203654885292053,0.4175851345062256],[0.3454165756702423,0.33001914620399475,0.371250182390213,0.4321267306804657,0.36815038323402405,0.37361350655555725,0.22526799142360687,0.3391565978527069,0.5436990261077881,1.0,0.6825529336929321,0.5607496500015259,0.20727306604385376,0.5124393701553345,0.3391403257846832,0.43851396441459656],[0.30795225501060486,0.3097820580005646,0.3471919596195221,0.3976992070674896,0.37560081481933594,0.27502283453941345,0.27259454131126404,0.4344927966594696,0.589812159538269,0.6825529336929321,1.0,0.620520293712616,0.2463190257549286,0.5650711059570312,0.40210890769958496,0.4069998562335968],[0.4020129442214966,0.3012555241584778,0.3830225467681885,0.3762332797050476,0.3411957025527954,0.33017536997795105,0.23800532519817352,0.41037479043006897,0.5567886233329773,0.5607496500015259,0.620520293712616,1.0,0.11333932727575302,0.44051727652549744,0.41128936409950256,0.3972334563732147],[0.19041350483894348,0.22543928027153015,0.17005068063735962,0.21786023676395416,0.2202548086643219,0.2770709693431854,0.23102156817913055,0.22581073641777039,0.18480439484119415,0.20727306604385376,0.2463190257549286,0.11333932727575302,1.0,0.13444311916828156,0.2875721752643585,0.3388306498527527],[0.22597379982471466,0.2791355848312378,0.3107772469520569,0.2861447036266327,0.2534022331237793,0.23795175552368164,0.31013184785842896,0.33640536665916443,0.4885757267475128,0.5124393701553345,0.5650711059570312,0.44051727652549744,0.13444311916828156,1.0,0.3700888752937317,0.2702268064022064],[0.2795785069465637,0.21415366232395172,0.34069186449050903,0.2798821032047272,0.44194039702415466,0.2891661524772644,0.47647660970687866,0.42177364230155945,0.43203654885292053,0.3391403257846832,0.40210890769958496,0.41128936409950256,0.2875721752643585,0.3700888752937317,1.0,0.3812216520309448],[0.2061019241809845,0.26828524470329285,0.29224392771720886,0.32123270630836487,0.3378733694553375,0.3248402178287506,0.28039342164993286,0.42874398827552795,0.4175851345062256,0.43851396441459656,0.4069998562335968,0.3972334563732147,0.3388306498527527,0.2702268064022064,0.3812216520309448,1.0]]}