{"game_number":114,"words":["BOIL","FRY","POACH","SCRAMBLE","BUZZ","KICK","RUSH","THRILL","AXE","DART","HORSESHOE","RING","BODY","BUBBLE","GIFT","SHRINK"],"adjacency_matrix":[[1.0,0.46452799439430237,0.4319160580635071,0.3624170124530792,0.3349078297615051,0.4284707009792328,0.42988839745521545,0.3097033202648163,0.3366735875606537,0.35619616508483887,0.2296610027551651,0.29812583327293396,0.3190944790840149,0.4711250364780426,0.18985843658447266,0.414959192276001],[0.46452799439430237,1.0,0.45280376076698303,0.32184940576553345,0.26464176177978516,0.2937500774860382,0.25063616037368774,0.2449362874031067,0.18500131368637085,0.35942769050598145,0.24787010252475739,0.19396936893463135,0.24278435111045837,0.3013942241668701,0.1646009385585785,0.3218301236629486],[0.4319160580635071,0.45280376076698303,1.0,0.41652044653892517,0.29988592863082886,0.3348904252052307,0.37659916281700134,0.28127333521842957,0.35556554794311523,0.3927798569202423,0.24224717915058136,0.22949418425559998,0.23508086800575256,0.22791753709316254,0.24317201972007751,0.34204405546188354],[0.3624170124530792,0.32184940576553345,0.41652044653892517,1.0,0.44225892424583435,0.5258476138114929,0.6386982798576355,0.40160703659057617,0.34454765915870667,0.4165172576904297,0.2761048674583435,0.3457363247871399,0.2830107808113098,0.36406347155570984,0.29996734857559204,0.36306047439575195],[0.3349078297615051,0.26464176177978516,0.29988592863082886,0.44225892424583435,1.0,0.43231523036956787,0.5054085850715637,0.49706098437309265,0.24392169713974,0.3851487934589386,0.2225932478904724,0.35960257053375244,0.26017698645591736,0.4664044678211212,0.3196895718574524,0.284701943397522],[0.4284707009792328,0.2937500774860382,0.3348904252052307,0.5258476138114929,0.43231523036956787,1.0,0.5184367895126343,0.4297563433647156,0.3841153085231781,0.4938562512397766,0.3112195134162903,0.3937384784221649,0.344857782125473,0.36685454845428467,0.37536564469337463,0.33362290263175964],[0.42988839745521545,0.25063616037368774,0.37659916281700134,0.6386982798576355,0.5054085850715637,0.5184367895126343,1.0,0.46803393959999084,0.3444366455078125,0.4290541708469391,0.20747728645801544,0.33747920393943787,0.32422056794166565,0.4754153788089752,0.38757070899009705,0.3445258140563965],[0.3097033202648163,0.2449362874031067,0.28127333521842957,0.40160703659057617,0.49706098437309265,0.4297563433647156,0.46803393959999084,1.0,0.27099236845970154,0.35675227642059326,0.2317560762166977,0.3429296314716339,0.24236783385276794,0.317300021648407,0.3963644206523895,0.32483652234077454],[0.3366735875606537,0.18500131368637085,0.35556554794311523,0.34454765915870667,0.24392169713974,0.3841153085231781,0.3444366455078125,0.27099236845970154,1.0,0.38475000858306885,0.28488361835479736,0.28909918665885925,0.2619524598121643,0.15099698305130005,0.2716512084007263,0.26139628887176514],[0.35619616508483887,0.35942769050598145,0.3927798569202423,0.4165172576904297,0.3851487934589386,0.4938562512397766,0.4290541708469391,0.35675227642059326,0.38475000858306885,1.0,0.44109171628952026,0.3830964267253876,0.38432422280311584,0.3551599681377411,0.32942697405815125,0.31474554538726807],[0.2296610027551651,0.24787010252475739,0.24224717915058136,0.2761048674583435,0.2225932478904724,0.3112195134162903,0.20747728645801544,0.2317560762166977,0.28488361835479736,0.44109171628952026,1.0000001192092896,0.4870032072067261,0.32013455033302307,0.34119510650634766,0.3679817020893097,0.25432994961738586],[0.29812583327293396,0.19396936893463135,0.22949418425559998,0.3457363247871399,0.35960257053375244,0.3937384784221649,0.33747920393943787,0.3429296314716339,0.28909918665885925,0.3830964267253876,0.4870032072067261,1.0,0.39109086990356445,0.40993303060531616,0.4024154543876648,0.3420861065387726],[0.3190944790840149,0.24278435111045837,0.23508086800575256,0.2830107808113098,0.26017698645591736,0.344857782125473,0.32422056794166565,0.24236783385276794,0.2619524598121643,0.38432422280311584,0.32013455033302307,0.39109086990356445,1.0,0.29500412940979004,0.3363054692745209,0.3765694797039032],[0.4711250364780426,0.3013942241668701,0.22791753709316254,0.36406347155570984,0.4664044678211212,0.36685454845428467,0.4754153788089752,0.317300021648407,0.15099698305130005,0.3551599681377411,0.34119510650634766,0.40993303060531616,0.29500412940979004,1.0,0.35227170586586,0.4580235779285431],[0.18985843658447266,0.1646009385585785,0.24317201972007751,0.29996734857559204,0.3196895718574524,0.37536564469337463,0.38757070899009705,0.3963644206523895,0.2716512084007263,0.32942697405815125,0.3679817020893097,0.4024154543876648,0.3363054692745209,0.35227170586586,0.9999999403953552,0.30161386728286743],[0.414959192276001,0.3218301236629486,0.34204405546188354,0.36306047439575195,0.284701943397522,0.33362290263175964,0.3445258140563965,0.32483652234077454,0.26139628887176514,0.31474554538726807,0.25432994961738586,0.3420861065387726,0.3765694797039032,0.4580235779285431,0.30161386728286743,1.0]]}