{
  "game_number": 104,
  "words": [
    "CONTRACT",
    "ENGAGE",
    "RETAIN",
    "SIGN",
    "BANNER",
    "HEADER",
    "MENU",
    "SIDEBAR",
    "BILLBOARD",
    "PEOPLE",
    "STAR",
    "TIME",
    "CROSSWORD",
    "GRIMACE",
    "RAINBOW",
    "SEMBLANCE"
  ],
  "adjacency_matrix": [
    [
      0.9999999403953552,
      0.39942848682403564,
      0.41674989461898804,
      0.5467725396156311,
      0.3492432236671448,
      0.26638931035995483,
      0.26811718940734863,
      0.23095718026161194,
      0.3395179808139801,
      0.26751503348350525,
      0.4027332365512848,
      0.37031587958335876,
      0.19166237115859985,
      0.2544558346271515,
      0.21222436428070068,
      0.2499598115682602
    ],
    [
      0.39942848682403564,
      1.0,
      0.5319910645484924,
      0.3359040319919586,
      0.2926679253578186,
      0.20452812314033508,
      0.258278489112854,
      0.23868288099765778,
      0.2171507328748703,
      0.4452074468135834,
      0.25968727469444275,
      0.37707510590553284,
      0.23481975495815277,
      0.33432310819625854,
      0.1649688184261322,
      0.2696048617362976
    ],
    [
      0.41674989461898804,
      0.5319910645484924,
      0.9999999403953552,
      0.3883153796195984,
      0.33468323945999146,
      0.27310910820961,
      0.22381122410297394,
      0.2084594964981079,
      0.19642382860183716,
      0.4441182017326355,
      0.33501526713371277,
      0.3553345203399658,
      0.18151400983333588,
      0.2905764579772949,
      0.19868287444114685,
      0.40636178851127625
    ],
    [
      0.5467725396156311,
      0.3359040319919586,
      0.3883153796195984,
      0.9999999403953552,
      0.4962763488292694,
      0.37386634945869446,
      0.3201904594898224,
      0.3351133167743683,
      0.48314160108566284,
      0.3113323152065277,
      0.46222424507141113,
      0.38711032271385193,
      0.2566845118999481,
      0.4165240526199341,
      0.37442344427108765,
      0.3707181215286255
    ],
    [
      0.3492432236671448,
      0.2926679253578186,
      0.33468323945999146,
      0.4962763488292694,
      1.0,
      0.5772366523742676,
      0.3818818926811218,
      0.5222357511520386,
      0.48043692111968994,
      0.2874599099159241,
      0.42709288001060486,
      0.2951633334159851,
      0.2717868685722351,
      0.30975520610809326,
      0.4332943856716156,
      0.3596326410770416
    ],
    [
      0.26638931035995483,
      0.20452812314033508,
      0.27310910820961,
      0.37386634945869446,
      0.5772366523742676,
      1.0000001192092896,
      0.35858744382858276,
      0.5429088473320007,
      0.2914310097694397,
      0.2970533072948456,
      0.37223947048187256,
      0.2820768356323242,
      0.22184742987155914,
      0.26357316970825195,
      0.3806054890155792,
      0.2915205955505371
    ],
    [
      0.26811718940734863,
      0.258278489112854,
      0.22381122410297394,
      0.3201904594898224,
      0.3818818926811218,
      0.35858744382858276,
      1.0,
      0.5390465259552002,
      0.3032133877277374,
      0.1877046674489975,
      0.3363201916217804,
      0.2523738145828247,
      0.2820296287536621,
      0.2684512734413147,
      0.2890075147151947,
      0.2831917107105255
    ],
    [
      0.23095718026161194,
      0.23868288099765778,
      0.2084594964981079,
      0.3351133167743683,
      0.5222357511520386,
      0.5429088473320007,
      0.5390465259552002,
      1.0,
      0.3753058910369873,
      0.20696385204792023,
      0.33209824562072754,
      0.24564635753631592,
      0.2838439345359802,
      0.26549723744392395,
      0.34623169898986816,
      0.1862131506204605
    ],
    [
      0.3395179808139801,
      0.2171507328748703,
      0.19642382860183716,
      0.48314160108566284,
      0.48043692111968994,
      0.2914310097694397,
      0.3032133877277374,
      0.3753058910369873,
      1.0,
      0.29390963912010193,
      0.3807770013809204,
      0.25581321120262146,
      0.25400224328041077,
      0.2173721343278885,
      0.36315441131591797,
      0.22166045010089874
    ],
    [
      0.26751503348350525,
      0.4452074468135834,
      0.4441182017326355,
      0.3113323152065277,
      0.2874599099159241,
      0.2970533072948456,
      0.1877046674489975,
      0.20696385204792023,
      0.29390963912010193,
      1.0,
      0.3094475269317627,
      0.4612765610218048,
      0.12552304565906525,
      0.2776142358779907,
      0.2728367745876312,
      0.23185263574123383
    ],
    [
      0.4027332365512848,
      0.25968727469444275,
      0.33501526713371277,
      0.46222424507141113,
      0.42709288001060486,
      0.37223947048187256,
      0.3363201916217804,
      0.33209824562072754,
      0.3807770013809204,
      0.3094475269317627,
      1.0,
      0.34511372447013855,
      0.27246615290641785,
      0.2760508060455322,
      0.386424720287323,
      0.3189844489097595
    ],
    [
      0.37031587958335876,
      0.37707510590553284,
      0.3553345203399658,
      0.38711032271385193,
      0.2951633334159851,
      0.2820768356323242,
      0.2523738145828247,
      0.24564635753631592,
      0.25581321120262146,
      0.4612765610218048,
      0.34511372447013855,
      1.0,
      0.27608081698417664,
      0.29915738105773926,
      0.2152952253818512,
      0.3414248824119568
    ],
    [
      0.19166237115859985,
      0.23481975495815277,
      0.18151400983333588,
      0.2566845118999481,
      0.2717868685722351,
      0.22184742987155914,
      0.2820296287536621,
      0.2838439345359802,
      0.25400224328041077,
      0.12552304565906525,
      0.27246615290641785,
      0.27608081698417664,
      1.0,
      0.2406972348690033,
      0.24993067979812622,
      0.18681231141090393
    ],
    [
      0.2544558346271515,
      0.33432310819625854,
      0.2905764579772949,
      0.4165240526199341,
      0.30975520610809326,
      0.26357316970825195,
      0.2684512734413147,
      0.26549723744392395,
      0.2173721343278885,
      0.2776142358779907,
      0.2760508060455322,
      0.29915738105773926,
      0.2406972348690033,
      1.0,
      0.2741526961326599,
      0.34618327021598816
    ],
    [
      0.21222436428070068,
      0.1649688184261322,
      0.19868287444114685,
      0.37442344427108765,
      0.4332943856716156,
      0.3806054890155792,
      0.2890075147151947,
      0.34623169898986816,
      0.36315441131591797,
      0.2728367745876312,
      0.386424720287323,
      0.2152952253818512,
      0.24993067979812622,
      0.2741526961326599,
      0.9999999403953552,
      0.2887803316116333
    ],
    [
      0.2499598115682602,
      0.2696048617362976,
      0.40636178851127625,
      0.3707181215286255,
      0.3596326410770416,
      0.2915205955505371,
      0.2831917107105255,
      0.1862131506204605,
      0.22166045010089874,
      0.23185263574123383,
      0.3189844489097595,
      0.3414248824119568,
      0.18681231141090393,
      0.34618327021598816,
      0.2887803316116333,
      0.9999999403953552
    ]
  ]
}