{
  "game_number": 513,
  "words": [
    "DIRECT",
    "GUIDE",
    "LEAD",
    "STEER",
    "BUFFALO",
    "DEER",
    "FISH",
    "MOOSE",
    "DANE",
    "LAKE",
    "SEAL",
    "WHITE",
    "EW",
    "ICK",
    "PU",
    "UGH"
  ],
  "adjacency_matrix": [
    [
      1.0,
      0.5568156242370605,
      0.5771968364715576,
      0.5317948460578918,
      0.2271549254655838,
      0.2906048595905304,
      0.33941689133644104,
      0.27038243412971497,
      0.36295709013938904,
      0.27891960740089417,
      0.3861880898475647,
      0.33419278264045715,
      -0.1040768176317215,
      0.2337235063314438,
      0.043845802545547485,
      0.10316205024719238
    ],
    [
      0.5568156242370605,
      0.9999999403953552,
      0.5504400730133057,
      0.5665808916091919,
      0.2404581755399704,
      0.3095706105232239,
      0.3330608308315277,
      0.30511876940727234,
      0.37423184514045715,
      0.3133399188518524,
      0.4085976183414459,
      0.2909722924232483,
      -0.10122743993997574,
      0.14934082329273224,
      0.030792277306318283,
      0.05547802522778511
    ],
    [
      0.5771968364715576,
      0.5504400730133057,
      1.0,
      0.4865237772464752,
      0.29292985796928406,
      0.2983376681804657,
      0.39425188302993774,
      0.2532532215118408,
      0.4177824556827545,
      0.32211121916770935,
      0.4123598337173462,
      0.37645223736763,
      -0.16971109807491302,
      0.1614757776260376,
      0.004456340800970793,
      0.10265360027551651
    ],
    [
      0.5317948460578918,
      0.5665808916091919,
      0.4865237772464752,
      0.9999999403953552,
      0.3453293442726135,
      0.4006386995315552,
      0.38086584210395813,
      0.36717289686203003,
      0.34842684864997864,
      0.32091575860977173,
      0.318754106760025,
      0.3097909092903137,
      -0.042969413101673126,
      0.19247226417064667,
      0.08904339373111725,
      0.09232251346111298
    ],
    [
      0.2271549254655838,
      0.2404581755399704,
      0.29292985796928406,
      0.3453293442726135,
      1.0,
      0.5843616724014282,
      0.4557257890701294,
      0.5478309988975525,
      0.33725619316101074,
      0.4115472733974457,
      0.28276437520980835,
      0.4591922163963318,
      0.122410349547863,
      0.20474356412887573,
      0.15999186038970947,
      0.15356270968914032
    ],
    [
      0.2906048595905304,
      0.3095706105232239,
      0.2983376681804657,
      0.4006386995315552,
      0.5843616724014282,
      1.0,
      0.5358827114105225,
      0.752448558807373,
      0.3665972054004669,
      0.4611642360687256,
      0.3785581588745117,
      0.4067842364311218,
      0.05354922637343407,
      0.2117607593536377,
      0.10380533337593079,
      0.15737152099609375
    ],
    [
      0.33941689133644104,
      0.3330608308315277,
      0.39425188302993774,
      0.38086584210395813,
      0.4557257890701294,
      0.5358827114105225,
      1.0,
      0.47630706429481506,
      0.3772704601287842,
      0.5813577175140381,
      0.4147661030292511,
      0.40132707357406616,
      0.033814623951911926,
      0.24662737548351288,
      0.08591002970933914,
      0.15303611755371094
    ],
    [
      0.27038243412971497,
      0.30511876940727234,
      0.2532532215118408,
      0.36717289686203003,
      0.5478309988975525,
      0.752448558807373,
      0.47630706429481506,
      1.0,
      0.4195423722267151,
      0.4472767412662506,
      0.3469049334526062,
      0.3438885807991028,
      0.15309518575668335,
      0.34263327717781067,
      0.10999112576246262,
      0.2773062288761139
    ],
    [
      0.36295709013938904,
      0.37423184514045715,
      0.4177824556827545,
      0.34842684864997864,
      0.33725619316101074,
      0.3665972054004669,
      0.3772704601287842,
      0.4195423722267151,
      1.0,
      0.31806471943855286,
      0.2823334336280823,
      0.37312743067741394,
      0.12622985243797302,
      0.3403760492801666,
      0.14878031611442566,
      0.33193525671958923
    ],
    [
      0.27891960740089417,
      0.3133399188518524,
      0.32211121916770935,
      0.32091575860977173,
      0.4115472733974457,
      0.4611642360687256,
      0.5813577175140381,
      0.4472767412662506,
      0.31806471943855286,
      1.0,
      0.33421778678894043,
      0.3745778799057007,
      0.032725270837545395,
      0.16545115411281586,
      0.07705046236515045,
      0.14922688901424408
    ],
    [
      0.3861880898475647,
      0.4085976183414459,
      0.4123598337173462,
      0.318754106760025,
      0.28276437520980835,
      0.3785581588745117,
      0.4147661030292511,
      0.3469049334526062,
      0.2823334336280823,
      0.33421778678894043,
      1.0,
      0.3730831742286682,
      -0.032884642481803894,
      0.2014661282300949,
      0.1341196894645691,
      0.11390377581119537
    ],
    [
      0.33419278264045715,
      0.2909722924232483,
      0.37645223736763,
      0.3097909092903137,
      0.4591922163963318,
      0.4067842364311218,
      0.40132707357406616,
      0.3438885807991028,
      0.37312743067741394,
      0.3745778799057007,
      0.3730831742286682,
      1.0,
      0.0679631233215332,
      0.23432894051074982,
      0.07759398967027664,
      0.18524014949798584
    ],
    [
      -0.1040768176317215,
      -0.10122743993997574,
      -0.16971109807491302,
      -0.042969413101673126,
      0.122410349547863,
      0.05354922637343407,
      0.033814623951911926,
      0.15309518575668335,
      0.12622985243797302,
      0.032725270837545395,
      -0.032884642481803894,
      0.0679631233215332,
      1.0,
      0.4631696939468384,
      0.4403237998485565,
      0.48458394408226013
    ],
    [
      0.2337235063314438,
      0.14934082329273224,
      0.1614757776260376,
      0.19247226417064667,
      0.20474356412887573,
      0.2117607593536377,
      0.24662737548351288,
      0.34263327717781067,
      0.3403760492801666,
      0.16545115411281586,
      0.2014661282300949,
      0.23432894051074982,
      0.4631696939468384,
      1.0,
      0.2936338186264038,
      0.6359889507293701
    ],
    [
      0.043845802545547485,
      0.030792277306318283,
      0.004456340800970793,
      0.08904339373111725,
      0.15999186038970947,
      0.10380533337593079,
      0.08591002970933914,
      0.10999112576246262,
      0.14878031611442566,
      0.07705046236515045,
      0.1341196894645691,
      0.07759398967027664,
      0.4403237998485565,
      0.2936338186264038,
      1.0,
      0.30126702785491943
    ],
    [
      0.10316205024719238,
      0.05547802522778511,
      0.10265360027551651,
      0.09232251346111298,
      0.15356270968914032,
      0.15737152099609375,
      0.15303611755371094,
      0.2773062288761139,
      0.33193525671958923,
      0.14922688901424408,
      0.11390377581119537,
      0.18524014949798584,
      0.48458394408226013,
      0.6359889507293701,
      0.30126702785491943,
      1.0
    ]
  ]
}