{"game_number":328,"words":["FIDO","LUCKY","ROVER","SPOT","CATCH","NOTICE","OBSERVE","SEE","BAIT","CHUM","FLY","SINKER","BONE","REX","SHIRT","STORM"],"adjacency_matrix":[[1.0,0.30314961075782776,0.2532961964607239,0.35259440541267395,0.40089133381843567,0.25173333287239075,0.2493637204170227,0.26935118436813354,0.363517165184021,0.3992690443992615,0.32196730375289917,0.30473029613494873,0.35804542899131775,0.3223179578781128,0.28850725293159485,0.20571252703666687],[0.30314961075782776,0.9999999403953552,0.21730400621891022,0.45091062784194946,0.46539440751075745,0.35468026995658875,0.321504682302475,0.37288418412208557,0.29751312732696533,0.3713996112346649,0.3191978931427002,0.2649425268173218,0.27329468727111816,0.12367681413888931,0.3380817770957947,0.2825124263763428],[0.2532961964607239,0.21730400621891022,1.0,0.3089768588542938,0.24110448360443115,0.18957726657390594,0.2500757575035095,0.23058898746967316,0.20157989859580994,0.12683610618114471,0.25680553913116455,0.2099524289369583,0.2396104782819748,0.10837691277265549,0.24899910390377045,0.214865580201149],[0.35259440541267395,0.45091062784194946,0.3089768588542938,1.0,0.6066206097602844,0.4943086504936218,0.5133392214775085,0.44098976254463196,0.49790138006210327,0.29522308707237244,0.4801594018936157,0.3059721887111664,0.401945561170578,0.032916393131017685,0.43802231550216675,0.4019988477230072],[0.40089133381843567,0.46539440751075745,0.24110448360443115,0.6066206097602844,1.0000001192092896,0.5048249959945679,0.5220276117324829,0.5066313743591309,0.5909809470176697,0.4357496201992035,0.5620099902153015,0.47340747714042664,0.3598273992538452,0.07556504756212234,0.32953283190727234,0.4094267785549164],[0.25173333287239075,0.35468026995658875,0.18957726657390594,0.4943086504936218,0.5048249959945679,1.0,0.5100780725479126,0.5622590780258179,0.3560393452644348,0.24660608172416687,0.26620692014694214,0.241106316447258,0.2772188186645508,0.019022490829229355,0.32398849725723267,0.3548523783683777],[0.2493637204170227,0.321504682302475,0.2500757575035095,0.5133392214775085,0.5220276117324829,0.5100780725479126,1.0,0.6235435605049133,0.311369389295578,0.230890154838562,0.41565507650375366,0.1593359261751175,0.2557421922683716,-0.02185758762061596,0.22355780005455017,0.3116677403450012],[0.26935118436813354,0.37288418412208557,0.23058898746967316,0.44098976254463196,0.5066313743591309,0.5622590780258179,0.6235435605049133,1.0,0.2824403643608093,0.23730197548866272,0.4016803503036499,0.14171220362186432,0.2604677379131317,0.04908636957406998,0.2347894161939621,0.2787359654903412],[0.363517165184021,0.29751312732696533,0.20157989859580994,0.49790138006210327,0.5909809470176697,0.3560393452644348,0.311369389295578,0.2824403643608093,0.9999999403953552,0.4151518642902374,0.4220590889453888,0.5023068189620972,0.35107848048210144,0.15829573571681976,0.29757753014564514,0.3222211003303528],[0.3992690443992615,0.3713996112346649,0.12683610618114471,0.29522308707237244,0.4357496201992035,0.24660608172416687,0.230890154838562,0.23730197548866272,0.4151518642902374,1.0,0.3009892702102661,0.3576814532279968,0.2599491477012634,0.24912063777446747,0.27880412340164185,0.20858211815357208],[0.32196730375289917,0.3191978931427002,0.25680553913116455,0.4801594018936157,0.5620099902153015,0.26620692014694214,0.41565507650375366,0.4016803503036499,0.4220590889453888,0.3009892702102661,1.0,0.3107093572616577,0.3196602165699005,0.13979914784431458,0.2967197000980377,0.34188786149024963],[0.30473029613494873,0.2649425268173218,0.2099524289369583,0.3059721887111664,0.47340747714042664,0.241106316447258,0.1593359261751175,0.14171220362186432,0.5023068189620972,0.3576814532279968,0.3107093572616577,1.0,0.330949991941452,0.10888256877660751,0.2558766007423401,0.27731800079345703],[0.35804542899131775,0.27329468727111816,0.2396104782819748,0.401945561170578,0.3598273992538452,0.2772188186645508,0.2557421922683716,0.2604677379131317,0.35107848048210144,0.2599491477012634,0.3196602165699005,0.330949991941452,1.0,0.23578836023807526,0.31988823413848877,0.273266464471817],[0.3223179578781128,0.12367681413888931,0.10837691277265549,0.032916393131017685,0.07556504756212234,0.019022490829229355,-0.02185758762061596,0.04908636957406998,0.15829573571681976,0.24912063777446747,0.13979914784431458,0.10888256877660751,0.23578836023807526,1.0,0.03164926916360855,0.042095847427845],[0.28850725293159485,0.3380817770957947,0.24899910390377045,0.43802231550216675,0.32953283190727234,0.32398849725723267,0.22355780005455017,0.2347894161939621,0.29757753014564514,0.27880412340164185,0.2967197000980377,0.2558766007423401,0.31988823413848877,0.03164926916360855,1.0,0.28119924664497375],[0.20571252703666687,0.2825124263763428,0.214865580201149,0.4019988477230072,0.4094267785549164,0.3548523783683777,0.3116677403450012,0.2787359654903412,0.3222211003303528,0.20858211815357208,0.34188786149024963,0.27731800079345703,0.273266464471817,0.042095847427845,0.28119924664497375,1.0]]}