{
  "game_number": 387,
  "words": [
    "CANS",
    "CURES",
    "SALTS",
    "SMOKES",
    "BINDS",
    "JAMS",
    "PICKLES",
    "SPOTS",
    "KETTLES",
    "MITTENS",
    "RAINDROPS",
    "WHISKERS",
    "MIGHTY",
    "PRETTY",
    "REALLY",
    "VERY"
  ],
  "adjacency_matrix": [
    [
      1.0,
      0.2944176495075226,
      0.3620358407497406,
      0.40860357880592346,
      0.27393510937690735,
      0.36447879672050476,
      0.4838792681694031,
      0.3918342590332031,
      0.492096871137619,
      0.3665047287940979,
      0.3342626392841339,
      0.35324978828430176,
      0.28447994589805603,
      0.21300871670246124,
      0.3415640890598297,
      0.15594029426574707
    ],
    [
      0.2944176495075226,
      1.0,
      0.4655965566635132,
      0.3186289668083191,
      0.3239114284515381,
      0.3591121435165405,
      0.3609951436519623,
      0.47150906920433044,
      0.2605334520339966,
      0.31036055088043213,
      0.27671608328819275,
      0.347663551568985,
      0.24552036821842194,
      0.3085080087184906,
      0.4069804251194,
      0.30927491188049316
    ],
    [
      0.3620358407497406,
      0.4655965566635132,
      1.0,
      0.36094245314598083,
      0.35229209065437317,
      0.33501094579696655,
      0.44003528356552124,
      0.40683820843696594,
      0.42591631412506104,
      0.2983279526233673,
      0.39827004075050354,
      0.4132247567176819,
      0.22789190709590912,
      0.18119609355926514,
      0.2768271267414093,
      0.2119322568178177
    ],
    [
      0.40860357880592346,
      0.3186289668083191,
      0.36094245314598083,
      1.0,
      0.35957396030426025,
      0.38502681255340576,
      0.36875638365745544,
      0.41648295521736145,
      0.3630760908126831,
      0.2583935856819153,
      0.3154805898666382,
      0.3067748248577118,
      0.2021171599626541,
      0.25721827149391174,
      0.29925069212913513,
      0.19808702170848846
    ],
    [
      0.27393510937690735,
      0.3239114284515381,
      0.35229209065437317,
      0.35957396030426025,
      1.0,
      0.34491902589797974,
      0.3280509114265442,
      0.3474113941192627,
      0.22603237628936768,
      0.33714747428894043,
      0.29580679535865784,
      0.23692885041236877,
      0.2919427156448364,
      0.24525658786296844,
      0.31399524211883545,
      0.2409311830997467
    ],
    [
      0.36447879672050476,
      0.3591121435165405,
      0.33501094579696655,
      0.38502681255340576,
      0.34491902589797974,
      1.0,
      0.5335239171981812,
      0.41948625445365906,
      0.3234829902648926,
      0.3097764849662781,
      0.3853576183319092,
      0.308188259601593,
      0.20331142842769623,
      0.20814284682273865,
      0.25981906056404114,
      0.19815722107887268
    ],
    [
      0.4838792681694031,
      0.3609951436519623,
      0.44003528356552124,
      0.36875638365745544,
      0.3280509114265442,
      0.5335239171981812,
      0.9999999403953552,
      0.40359288454055786,
      0.38287949562072754,
      0.38160303235054016,
      0.27813535928726196,
      0.3713924288749695,
      0.30651918053627014,
      0.2701795995235443,
      0.3334486782550812,
      0.24895818531513214
    ],
    [
      0.3918342590332031,
      0.47150906920433044,
      0.40683820843696594,
      0.41648295521736145,
      0.3474113941192627,
      0.41948625445365906,
      0.40359288454055786,
      0.9999999403953552,
      0.35755378007888794,
      0.3570067584514618,
      0.3844926059246063,
      0.42971181869506836,
      0.26156917214393616,
      0.31588736176490784,
      0.3657951354980469,
      0.3487577736377716
    ],
    [
      0.492096871137619,
      0.2605334520339966,
      0.42591631412506104,
      0.3630760908126831,
      0.22603237628936768,
      0.3234829902648926,
      0.38287949562072754,
      0.35755378007888794,
      0.9999999403953552,
      0.40854769945144653,
      0.3112945854663849,
      0.4101240634918213,
      0.2683715224266052,
      0.2018265724182129,
      0.24247707426548004,
      0.20651079714298248
    ],
    [
      0.3665047287940979,
      0.31036055088043213,
      0.2983279526233673,
      0.2583935856819153,
      0.33714747428894043,
      0.3097764849662781,
      0.38160303235054016,
      0.3570067584514618,
      0.40854769945144653,
      1.0,
      0.3424627184867859,
      0.457782119512558,
      0.26256945729255676,
      0.26770976185798645,
      0.26688817143440247,
      0.20878790318965912
    ],
    [
      0.3342626392841339,
      0.27671608328819275,
      0.39827004075050354,
      0.3154805898666382,
      0.29580679535865784,
      0.3853576183319092,
      0.27813535928726196,
      0.3844926059246063,
      0.3112945854663849,
      0.3424627184867859,
      1.0,
      0.3870323598384857,
      0.25885412096977234,
      0.20109069347381592,
      0.24387870728969574,
      0.18899185955524445
    ],
    [
      0.35324978828430176,
      0.347663551568985,
      0.4132247567176819,
      0.3067748248577118,
      0.23692885041236877,
      0.308188259601593,
      0.3713924288749695,
      0.42971181869506836,
      0.4101240634918213,
      0.457782119512558,
      0.3870323598384857,
      1.0,
      0.2614542841911316,
      0.21021011471748352,
      0.2570164203643799,
      0.21132884919643402
    ],
    [
      0.28447994589805603,
      0.24552036821842194,
      0.22789190709590912,
      0.2021171599626541,
      0.2919427156448364,
      0.20331142842769623,
      0.30651918053627014,
      0.26156917214393616,
      0.2683715224266052,
      0.26256945729255676,
      0.25885412096977234,
      0.2614542841911316,
      1.0,
      0.5224831104278564,
      0.4957432150840759,
      0.5437182188034058
    ],
    [
      0.21300871670246124,
      0.3085080087184906,
      0.18119609355926514,
      0.25721827149391174,
      0.24525658786296844,
      0.20814284682273865,
      0.2701795995235443,
      0.31588736176490784,
      0.2018265724182129,
      0.26770976185798645,
      0.20109069347381592,
      0.21021011471748352,
      0.5224831104278564,
      1.0,
      0.6942729949951172,
      0.8239924311637878
    ],
    [
      0.3415640890598297,
      0.4069804251194,
      0.2768271267414093,
      0.29925069212913513,
      0.31399524211883545,
      0.25981906056404114,
      0.3334486782550812,
      0.3657951354980469,
      0.24247707426548004,
      0.26688817143440247,
      0.24387870728969574,
      0.2570164203643799,
      0.4957432150840759,
      0.6942729949951172,
      1.0,
      0.6272651553153992
    ],
    [
      0.15594029426574707,
      0.30927491188049316,
      0.2119322568178177,
      0.19808702170848846,
      0.2409311830997467,
      0.19815722107887268,
      0.24895818531513214,
      0.3487577736377716,
      0.20651079714298248,
      0.20878790318965912,
      0.18899185955524445,
      0.21132884919643402,
      0.5437182188034058,
      0.8239924311637878,
      0.6272651553153992,
      1.0
    ]
  ]
}