{"game_number":17,"words":["COURT","PLAZA","SQUARE","YARD","BOUT","CONTEST","MATCH","ROUND","DAZZLE","FLASH","POMP","RITZ","FIRE","HEART","SKULL","SPARKLES"],"adjacency_matrix":[[1.0,0.44107627868652344,0.32795631885528564,0.36553287506103516,0.28680703043937683,0.47176557779312134,0.3948216736316681,0.3381316363811493,0.2842903137207031,0.23254713416099548,0.2613264322280884,0.3444427251815796,0.3154434561729431,0.34473198652267456,0.23426224291324615,0.2033124566078186],[0.44107627868652344,1.0,0.5540648698806763,0.4058929681777954,0.26134735345840454,0.305303692817688,0.28479230403900146,0.36431196331977844,0.2624339461326599,0.29485687613487244,0.24899029731750488,0.40100497007369995,0.31560200452804565,0.3697902262210846,0.3088846802711487,0.30795374512672424],[0.32795631885528564,0.5540648698806763,1.0,0.45395171642303467,0.26645028591156006,0.28794005513191223,0.36975520849227905,0.5360987186431885,0.3003169000148773,0.3265458643436432,0.23783253133296967,0.3199515640735626,0.3269040882587433,0.41607722640037537,0.4018878638744354,0.37098053097724915],[0.36553287506103516,0.4058929681777954,0.45395171642303467,1.0,0.21134263277053833,0.23666761815547943,0.26931217312812805,0.3607350289821625,0.2042994350194931,0.18006274104118347,0.24612127244472504,0.2432449907064438,0.3270852267742157,0.2819240093231201,0.23143544793128967,0.2595357596874237],[0.28680703043937683,0.26134735345840454,0.26645028591156006,0.21134263277053833,1.0,0.4927246868610382,0.5054430365562439,0.5430695414543152,0.24770045280456543,0.3469700217247009,0.21439138054847717,0.3539855182170868,0.3538607656955719,0.36840924620628357,0.21398350596427917,0.25623825192451477],[0.47176557779312134,0.305303692817688,0.28794005513191223,0.23666761815547943,0.4927246868610382,0.9999999403953552,0.4973526895046234,0.4668697416782379,0.3047568202018738,0.2998464107513428,0.2550129294395447,0.3510325253009796,0.34472617506980896,0.3512799143791199,0.20779849588871002,0.2524798810482025],[0.3948216736316681,0.28479230403900146,0.36975520849227905,0.26931217312812805,0.5054430365562439,0.4973526895046234,1.0,0.5166066884994507,0.34727296233177185,0.3983285427093506,0.23121333122253418,0.295937716960907,0.4355880916118622,0.363128662109375,0.2952777147293091,0.32325130701065063],[0.3381316363811493,0.36431196331977844,0.5360987186431885,0.3607350289821625,0.5430695414543152,0.4668697416782379,0.5166066884994507,0.9999999403953552,0.31676363945007324,0.4026246964931488,0.2459295690059662,0.3775358498096466,0.435321182012558,0.4202915132045746,0.32950836420059204,0.32857879996299744],[0.2842903137207031,0.2624339461326599,0.3003169000148773,0.2042994350194931,0.24770045280456543,0.3047568202018738,0.34727296233177185,0.31676363945007324,1.0,0.5393186807632446,0.4368073046207428,0.3651010990142822,0.35429510474205017,0.3108140826225281,0.21495600044727325,0.5752788782119751],[0.23254713416099548,0.29485687613487244,0.3265458643436432,0.18006274104118347,0.3469700217247009,0.2998464107513428,0.3983285427093506,0.4026246964931488,0.5393186807632446,1.0,0.30283957719802856,0.36927348375320435,0.5741891264915466,0.3979528546333313,0.32703202962875366,0.5466233491897583],[0.2613264322280884,0.24899029731750488,0.23783253133296967,0.24612127244472504,0.21439138054847717,0.2550129294395447,0.23121333122253418,0.2459295690059662,0.4368073046207428,0.30283957719802856,1.0,0.3678242564201355,0.2501513659954071,0.2824817895889282,0.2259855717420578,0.3726484179496765],[0.3444427251815796,0.40100497007369995,0.3199515640735626,0.2432449907064438,0.3539855182170868,0.3510325253009796,0.295937716960907,0.3775358498096466,0.3651010990142822,0.36927348375320435,0.3678242564201355,1.0,0.36498114466667175,0.3991205096244812,0.32748866081237793,0.396916925907135],[0.3154434561729431,0.31560200452804565,0.3269040882587433,0.3270852267742157,0.3538607656955719,0.34472617506980896,0.4355880916118622,0.435321182012558,0.35429510474205017,0.5741891264915466,0.2501513659954071,0.36498114466667175,1.0,0.43721410632133484,0.2754603624343872,0.38263723254203796],[0.34473198652267456,0.3697902262210846,0.41607722640037537,0.2819240093231201,0.36840924620628357,0.3512799143791199,0.363128662109375,0.4202915132045746,0.3108140826225281,0.3979528546333313,0.2824817895889282,0.3991205096244812,0.43721410632133484,1.0,0.4261328876018524,0.41127488017082214],[0.23426224291324615,0.3088846802711487,0.4018878638744354,0.23143544793128967,0.21398350596427917,0.20779849588871002,0.2952777147293091,0.32950836420059204,0.21495600044727325,0.32703202962875366,0.2259855717420578,0.32748866081237793,0.2754603624343872,0.4261328876018524,1.0,0.28769800066947937],[0.2033124566078186,0.30795374512672424,0.37098053097724915,0.2595357596874237,0.25623825192451477,0.2524798810482025,0.32325130701065063,0.32857879996299744,0.5752788782119751,0.5466233491897583,0.3726484179496765,0.396916925907135,0.38263723254203796,0.41127488017082214,0.28769800066947937,1.0]]}