{"game_number":231,"words":["MALL","MARKET","OUTLET","STORE","SHAVE","THREAD","TWEEZE","WAX","CUT","PIECE","SHARE","TAKE","ALLEN","CRESCENT","MONKEY","SOCKET"],"adjacency_matrix":[[1.0,0.44772788882255554,0.4779256284236908,0.5904030203819275,0.21584007143974304,0.2823450565338135,0.18904274702072144,0.16245253384113312,0.24988646805286407,0.3044525384902954,0.25491002202033997,0.2681426405906677,0.26508012413978577,0.3080071210861206,0.3170362412929535,0.20975220203399658],[0.44772788882255554,1.0,0.5155279040336609,0.5284409523010254,0.362273633480072,0.32071778178215027,0.2700146734714508,0.23463153839111328,0.36820846796035767,0.42967715859413147,0.4880635440349579,0.393410325050354,0.1864880621433258,0.3595041334629059,0.317127525806427,0.3494877815246582],[0.4779256284236908,0.5155279040336609,0.9999999403953552,0.5395615696907043,0.21397744119167328,0.32567405700683594,0.28402385115623474,0.17934948205947876,0.29666346311569214,0.46813127398490906,0.33640149235725403,0.33714285492897034,0.21488218009471893,0.3172350525856018,0.2983705997467041,0.4226231276988983],[0.5904030203819275,0.5284409523010254,0.5395615696907043,1.0,0.3797011971473694,0.3740513324737549,0.35667774081230164,0.23114848136901855,0.41393962502479553,0.39759597182273865,0.47874656319618225,0.46857360005378723,0.24889004230499268,0.20908889174461365,0.3224160671234131,0.29575061798095703],[0.21584007143974304,0.362273633480072,0.21397744119167328,0.3797011971473694,1.0,0.2615961730480194,0.546151340007782,0.3866753876209259,0.6497410535812378,0.29079386591911316,0.4258522689342499,0.5266967415809631,0.2844753861427307,0.3035780191421509,0.29901301860809326,0.25185948610305786],[0.2823450565338135,0.32071778178215027,0.32567405700683594,0.3740513324737549,0.2615961730480194,1.0,0.43364259600639343,0.2352476269006729,0.37563973665237427,0.5134270191192627,0.345323771238327,0.3118327260017395,0.2995045781135559,0.2298487424850464,0.3431355357170105,0.3770887553691864],[0.18904274702072144,0.2700146734714508,0.28402385115623474,0.35667774081230164,0.546151340007782,0.43364259600639343,1.0,0.45280930399894714,0.49973708391189575,0.43364831805229187,0.3558134436607361,0.4478524923324585,0.28674113750457764,0.2948887348175049,0.3328342139720917,0.2873244285583496],[0.16245253384113312,0.23463153839111328,0.17934948205947876,0.23114848136901855,0.3866753876209259,0.2352476269006729,0.45280930399894714,1.0,0.3448290526866913,0.3410608470439911,0.18066512048244476,0.18104922771453857,0.20219279825687408,0.29466843605041504,0.2626590132713318,0.30028149485588074],[0.24988646805286407,0.36820846796035767,0.29666346311569214,0.41393962502479553,0.6497410535812378,0.37563973665237427,0.49973708391189575,0.3448290526866913,1.0,0.46861517429351807,0.45746615529060364,0.5452048778533936,0.34885144233703613,0.3217036724090576,0.3252372145652771,0.31521037220954895],[0.3044525384902954,0.42967715859413147,0.46813127398490906,0.39759597182273865,0.29079386591911316,0.5134270191192627,0.43364831805229187,0.3410608470439911,0.46861517429351807,1.0,0.37371933460235596,0.3765316903591156,0.3208644390106201,0.31903791427612305,0.37207740545272827,0.3236841559410095],[0.25491002202033997,0.4880635440349579,0.33640149235725403,0.47874656319618225,0.4258522689342499,0.345323771238327,0.3558134436607361,0.18066512048244476,0.45746615529060364,0.37371933460235596,1.0,0.5558728575706482,0.293320894241333,0.2447284758090973,0.26995792984962463,0.2591457664966583],[0.2681426405906677,0.393410325050354,0.33714285492897034,0.46857360005378723,0.5266967415809631,0.3118327260017395,0.4478524923324585,0.18104922771453857,0.5452048778533936,0.3765316903591156,0.5558728575706482,1.0,0.28095829486846924,0.1999010443687439,0.2870640456676483,0.1719997078180313],[0.26508012413978577,0.1864880621433258,0.21488218009471893,0.24889004230499268,0.2844753861427307,0.2995045781135559,0.28674113750457764,0.20219279825687408,0.34885144233703613,0.3208644390106201,0.293320894241333,0.28095829486846924,0.9999999403953552,0.23007678985595703,0.3247545063495636,0.24928417801856995],[0.3080071210861206,0.3595041334629059,0.3172350525856018,0.20908889174461365,0.3035780191421509,0.2298487424850464,0.2948887348175049,0.29466843605041504,0.3217036724090576,0.31903791427612305,0.2447284758090973,0.1999010443687439,0.23007678985595703,1.0,0.34392407536506653,0.35041067004203796],[0.3170362412929535,0.317127525806427,0.2983705997467041,0.3224160671234131,0.29901301860809326,0.3431355357170105,0.3328342139720917,0.2626590132713318,0.3252372145652771,0.37207740545272827,0.26995792984962463,0.2870640456676483,0.3247545063495636,0.34392407536506653,0.9999999403953552,0.3139457404613495],[0.20975220203399658,0.3494877815246582,0.4226231276988983,0.29575061798095703,0.25185948610305786,0.3770887553691864,0.2873244285583496,0.30028149485588074,0.31521037220954895,0.3236841559410095,0.2591457664966583,0.1719997078180313,0.24928417801856995,0.35041067004203796,0.3139457404613495,1.0]]}