{
  "game_number": 146,
  "words": [
    "DUCK",
    "GROUSE",
    "HAWK",
    "SWALLOW",
    "GRIFFIN",
    "MUNSTER",
    "PARTRIDGE",
    "PICKLES",
    "MART",
    "POP",
    "STREET",
    "SWISS",
    "HUE",
    "SHADE",
    "TINGE",
    "TONE"
  ],
  "adjacency_matrix": [
    [
      0.9999999403953552,
      0.47875118255615234,
      0.5002759695053101,
      0.47074031829833984,
      0.3727927803993225,
      0.42972126603126526,
      0.5641343593597412,
      0.3422297239303589,
      0.28604382276535034,
      0.3362424373626709,
      0.3665727376937866,
      0.3610706031322479,
      0.28708356618881226,
      0.35303136706352234,
      0.22138631343841553,
      0.2720474600791931
    ],
    [
      0.47875118255615234,
      0.9999999403953552,
      0.3628194034099579,
      0.3436082899570465,
      0.28330206871032715,
      0.28175032138824463,
      0.6946887373924255,
      0.2781791687011719,
      0.2875285744667053,
      0.22469250857830048,
      0.2781396806240082,
      0.2631538510322571,
      0.32666200399398804,
      0.34999027848243713,
      0.32516127824783325,
      0.28412356972694397
    ],
    [
      0.5002759695053101,
      0.3628194034099579,
      1.0,
      0.48184096813201904,
      0.47707828879356384,
      0.3499404191970825,
      0.42177101969718933,
      0.3483639657497406,
      0.34017494320869446,
      0.33061206340789795,
      0.32781121134757996,
      0.29166722297668457,
      0.2946183979511261,
      0.3008483648300171,
      0.2487272322177887,
      0.23893560469150543
    ],
    [
      0.47074031829833984,
      0.3436082899570465,
      0.48184096813201904,
      0.9999999403953552,
      0.37864863872528076,
      0.3621610403060913,
      0.3798116445541382,
      0.36476796865463257,
      0.29060113430023193,
      0.37982428073883057,
      0.26725324988365173,
      0.30727705359458923,
      0.2489842176437378,
      0.3111059069633484,
      0.29742690920829773,
      0.2659452557563782
    ],
    [
      0.3727927803993225,
      0.28330206871032715,
      0.47707828879356384,
      0.37864863872528076,
      1.0,
      0.4760707914829254,
      0.4510859549045563,
      0.3437037765979767,
      0.31187883019447327,
      0.280955970287323,
      0.2646859288215637,
      0.37203800678253174,
      0.2437049001455307,
      0.21912148594856262,
      0.2414960265159607,
      0.2210754007101059
    ],
    [
      0.42972126603126526,
      0.28175032138824463,
      0.3499404191970825,
      0.3621610403060913,
      0.4760707914829254,
      1.0,
      0.39543747901916504,
      0.3753841519355774,
      0.4100162088871002,
      0.4318251609802246,
      0.385733038187027,
      0.5290607213973999,
      0.2865538001060486,
      0.32208457589149475,
      0.3613381087779999,
      0.21290192008018494
    ],
    [
      0.5641343593597412,
      0.6946887373924255,
      0.42177101969718933,
      0.3798116445541382,
      0.4510859549045563,
      0.39543747901916504,
      0.9999999403953552,
      0.32714271545410156,
      0.2866343557834625,
      0.255248486995697,
      0.2621503472328186,
      0.294132262468338,
      0.31668299436569214,
      0.3202455937862396,
      0.2995283007621765,
      0.24818295240402222
    ],
    [
      0.3422297239303589,
      0.2781791687011719,
      0.3483639657497406,
      0.36476796865463257,
      0.3437037765979767,
      0.3753841519355774,
      0.32714271545410156,
      0.9999999403953552,
      0.2792668342590332,
      0.3221402168273926,
      0.311627596616745,
      0.3433712124824524,
      0.14780645072460175,
      0.2862502932548523,
      0.2860141694545746,
      0.2184326946735382
    ],
    [
      0.28604382276535034,
      0.2875285744667053,
      0.34017494320869446,
      0.29060113430023193,
      0.31187883019447327,
      0.4100162088871002,
      0.2866343557834625,
      0.2792668342590332,
      1.0,
      0.3427899181842804,
      0.4989914000034332,
      0.3306903839111328,
      0.15836796164512634,
      0.32438498735427856,
      0.18995065987110138,
      0.20213156938552856
    ],
    [
      0.3362424373626709,
      0.22469250857830048,
      0.33061206340789795,
      0.37982428073883057,
      0.280955970287323,
      0.4318251609802246,
      0.255248486995697,
      0.3221402168273926,
      0.3427899181842804,
      0.9999999403953552,
      0.3614484667778015,
      0.3301440477371216,
      0.21597051620483398,
      0.35646963119506836,
      0.41494375467300415,
      0.30132025480270386
    ],
    [
      0.3665727376937866,
      0.2781396806240082,
      0.32781121134757996,
      0.26725324988365173,
      0.2646859288215637,
      0.385733038187027,
      0.2621503472328186,
      0.311627596616745,
      0.4989914000034332,
      0.3614484667778015,
      1.0,
      0.2822819948196411,
      0.21770960092544556,
      0.4221125543117523,
      0.249515101313591,
      0.28802669048309326
    ],
    [
      0.3610706031322479,
      0.2631538510322571,
      0.29166722297668457,
      0.30727705359458923,
      0.37203800678253174,
      0.5290607213973999,
      0.294132262468338,
      0.3433712124824524,
      0.3306903839111328,
      0.3301440477371216,
      0.2822819948196411,
      0.9999999403953552,
      0.16514354944229126,
      0.27312690019607544,
      0.2511397898197174,
      0.20501068234443665
    ],
    [
      0.28708356618881226,
      0.32666200399398804,
      0.2946183979511261,
      0.2489842176437378,
      0.2437049001455307,
      0.2865538001060486,
      0.31668299436569214,
      0.14780645072460175,
      0.15836796164512634,
      0.21597051620483398,
      0.21770960092544556,
      0.16514354944229126,
      1.0,
      0.5260220766067505,
      0.5030540227890015,
      0.4567129909992218
    ],
    [
      0.35303136706352234,
      0.34999027848243713,
      0.3008483648300171,
      0.3111059069633484,
      0.21912148594856262,
      0.32208457589149475,
      0.3202455937862396,
      0.2862502932548523,
      0.32438498735427856,
      0.35646963119506836,
      0.4221125543117523,
      0.27312690019607544,
      0.5260220766067505,
      1.0,
      0.47235366702079773,
      0.44220206141471863
    ],
    [
      0.22138631343841553,
      0.32516127824783325,
      0.2487272322177887,
      0.29742690920829773,
      0.2414960265159607,
      0.3613381087779999,
      0.2995283007621765,
      0.2860141694545746,
      0.18995065987110138,
      0.41494375467300415,
      0.249515101313591,
      0.2511397898197174,
      0.5030540227890015,
      0.47235366702079773,
      1.0,
      0.4839877486228943
    ],
    [
      0.2720474600791931,
      0.28412356972694397,
      0.23893560469150543,
      0.2659452557563782,
      0.2210754007101059,
      0.21290192008018494,
      0.24818295240402222,
      0.2184326946735382,
      0.20213156938552856,
      0.30132025480270386,
      0.28802669048309326,
      0.20501068234443665,
      0.4567129909992218,
      0.44220206141471863,
      0.4839877486228943,
      1.0
    ]
  ]
}