{"game_number":273,"words":["FILE","HAMMER","LEVEL","SAW","JERK","TUG","WRENCH","YANK","COPY","FIND","PRINT","SAVE","BABE","BEETHOVEN","CHARLOTTE","WILLY"],"adjacency_matrix":[[1.0,0.31114110350608826,0.3800499737262726,0.3631100058555603,0.22598452866077423,0.2071719467639923,0.3178394138813019,0.3076498210430145,0.5774871110916138,0.41563838720321655,0.5225817561149597,0.49291303753852844,0.15576386451721191,0.35378506779670715,0.2751712501049042,0.2601930499076843],[0.31114110350608826,1.0,0.38101109862327576,0.32396411895751953,0.4059425890445709,0.3653390109539032,0.655382513999939,0.4010702967643738,0.3779725432395935,0.3797740042209625,0.32951951026916504,0.3769984841346741,0.2860197126865387,0.353765070438385,0.2609538733959198,0.35035037994384766],[0.3800499737262726,0.38101109862327576,1.0,0.2710326910018921,0.2565383315086365,0.18572522699832916,0.28587454557418823,0.2154892235994339,0.32796990871429443,0.3444840908050537,0.34757134318351746,0.3934766948223114,0.1801922470331192,0.24583058059215546,0.20306263864040375,0.20130889117717743],[0.3631100058555603,0.32396411895751953,0.2710326910018921,1.0,0.24177464842796326,0.17694729566574097,0.2735750377178192,0.276466429233551,0.32137739658355713,0.5441411137580872,0.28873252868652344,0.4377138316631317,0.23920339345932007,0.25591301918029785,0.27686572074890137,0.37200695276260376],[0.22598452866077423,0.4059425890445709,0.2565383315086365,0.24177464842796326,1.0,0.3384256958961487,0.4268823266029358,0.5123149156570435,0.2575216591358185,0.2854953110218048,0.21045097708702087,0.25644126534461975,0.38816195726394653,0.2940579950809479,0.29391664266586304,0.3658256232738495],[0.2071719467639923,0.3653390109539032,0.18572522699832916,0.17694729566574097,0.3384256958961487,1.0,0.4196222126483917,0.37230706214904785,0.21485203504562378,0.1925615519285202,0.17383995652198792,0.17489828169345856,0.2517954707145691,0.13112010061740875,0.20864245295524597,0.25101223587989807],[0.3178394138813019,0.655382513999939,0.28587454557418823,0.2735750377178192,0.4268823266029358,0.4196222126483917,0.9999999403953552,0.5173676013946533,0.3027406334877014,0.38082292675971985,0.2897060811519623,0.36590641736984253,0.27040567994117737,0.28887057304382324,0.25714391469955444,0.35391348600387573],[0.3076498210430145,0.4010702967643738,0.2154892235994339,0.276466429233551,0.5123149156570435,0.37230706214904785,0.5173676013946533,1.0,0.3924506902694702,0.35287752747535706,0.2912883460521698,0.3916391134262085,0.3214693069458008,0.3188062906265259,0.32286134362220764,0.3279136121273041],[0.5774871110916138,0.3779725432395935,0.32796990871429443,0.32137739658355713,0.2575216591358185,0.21485203504562378,0.3027406334877014,0.3924506902694702,1.0,0.4443126618862152,0.6104597449302673,0.5160905718803406,0.2507685124874115,0.3526838421821594,0.28502658009529114,0.2608414888381958],[0.41563838720321655,0.3797740042209625,0.3444840908050537,0.5441411137580872,0.2854953110218048,0.1925615519285202,0.38082292675971985,0.35287752747535706,0.4443126618862152,1.0,0.4307793974876404,0.5573159456253052,0.30832934379577637,0.3327007591724396,0.32192644476890564,0.31299108266830444],[0.5225817561149597,0.32951951026916504,0.34757134318351746,0.28873252868652344,0.21045097708702087,0.17383995652198792,0.2897060811519623,0.2912883460521698,0.6104597449302673,0.4307793974876404,1.0,0.457090824842453,0.214010551571846,0.3297814130783081,0.3375775218009949,0.25103870034217834],[0.49291303753852844,0.3769984841346741,0.3934766948223114,0.4377138316631317,0.25644126534461975,0.17489828169345856,0.36590641736984253,0.3916391134262085,0.5160905718803406,0.5573159456253052,0.457090824842453,1.0,0.297905296087265,0.2963755130767822,0.29364076256752014,0.26835402846336365],[0.15576386451721191,0.2860197126865387,0.1801922470331192,0.23920339345932007,0.38816195726394653,0.2517954707145691,0.27040567994117737,0.3214693069458008,0.2507685124874115,0.30832934379577637,0.214010551571846,0.297905296087265,1.0,0.29394862055778503,0.4409000277519226,0.36598002910614014],[0.35378506779670715,0.353765070438385,0.24583058059215546,0.25591301918029785,0.2940579950809479,0.13112010061740875,0.28887057304382324,0.3188062906265259,0.3526838421821594,0.3327007591724396,0.3297814130783081,0.2963755130767822,0.29394862055778503,0.9999999403953552,0.483820378780365,0.33179864287376404],[0.2751712501049042,0.2609538733959198,0.20306263864040375,0.27686572074890137,0.29391664266586304,0.20864245295524597,0.25714391469955444,0.32286134362220764,0.28502658009529114,0.32192644476890564,0.3375775218009949,0.29364076256752014,0.4409000277519226,0.483820378780365,1.0000001192092896,0.3521457016468048],[0.2601930499076843,0.35035037994384766,0.20130889117717743,0.37200695276260376,0.3658256232738495,0.25101223587989807,0.35391348600387573,0.3279136121273041,0.2608414888381958,0.31299108266830444,0.25103870034217834,0.26835402846336365,0.36598002910614014,0.33179864287376404,0.3521457016468048,1.0]]}