{"game_number":125,"words":["CREDIT","GLORY","PRAISE","PROPS","DISCOVER","FIND","LEARN","REALIZE","CHASE","TAIL","TRACK","SHADOW","NAME","PHOTO","STAMP","VISA"],"adjacency_matrix":[[0.9999999403953552,0.40511342883110046,0.5105538368225098,0.4152671992778778,0.2655888795852661,0.3231443166732788,0.3203611969947815,0.3412777781486511,0.38992780447006226,0.3185196816921234,0.41204047203063965,0.3540237247943878,0.48508867621421814,0.5036866068840027,0.4510100483894348,0.3025212585926056],[0.40511342883110046,1.0,0.5285689830780029,0.2776868939399719,0.3544173836708069,0.3046824336051941,0.3316563665866852,0.3735566735267639,0.43391433358192444,0.36673858761787415,0.3504485785961151,0.4607250988483429,0.44197627902030945,0.37533748149871826,0.3803258240222931,0.164762482047081],[0.5105538368225098,0.5285689830780029,1.0,0.3419858515262604,0.31687456369400024,0.42535966634750366,0.3899514079093933,0.39383482933044434,0.3500494956970215,0.2570369243621826,0.32821789383888245,0.3705291152000427,0.4169856905937195,0.28832221031188965,0.36174631118774414,0.1495208591222763],[0.4152671992778778,0.2776868939399719,0.3419858515262604,1.0,0.2632836699485779,0.3448447585105896,0.2914770245552063,0.3049212694168091,0.33757296204566956,0.28787854313850403,0.26236921548843384,0.3461683690547943,0.3157661259174347,0.34560924768447876,0.30749696493148804,0.09998057037591934],[0.2655888795852661,0.3544173836708069,0.31687456369400024,0.2632836699485779,1.0,0.7513750195503235,0.7191921472549438,0.6648211479187012,0.490487664937973,0.26176416873931885,0.4403916001319885,0.35553619265556335,0.3716941475868225,0.2816953957080841,0.3119608461856842,0.18178622424602509],[0.3231443166732788,0.3046824336051941,0.42535966634750366,0.3448447585105896,0.7513750195503235,1.0,0.6781491041183472,0.6665818691253662,0.4993053078651428,0.29796525835990906,0.4574439525604248,0.3464047312736511,0.39314180612564087,0.31919988989830017,0.3521176278591156,0.1883450299501419],[0.3203611969947815,0.3316563665866852,0.3899514079093933,0.2914770245552063,0.7191921472549438,0.6781491041183472,1.0,0.6939995288848877,0.4285971522331238,0.2998200058937073,0.3749934732913971,0.32338273525238037,0.3148011267185211,0.2214009016752243,0.21845944225788116,0.1500217169523239],[0.3412777781486511,0.3735566735267639,0.39383482933044434,0.3049212694168091,0.6648211479187012,0.6665818691253662,0.6939995288848877,1.0,0.41518548130989075,0.2865200936794281,0.3892074525356293,0.329367995262146,0.34496694803237915,0.2600346803665161,0.27756190299987793,0.15552383661270142],[0.38992780447006226,0.43391433358192444,0.3500494956970215,0.33757296204566956,0.490487664937973,0.4993053078651428,0.4285971522331238,0.41518548130989075,0.9999999403953552,0.5082787871360779,0.5529041290283203,0.390145480632782,0.34544235467910767,0.34712719917297363,0.33004727959632874,0.19290247559547424],[0.3185196816921234,0.36673858761787415,0.2570369243621826,0.28787854313850403,0.26176416873931885,0.29796525835990906,0.2998200058937073,0.2865200936794281,0.5082787871360779,0.9999999403953552,0.4373570382595062,0.3939674198627472,0.34730926156044006,0.3411000669002533,0.3521147072315216,0.19837331771850586],[0.41204047203063965,0.3504485785961151,0.32821789383888245,0.26236921548843384,0.4403916001319885,0.4574439525604248,0.3749934732913971,0.3892074525356293,0.5529041290283203,0.4373570382595062,1.0,0.40355154871940613,0.4405134916305542,0.38675451278686523,0.4152435064315796,0.24517177045345306],[0.3540237247943878,0.4607250988483429,0.3705291152000427,0.3461683690547943,0.35553619265556335,0.3464047312736511,0.32338273525238037,0.329367995262146,0.390145480632782,0.3939674198627472,0.40355154871940613,1.0,0.41963016986846924,0.41081660985946655,0.4072381854057312,0.22413337230682373],[0.48508867621421814,0.44197627902030945,0.4169856905937195,0.3157661259174347,0.3716941475868225,0.39314180612564087,0.3148011267185211,0.34496694803237915,0.34544235467910767,0.34730926156044006,0.4405134916305542,0.41963016986846924,1.0,0.48218950629234314,0.4562605917453766,0.24355114996433258],[0.5036866068840027,0.37533748149871826,0.28832221031188965,0.34560924768447876,0.2816953957080841,0.31919988989830017,0.2214009016752243,0.2600346803665161,0.34712719917297363,0.3411000669002533,0.38675451278686523,0.41081660985946655,0.48218950629234314,1.0,0.4638567864894867,0.28109779953956604],[0.4510100483894348,0.3803258240222931,0.36174631118774414,0.30749696493148804,0.3119608461856842,0.3521176278591156,0.21845944225788116,0.27756190299987793,0.33004727959632874,0.3521147072315216,0.4152435064315796,0.4072381854057312,0.4562605917453766,0.4638567864894867,1.0,0.3916996121406555],[0.3025212585926056,0.164762482047081,0.1495208591222763,0.09998057037591934,0.18178622424602509,0.1883450299501419,0.1500217169523239,0.15552383661270142,0.19290247559547424,0.19837331771850586,0.24517177045345306,0.22413337230682373,0.24355114996433258,0.28109779953956604,0.3916996121406555,1.0]]}