{
  "game_number": 582,
  "words": [
    "DRIVER",
    "EAGLE",
    "HOLE",
    "STROKE",
    "CYMBAL",
    "KICK",
    "SNARE",
    "TOM",
    "INFANT",
    "PUB",
    "SWIMMING",
    "TICKER",
    "RISK",
    "SORRY",
    "TABOO",
    "TROUBLE"
  ],
  "adjacency_matrix": [
    [
      1.0,
      0.23672762513160706,
      0.3636999726295471,
      0.3173934519290924,
      0.2825467586517334,
      0.33062946796417236,
      0.28198161721229553,
      0.2717008590698242,
      0.3717995584011078,
      0.3527711033821106,
      0.31245067715644836,
      0.3006467819213867,
      0.36015111207962036,
      0.24980893731117249,
      0.16497187316417694,
      0.3484364449977875
    ],
    [
      0.23672762513160706,
      1.0,
      0.37063661217689514,
      0.2955905497074127,
      0.23014332354068756,
      0.2984564006328583,
      0.3697592616081238,
      0.31408408284187317,
      0.39871370792388916,
      0.1869366616010666,
      0.30256685614585876,
      0.3026219606399536,
      0.260756254196167,
      0.2110700160264969,
      0.2220713347196579,
      0.2508435547351837
    ],
    [
      0.3636999726295471,
      0.37063661217689514,
      0.9999999403953552,
      0.43609753251075745,
      0.2548251748085022,
      0.4133605659008026,
      0.4357527494430542,
      0.3805655539035797,
      0.27620044350624084,
      0.32701870799064636,
      0.34589776396751404,
      0.23469363152980804,
      0.3380183279514313,
      0.2878740429878235,
      0.2819886803627014,
      0.41272521018981934
    ],
    [
      0.3173934519290924,
      0.2955905497074127,
      0.43609753251075745,
      1.0,
      0.3136158287525177,
      0.40835943818092346,
      0.33716243505477905,
      0.2342880666255951,
      0.30465084314346313,
      0.18989647924900055,
      0.40553805232048035,
      0.3101574182510376,
      0.419172078371048,
      0.2310069352388382,
      0.1699810028076172,
      0.3411363661289215
    ],
    [
      0.2825467586517334,
      0.23014332354068756,
      0.2548251748085022,
      0.3136158287525177,
      1.0,
      0.29787972569465637,
      0.4219040274620056,
      0.399966835975647,
      0.20828783512115479,
      0.15347370505332947,
      0.18260344862937927,
      0.2664831280708313,
      0.21688368916511536,
      0.12533630430698395,
      0.2245991826057434,
      0.20528268814086914
    ],
    [
      0.33062946796417236,
      0.2984564006328583,
      0.4133605659008026,
      0.40835943818092346,
      0.29787972569465637,
      1.0,
      0.49807313084602356,
      0.42818328738212585,
      0.2168186604976654,
      0.313031405210495,
      0.34588268399238586,
      0.2972412705421448,
      0.3645593822002411,
      0.29986870288848877,
      0.24117577075958252,
      0.38982027769088745
    ],
    [
      0.28198161721229553,
      0.3697592616081238,
      0.4357527494430542,
      0.33716243505477905,
      0.4219040274620056,
      0.49807313084602356,
      1.0,
      0.39736253023147583,
      0.28832030296325684,
      0.1568661481142044,
      0.28637295961380005,
      0.26510104537010193,
      0.3670670986175537,
      0.1918296366930008,
      0.2274499088525772,
      0.36588168144226074
    ],
    [
      0.2717008590698242,
      0.31408408284187317,
      0.3805655539035797,
      0.2342880666255951,
      0.399966835975647,
      0.42818328738212585,
      0.39736253023147583,
      1.0,
      0.20589014887809753,
      0.3107415735721588,
      0.20788757503032684,
      0.2714232802391052,
      0.17583681643009186,
      0.3025326430797577,
      0.2716277837753296,
      0.29186174273490906
    ],
    [
      0.3717995584011078,
      0.39871370792388916,
      0.27620044350624084,
      0.30465084314346313,
      0.20828783512115479,
      0.2168186604976654,
      0.28832030296325684,
      0.20589014887809753,
      1.0,
      0.2263617366552353,
      0.3957533836364746,
      0.20951607823371887,
      0.38238176703453064,
      0.20403562486171722,
      0.24957995116710663,
      0.279095321893692
    ],
    [
      0.3527711033821106,
      0.1869366616010666,
      0.32701870799064636,
      0.18989647924900055,
      0.15347370505332947,
      0.313031405210495,
      0.1568661481142044,
      0.3107415735721588,
      0.2263617366552353,
      1.0,
      0.31635618209838867,
      0.24156983196735382,
      0.2071753740310669,
      0.22779226303100586,
      0.29814308881759644,
      0.2602468430995941
    ],
    [
      0.31245067715644836,
      0.30256685614585876,
      0.34589776396751404,
      0.40553805232048035,
      0.18260344862937927,
      0.34588268399238586,
      0.28637295961380005,
      0.20788757503032684,
      0.3957533836364746,
      0.31635618209838867,
      1.0,
      0.2755776643753052,
      0.31993576884269714,
      0.19480925798416138,
      0.26590588688850403,
      0.30028387904167175
    ],
    [
      0.3006467819213867,
      0.3026219606399536,
      0.23469363152980804,
      0.3101574182510376,
      0.2664831280708313,
      0.2972412705421448,
      0.26510104537010193,
      0.2714232802391052,
      0.20951607823371887,
      0.24156983196735382,
      0.2755776643753052,
      1.0,
      0.25319692492485046,
      0.2048143893480301,
      0.23762425780296326,
      0.18906165659427643
    ],
    [
      0.36015111207962036,
      0.260756254196167,
      0.3380183279514313,
      0.419172078371048,
      0.21688368916511536,
      0.3645593822002411,
      0.3670670986175537,
      0.17583681643009186,
      0.38238176703453064,
      0.2071753740310669,
      0.31993576884269714,
      0.25319692492485046,
      1.0000001192092896,
      0.3447607159614563,
      0.38228631019592285,
      0.5710596442222595
    ],
    [
      0.24980893731117249,
      0.2110700160264969,
      0.2878740429878235,
      0.2310069352388382,
      0.12533630430698395,
      0.29986870288848877,
      0.1918296366930008,
      0.3025326430797577,
      0.20403562486171722,
      0.22779226303100586,
      0.19480925798416138,
      0.2048143893480301,
      0.3447607159614563,
      1.0,
      0.3026827871799469,
      0.5333651304244995
    ],
    [
      0.16497187316417694,
      0.2220713347196579,
      0.2819886803627014,
      0.1699810028076172,
      0.2245991826057434,
      0.24117577075958252,
      0.2274499088525772,
      0.2716277837753296,
      0.24957995116710663,
      0.29814308881759644,
      0.26590588688850403,
      0.23762425780296326,
      0.38228631019592285,
      0.3026827871799469,
      0.9999999403953552,
      0.31918758153915405
    ],
    [
      0.3484364449977875,
      0.2508435547351837,
      0.41272521018981934,
      0.3411363661289215,
      0.20528268814086914,
      0.38982027769088745,
      0.36588168144226074,
      0.29186174273490906,
      0.279095321893692,
      0.2602468430995941,
      0.30028387904167175,
      0.18906165659427643,
      0.5710596442222595,
      0.5333651304244995,
      0.31918758153915405,
      1.0
    ]
  ]
}