{
  "game_number": 407,
  "words": [
    "CONCENTRATION",
    "DEGREE",
    "MAJOR",
    "MINOR",
    "BLANKET",
    "BROAD",
    "GENERAL",
    "SWEEPING",
    "BAR",
    "CADET",
    "HEATER",
    "STATION",
    "DART",
    "HEM",
    "PLEAT",
    "SEAM"
  ],
  "adjacency_matrix": [
    [
      1.0,
      0.577466607093811,
      0.4702260494232178,
      0.4317173361778259,
      0.33840814232826233,
      0.43215182423591614,
      0.44392329454421997,
      0.35015836358070374,
      0.2669766843318939,
      0.2498868852853775,
      0.3476678133010864,
      0.33315280079841614,
      0.2911361753940582,
      0.18969786167144775,
      0.2811473309993744,
      0.3469783365726471
    ],
    [
      0.577466607093811,
      1.0,
      0.5042140483856201,
      0.47544604539871216,
      0.3442207872867584,
      0.4742622673511505,
      0.5191965699195862,
      0.34047695994377136,
      0.29758360981941223,
      0.23124565184116364,
      0.28283458948135376,
      0.2662724554538727,
      0.25099506974220276,
      0.2195201963186264,
      0.26733389496803284,
      0.3143070936203003
    ],
    [
      0.4702260494232178,
      0.5042140483856201,
      1.0,
      0.8017178177833557,
      0.3354433476924896,
      0.5558704137802124,
      0.655107319355011,
      0.46137869358062744,
      0.24081161618232727,
      0.31735268235206604,
      0.26771530508995056,
      0.35002419352531433,
      0.2951247990131378,
      0.16563206911087036,
      0.31451913714408875,
      0.3386504352092743
    ],
    [
      0.4317173361778259,
      0.47544604539871216,
      0.8017178177833557,
      1.0,
      0.3008372187614441,
      0.4734549820423126,
      0.5405390858650208,
      0.40909290313720703,
      0.25144168734550476,
      0.29618507623672485,
      0.2915266156196594,
      0.27448758482933044,
      0.28580623865127563,
      0.1998130828142166,
      0.3306877911090851,
      0.32145166397094727
    ],
    [
      0.33840814232826233,
      0.3442207872867584,
      0.3354433476924896,
      0.3008372187614441,
      1.0,
      0.5381340980529785,
      0.4274137318134308,
      0.5997298955917358,
      0.25301265716552734,
      0.20835356414318085,
      0.45991456508636475,
      0.302108496427536,
      0.30779293179512024,
      0.34263738989830017,
      0.42644527554512024,
      0.33035898208618164
    ],
    [
      0.43215182423591614,
      0.4742622673511505,
      0.5558704137802124,
      0.4734549820423126,
      0.5381340980529785,
      1.0,
      0.6390296220779419,
      0.6392059922218323,
      0.28576716780662537,
      0.17791055142879486,
      0.2514549195766449,
      0.2786693871021271,
      0.3490230441093445,
      0.28507542610168457,
      0.37288522720336914,
      0.39837968349456787
    ],
    [
      0.44392329454421997,
      0.5191965699195862,
      0.655107319355011,
      0.5405390858650208,
      0.4274137318134308,
      0.6390296220779419,
      1.0,
      0.4643789231777191,
      0.3405872881412506,
      0.3744058609008789,
      0.2867618799209595,
      0.3781273066997528,
      0.30707940459251404,
      0.1294844001531601,
      0.33722612261772156,
      0.28595250844955444
    ],
    [
      0.35015836358070374,
      0.34047695994377136,
      0.46137869358062744,
      0.40909290313720703,
      0.5997298955917358,
      0.6392059922218323,
      0.4643789231777191,
      0.9999999403953552,
      0.23675400018692017,
      0.13940076529979706,
      0.2717536389827728,
      0.2708582878112793,
      0.33869507908821106,
      0.207862988114357,
      0.3211134672164917,
      0.3015049695968628
    ],
    [
      0.2669766843318939,
      0.29758360981941223,
      0.24081161618232727,
      0.25144168734550476,
      0.25301265716552734,
      0.28576716780662537,
      0.3405872881412506,
      0.23675400018692017,
      1.0,
      0.32239097356796265,
      0.3401750326156616,
      0.34800639748573303,
      0.3820852041244507,
      0.2872260808944702,
      0.35264110565185547,
      0.3479859232902527
    ],
    [
      0.2498868852853775,
      0.23124565184116364,
      0.31735268235206604,
      0.29618507623672485,
      0.20835356414318085,
      0.17791055142879486,
      0.3744058609008789,
      0.13940076529979706,
      0.32239097356796265,
      1.0,
      0.21967273950576782,
      0.36822307109832764,
      0.276780903339386,
      0.16110296547412872,
      0.21852898597717285,
      0.234440878033638
    ],
    [
      0.3476678133010864,
      0.28283458948135376,
      0.26771530508995056,
      0.2915266156196594,
      0.45991456508636475,
      0.2514549195766449,
      0.2867618799209595,
      0.2717536389827728,
      0.3401750326156616,
      0.21967273950576782,
      1.0,
      0.42583420872688293,
      0.3505672216415405,
      0.2956959307193756,
      0.3437161445617676,
      0.3677879869937897
    ],
    [
      0.33315280079841614,
      0.2662724554538727,
      0.35002419352531433,
      0.27448758482933044,
      0.302108496427536,
      0.2786693871021271,
      0.3781273066997528,
      0.2708582878112793,
      0.34800639748573303,
      0.36822307109832764,
      0.42583420872688293,
      1.0,
      0.2223513126373291,
      0.17766481637954712,
      0.21086055040359497,
      0.2864488959312439
    ],
    [
      0.2911361753940582,
      0.25099506974220276,
      0.2951247990131378,
      0.28580623865127563,
      0.30779293179512024,
      0.3490230441093445,
      0.30707940459251404,
      0.33869507908821106,
      0.3820852041244507,
      0.276780903339386,
      0.3505672216415405,
      0.2223513126373291,
      1.0,
      0.2925772964954376,
      0.3956039845943451,
      0.33677875995635986
    ],
    [
      0.18969786167144775,
      0.2195201963186264,
      0.16563206911087036,
      0.1998130828142166,
      0.34263738989830017,
      0.28507542610168457,
      0.1294844001531601,
      0.207862988114357,
      0.2872260808944702,
      0.16110296547412872,
      0.2956959307193756,
      0.17766481637954712,
      0.2925772964954376,
      1.0,
      0.4995671212673187,
      0.49780699610710144
    ],
    [
      0.2811473309993744,
      0.26733389496803284,
      0.31451913714408875,
      0.3306877911090851,
      0.42644527554512024,
      0.37288522720336914,
      0.33722612261772156,
      0.3211134672164917,
      0.35264110565185547,
      0.21852898597717285,
      0.3437161445617676,
      0.21086055040359497,
      0.3956039845943451,
      0.4995671212673187,
      1.0,
      0.5553407073020935
    ],
    [
      0.3469783365726471,
      0.3143070936203003,
      0.3386504352092743,
      0.32145166397094727,
      0.33035898208618164,
      0.39837968349456787,
      0.28595250844955444,
      0.3015049695968628,
      0.3479859232902527,
      0.234440878033638,
      0.3677879869937897,
      0.2864488959312439,
      0.33677875995635986,
      0.49780699610710144,
      0.5553407073020935,
      0.9999999403953552
    ]
  ]
}