{"game_number":57,"words":["LASER","PLUCK","THREAD","WAX","COIL","SPOOL","WIND","WRAP","HONEYCOMB","ORGANISM","SOLAR-PANEL","SPREADSHEET","BALL","MOVIE","SCHOOL","VITAMIN"],"adjacency_matrix":[[1.0000001192092896,0.1840912401676178,0.27232828736305237,0.3205544054508209,0.40191033482551575,0.29978421330451965,0.29852330684661865,0.21681681275367737,0.2221216857433319,0.2245677411556244,0.4191053509712219,0.19998498260974884,0.40239542722702026,0.30811527371406555,0.27834776043891907,0.33511438965797424],[0.1840912401676178,1.0,0.25038424134254456,0.3230026364326477,0.2495444267988205,0.3030880093574524,0.432562917470932,0.3686772584915161,0.2614465653896332,0.2028200775384903,0.22975847125053406,0.2302204668521881,0.33760708570480347,0.18508046865463257,0.19835536181926727,0.1922883540391922],[0.27232828736305237,0.25038424134254456,1.0,0.2352476269006729,0.39221781492233276,0.5693486928939819,0.2986997067928314,0.43778374791145325,0.2809639573097229,0.28164878487586975,0.2820579409599304,0.2854851186275482,0.3596259355545044,0.3752489686012268,0.2937845289707184,0.14860838651657104],[0.3205544054508209,0.3230026364326477,0.2352476269006729,1.0,0.40878888964653015,0.30262166261672974,0.24143844842910767,0.3655848205089569,0.41536104679107666,0.2103308141231537,0.2390192747116089,0.212080717086792,0.48299816250801086,0.23964494466781616,0.16194552183151245,0.22812221944332123],[0.40191033482551575,0.2495444267988205,0.39221781492233276,0.40878888964653015,1.0,0.5226883888244629,0.39157944917678833,0.45239168405532837,0.3548721671104431,0.30174344778060913,0.3673311769962311,0.19190625846385956,0.4553796350955963,0.2561989724636078,0.2443975806236267,0.24103882908821106],[0.29978421330451965,0.3030880093574524,0.5693486928939819,0.30262166261672974,0.5226883888244629,1.0,0.37569040060043335,0.46598613262176514,0.28975605964660645,0.25782737135887146,0.3932209610939026,0.2814866900444031,0.38583487272262573,0.35561156272888184,0.30046460032463074,0.16445821523666382],[0.29852330684661865,0.432562917470932,0.2986997067928314,0.24143844842910767,0.39157944917678833,0.37569040060043335,1.0000001192092896,0.3701897859573364,0.26201263070106506,0.3229852020740509,0.46644872426986694,0.2820269763469696,0.42672643065452576,0.27026626467704773,0.3145861327648163,0.2350001335144043],[0.21681681275367737,0.3686772584915161,0.43778374791145325,0.3655848205089569,0.45239168405532837,0.46598613262176514,0.3701897859573364,1.0,0.36456578969955444,0.19664137065410614,0.30529263615608215,0.32972556352615356,0.41382303833961487,0.3119695782661438,0.23905858397483826,0.1851971596479416],[0.2221216857433319,0.2614465653896332,0.2809639573097229,0.41536104679107666,0.3548721671104431,0.28975605964660645,0.26201263070106506,0.36456578969955444,1.0,0.2960672676563263,0.39519691467285156,0.30992835760116577,0.3371737599372864,0.18650463223457336,0.21998368203639984,0.22184956073760986],[0.2245677411556244,0.2028200775384903,0.28164878487586975,0.2103308141231537,0.30174344778060913,0.25782737135887146,0.3229852020740509,0.19664137065410614,0.2960672676563263,1.0,0.2710409164428711,0.34500524401664734,0.3404177725315094,0.3108394145965576,0.33603066205978394,0.3484116196632385],[0.4191053509712219,0.22975847125053406,0.2820579409599304,0.2390192747116089,0.3673311769962311,0.3932209610939026,0.46644872426986694,0.30529263615608215,0.39519691467285156,0.2710409164428711,1.0000001192092896,0.33895745873451233,0.354784220457077,0.31992974877357483,0.4025278091430664,0.2640165090560913],[0.19998498260974884,0.2302204668521881,0.2854851186275482,0.212080717086792,0.19190625846385956,0.2814866900444031,0.2820269763469696,0.32972556352615356,0.30992835760116577,0.34500524401664734,0.33895745873451233,1.0,0.2609546482563019,0.27719420194625854,0.35167011618614197,0.2546885311603546],[0.40239542722702026,0.33760708570480347,0.3596259355545044,0.48299816250801086,0.4553796350955963,0.38583487272262573,0.42672643065452576,0.41382303833961487,0.3371737599372864,0.3404177725315094,0.354784220457077,0.2609546482563019,1.0,0.3664659261703491,0.3814809322357178,0.28390881419181824],[0.30811527371406555,0.18508046865463257,0.3752489686012268,0.23964494466781616,0.2561989724636078,0.35561156272888184,0.27026626467704773,0.3119695782661438,0.18650463223457336,0.3108394145965576,0.31992974877357483,0.27719420194625854,0.3664659261703491,1.0,0.39152267575263977,0.24792349338531494],[0.27834776043891907,0.19835536181926727,0.2937845289707184,0.16194552183151245,0.2443975806236267,0.30046460032463074,0.3145861327648163,0.23905858397483826,0.21998368203639984,0.33603066205978394,0.4025278091430664,0.35167011618614197,0.3814809322357178,0.39152267575263977,0.9999999403953552,0.22926577925682068],[0.33511438965797424,0.1922883540391922,0.14860838651657104,0.22812221944332123,0.24103882908821106,0.16445821523666382,0.2350001335144043,0.1851971596479416,0.22184956073760986,0.3484116196632385,0.2640165090560913,0.2546885311603546,0.28390881419181824,0.24792349338531494,0.22926577925682068,1.0]]}