{"game_number":106,"words":["CLOWN","RING","TENT","TRAPEZE","LION","SCARECROW","WITCH","WIZARD","HAIR","MAKEUP","PROPS","WARDROBE","JOKER","LOVER","SINNER","SMOKER"],"adjacency_matrix":[[1.0,0.40611881017684937,0.3643248975276947,0.5324733853340149,0.42767494916915894,0.5724990367889404,0.5054166316986084,0.4238205552101135,0.34633004665374756,0.4222784638404846,0.42147013545036316,0.39414137601852417,0.6469833850860596,0.44027549028396606,0.3348892033100128,0.37138599157333374],[0.40611881017684937,1.0,0.3668479323387146,0.3551677167415619,0.28868648409843445,0.3406807780265808,0.34164607524871826,0.2843643128871918,0.3677975833415985,0.33428654074668884,0.3284786343574524,0.30550792813301086,0.3226945400238037,0.34031230211257935,0.2371518313884735,0.23933468759059906],[0.3643248975276947,0.3668479323387146,0.9999999403953552,0.336848646402359,0.303767591714859,0.4169696271419525,0.3286081850528717,0.2553108036518097,0.25788065791130066,0.3337724208831787,0.3791094422340393,0.35606375336647034,0.2798263132572174,0.26725712418556213,0.16591370105743408,0.2647327780723572],[0.5324733853340149,0.3551677167415619,0.336848646402359,0.9999999403953552,0.3334318995475769,0.3642713725566864,0.35977715253829956,0.34124091267585754,0.2626447379589081,0.3172280192375183,0.3857778012752533,0.30482417345046997,0.3213925063610077,0.3380553424358368,0.20549573004245758,0.19243744015693665],[0.42767494916915894,0.28868648409843445,0.303767591714859,0.3334318995475769,1.0,0.3812441825866699,0.39783141016960144,0.36146485805511475,0.3210287392139435,0.2834624648094177,0.25500181317329407,0.3057411313056946,0.3284298777580261,0.4026332199573517,0.2978963851928711,0.3146054148674011],[0.5724990367889404,0.3406807780265808,0.4169696271419525,0.3642713725566864,0.3812441825866699,0.9999999403953552,0.5757477283477783,0.5261127352714539,0.34228718280792236,0.3743097186088562,0.43939825892448425,0.3440346121788025,0.464132696390152,0.4076903462409973,0.30273234844207764,0.3492124378681183],[0.5054166316986084,0.34164607524871826,0.3286081850528717,0.35977715253829956,0.39783141016960144,0.5757477283477783,0.9999999403953552,0.5957903861999512,0.3802018165588379,0.3471512198448181,0.29467931389808655,0.34736084938049316,0.41125500202178955,0.4781627953052521,0.44186657667160034,0.3243410587310791],[0.4238205552101135,0.2843643128871918,0.2553108036518097,0.34124091267585754,0.36146485805511475,0.5261127352714539,0.5957903861999512,1.0,0.30612310767173767,0.3604993224143982,0.318846732378006,0.3851471543312073,0.4628630578517914,0.3865746855735779,0.3095143437385559,0.24657046794891357],[0.34633004665374756,0.3677975833415985,0.25788065791130066,0.2626447379589081,0.3210287392139435,0.34228718280792236,0.3802018165588379,0.30612310767173767,1.0,0.605796217918396,0.3223108649253845,0.4903011620044708,0.3027450740337372,0.35345274209976196,0.24483142793178558,0.2635349929332733],[0.4222784638404846,0.33428654074668884,0.3337724208831787,0.3172280192375183,0.2834624648094177,0.3743097186088562,0.3471512198448181,0.3604993224143982,0.605796217918396,1.0,0.44037437438964844,0.5966311097145081,0.4067654013633728,0.2653241455554962,0.196157768368721,0.28422027826309204],[0.42147013545036316,0.3284786343574524,0.3791094422340393,0.3857778012752533,0.25500181317329407,0.43939825892448425,0.29467931389808655,0.318846732378006,0.3223108649253845,0.44037437438964844,1.0,0.4605594277381897,0.3573459982872009,0.2389262318611145,0.11100658774375916,0.2074955254793167],[0.39414137601852417,0.30550792813301086,0.35606375336647034,0.30482417345046997,0.3057411313056946,0.3440346121788025,0.34736084938049316,0.3851471543312073,0.4903011620044708,0.5966311097145081,0.4605594277381897,0.9999999403953552,0.41538310050964355,0.3339554965496063,0.2251807302236557,0.2801344394683838],[0.6469833850860596,0.3226945400238037,0.2798263132572174,0.3213925063610077,0.3284298777580261,0.464132696390152,0.41125500202178955,0.4628630578517914,0.3027450740337372,0.4067654013633728,0.3573459982872009,0.41538310050964355,1.0,0.4249896705150604,0.39579880237579346,0.46533021330833435],[0.44027549028396606,0.34031230211257935,0.26725712418556213,0.3380553424358368,0.4026332199573517,0.4076903462409973,0.4781627953052521,0.3865746855735779,0.35345274209976196,0.2653241455554962,0.2389262318611145,0.3339554965496063,0.4249896705150604,1.0,0.5020396113395691,0.42263519763946533],[0.3348892033100128,0.2371518313884735,0.16591370105743408,0.20549573004245758,0.2978963851928711,0.30273234844207764,0.44186657667160034,0.3095143437385559,0.24483142793178558,0.196157768368721,0.11100658774375916,0.2251807302236557,0.39579880237579346,0.5020396113395691,1.0,0.42230039834976196],[0.37138599157333374,0.23933468759059906,0.2647327780723572,0.19243744015693665,0.3146054148674011,0.3492124378681183,0.3243410587310791,0.24657046794891357,0.2635349929332733,0.28422027826309204,0.2074955254793167,0.2801344394683838,0.46533021330833435,0.42263519763946533,0.42230039834976196,0.9999999403953552]]}