{
  "game_number": 51,
  "words": [
    "CHIC",
    "CURRENT",
    "FRESH",
    "HAPPENING",
    "HALO",
    "HARP",
    "ROBE",
    "WINGS",
    "BIRD",
    "COUNT",
    "GROUCH",
    "MONSTER",
    "BLOOD",
    "BLUES",
    "CHEMICAL",
    "MARX"
  ],
  "adjacency_matrix": [
    [
      1.0,
      0.3340115547180176,
      0.45059990882873535,
      0.22035787999629974,
      0.2821808457374573,
      0.26389482617378235,
      0.3161756992340088,
      0.2685770094394684,
      0.2764936685562134,
      0.2712284326553345,
      0.4052468240261078,
      0.3240302503108978,
      0.2596149146556854,
      0.3627610504627228,
      0.3269623816013336,
      0.2642010748386383
    ],
    [
      0.3340115547180176,
      1.0,
      0.4904184937477112,
      0.44779375195503235,
      0.3324648141860962,
      0.33790525794029236,
      0.2607114315032959,
      0.3370100259780884,
      0.30473944544792175,
      0.430735319852829,
      0.42620712518692017,
      0.33123719692230225,
      0.348222553730011,
      0.3206130862236023,
      0.4850096106529236,
      0.2420894205570221
    ],
    [
      0.45059990882873535,
      0.4904184937477112,
      1.0,
      0.3509354591369629,
      0.2779422104358673,
      0.2878763973712921,
      0.27725642919540405,
      0.3371013104915619,
      0.31421712040901184,
      0.33929893374443054,
      0.4027940034866333,
      0.36448538303375244,
      0.4821593463420868,
      0.345487117767334,
      0.41665130853652954,
      0.19725102186203003
    ],
    [
      0.22035787999629974,
      0.44779375195503235,
      0.3509354591369629,
      1.0,
      0.23890942335128784,
      0.2488405853509903,
      0.13009212911128998,
      0.2636348009109497,
      0.2911222279071808,
      0.3561091125011444,
      0.32846978306770325,
      0.3268106281757355,
      0.26194390654563904,
      0.19550518691539764,
      0.31237414479255676,
      0.20877687633037567
    ],
    [
      0.2821808457374573,
      0.3324648141860962,
      0.2779422104358673,
      0.23890942335128784,
      0.9999999403953552,
      0.3681796193122864,
      0.49326539039611816,
      0.3586426079273224,
      0.311845600605011,
      0.31310999393463135,
      0.35053983330726624,
      0.3876090347766876,
      0.31826508045196533,
      0.28976017236709595,
      0.3016103208065033,
      0.270038366317749
    ],
    [
      0.26389482617378235,
      0.33790525794029236,
      0.2878763973712921,
      0.2488405853509903,
      0.3681796193122864,
      1.0,
      0.3465506434440613,
      0.3237597942352295,
      0.37239494919776917,
      0.29446765780448914,
      0.3788391649723053,
      0.35621127486228943,
      0.27724337577819824,
      0.3786347508430481,
      0.28024813532829285,
      0.20440715551376343
    ],
    [
      0.3161756992340088,
      0.2607114315032959,
      0.27725642919540405,
      0.13009212911128998,
      0.49326539039611816,
      0.3465506434440613,
      1.0,
      0.314014196395874,
      0.3217516839504242,
      0.29455089569091797,
      0.29841724038124084,
      0.28816819190979004,
      0.3511950373649597,
      0.28435105085372925,
      0.22332894802093506,
      0.21535272896289825
    ],
    [
      0.2685770094394684,
      0.3370100259780884,
      0.3371013104915619,
      0.2636348009109497,
      0.3586426079273224,
      0.3237597942352295,
      0.314014196395874,
      1.0,
      0.5282548069953918,
      0.3290256857872009,
      0.37380680441856384,
      0.38669121265411377,
      0.3435501456260681,
      0.38585925102233887,
      0.28311440348625183,
      0.2853845953941345
    ],
    [
      0.2764936685562134,
      0.30473944544792175,
      0.31421712040901184,
      0.2911222279071808,
      0.311845600605011,
      0.37239494919776917,
      0.3217516839504242,
      0.5282548069953918,
      1.0,
      0.3583502173423767,
      0.4022233784198761,
      0.4337611496448517,
      0.33284828066825867,
      0.3370819687843323,
      0.381049245595932,
      0.22174577414989471
    ],
    [
      0.2712284326553345,
      0.430735319852829,
      0.33929893374443054,
      0.3561091125011444,
      0.31310999393463135,
      0.29446765780448914,
      0.29455089569091797,
      0.3290256857872009,
      0.3583502173423767,
      1.0,
      0.41405704617500305,
      0.3648904860019684,
      0.3745594024658203,
      0.23949740827083588,
      0.2686483561992645,
      0.2489263266324997
    ],
    [
      0.4052468240261078,
      0.42620712518692017,
      0.4027940034866333,
      0.32846978306770325,
      0.35053983330726624,
      0.3788391649723053,
      0.29841724038124084,
      0.37380680441856384,
      0.4022233784198761,
      0.41405704617500305,
      1.0,
      0.4358412027359009,
      0.2759243845939636,
      0.37939929962158203,
      0.3366188406944275,
      0.3513077199459076
    ],
    [
      0.3240302503108978,
      0.33123719692230225,
      0.36448538303375244,
      0.3268106281757355,
      0.3876090347766876,
      0.35621127486228943,
      0.28816819190979004,
      0.38669121265411377,
      0.4337611496448517,
      0.3648904860019684,
      0.4358412027359009,
      1.0,
      0.40994757413864136,
      0.3551745116710663,
      0.38267794251441956,
      0.32781535387039185
    ],
    [
      0.2596149146556854,
      0.348222553730011,
      0.4821593463420868,
      0.26194390654563904,
      0.31826508045196533,
      0.27724337577819824,
      0.3511950373649597,
      0.3435501456260681,
      0.33284828066825867,
      0.3745594024658203,
      0.2759243845939636,
      0.40994757413864136,
      1.0,
      0.3410091996192932,
      0.45811256766319275,
      0.2297445684671402
    ],
    [
      0.3627610504627228,
      0.3206130862236023,
      0.345487117767334,
      0.19550518691539764,
      0.28976017236709595,
      0.3786347508430481,
      0.28435105085372925,
      0.38585925102233887,
      0.3370819687843323,
      0.23949740827083588,
      0.37939929962158203,
      0.3551745116710663,
      0.3410091996192932,
      1.0,
      0.38099798560142517,
      0.2677915394306183
    ],
    [
      0.3269623816013336,
      0.4850096106529236,
      0.41665130853652954,
      0.31237414479255676,
      0.3016103208065033,
      0.28024813532829285,
      0.22332894802093506,
      0.28311440348625183,
      0.381049245595932,
      0.2686483561992645,
      0.3366188406944275,
      0.38267794251441956,
      0.45811256766319275,
      0.38099798560142517,
      1.0,
      0.2077474296092987
    ],
    [
      0.2642010748386383,
      0.2420894205570221,
      0.19725102186203003,
      0.20877687633037567,
      0.270038366317749,
      0.20440715551376343,
      0.21535272896289825,
      0.2853845953941345,
      0.22174577414989471,
      0.2489263266324997,
      0.3513077199459076,
      0.32781535387039185,
      0.2297445684671402,
      0.2677915394306183,
      0.2077474296092987,
      1.0
    ]
  ]
}