{
  "game_number": 53,
  "words": [
    "FIRM",
    "RIGID",
    "STERN",
    "TOUGH",
    "HULL",
    "HUSK",
    "POD",
    "SHELL",
    "CAST",
    "DIRECTOR",
    "STUDIO",
    "TITLE",
    "LINE",
    "PLANE",
    "POINT",
    "SOLID"
  ],
  "adjacency_matrix": [
    [
      0.9999999403953552,
      0.3738951086997986,
      0.3845675587654114,
      0.40346792340278625,
      0.2991297245025635,
      0.22551211714744568,
      0.19602379202842712,
      0.3579818308353424,
      0.3194594979286194,
      0.4614454507827759,
      0.4805949926376343,
      0.24348145723342896,
      0.44414058327674866,
      0.37805524468421936,
      0.35970327258110046,
      0.4780651926994324
    ],
    [
      0.3738951086997986,
      0.9999999403953552,
      0.5954120755195618,
      0.5430639386177063,
      0.3745570778846741,
      0.2856103181838989,
      0.2264920026063919,
      0.34012168645858765,
      0.3120119571685791,
      0.24291586875915527,
      0.2505413591861725,
      0.219003826379776,
      0.35946834087371826,
      0.31378355622291565,
      0.33089321851730347,
      0.5386658310890198
    ],
    [
      0.3845675587654114,
      0.5954120755195618,
      0.9999999403953552,
      0.5471136569976807,
      0.4802570044994354,
      0.2781618535518646,
      0.3004179000854492,
      0.3792111873626709,
      0.3800322413444519,
      0.30360284447669983,
      0.30190524458885193,
      0.26721256971359253,
      0.45770809054374695,
      0.31978529691696167,
      0.39509904384613037,
      0.4377014935016632
    ],
    [
      0.40346792340278625,
      0.5430639386177063,
      0.5471136569976807,
      1.0,
      0.2630685269832611,
      0.26419204473495483,
      0.1621095985174179,
      0.3548320531845093,
      0.36353179812431335,
      0.27137649059295654,
      0.2881479561328888,
      0.24134200811386108,
      0.4081196188926697,
      0.2534758746623993,
      0.4120163023471832,
      0.5584341287612915
    ],
    [
      0.2991297245025635,
      0.3745570778846741,
      0.4802570044994354,
      0.2630685269832611,
      1.0,
      0.4294452965259552,
      0.47099769115448,
      0.4959787130355835,
      0.3144993484020233,
      0.18208034336566925,
      0.2347811758518219,
      0.22518537938594818,
      0.3839697241783142,
      0.41786420345306396,
      0.24528424441814423,
      0.34757715463638306
    ],
    [
      0.22551211714744568,
      0.2856103181838989,
      0.2781618535518646,
      0.26419204473495483,
      0.4294452965259552,
      1.0,
      0.40939149260520935,
      0.5378539562225342,
      0.2760845720767975,
      0.1788007915019989,
      0.1891450434923172,
      0.14548473060131073,
      0.24342699348926544,
      0.2120826691389084,
      0.17094206809997559,
      0.2891753017902374
    ],
    [
      0.19602379202842712,
      0.2264920026063919,
      0.3004179000854492,
      0.1621095985174179,
      0.47099769115448,
      0.40939149260520935,
      1.0,
      0.4072777032852173,
      0.279445081949234,
      0.2108369767665863,
      0.2905147671699524,
      0.1578090488910675,
      0.2583726644515991,
      0.41600844264030457,
      0.24274875223636627,
      0.18495872616767883
    ],
    [
      0.3579818308353424,
      0.34012168645858765,
      0.3792111873626709,
      0.3548320531845093,
      0.4959787130355835,
      0.5378539562225342,
      0.4072777032852173,
      1.0,
      0.33455395698547363,
      0.30321431159973145,
      0.31720173358917236,
      0.28197214007377625,
      0.4461613893508911,
      0.35838583111763,
      0.3198821544647217,
      0.4156326949596405
    ],
    [
      0.3194594979286194,
      0.3120119571685791,
      0.3800322413444519,
      0.36353179812431335,
      0.3144993484020233,
      0.2760845720767975,
      0.279445081949234,
      0.33455395698547363,
      1.0,
      0.4171565771102905,
      0.41932374238967896,
      0.24347253143787384,
      0.37580162286758423,
      0.34281614422798157,
      0.3416265547275543,
      0.38268259167671204
    ],
    [
      0.4614454507827759,
      0.24291586875915527,
      0.30360284447669983,
      0.27137649059295654,
      0.18208034336566925,
      0.1788007915019989,
      0.2108369767665863,
      0.30321431159973145,
      0.4171565771102905,
      1.0,
      0.49346375465393066,
      0.39864617586135864,
      0.37053123116493225,
      0.316140741109848,
      0.2977043092250824,
      0.25442567467689514
    ],
    [
      0.4805949926376343,
      0.2505413591861725,
      0.30190524458885193,
      0.2881479561328888,
      0.2347811758518219,
      0.1891450434923172,
      0.2905147671699524,
      0.31720173358917236,
      0.41932374238967896,
      0.49346375465393066,
      1.0,
      0.3218671679496765,
      0.4145087003707886,
      0.37824517488479614,
      0.278731107711792,
      0.29740282893180847
    ],
    [
      0.24348145723342896,
      0.219003826379776,
      0.26721256971359253,
      0.24134200811386108,
      0.22518537938594818,
      0.14548473060131073,
      0.1578090488910675,
      0.28197214007377625,
      0.24347253143787384,
      0.39864617586135864,
      0.3218671679496765,
      1.0,
      0.4128545820713043,
      0.22403350472450256,
      0.35993102192878723,
      0.25041091442108154
    ],
    [
      0.44414058327674866,
      0.35946834087371826,
      0.45770809054374695,
      0.4081196188926697,
      0.3839697241783142,
      0.24342699348926544,
      0.2583726644515991,
      0.4461613893508911,
      0.37580162286758423,
      0.37053123116493225,
      0.4145087003707886,
      0.4128545820713043,
      1.0,
      0.5015491843223572,
      0.5855306386947632,
      0.4567333459854126
    ],
    [
      0.37805524468421936,
      0.31378355622291565,
      0.31978529691696167,
      0.2534758746623993,
      0.41786420345306396,
      0.2120826691389084,
      0.41600844264030457,
      0.35838583111763,
      0.34281614422798157,
      0.316140741109848,
      0.37824517488479614,
      0.22403350472450256,
      0.5015491843223572,
      1.0,
      0.4660579264163971,
      0.3420269787311554
    ],
    [
      0.35970327258110046,
      0.33089321851730347,
      0.39509904384613037,
      0.4120163023471832,
      0.24528424441814423,
      0.17094206809997559,
      0.24274875223636627,
      0.3198821544647217,
      0.3416265547275543,
      0.2977043092250824,
      0.278731107711792,
      0.35993102192878723,
      0.5855306386947632,
      0.4660579264163971,
      1.0000001192092896,
      0.43294858932495117
    ],
    [
      0.4780651926994324,
      0.5386658310890198,
      0.4377014935016632,
      0.5584341287612915,
      0.34757715463638306,
      0.2891753017902374,
      0.18495872616767883,
      0.4156326949596405,
      0.38268259167671204,
      0.25442567467689514,
      0.29740282893180847,
      0.25041091442108154,
      0.4567333459854126,
      0.3420269787311554,
      0.43294858932495117,
      1.0
    ]
  ]
}