{
  "game_number": 433,
  "words": [
    "AIR",
    "RUN",
    "SCREEN",
    "SHOW",
    "BATH",
    "CARD",
    "CURTAIN",
    "PICTURE",
    "EON",
    "ETHER",
    "NET",
    "TOW",
    "ARROW",
    "BOW",
    "QUIVER",
    "TARGET"
  ],
  "adjacency_matrix": [
    [
      1.0,
      0.4119420647621155,
      0.4339090883731842,
      0.47460034489631653,
      0.4100135564804077,
      0.35553911328315735,
      0.421938955783844,
      0.39202454686164856,
      0.14036870002746582,
      0.5043016672134399,
      0.42881831526756287,
      0.3681863248348236,
      0.3617723286151886,
      0.37554794549942017,
      0.3450201451778412,
      0.40752655267715454
    ],
    [
      0.4119420647621155,
      1.0,
      0.4441140294075012,
      0.5310747027397156,
      0.4061340093612671,
      0.3376086950302124,
      0.3460085391998291,
      0.3764802813529968,
      0.1480792611837387,
      0.28940796852111816,
      0.379711776971817,
      0.4589739739894867,
      0.33741065859794617,
      0.3272314667701721,
      0.2857781648635864,
      0.5033392310142517
    ],
    [
      0.4339090883731842,
      0.4441140294075012,
      1.0,
      0.5131092071533203,
      0.312902569770813,
      0.4715833365917206,
      0.4967968761920929,
      0.5752857327461243,
      0.13562512397766113,
      0.2928546965122223,
      0.4176410138607025,
      0.3413330018520355,
      0.39667847752571106,
      0.34120699763298035,
      0.3155900537967682,
      0.5160029530525208
    ],
    [
      0.47460034489631653,
      0.5310747027397156,
      0.5131092071533203,
      0.9999999403953552,
      0.2730982303619385,
      0.39518260955810547,
      0.4193871319293976,
      0.539239227771759,
      0.13568651676177979,
      0.285564124584198,
      0.40935105085372925,
      0.374396950006485,
      0.38523268699645996,
      0.3670853078365326,
      0.33176732063293457,
      0.4399901330471039
    ],
    [
      0.4100135564804077,
      0.4061340093612671,
      0.312902569770813,
      0.2730982303619385,
      1.0,
      0.28163671493530273,
      0.3728390336036682,
      0.37086641788482666,
      0.18061043322086334,
      0.34498122334480286,
      0.3070611357688904,
      0.3434937298297882,
      0.25557464361190796,
      0.33119627833366394,
      0.21790331602096558,
      0.2540014684200287
    ],
    [
      0.35553911328315735,
      0.3376086950302124,
      0.4715833365917206,
      0.39518260955810547,
      0.28163671493530273,
      0.9999999403953552,
      0.3720364570617676,
      0.4998466670513153,
      0.10910368710756302,
      0.2753823399543762,
      0.3520239293575287,
      0.3060533404350281,
      0.35562625527381897,
      0.3128345012664795,
      0.23198960721492767,
      0.3433195650577545
    ],
    [
      0.421938955783844,
      0.3460085391998291,
      0.4967968761920929,
      0.4193871319293976,
      0.3728390336036682,
      0.3720364570617676,
      1.0,
      0.38514086604118347,
      0.1478903442621231,
      0.2960723638534546,
      0.38688400387763977,
      0.3518715500831604,
      0.4123227298259735,
      0.44618627429008484,
      0.31455615162849426,
      0.33926841616630554
    ],
    [
      0.39202454686164856,
      0.3764802813529968,
      0.5752857327461243,
      0.539239227771759,
      0.37086641788482666,
      0.4998466670513153,
      0.38514086604118347,
      1.0,
      0.20434942841529846,
      0.332864373922348,
      0.40340158343315125,
      0.3574768006801605,
      0.4256168603897095,
      0.38223811984062195,
      0.30312103033065796,
      0.4272003471851349
    ],
    [
      0.14036870002746582,
      0.1480792611837387,
      0.13562512397766113,
      0.13568651676177979,
      0.18061043322086334,
      0.10910368710756302,
      0.1478903442621231,
      0.20434942841529846,
      1.0,
      0.2210242748260498,
      0.14154775440692902,
      0.14326725900173187,
      0.2407454252243042,
      0.16407330334186554,
      0.1619977205991745,
      0.06121791899204254
    ],
    [
      0.5043016672134399,
      0.28940796852111816,
      0.2928546965122223,
      0.285564124584198,
      0.34498122334480286,
      0.2753823399543762,
      0.2960723638534546,
      0.332864373922348,
      0.2210242748260498,
      0.9999999403953552,
      0.36881187558174133,
      0.33425670862197876,
      0.2564346194267273,
      0.21683292090892792,
      0.27141323685646057,
      0.276469886302948
    ],
    [
      0.42881831526756287,
      0.379711776971817,
      0.4176410138607025,
      0.40935105085372925,
      0.3070611357688904,
      0.3520239293575287,
      0.38688400387763977,
      0.40340158343315125,
      0.14154775440692902,
      0.36881187558174133,
      1.0,
      0.35393446683883667,
      0.3174258768558502,
      0.3344677984714508,
      0.2605469822883606,
      0.41777998208999634
    ],
    [
      0.3681863248348236,
      0.4589739739894867,
      0.3413330018520355,
      0.374396950006485,
      0.3434937298297882,
      0.3060533404350281,
      0.3518715500831604,
      0.3574768006801605,
      0.14326725900173187,
      0.33425670862197876,
      0.35393446683883667,
      1.0,
      0.32127299904823303,
      0.49528419971466064,
      0.27107158303260803,
      0.3939439654350281
    ],
    [
      0.3617723286151886,
      0.33741065859794617,
      0.39667847752571106,
      0.38523268699645996,
      0.25557464361190796,
      0.35562625527381897,
      0.4123227298259735,
      0.4256168603897095,
      0.2407454252243042,
      0.2564346194267273,
      0.3174258768558502,
      0.32127299904823303,
      1.0,
      0.6308448314666748,
      0.6525665521621704,
      0.49277815222740173
    ],
    [
      0.37554794549942017,
      0.3272314667701721,
      0.34120699763298035,
      0.3670853078365326,
      0.33119627833366394,
      0.3128345012664795,
      0.44618627429008484,
      0.38223811984062195,
      0.16407330334186554,
      0.21683292090892792,
      0.3344677984714508,
      0.49528419971466064,
      0.6308448314666748,
      1.0,
      0.5563295483589172,
      0.39718592166900635
    ],
    [
      0.3450201451778412,
      0.2857781648635864,
      0.3155900537967682,
      0.33176732063293457,
      0.21790331602096558,
      0.23198960721492767,
      0.31455615162849426,
      0.30312103033065796,
      0.1619977205991745,
      0.27141323685646057,
      0.2605469822883606,
      0.27107158303260803,
      0.6525665521621704,
      0.5563295483589172,
      1.0,
      0.3987468481063843
    ],
    [
      0.40752655267715454,
      0.5033392310142517,
      0.5160029530525208,
      0.4399901330471039,
      0.2540014684200287,
      0.3433195650577545,
      0.33926841616630554,
      0.4272003471851349,
      0.06121791899204254,
      0.276469886302948,
      0.41777998208999634,
      0.3939439654350281,
      0.49277815222740173,
      0.39718592166900635,
      0.3987468481063843,
      0.9999999403953552
    ]
  ]
}