{"game_number":260,"words":["SIGHT","SMELL","TASTE","TOUCH","DRESS","LOOK","MANNER","STYLE","DITTO","LIKEWISE","SAME","SECOND","BLUE","HARVEST","NEW","SAILOR"],"adjacency_matrix":[[1.0,0.5445299744606018,0.5247172117233276,0.6178578734397888,0.3205012083053589,0.4942564070224762,0.3755023777484894,0.37377411127090454,0.3326679468154907,0.403338760137558,0.4629378020763397,0.4388049840927124,0.3867936134338379,0.3669947683811188,0.43354010581970215,0.34635311365127563],[0.5445299744606018,1.0,0.6829257607460022,0.562255859375,0.3583550751209259,0.4046150743961334,0.28013095259666443,0.32972875237464905,0.2945956289768219,0.3244890570640564,0.35686537623405457,0.26418229937553406,0.3387850821018219,0.34080377221107483,0.31671154499053955,0.2171332836151123],[0.5247172117233276,0.6829257607460022,1.0,0.5758708119392395,0.47216933965682983,0.4139375686645508,0.41572850942611694,0.540436327457428,0.3199364244937897,0.37059518694877625,0.3787468671798706,0.32876795530319214,0.2978844940662384,0.39558589458465576,0.39077454805374146,0.2856585383415222],[0.6178578734397888,0.562255859375,0.5758708119392395,1.0,0.4246918261051178,0.5412876009941101,0.395174503326416,0.42705854773521423,0.36873701214790344,0.4474666118621826,0.46828848123550415,0.384753942489624,0.4277518689632416,0.3576555550098419,0.4553672969341278,0.31507542729377747],[0.3205012083053589,0.3583550751209259,0.47216933965682983,0.4246918261051178,1.0,0.4895462393760681,0.49489426612854004,0.5687019228935242,0.2905151844024658,0.3508642315864563,0.33761700987815857,0.256401389837265,0.4110599160194397,0.36044585704803467,0.3567836582660675,0.382315069437027],[0.4942564070224762,0.4046150743961334,0.4139375686645508,0.5412876009941101,0.4895462393760681,1.0,0.3897517919540405,0.369125634431839,0.3377144932746887,0.5204235911369324,0.478149950504303,0.36309391260147095,0.34797847270965576,0.30445995926856995,0.4509313702583313,0.28374260663986206],[0.3755023777484894,0.28013095259666443,0.41572850942611694,0.395174503326416,0.49489426612854004,0.3897517919540405,0.9999998807907104,0.5672452449798584,0.34696850180625916,0.45178309082984924,0.451810747385025,0.3689274489879608,0.2660953998565674,0.3370725214481354,0.3710314929485321,0.27471569180488586],[0.37377411127090454,0.32972875237464905,0.540436327457428,0.42705854773521423,0.5687019228935242,0.369125634431839,0.5672452449798584,1.0,0.35939010977745056,0.3380654752254486,0.4082452058792114,0.34697484970092773,0.36175626516342163,0.28113704919815063,0.44948649406433105,0.247928649187088],[0.3326679468154907,0.2945956289768219,0.3199364244937897,0.36873701214790344,0.2905151844024658,0.3377144932746887,0.34696850180625916,0.35939010977745056,0.9999999403953552,0.5088971853256226,0.40089261531829834,0.2969658374786377,0.3311481773853302,0.25889235734939575,0.2738150358200073,0.2685248553752899],[0.403338760137558,0.3244890570640564,0.37059518694877625,0.4474666118621826,0.3508642315864563,0.5204235911369324,0.45178309082984924,0.3380654752254486,0.5088971853256226,1.0,0.5189433693885803,0.3857468366622925,0.28813016414642334,0.3024926781654358,0.3560309410095215,0.26738476753234863],[0.4629378020763397,0.35686537623405457,0.3787468671798706,0.46828848123550415,0.33761700987815857,0.478149950504303,0.451810747385025,0.4082452058792114,0.40089261531829834,0.5189433693885803,1.0,0.5907654166221619,0.37133267521858215,0.32376474142074585,0.6333315968513489,0.2123449742794037],[0.4388049840927124,0.26418229937553406,0.32876795530319214,0.384753942489624,0.256401389837265,0.36309391260147095,0.3689274489879608,0.34697484970092773,0.2969658374786377,0.3857468366622925,0.5907654166221619,0.9999999403953552,0.3661603033542633,0.34292593598365784,0.5834423303604126,0.2784232795238495],[0.3867936134338379,0.3387850821018219,0.2978844940662384,0.4277518689632416,0.4110599160194397,0.34797847270965576,0.2660953998565674,0.36175626516342163,0.3311481773853302,0.28813016414642334,0.37133267521858215,0.3661603033542633,1.0,0.3012215793132782,0.43570828437805176,0.3346216380596161],[0.3669947683811188,0.34080377221107483,0.39558589458465576,0.3576555550098419,0.36044585704803467,0.30445995926856995,0.3370725214481354,0.28113704919815063,0.25889235734939575,0.3024926781654358,0.32376474142074585,0.34292593598365784,0.3012215793132782,1.0,0.3832094967365265,0.27894139289855957],[0.43354010581970215,0.31671154499053955,0.39077454805374146,0.4553672969341278,0.3567836582660675,0.4509313702583313,0.3710314929485321,0.44948649406433105,0.2738150358200073,0.3560309410095215,0.6333315968513489,0.5834423303604126,0.43570828437805176,0.3832094967365265,0.9999999403953552,0.2783111035823822],[0.34635311365127563,0.2171332836151123,0.2856585383415222,0.31507542729377747,0.382315069437027,0.28374260663986206,0.27471569180488586,0.247928649187088,0.2685248553752899,0.26738476753234863,0.2123449742794037,0.2784232795238495,0.3346216380596161,0.27894139289855957,0.2783111035823822,0.9999999403953552]]}