{"game_number":344,"words":["GAS","LIQUID","PLASMA","SOLID","COPY","CUT","PASTE","UNDO","CRUSH","ROUT","SHELLAC","TRASH","LEAST","SLATE","STALE","TESLA"],"adjacency_matrix":[[0.9999999403953552,0.5944470763206482,0.527569591999054,0.38361871242523193,0.2505025863647461,0.34574100375175476,0.2756505608558655,0.15396717190742493,0.4003884196281433,0.27551648020744324,0.3438722789287567,0.36958032846450806,0.19847162067890167,0.28980404138565063,0.3153197169303894,0.293676495552063],[0.5944470763206482,1.0,0.5360279083251953,0.5935763716697693,0.22948728501796722,0.2783903479576111,0.35633963346481323,0.12689480185508728,0.39004334807395935,0.26205796003341675,0.37001436948776245,0.34106728434562683,0.24531084299087524,0.30489280819892883,0.35890379548072815,0.2014620453119278],[0.527569591999054,0.5360279083251953,1.0,0.37924623489379883,0.2644713222980499,0.3063909411430359,0.2699235677719116,0.14186935126781464,0.23646952211856842,0.15001481771469116,0.24339555203914642,0.33967840671539307,0.13777020573616028,0.24430228769779205,0.22552591562271118,0.3713032603263855],[0.38361871242523193,0.5935763716697693,0.37924623489379883,1.0,0.3005254864692688,0.3888040781021118,0.3049994111061096,0.23886464536190033,0.3725464940071106,0.3263685405254364,0.3157634437084198,0.38395461440086365,0.4361439049243927,0.4838027060031891,0.3547843098640442,0.16868631541728973],[0.2505025863647461,0.22948728501796722,0.2644713222980499,0.3005254864692688,1.0,0.5063238739967346,0.6216813921928406,0.40914154052734375,0.3331379294395447,0.23528774082660675,0.3610285520553589,0.4095069468021393,0.30565083026885986,0.4185539186000824,0.37197405099868774,0.20078866183757782],[0.34574100375175476,0.2783903479576111,0.3063909411430359,0.3888040781021118,0.5063238739967346,1.0,0.5462803840637207,0.457590788602829,0.4890224039554596,0.37384918332099915,0.30045026540756226,0.44607922434806824,0.3840957283973694,0.46777111291885376,0.3082374632358551,0.13377949595451355],[0.2756505608558655,0.35633963346481323,0.2699235677719116,0.3049994111061096,0.6216813921928406,0.5462803840637207,1.0,0.3966710865497589,0.38225215673446655,0.2109561264514923,0.44531431794166565,0.3633009195327759,0.1684771627187729,0.3869432806968689,0.3579152524471283,0.06502845883369446],[0.15396717190742493,0.12689480185508728,0.14186935126781464,0.23886464536190033,0.40914154052734375,0.457590788602829,0.3966710865497589,0.9999999403953552,0.43866726756095886,0.33486446738243103,0.14547531306743622,0.36268728971481323,0.28956958651542664,0.2458989918231964,0.2164781540632248,0.11885546147823334],[0.4003884196281433,0.39004334807395935,0.23646952211856842,0.3725464940071106,0.3331379294395447,0.4890224039554596,0.38225215673446655,0.43866726756095886,1.0,0.48051345348358154,0.30458179116249084,0.4683302342891693,0.33501988649368286,0.3734147250652313,0.28149065375328064,0.18529725074768066],[0.27551648020744324,0.26205796003341675,0.15001481771469116,0.3263685405254364,0.23528774082660675,0.37384918332099915,0.2109561264514923,0.33486446738243103,0.48051345348358154,0.9999999403953552,0.1592310667037964,0.2878785729408264,0.3161848783493042,0.34029847383499146,0.2242715060710907,0.0897856205701828],[0.3438722789287567,0.37001436948776245,0.24339555203914642,0.3157634437084198,0.3610285520553589,0.30045026540756226,0.44531431794166565,0.14547531306743622,0.30458179116249084,0.1592310667037964,1.0,0.25303202867507935,0.15854193270206451,0.2740497291088104,0.35813742876052856,0.19938285648822784],[0.36958032846450806,0.34106728434562683,0.33967840671539307,0.38395461440086365,0.4095069468021393,0.44607922434806824,0.3633009195327759,0.36268728971481323,0.4683302342891693,0.2878785729408264,0.25303202867507935,1.0,0.30596616864204407,0.3955095708370209,0.4333232045173645,0.21287426352500916],[0.19847162067890167,0.24531084299087524,0.13777020573616028,0.4361439049243927,0.30565083026885986,0.3840957283973694,0.1684771627187729,0.28956958651542664,0.33501988649368286,0.3161848783493042,0.15854193270206451,0.30596616864204407,1.0,0.27474433183670044,0.2568608224391937,0.15150336921215057],[0.28980404138565063,0.30489280819892883,0.24430228769779205,0.4838027060031891,0.4185539186000824,0.46777111291885376,0.3869432806968689,0.2458989918231964,0.3734147250652313,0.34029847383499146,0.2740497291088104,0.3955095708370209,0.27474433183670044,1.0,0.35633233189582825,0.11796215921640396],[0.3153197169303894,0.35890379548072815,0.22552591562271118,0.3547843098640442,0.37197405099868774,0.3082374632358551,0.3579152524471283,0.2164781540632248,0.28149065375328064,0.2242715060710907,0.35813742876052856,0.4333232045173645,0.2568608224391937,0.35633233189582825,0.9999999403953552,0.0524955578148365],[0.293676495552063,0.2014620453119278,0.3713032603263855,0.16868631541728973,0.20078866183757782,0.13377949595451355,0.06502845883369446,0.11885546147823334,0.18529725074768066,0.0897856205701828,0.19938285648822784,0.21287426352500916,0.15150336921215057,0.11796215921640396,0.0524955578148365,1.0]]}