{"game_number":163,"words":["BUZZ","DRONE","HUM","PURR","BARGE","DORY","SCOW","SLOOP","AMERICA","HOOK","MORGAN","NEMO","AUTO","BUREAU","DEMO","PLUTO"],"adjacency_matrix":[[1.0,0.4480256736278534,0.5148340463638306,0.40625903010368347,0.2727374732494354,0.14689520001411438,0.21664690971374512,0.20761866867542267,0.2238941192626953,0.36646750569343567,0.2302050143480301,0.260854035615921,0.2895965576171875,0.23057447373867035,0.3779429793357849,0.20718449354171753],[0.4480256736278534,1.0,0.43388184905052185,0.34979817271232605,0.395371675491333,0.20854812860488892,0.33194610476493835,0.28723645210266113,0.28666579723358154,0.3171806335449219,0.24041570723056793,0.30619022250175476,0.369536817073822,0.30962055921554565,0.40583258867263794,0.32851967215538025],[0.5148340463638306,0.43388184905052185,0.9999999403953552,0.5279644727706909,0.27353090047836304,0.12581129372119904,0.24688246846199036,0.15692955255508423,0.1822926104068756,0.2851172685623169,0.27343133091926575,0.24506020545959473,0.24853059649467468,0.21996226906776428,0.19789013266563416,0.2146984338760376],[0.40625903010368347,0.34979817271232605,0.5279644727706909,1.0,0.22527654469013214,0.14391659200191498,0.28669044375419617,0.1362832635641098,0.08525246381759644,0.214070126414299,0.211361825466156,0.1809239387512207,0.14282704889774323,0.11334921419620514,0.14973247051239014,0.1682761162519455],[0.2727374732494354,0.395371675491333,0.27353090047836304,0.22527654469013214,1.0,0.4455498158931732,0.6186587810516357,0.5246473550796509,0.2378924936056137,0.415426641702652,0.3763641119003296,0.23152104020118713,0.3507387638092041,0.2995931804180145,0.32321837544441223,0.27911946177482605],[0.14689520001411438,0.20854812860488892,0.12581129372119904,0.14391659200191498,0.4455498158931732,1.0,0.4889048933982849,0.48214444518089294,0.3470117747783661,0.383613646030426,0.4761140048503876,0.36206936836242676,0.27056458592414856,0.1386173814535141,0.19843769073486328,0.3500397503376007],[0.21664690971374512,0.33194610476493835,0.24688246846199036,0.28669044375419617,0.6186587810516357,0.4889048933982849,1.0000001192092896,0.6087073683738708,0.24444855749607086,0.33626705408096313,0.33684590458869934,0.2288065254688263,0.27136629819869995,0.3015810251235962,0.2323228418827057,0.30752333998680115],[0.20761866867542267,0.28723645210266113,0.15692955255508423,0.1362832635641098,0.5246473550796509,0.48214444518089294,0.6087073683738708,1.0,0.23589877784252167,0.3586256504058838,0.3181522488594055,0.2614855170249939,0.22302725911140442,0.3028528094291687,0.20329998433589935,0.3115394115447998],[0.2238941192626953,0.28666579723358154,0.1822926104068756,0.08525246381759644,0.2378924936056137,0.3470117747783661,0.24444855749607086,0.23589877784252167,0.9999999403953552,0.26115772128105164,0.5049688220024109,0.3354206383228302,0.36688458919525146,0.19932234287261963,0.25919443368911743,0.48150011897087097],[0.36646750569343567,0.3171806335449219,0.2851172685623169,0.214070126414299,0.415426641702652,0.383613646030426,0.33626705408096313,0.3586256504058838,0.26115772128105164,1.0,0.3224356174468994,0.306106835603714,0.2800545394420624,0.2762170433998108,0.35728922486305237,0.2139027714729309],[0.2302050143480301,0.24041570723056793,0.27343133091926575,0.211361825466156,0.3763641119003296,0.4761140048503876,0.33684590458869934,0.3181522488594055,0.5049688220024109,0.3224356174468994,1.0,0.4368594288825989,0.3570917844772339,0.2586655616760254,0.2841208875179291,0.3951477110385895],[0.260854035615921,0.30619022250175476,0.24506020545959473,0.1809239387512207,0.23152104020118713,0.36206936836242676,0.2288065254688263,0.2614855170249939,0.3354206383228302,0.306106835603714,0.4368594288825989,0.9999998807907104,0.22848190367221832,0.09387469291687012,0.3913787603378296,0.3537867069244385],[0.2895965576171875,0.369536817073822,0.24853059649467468,0.14282704889774323,0.3507387638092041,0.27056458592414856,0.27136629819869995,0.22302725911140442,0.36688458919525146,0.2800545394420624,0.3570917844772339,0.22848190367221832,1.0,0.2996758818626404,0.3122827708721161,0.4424338936805725],[0.23057447373867035,0.30962055921554565,0.21996226906776428,0.11334921419620514,0.2995931804180145,0.1386173814535141,0.3015810251235962,0.3028528094291687,0.19932234287261963,0.2762170433998108,0.2586655616760254,0.09387469291687012,0.2996758818626404,1.0,0.21003971993923187,0.15323865413665771],[0.3779429793357849,0.40583258867263794,0.19789013266563416,0.14973247051239014,0.32321837544441223,0.19843769073486328,0.2323228418827057,0.20329998433589935,0.25919443368911743,0.35728922486305237,0.2841208875179291,0.3913787603378296,0.3122827708721161,0.21003971993923187,1.0,0.2661265432834625],[0.20718449354171753,0.32851967215538025,0.2146984338760376,0.1682761162519455,0.27911946177482605,0.3500397503376007,0.30752333998680115,0.3115394115447998,0.48150011897087097,0.2139027714729309,0.3951477110385895,0.3537867069244385,0.4424338936805725,0.15323865413665771,0.2661265432834625,1.0]]}