{
  "game_number": 423,
  "words": [
    "BLOW",
    "BUMBLE",
    "FLUFF",
    "SPOIL",
    "DRILL",
    "GRINDER",
    "ROUTER",
    "SAW",
    "FRAME",
    "HANDLE",
    "HINGE",
    "LOCK",
    "GRAZE",
    "NIBBLE",
    "PECK",
    "SNACK"
  ],
  "adjacency_matrix": [
    [
      1.0,
      0.41307610273361206,
      0.37681835889816284,
      0.5030476450920105,
      0.4167395830154419,
      0.409455806016922,
      0.2071687877178192,
      0.3502357304096222,
      0.36215296387672424,
      0.5080811977386475,
      0.4194575548171997,
      0.4667764902114868,
      0.37633273005485535,
      0.35965269804000854,
      0.45324984192848206,
      0.2800247371196747
    ],
    [
      0.41307610273361206,
      1.0,
      0.3885137140750885,
      0.36874082684516907,
      0.3482625186443329,
      0.28967806696891785,
      0.24305425584316254,
      0.3174462914466858,
      0.3182356357574463,
      0.3951815664768219,
      0.3417986333370209,
      0.33826133608818054,
      0.3330462574958801,
      0.42322659492492676,
      0.49113914370536804,
      0.3405477702617645
    ],
    [
      0.37681835889816284,
      0.3885137140750885,
      1.0,
      0.42354097962379456,
      0.2772885859012604,
      0.3545902371406555,
      0.19222621619701385,
      0.24675771594047546,
      0.3233602046966553,
      0.32379186153411865,
      0.27926596999168396,
      0.2536247968673706,
      0.275849312543869,
      0.37845578789711,
      0.2938084602355957,
      0.38000890612602234
    ],
    [
      0.5030476450920105,
      0.36874082684516907,
      0.42354097962379456,
      1.0,
      0.3765943646430969,
      0.35562750697135925,
      0.17599377036094666,
      0.2886381447315216,
      0.3204164206981659,
      0.40692460536956787,
      0.3096202313899994,
      0.4210454225540161,
      0.40780407190322876,
      0.37903016805648804,
      0.3733629286289215,
      0.3578673005104065
    ],
    [
      0.4167395830154419,
      0.3482625186443329,
      0.2772885859012604,
      0.3765943646430969,
      1.0,
      0.44719693064689636,
      0.2326442450284958,
      0.2897339165210724,
      0.3423923850059509,
      0.419406533241272,
      0.28163373470306396,
      0.42996683716773987,
      0.3482399582862854,
      0.2580535411834717,
      0.3860475718975067,
      0.35532110929489136
    ],
    [
      0.409455806016922,
      0.28967806696891785,
      0.3545902371406555,
      0.35562750697135925,
      0.44719693064689636,
      1.0,
      0.33974868059158325,
      0.25618383288383484,
      0.3527226746082306,
      0.3987492322921753,
      0.3694878816604614,
      0.3939763307571411,
      0.28712549805641174,
      0.3134469985961914,
      0.407394140958786,
      0.3979065418243408
    ],
    [
      0.2071687877178192,
      0.24305425584316254,
      0.19222621619701385,
      0.17599377036094666,
      0.2326442450284958,
      0.33974868059158325,
      1.0,
      0.17289069294929504,
      0.3516751527786255,
      0.30033785104751587,
      0.2793923020362854,
      0.3681313395500183,
      0.15043723583221436,
      0.2511793375015259,
      0.18822938203811646,
      0.3315236568450928
    ],
    [
      0.3502357304096222,
      0.3174462914466858,
      0.24675771594047546,
      0.2886381447315216,
      0.2897339165210724,
      0.25618383288383484,
      0.17289069294929504,
      1.0,
      0.3127686083316803,
      0.3823073208332062,
      0.3269209563732147,
      0.33191198110580444,
      0.2511489689350128,
      0.28978675603866577,
      0.21049627661705017,
      0.2404717653989792
    ],
    [
      0.36215296387672424,
      0.3182356357574463,
      0.3233602046966553,
      0.3204164206981659,
      0.3423923850059509,
      0.3527226746082306,
      0.3516751527786255,
      0.3127686083316803,
      1.0,
      0.4922773540019989,
      0.49003177881240845,
      0.5115033388137817,
      0.2734096944332123,
      0.26572540402412415,
      0.304335355758667,
      0.3626750111579895
    ],
    [
      0.5080811977386475,
      0.3951815664768219,
      0.32379186153411865,
      0.40692460536956787,
      0.419406533241272,
      0.3987492322921753,
      0.30033785104751587,
      0.3823073208332062,
      0.4922773540019989,
      1.0,
      0.44363027811050415,
      0.529491662979126,
      0.340146005153656,
      0.31776225566864014,
      0.34561222791671753,
      0.33759331703186035
    ],
    [
      0.4194575548171997,
      0.3417986333370209,
      0.27926596999168396,
      0.3096202313899994,
      0.28163373470306396,
      0.3694878816604614,
      0.2793923020362854,
      0.3269209563732147,
      0.49003177881240845,
      0.44363027811050415,
      0.9999999403953552,
      0.5192658305168152,
      0.27541255950927734,
      0.2965274751186371,
      0.3497259020805359,
      0.2843891680240631
    ],
    [
      0.4667764902114868,
      0.33826133608818054,
      0.2536247968673706,
      0.4210454225540161,
      0.42996683716773987,
      0.3939763307571411,
      0.3681313395500183,
      0.33191198110580444,
      0.5115033388137817,
      0.529491662979126,
      0.5192658305168152,
      1.0,
      0.3057895600795746,
      0.33585095405578613,
      0.4094490706920624,
      0.3466451168060303
    ],
    [
      0.37633273005485535,
      0.3330462574958801,
      0.275849312543869,
      0.40780407190322876,
      0.3482399582862854,
      0.28712549805641174,
      0.15043723583221436,
      0.2511489689350128,
      0.2734096944332123,
      0.340146005153656,
      0.27541255950927734,
      0.3057895600795746,
      1.0,
      0.4830280840396881,
      0.47554734349250793,
      0.3723905086517334
    ],
    [
      0.35965269804000854,
      0.42322659492492676,
      0.37845578789711,
      0.37903016805648804,
      0.2580535411834717,
      0.3134469985961914,
      0.2511793375015259,
      0.28978675603866577,
      0.26572540402412415,
      0.31776225566864014,
      0.2965274751186371,
      0.33585095405578613,
      0.4830280840396881,
      1.0,
      0.5694032311439514,
      0.5287158489227295
    ],
    [
      0.45324984192848206,
      0.49113914370536804,
      0.2938084602355957,
      0.3733629286289215,
      0.3860475718975067,
      0.407394140958786,
      0.18822938203811646,
      0.21049627661705017,
      0.304335355758667,
      0.34561222791671753,
      0.3497259020805359,
      0.4094490706920624,
      0.47554734349250793,
      0.5694032311439514,
      0.9999999403953552,
      0.35492298007011414
    ],
    [
      0.2800247371196747,
      0.3405477702617645,
      0.38000890612602234,
      0.3578673005104065,
      0.35532110929489136,
      0.3979065418243408,
      0.3315236568450928,
      0.2404717653989792,
      0.3626750111579895,
      0.33759331703186035,
      0.2843891680240631,
      0.3466451168060303,
      0.3723905086517334,
      0.5287158489227295,
      0.35492298007011414,
      1.0
    ]
  ]
}