{"game_number":313,"words":["FRY","NACHO","POPPER","WING","BINGO","CORRECT","RIGHT","YES","CHIP","DING","NICK","SCRATCH","APPLE","CRACKER","FLAP","LUMBER"],"adjacency_matrix":[[1.0,0.3974951505661011,0.31121352314949036,0.23504164814949036,0.24762220680713654,0.20659394562244415,0.2276209443807602,0.1447005420923233,0.4870482087135315,0.36957934498786926,0.29608726501464844,0.28125014901161194,0.2770833671092987,0.3721330165863037,0.292671263217926,0.20652976632118225],[0.3974951505661011,1.0,0.425777792930603,0.22671020030975342,0.339724600315094,0.21023978292942047,0.22585274279117584,0.18252649903297424,0.3809233605861664,0.3420124053955078,0.3705315589904785,0.21689406037330627,0.3557766079902649,0.4125882685184479,0.24136024713516235,0.16919340193271637],[0.31121352314949036,0.425777792930603,1.0,0.36631354689598083,0.35204020142555237,0.3629550635814667,0.3185809254646301,0.26739370822906494,0.3871147632598877,0.38193923234939575,0.46324634552001953,0.33279022574424744,0.4888227581977844,0.5402520298957825,0.4365416467189789,0.262239009141922],[0.23504164814949036,0.22671020030975342,0.36631354689598083,1.0,0.3381141722202301,0.37559401988983154,0.48887500166893005,0.14785537123680115,0.3339276611804962,0.29614123702049255,0.3501148521900177,0.31084510684013367,0.28209593892097473,0.33871591091156006,0.5393357872962952,0.2757769525051117],[0.24762220680713654,0.339724600315094,0.35204020142555237,0.3381141722202301,1.0,0.3030046820640564,0.25903692841529846,0.2868864834308624,0.3835736811161041,0.30238643288612366,0.31162595748901367,0.25158125162124634,0.22212207317352295,0.4125767946243286,0.3086342513561249,0.2350212186574936],[0.20659394562244415,0.21023978292942047,0.3629550635814667,0.37559401988983154,0.3030046820640564,1.0,0.6172357201576233,0.4596691131591797,0.3467523157596588,0.3480457663536072,0.4538184404373169,0.40660157799720764,0.3333088457584381,0.3321617841720581,0.3223516643047333,0.1653631031513214],[0.2276209443807602,0.22585274279117584,0.3185809254646301,0.48887500166893005,0.25903692841529846,0.6172357201576233,1.0,0.3984185755252838,0.3712273836135864,0.32328423857688904,0.4865289330482483,0.3869744837284088,0.3524681329727173,0.28435346484184265,0.3476535975933075,0.2661791741847992],[0.1447005420923233,0.18252649903297424,0.26739370822906494,0.14785537123680115,0.2868864834308624,0.4596691131591797,0.3984185755252838,1.0,0.15497270226478577,0.2761332392692566,0.3316701650619507,0.26570016145706177,0.21516837179660797,0.2176753133535385,0.16717350482940674,0.13876068592071533],[0.4870482087135315,0.3809233605861664,0.3871147632598877,0.3339276611804962,0.3835736811161041,0.3467523157596588,0.3712273836135864,0.15497270226478577,0.9999999403953552,0.345123827457428,0.4343971908092499,0.45025384426116943,0.4484950602054596,0.4541587829589844,0.35425931215286255,0.3307417631149292],[0.36957934498786926,0.3420124053955078,0.38193923234939575,0.29614123702049255,0.30238643288612366,0.3480457663536072,0.32328423857688904,0.2761332392692566,0.345123827457428,1.0,0.32306528091430664,0.3764612078666687,0.2922755777835846,0.31235113739967346,0.3873152732849121,0.18733815848827362],[0.29608726501464844,0.3705315589904785,0.46324634552001953,0.3501148521900177,0.31162595748901367,0.4538184404373169,0.4865289330482483,0.3316701650619507,0.4343971908092499,0.32306528091430664,1.0,0.4686185419559479,0.37469086050987244,0.4818292558193207,0.3556552529335022,0.27235811948776245],[0.28125014901161194,0.21689406037330627,0.33279022574424744,0.31084510684013367,0.25158125162124634,0.40660157799720764,0.3869744837284088,0.26570016145706177,0.45025384426116943,0.3764612078666687,0.4686185419559479,1.0000001192092896,0.3707435727119446,0.35289254784584045,0.3943491578102112,0.25289711356163025],[0.2770833671092987,0.3557766079902649,0.4888227581977844,0.28209593892097473,0.22212207317352295,0.3333088457584381,0.3524681329727173,0.21516837179660797,0.4484950602054596,0.2922755777835846,0.37469086050987244,0.3707435727119446,1.0,0.47421038150787354,0.2469395101070404,0.3309488892555237],[0.3721330165863037,0.4125882685184479,0.5402520298957825,0.33871591091156006,0.4125767946243286,0.3321617841720581,0.28435346484184265,0.2176753133535385,0.4541587829589844,0.31235113739967346,0.4818292558193207,0.35289254784584045,0.47421038150787354,1.0,0.33223414421081543,0.32427874207496643],[0.292671263217926,0.24136024713516235,0.4365416467189789,0.5393357872962952,0.3086342513561249,0.3223516643047333,0.3476535975933075,0.16717350482940674,0.35425931215286255,0.3873152732849121,0.3556552529335022,0.3943491578102112,0.2469395101070404,0.33223414421081543,1.0000001192092896,0.21039369702339172],[0.20652976632118225,0.16919340193271637,0.262239009141922,0.2757769525051117,0.2350212186574936,0.1653631031513214,0.2661791741847992,0.13876068592071533,0.3307417631149292,0.18733815848827362,0.27235811948776245,0.25289711356163025,0.3309488892555237,0.32427874207496643,0.21039369702339172,1.0]]}