{"game_number":247,"words":["ANGER","FEAR","HAPPINESS","SURPRISE","BEHOLD","PRESTO","TADA","VOILA","GET","LAND","SECURE","WIN","ADAM","CARPENTER","FIRE","RED"],"adjacency_matrix":[[0.9999999403953552,0.6628298163414001,0.4549577236175537,0.4987625777721405,0.286003053188324,0.14091990888118744,0.22684244811534882,0.25337040424346924,0.3250453770160675,0.31333354115486145,0.22845706343650818,0.3216475546360016,0.2097553163766861,0.1895482838153839,0.4373824894428253,0.3121836483478546],[0.6628298163414001,1.0,0.5033732652664185,0.5526750087738037,0.33230161666870117,0.16764189302921295,0.21141883730888367,0.23430940508842468,0.40156662464141846,0.3484712243080139,0.38089364767074585,0.35400038957595825,0.22755683958530426,0.20378519594669342,0.42777684330940247,0.37470370531082153],[0.4549577236175537,0.5033732652664185,0.9999999403953552,0.4674028158187866,0.3794514238834381,0.23774994909763336,0.2455095797777176,0.3062288165092468,0.3474491536617279,0.39277753233909607,0.43747857213020325,0.3431597948074341,0.19795113801956177,0.2143852263689041,0.3408079445362091,0.26673460006713867],[0.4987625777721405,0.5526750087738037,0.4674028158187866,1.0,0.4682871699333191,0.31784510612487793,0.2929213345050812,0.34983956813812256,0.45569267868995667,0.25876060128211975,0.35439160466194153,0.43870407342910767,0.22100111842155457,0.20633958280086517,0.3546832203865051,0.3102360665798187],[0.286003053188324,0.33230161666870117,0.3794514238834381,0.4682871699333191,1.0,0.3388439118862152,0.31982505321502686,0.3908233642578125,0.3859204947948456,0.28491291403770447,0.26634910702705383,0.2750019431114197,0.2963239848613739,0.2443889081478119,0.25531983375549316,0.2701343297958374],[0.14091990888118744,0.16764189302921295,0.23774994909763336,0.31784510612487793,0.3388439118862152,1.0,0.4760691225528717,0.6971559524536133,0.32083776593208313,0.18748939037322998,0.2423986792564392,0.2710452079772949,0.28957146406173706,0.19987361133098602,0.20574311912059784,0.2574761211872101],[0.22684244811534882,0.21141883730888367,0.2455095797777176,0.2929213345050812,0.31982505321502686,0.4760691225528717,0.9999999403953552,0.4472126364707947,0.3624807894229889,0.19566310942173004,0.22018930315971375,0.23650678992271423,0.3792545199394226,0.19548404216766357,0.18146073818206787,0.25871533155441284],[0.25337040424346924,0.23430940508842468,0.3062288165092468,0.34983956813812256,0.3908233642578125,0.6971559524536133,0.4472126364707947,1.0,0.35144343972206116,0.22952228784561157,0.26266345381736755,0.24984164535999298,0.3177368938922882,0.21893423795700073,0.2182047963142395,0.2758827209472656],[0.3250453770160675,0.40156662464141846,0.3474491536617279,0.45569267868995667,0.3859204947948456,0.32083776593208313,0.3624807894229889,0.35144343972206116,0.9999999403953552,0.4049696922302246,0.5200097560882568,0.5659477710723877,0.2384577840566635,0.2862014174461365,0.38059160113334656,0.36674487590789795],[0.31333354115486145,0.3484712243080139,0.39277753233909607,0.25876060128211975,0.28491291403770447,0.18748939037322998,0.19566310942173004,0.22952228784561157,0.4049696922302246,1.0,0.4532773792743683,0.37527409195899963,0.23868615925312042,0.3108557164669037,0.4403909742832184,0.36979183554649353],[0.22845706343650818,0.38089364767074585,0.43747857213020325,0.35439160466194153,0.26634910702705383,0.2423986792564392,0.22018930315971375,0.26266345381736755,0.5200097560882568,0.4532773792743683,1.0,0.5028878450393677,0.18006497621536255,0.2589196264743805,0.3197377324104309,0.2855202555656433],[0.3216475546360016,0.35400038957595825,0.3431597948074341,0.43870407342910767,0.2750019431114197,0.2710452079772949,0.23650678992271423,0.24984164535999298,0.5659477710723877,0.37527409195899963,0.5028878450393677,1.0,0.18459449708461761,0.23013925552368164,0.372403621673584,0.345127135515213],[0.2097553163766861,0.22755683958530426,0.19795113801956177,0.22100111842155457,0.2963239848613739,0.28957146406173706,0.3792545199394226,0.3177368938922882,0.2384577840566635,0.23868615925312042,0.18006497621536255,0.18459449708461761,0.9999999403953552,0.3502579927444458,0.23343464732170105,0.2607634961605072],[0.1895482838153839,0.20378519594669342,0.2143852263689041,0.20633958280086517,0.2443889081478119,0.19987361133098602,0.19548404216766357,0.21893423795700073,0.2862014174461365,0.3108557164669037,0.2589196264743805,0.23013925552368164,0.3502579927444458,1.0,0.31569311022758484,0.27680861949920654],[0.4373824894428253,0.42777684330940247,0.3408079445362091,0.3546832203865051,0.25531983375549316,0.20574311912059784,0.18146073818206787,0.2182047963142395,0.38059160113334656,0.4403909742832184,0.3197377324104309,0.372403621673584,0.23343464732170105,0.31569311022758484,1.0,0.39707204699516296],[0.3121836483478546,0.37470370531082153,0.26673460006713867,0.3102360665798187,0.2701343297958374,0.2574761211872101,0.25871533155441284,0.2758827209472656,0.36674487590789795,0.36979183554649353,0.2855202555656433,0.345127135515213,0.2607634961605072,0.27680861949920654,0.39707204699516296,1.0]]}