{"game_number":161,"words":["EGG","GOAD","SPUR","URGE","JAWBREAKER","MEATBALL","MOZZARELLA","ORANGE","DAIRY","FROZEN","PRODUCE","SNACK","BANANAS","FIGURE","FISH","STEADY"],"adjacency_matrix":[[1.0,0.28651389479637146,0.31565481424331665,0.2081359624862671,0.4319520592689514,0.42733901739120483,0.3185731768608093,0.3717401623725891,0.4251417815685272,0.44085559248924255,0.30395421385765076,0.39850282669067383,0.3506373167037964,0.2922784686088562,0.4766857922077179,0.280362606048584],[0.28651389479637146,1.0,0.577918291091919,0.5636532306671143,0.4300370514392853,0.251539021730423,0.12652702629566193,0.26919493079185486,0.24969381093978882,0.21492424607276917,0.4198589026927948,0.3035656213760376,0.2878054082393646,0.3957903981208801,0.29769662022590637,0.3966074585914612],[0.31565481424331665,0.577918291091919,0.9999999403953552,0.42332351207733154,0.3888029456138611,0.2994071841239929,0.1842832863330841,0.30112019181251526,0.27241405844688416,0.2654968202114105,0.467585951089859,0.37089937925338745,0.26531413197517395,0.324734091758728,0.2997855544090271,0.3978157639503479],[0.2081359624862671,0.5636532306671143,0.42332351207733154,1.0,0.26612597703933716,0.17126129567623138,0.06862284988164902,0.1954171508550644,0.2125936895608902,0.2449193000793457,0.4488056004047394,0.3069306015968323,0.19503311812877655,0.34832388162612915,0.2566908001899719,0.36997127532958984],[0.4319520592689514,0.4300370514392853,0.3888029456138611,0.26612597703933716,1.0,0.4906447231769562,0.27051830291748047,0.44357389211654663,0.30529510974884033,0.3671940267086029,0.3081379532814026,0.5677773356437683,0.3659142851829529,0.403682678937912,0.47734323143959045,0.3565656244754791],[0.42733901739120483,0.251539021730423,0.2994071841239929,0.17126129567623138,0.4906447231769562,1.0,0.4937204122543335,0.40564095973968506,0.39871644973754883,0.3898298442363739,0.30784299969673157,0.5346307754516602,0.3471940755844116,0.3158704340457916,0.4485436677932739,0.20263156294822693],[0.3185731768608093,0.12652702629566193,0.1842832863330841,0.06862284988164902,0.27051830291748047,0.4937204122543335,0.9999999403953552,0.29177749156951904,0.4360213279724121,0.34841811656951904,0.2896955609321594,0.27590852975845337,0.3329577147960663,0.09999312460422516,0.30843856930732727,0.15417802333831787],[0.3717401623725891,0.26919493079185486,0.30112019181251526,0.1954171508550644,0.44357389211654663,0.40564095973968506,0.29177749156951904,0.9999999403953552,0.30872324109077454,0.35319629311561584,0.3472404479980469,0.4360383450984955,0.523337721824646,0.3475951552391052,0.3832903504371643,0.28078925609588623],[0.4251417815685272,0.24969381093978882,0.27241405844688416,0.2125936895608902,0.30529510974884033,0.39871644973754883,0.4360213279724121,0.30872324109077454,1.0,0.3811386525630951,0.3610735237598419,0.4407236576080322,0.3270358741283417,0.22566471993923187,0.4392812252044678,0.2687832713127136],[0.44085559248924255,0.21492424607276917,0.2654968202114105,0.2449193000793457,0.3671940267086029,0.3898298442363739,0.34841811656951904,0.35319629311561584,0.3811386525630951,1.0,0.359772264957428,0.37716999650001526,0.3187299370765686,0.3247079849243164,0.421724408864975,0.39053478837013245],[0.30395421385765076,0.4198589026927948,0.467585951089859,0.4488056004047394,0.3081379532814026,0.30784299969673157,0.2896955609321594,0.3472404479980469,0.3610735237598419,0.359772264957428,1.0,0.3765275776386261,0.3896782398223877,0.38503775000572205,0.4163806140422821,0.4251025915145874],[0.39850282669067383,0.3035656213760376,0.37089937925338745,0.3069306015968323,0.5677773356437683,0.5346307754516602,0.27590852975845337,0.4360383450984955,0.4407236576080322,0.37716999650001526,0.3765275776386261,1.0,0.42324891686439514,0.31838881969451904,0.45721182227134705,0.33400383591651917],[0.3506373167037964,0.2878054082393646,0.26531413197517395,0.19503311812877655,0.3659142851829529,0.3471940755844116,0.3329577147960663,0.523337721824646,0.3270358741283417,0.3187299370765686,0.3896782398223877,0.42324891686439514,1.0,0.21434257924556732,0.4218471050262451,0.22677741944789886],[0.2922784686088562,0.3957903981208801,0.324734091758728,0.34832388162612915,0.403682678937912,0.3158704340457916,0.09999312460422516,0.3475951552391052,0.22566471993923187,0.3247079849243164,0.38503775000572205,0.31838881969451904,0.21434257924556732,0.9999999403953552,0.31797921657562256,0.37969547510147095],[0.4766857922077179,0.29769662022590637,0.2997855544090271,0.2566908001899719,0.47734323143959045,0.4485436677932739,0.30843856930732727,0.3832903504371643,0.4392812252044678,0.421724408864975,0.4163806140422821,0.45721182227134705,0.4218471050262451,0.31797921657562256,1.0,0.2931715250015259],[0.280362606048584,0.3966074585914612,0.3978157639503479,0.36997127532958984,0.3565656244754791,0.20263156294822693,0.15417802333831787,0.28078925609588623,0.2687832713127136,0.39053478837013245,0.4251025915145874,0.33400383591651917,0.22677741944789886,0.37969547510147095,0.2931715250015259,1.0]]}