{"game_number":278,"words":["GENESIS","GERM","SEED","SOURCE","ACTS","JOB","KINGS","MARK","FLAMES","KRAKEN","STARS","WILD","NAP","PLANT","RANGER","TRIP"],"adjacency_matrix":[[1.0,0.5006923675537109,0.4346165060997009,0.39298737049102783,0.37687787413597107,0.30395764112472534,0.29680901765823364,0.299717515707016,0.25092989206314087,0.3115050792694092,0.2883211374282837,0.30720046162605286,0.2479308694601059,0.40186965465545654,0.20485050976276398,0.3172072470188141],[0.5006923675537109,1.0,0.5001481175422668,0.3210408389568329,0.32871702313423157,0.25537124276161194,0.1912810504436493,0.20399369299411774,0.23570406436920166,0.33029285073280334,0.17869721353054047,0.34694257378578186,0.22616995871067047,0.41288861632347107,0.15721070766448975,0.2040121853351593],[0.4346165060997009,0.5001481175422668,1.0,0.4527529776096344,0.3533865213394165,0.2933981716632843,0.28259214758872986,0.3409683406352997,0.3116750419139862,0.2503010928630829,0.3519003689289093,0.4806880056858063,0.22328153252601624,0.6182201504707336,0.2620198130607605,0.32646259665489197],[0.39298737049102783,0.3210408389568329,0.4527529776096344,1.0,0.4001634418964386,0.4273208677768707,0.2528699040412903,0.4023972153663635,0.30556532740592957,0.26136040687561035,0.35133594274520874,0.36977800726890564,0.17867906391620636,0.4406890869140625,0.3521738350391388,0.3496567904949188],[0.37687787413597107,0.32871702313423157,0.3533865213394165,0.4001634418964386,1.0,0.3757410943508148,0.40979403257369995,0.3320638835430145,0.3896941840648651,0.2732849717140198,0.42512819170951843,0.3600066602230072,0.13914917409420013,0.3581075966358185,0.2849724590778351,0.3430001139640808],[0.30395764112472534,0.25537124276161194,0.2933981716632843,0.4273208677768707,0.3757410943508148,1.0,0.18413154780864716,0.34788352251052856,0.20416909456253052,0.08134711533784866,0.27070531249046326,0.28455331921577454,0.3506830334663391,0.4213387370109558,0.34738266468048096,0.4727042019367218],[0.29680901765823364,0.1912810504436493,0.28259214758872986,0.2528699040412903,0.40979403257369995,0.18413154780864716,1.0,0.22627857327461243,0.308745801448822,0.34283745288848877,0.45434191823005676,0.27621251344680786,0.16743575036525726,0.20959922671318054,0.19997310638427734,0.23956198990345],[0.299717515707016,0.20399369299411774,0.3409683406352997,0.4023972153663635,0.3320638835430145,0.34788352251052856,0.22627857327461243,1.0,0.28978219628334045,0.22058521211147308,0.3643497824668884,0.3357757329940796,0.21461790800094604,0.3356057107448578,0.2958664894104004,0.35977473855018616],[0.25092989206314087,0.23570406436920166,0.3116750419139862,0.30556532740592957,0.3896941840648651,0.20416909456253052,0.308745801448822,0.28978219628334045,1.0,0.27768805623054504,0.4189296364784241,0.4112694263458252,0.1471148282289505,0.2936679422855377,0.2362223118543625,0.27142977714538574],[0.3115050792694092,0.33029285073280334,0.2503010928630829,0.26136040687561035,0.2732849717140198,0.08134711533784866,0.34283745288848877,0.22058521211147308,0.27768805623054504,1.0,0.25102654099464417,0.386386513710022,0.2545427083969116,0.29236313700675964,0.2703578472137451,0.26776954531669617],[0.2883211374282837,0.17869721353054047,0.3519003689289093,0.35133594274520874,0.42512819170951843,0.27070531249046326,0.45434191823005676,0.3643497824668884,0.4189296364784241,0.25102654099464417,1.0000001192092896,0.2925258278846741,0.14907750487327576,0.3069005608558655,0.2834900915622711,0.2340943068265915],[0.30720046162605286,0.34694257378578186,0.4806880056858063,0.36977800726890564,0.3600066602230072,0.28455331921577454,0.27621251344680786,0.3357757329940796,0.4112694263458252,0.386386513710022,0.2925258278846741,1.0,0.23276033997535706,0.43575039505958557,0.3573247492313385,0.4074392020702362],[0.2479308694601059,0.22616995871067047,0.22328153252601624,0.17867906391620636,0.13914917409420013,0.3506830334663391,0.16743575036525726,0.21461790800094604,0.1471148282289505,0.2545427083969116,0.14907750487327576,0.23276033997535706,1.0,0.26142430305480957,0.19915713369846344,0.4148903787136078],[0.40186965465545654,0.41288861632347107,0.6182201504707336,0.4406890869140625,0.3581075966358185,0.4213387370109558,0.20959922671318054,0.3356057107448578,0.2936679422855377,0.29236313700675964,0.3069005608558655,0.43575039505958557,0.26142430305480957,1.0,0.3661782443523407,0.3793489634990692],[0.20485050976276398,0.15721070766448975,0.2620198130607605,0.3521738350391388,0.2849724590778351,0.34738266468048096,0.19997310638427734,0.2958664894104004,0.2362223118543625,0.2703578472137451,0.2834900915622711,0.3573247492313385,0.19915713369846344,0.3661782443523407,0.9999999403953552,0.34626495838165283],[0.3172072470188141,0.2040121853351593,0.32646259665489197,0.3496567904949188,0.3430001139640808,0.4727042019367218,0.23956198990345,0.35977473855018616,0.27142977714538574,0.26776954531669617,0.2340943068265915,0.4074392020702362,0.4148903787136078,0.3793489634990692,0.34626495838165283,1.0]]}