{
  "game_number": 530,
  "words": [
    "ACES",
    "KEEN",
    "NEATO",
    "NIFTY",
    "FOAM",
    "FROTH",
    "HEAD",
    "LATHER",
    "BUBBLE",
    "GLOBE",
    "MARBLE",
    "PEARL",
    "FUTURE",
    "PAST",
    "PERFECT",
    "PRESENT"
  ],
  "adjacency_matrix": [
    [
      1.0,
      0.2353440672159195,
      0.2243155837059021,
      0.22981666028499603,
      0.22104793787002563,
      0.17697976529598236,
      0.23423703014850616,
      0.1518448442220688,
      0.23947806656360626,
      0.16955403983592987,
      0.17071181535720825,
      0.2262227088212967,
      0.2190478891134262,
      0.23954403400421143,
      0.27870669960975647,
      0.1548158824443817
    ],
    [
      0.2353440672159195,
      0.9999998807907104,
      0.38612353801727295,
      0.34493574500083923,
      0.11341623216867447,
      0.2821411192417145,
      0.38772279024124146,
      0.36355671286582947,
      0.26613494753837585,
      0.23802827298641205,
      0.20435503125190735,
      0.24026556313037872,
      0.3667229115962982,
      0.35167184472084045,
      0.52220618724823,
      0.4442903399467468
    ],
    [
      0.2243155837059021,
      0.38612353801727295,
      1.0,
      0.596409022808075,
      0.2592778503894806,
      0.3752194046974182,
      0.2880788743495941,
      0.305624395608902,
      0.35206475853919983,
      0.2998918294906616,
      0.2811693847179413,
      0.2594796121120453,
      0.3243614435195923,
      0.34045127034187317,
      0.46743127703666687,
      0.28295329213142395
    ],
    [
      0.22981666028499603,
      0.34493574500083923,
      0.596409022808075,
      1.0,
      0.22781208157539368,
      0.2848713994026184,
      0.17071808874607086,
      0.2810764014720917,
      0.2977555990219116,
      0.23803038895130157,
      0.22981610894203186,
      0.21353787183761597,
      0.2527976632118225,
      0.23065829277038574,
      0.4300517439842224,
      0.15763843059539795
    ],
    [
      0.22104793787002563,
      0.11341623216867447,
      0.2592778503894806,
      0.22781208157539368,
      1.0,
      0.5504376292228699,
      0.3342738151550293,
      0.4103012979030609,
      0.5406410098075867,
      0.3064430356025696,
      0.43048250675201416,
      0.3517775237560272,
      0.22945961356163025,
      0.21676412224769592,
      0.3089100420475006,
      0.2555294632911682
    ],
    [
      0.17697976529598236,
      0.2821411192417145,
      0.3752194046974182,
      0.2848713994026184,
      0.5504376292228699,
      1.0,
      0.32290467619895935,
      0.5892658233642578,
      0.5952596068382263,
      0.31420832872390747,
      0.33948755264282227,
      0.34405258297920227,
      0.23230178654193878,
      0.22630231082439423,
      0.2856385111808777,
      0.22356480360031128
    ],
    [
      0.23423703014850616,
      0.38772279024124146,
      0.2880788743495941,
      0.17071808874607086,
      0.3342738151550293,
      0.32290467619895935,
      1.0,
      0.31207266449928284,
      0.38518333435058594,
      0.343551903963089,
      0.38136932253837585,
      0.32740816473960876,
      0.3358682692050934,
      0.4359511137008667,
      0.34620368480682373,
      0.4805503487586975
    ],
    [
      0.1518448442220688,
      0.36355671286582947,
      0.305624395608902,
      0.2810764014720917,
      0.4103012979030609,
      0.5892658233642578,
      0.31207266449928284,
      1.0,
      0.3976086974143982,
      0.2535971403121948,
      0.2970500886440277,
      0.3194016218185425,
      0.23856216669082642,
      0.24945859611034393,
      0.3550851047039032,
      0.26212573051452637
    ],
    [
      0.23947806656360626,
      0.26613494753837585,
      0.35206475853919983,
      0.2977555990219116,
      0.5406410098075867,
      0.5952596068382263,
      0.38518333435058594,
      0.3976086974143982,
      1.0,
      0.36103716492652893,
      0.3280487656593323,
      0.3647649884223938,
      0.336812824010849,
      0.3310554623603821,
      0.40783894062042236,
      0.3366689085960388
    ],
    [
      0.16955403983592987,
      0.23802827298641205,
      0.2998918294906616,
      0.23803038895130157,
      0.3064430356025696,
      0.31420832872390747,
      0.343551903963089,
      0.2535971403121948,
      0.36103716492652893,
      0.9999999403953552,
      0.36938202381134033,
      0.31419071555137634,
      0.3356105089187622,
      0.3692874312400818,
      0.32955044507980347,
      0.34332579374313354
    ],
    [
      0.17071181535720825,
      0.20435503125190735,
      0.2811693847179413,
      0.22981610894203186,
      0.43048250675201416,
      0.33948755264282227,
      0.38136932253837585,
      0.2970500886440277,
      0.3280487656593323,
      0.36938202381134033,
      1.0,
      0.4467944800853729,
      0.2798345386981964,
      0.29217419028282166,
      0.40556320548057556,
      0.3290769159793854
    ],
    [
      0.2262227088212967,
      0.24026556313037872,
      0.2594796121120453,
      0.21353787183761597,
      0.3517775237560272,
      0.34405258297920227,
      0.32740816473960876,
      0.3194016218185425,
      0.3647649884223938,
      0.31419071555137634,
      0.4467944800853729,
      1.0,
      0.23305408656597137,
      0.21807441115379333,
      0.35569754242897034,
      0.22865554690361023
    ],
    [
      0.2190478891134262,
      0.3667229115962982,
      0.3243614435195923,
      0.2527976632118225,
      0.22945961356163025,
      0.23230178654193878,
      0.3358682692050934,
      0.23856216669082642,
      0.336812824010849,
      0.3356105089187622,
      0.2798345386981964,
      0.23305408656597137,
      1.0,
      0.6755411624908447,
      0.5091869235038757,
      0.5985417366027832
    ],
    [
      0.23954403400421143,
      0.35167184472084045,
      0.34045127034187317,
      0.23065829277038574,
      0.21676412224769592,
      0.22630231082439423,
      0.4359511137008667,
      0.24945859611034393,
      0.3310554623603821,
      0.3692874312400818,
      0.29217419028282166,
      0.21807441115379333,
      0.6755411624908447,
      1.0,
      0.4291483759880066,
      0.6741219162940979
    ],
    [
      0.27870669960975647,
      0.52220618724823,
      0.46743127703666687,
      0.4300517439842224,
      0.3089100420475006,
      0.2856385111808777,
      0.34620368480682373,
      0.3550851047039032,
      0.40783894062042236,
      0.32955044507980347,
      0.40556320548057556,
      0.35569754242897034,
      0.5091869235038757,
      0.4291483759880066,
      1.0,
      0.5579406023025513
    ],
    [
      0.1548158824443817,
      0.4442903399467468,
      0.28295329213142395,
      0.15763843059539795,
      0.2555294632911682,
      0.22356480360031128,
      0.4805503487586975,
      0.26212573051452637,
      0.3366689085960388,
      0.34332579374313354,
      0.3290769159793854,
      0.22865554690361023,
      0.5985417366027832,
      0.6741219162940979,
      0.5579406023025513,
      0.9999999403953552
    ]
  ]
}