{"game_number":85,"words":["FANCY","LOVE","RELISH","SAVOR","LIKE","LITERALLY","UM","WELL","CYLINDER","PIN","SPRING","TUMBLER","CARROT","HURTS","JEWEL","OM"],"adjacency_matrix":[[0.9999999403953552,0.5208986401557922,0.5362387299537659,0.40494978427886963,0.5390692949295044,0.4054621160030365,0.18419994413852692,0.4310457706451416,0.23036296665668488,0.38842543959617615,0.3409561216831207,0.4534605145454407,0.3673252761363983,0.28450191020965576,0.3319535255432129,0.06320171058177948],[0.5208986401557922,1.0,0.5497307777404785,0.5064428448677063,0.5842050313949585,0.37893351912498474,0.1016029492020607,0.44199562072753906,0.15226884186267853,0.36002805829048157,0.3285698890686035,0.3042030334472656,0.3320798873901367,0.46280792355537415,0.31781965494155884,0.08227618038654327],[0.5362387299537659,0.5497307777404785,1.0,0.6629924178123474,0.4680585563182831,0.38531991839408875,0.0752580389380455,0.43651607632637024,0.16614919900894165,0.27217045426368713,0.33845314383506775,0.3452848792076111,0.4125478267669678,0.35728904604911804,0.3053525388240814,0.03808914124965668],[0.40494978427886963,0.5064428448677063,0.6629924178123474,1.0,0.3410877287387848,0.3444683253765106,0.1465533822774887,0.36808016896247864,0.13159288465976715,0.23991870880126953,0.33155032992362976,0.24988846480846405,0.25504493713378906,0.3127779960632324,0.3272303640842438,0.03812628611922264],[0.5390692949295044,0.5842050313949585,0.4680585563182831,0.3410877287387848,0.9999999403953552,0.41491103172302246,0.20410098135471344,0.5727777481079102,0.19634053111076355,0.3142807185649872,0.3208962380886078,0.3217959702014923,0.3603484332561493,0.41880103945732117,0.23201042413711548,0.050812192261219025],[0.4054621160030365,0.37893351912498474,0.38531991839408875,0.3444683253765106,0.41491103172302246,0.9999999403953552,0.24995483458042145,0.5029112696647644,0.2034386545419693,0.29047122597694397,0.2664852738380432,0.2133306860923767,0.2668684124946594,0.37408944964408875,0.2510764002799988,0.03244991973042488],[0.18419994413852692,0.1016029492020607,0.0752580389380455,0.1465533822774887,0.20410098135471344,0.24995483458042145,1.0,0.22164152562618256,0.0865684300661087,0.08366281539201736,0.11933527141809464,0.06759965419769287,0.08896278589963913,0.09728038311004639,0.042427919805049896,0.2706924080848694],[0.4310457706451416,0.44199562072753906,0.43651607632637024,0.36808016896247864,0.5727777481079102,0.5029112696647644,0.22164152562618256,1.0,0.2512524425983429,0.3094823956489563,0.39117252826690674,0.2793831527233124,0.2555665671825409,0.44254225492477417,0.2242969274520874,-0.016797693446278572],[0.23036296665668488,0.15226884186267853,0.16614919900894165,0.13159288465976715,0.19634053111076355,0.2034386545419693,0.0865684300661087,0.2512524425983429,1.0,0.43861687183380127,0.3144582509994507,0.42583054304122925,0.3456973731517792,0.18545706570148468,0.35390907526016235,-0.023627806454896927],[0.38842543959617615,0.36002805829048157,0.27217045426368713,0.23991870880126953,0.3142807185649872,0.29047122597694397,0.08366281539201736,0.3094823956489563,0.43861687183380127,0.9999999403953552,0.35359716415405273,0.4640478789806366,0.4004371166229248,0.35491323471069336,0.37851482629776,0.12987545132637024],[0.3409561216831207,0.3285698890686035,0.33845314383506775,0.33155032992362976,0.3208962380886078,0.2664852738380432,0.11933527141809464,0.39117252826690674,0.3144582509994507,0.35359716415405273,1.0,0.34489545226097107,0.2963995337486267,0.2608572840690613,0.3079558312892914,0.07831597328186035],[0.4534605145454407,0.3042030334472656,0.3452848792076111,0.24988846480846405,0.3217959702014923,0.2133306860923767,0.06759965419769287,0.2793831527233124,0.42583054304122925,0.4640478789806366,0.34489545226097107,1.0,0.344908744096756,0.23192785680294037,0.3373354375362396,0.04897813871502876],[0.3673252761363983,0.3320798873901367,0.4125478267669678,0.25504493713378906,0.3603484332561493,0.2668684124946594,0.08896278589963913,0.2555665671825409,0.3456973731517792,0.4004371166229248,0.2963995337486267,0.344908744096756,1.0,0.29721593856811523,0.33436155319213867,0.11650695651769638],[0.28450191020965576,0.46280792355537415,0.35728904604911804,0.3127779960632324,0.41880103945732117,0.37408944964408875,0.09728038311004639,0.44254225492477417,0.18545706570148468,0.35491323471069336,0.2608572840690613,0.23192785680294037,0.29721593856811523,0.9999999403953552,0.23060432076454163,0.0688423439860344],[0.3319535255432129,0.31781965494155884,0.3053525388240814,0.3272303640842438,0.23201042413711548,0.2510764002799988,0.042427919805049896,0.2242969274520874,0.35390907526016235,0.37851482629776,0.3079558312892914,0.3373354375362396,0.33436155319213867,0.23060432076454163,0.9999999403953552,0.046708844602108],[0.06320171058177948,0.08227618038654327,0.03808914124965668,0.03812628611922264,0.050812192261219025,0.03244991973042488,0.2706924080848694,-0.016797693446278572,-0.023627806454896927,0.12987545132637024,0.07831597328186035,0.04897813871502876,0.11650695651769638,0.0688423439860344,0.046708844602108,1.0]]}