{"game_number":73,"words":["BASE","DIRTY","LOW","VILE","CONTACT","MESSAGE","PING","TEXT","FRUIT","PITCHER","SKULL","TABLECLOTH","BATTER","CAN","GARDEN","PONG"],"adjacency_matrix":[[1.0,0.32674914598464966,0.46280187368392944,0.2780143916606903,0.42984411120414734,0.382381796836853,0.2521321475505829,0.36712515354156494,0.328373521566391,0.4086798429489136,0.38130342960357666,0.2526520788669586,0.45748618245124817,0.3330727219581604,0.39095184206962585,0.2268192619085312],[0.32674914598464966,0.9999999403953552,0.44520995020866394,0.6154842376708984,0.2732110023498535,0.34468552470207214,0.23868891596794128,0.24130019545555115,0.31054189801216125,0.25783422589302063,0.2273588478565216,0.3806200623512268,0.30519720911979675,0.27715781331062317,0.3008557856082916,0.3161531686782837],[0.46280187368392944,0.44520995020866394,1.0,0.37301233410835266,0.3129873275756836,0.3182123601436615,0.21419453620910645,0.3000831604003906,0.3332386612892151,0.2590368390083313,0.2652210295200348,0.19983847439289093,0.2935176193714142,0.29591065645217896,0.22986282408237457,0.17848174273967743],[0.2780143916606903,0.6154842376708984,0.37301233410835266,1.0000001192092896,0.2606053650379181,0.35920992493629456,0.19002839922904968,0.2504911720752716,0.3956781029701233,0.24732238054275513,0.28397297859191895,0.28764572739601135,0.2669965624809265,0.22834953665733337,0.2871358096599579,0.31048402190208435],[0.42984411120414734,0.2732110023498535,0.3129873275756836,0.2606053650379181,1.0,0.43970543146133423,0.398587167263031,0.30693045258522034,0.275823712348938,0.2995363175868988,0.29495716094970703,0.2195267528295517,0.32314053177833557,0.42372041940689087,0.3115503787994385,0.25718411803245544],[0.382381796836853,0.34468552470207214,0.3182123601436615,0.35920992493629456,0.43970543146133423,1.0,0.43135473132133484,0.560806930065155,0.3214886784553528,0.18804162740707397,0.27830761671066284,0.2781606912612915,0.25084570050239563,0.3452622890472412,0.3137865364551544,0.26868271827697754],[0.2521321475505829,0.23868891596794128,0.21419453620910645,0.19002839922904968,0.398587167263031,0.43135473132133484,1.0000001192092896,0.2614904046058655,0.2230444997549057,0.23974154889583588,0.16659186780452728,0.24449720978736877,0.28716298937797546,0.36542433500289917,0.18821531534194946,0.6016727685928345],[0.36712515354156494,0.24130019545555115,0.3000831604003906,0.2504911720752716,0.30693045258522034,0.560806930065155,0.2614904046058655,0.9999999403953552,0.30370861291885376,0.24021771550178528,0.3060401380062103,0.37589430809020996,0.23625388741493225,0.2514706552028656,0.2651611864566803,0.1752428561449051],[0.328373521566391,0.31054189801216125,0.3332386612892151,0.3956781029701233,0.275823712348938,0.3214886784553528,0.2230444997549057,0.30370861291885376,1.0,0.37991586327552795,0.3713349401950836,0.3413323163986206,0.3721342086791992,0.2449609935283661,0.49729469418525696,0.30187177658081055],[0.4086798429489136,0.25783422589302063,0.2590368390083313,0.24732238054275513,0.2995363175868988,0.18804162740707397,0.23974154889583588,0.24021771550178528,0.37991586327552795,1.0,0.27756109833717346,0.2835349440574646,0.6256610751152039,0.23692111670970917,0.34954968094825745,0.3000590205192566],[0.38130342960357666,0.2273588478565216,0.2652210295200348,0.28397297859191895,0.29495716094970703,0.27830761671066284,0.16659186780452728,0.3060401380062103,0.3713349401950836,0.27756109833717346,1.0,0.2860301434993744,0.26850664615631104,0.199338898062706,0.23320427536964417,0.18646444380283356],[0.2526520788669586,0.3806200623512268,0.19983847439289093,0.28764572739601135,0.2195267528295517,0.2781606912612915,0.24449720978736877,0.37589430809020996,0.3413323163986206,0.2835349440574646,0.2860301434993744,0.9999999403953552,0.2716342806816101,0.18530793488025665,0.39801228046417236,0.2599031329154968],[0.45748618245124817,0.30519720911979675,0.2935176193714142,0.2669965624809265,0.32314053177833557,0.25084570050239563,0.28716298937797546,0.23625388741493225,0.3721342086791992,0.6256610751152039,0.26850664615631104,0.2716342806816101,1.0,0.339304655790329,0.32385140657424927,0.2952512204647064],[0.3330727219581604,0.27715781331062317,0.29591065645217896,0.22834953665733337,0.42372041940689087,0.3452622890472412,0.36542433500289917,0.2514706552028656,0.2449609935283661,0.23692111670970917,0.199338898062706,0.18530793488025665,0.339304655790329,1.0,0.26321008801460266,0.26384449005126953],[0.39095184206962585,0.3008557856082916,0.22986282408237457,0.2871358096599579,0.3115503787994385,0.3137865364551544,0.18821531534194946,0.2651611864566803,0.49729469418525696,0.34954968094825745,0.23320427536964417,0.39801228046417236,0.32385140657424927,0.26321008801460266,1.0000001192092896,0.32120874524116516],[0.2268192619085312,0.3161531686782837,0.17848174273967743,0.31048402190208435,0.25718411803245544,0.26868271827697754,0.6016727685928345,0.1752428561449051,0.30187177658081055,0.3000590205192566,0.18646444380283356,0.2599031329154968,0.2952512204647064,0.26384449005126953,0.32120874524116516,1.0]]}