{
  "game_number": 298,
  "words": [
    "ESSENTIAL",
    "KEY",
    "PRINCIPAL",
    "STAPLE",
    "GIVE",
    "HAND",
    "PASS",
    "SEND",
    "APPLAUSE",
    "EXIT",
    "RECORDING",
    "WALK",
    "CHANCE",
    "FORECAST",
    "OUTLOOK",
    "PROSPECT"
  ],
  "adjacency_matrix": [
    [
      1.0,
      0.7192152738571167,
      0.5046271681785583,
      0.5064231157302856,
      0.4295448064804077,
      0.3870135545730591,
      0.35645294189453125,
      0.2970985770225525,
      0.2804744839668274,
      0.28127723932266235,
      0.4128444194793701,
      0.228474959731102,
      0.4394155740737915,
      0.3720765709877014,
      0.4408840835094452,
      0.46114397048950195
    ],
    [
      0.7192152738571167,
      1.0,
      0.601913571357727,
      0.5017166137695312,
      0.39566129446029663,
      0.4812886714935303,
      0.36794254183769226,
      0.3332344591617584,
      0.266373872756958,
      0.36619189381599426,
      0.45425108075141907,
      0.2437634915113449,
      0.4287351965904236,
      0.39687150716781616,
      0.41885635256767273,
      0.4421238899230957
    ],
    [
      0.5046271681785583,
      0.601913571357727,
      1.0000001192092896,
      0.46058550477027893,
      0.33536961674690247,
      0.37753596901893616,
      0.3195924162864685,
      0.29912635684013367,
      0.23127461969852448,
      0.301069974899292,
      0.34890154004096985,
      0.20789407193660736,
      0.27948543429374695,
      0.31036609411239624,
      0.33080819249153137,
      0.3802812695503235
    ],
    [
      0.5064231157302856,
      0.5017166137695312,
      0.46058550477027893,
      1.0,
      0.30582693219184875,
      0.4158758521080017,
      0.3545716106891632,
      0.315696656703949,
      0.22777028381824493,
      0.2618202269077301,
      0.37441304326057434,
      0.21720552444458008,
      0.2755907475948334,
      0.3136526048183441,
      0.33070051670074463,
      0.3315669000148773
    ],
    [
      0.4295448064804077,
      0.39566129446029663,
      0.33536961674690247,
      0.30582693219184875,
      1.0,
      0.5165783166885376,
      0.538185179233551,
      0.6581864356994629,
      0.36511653661727905,
      0.3071586787700653,
      0.32189053297042847,
      0.3408595025539398,
      0.5504525303840637,
      0.3642881214618683,
      0.3151203989982605,
      0.40957310795783997
    ],
    [
      0.3870135545730591,
      0.4812886714935303,
      0.37753596901893616,
      0.4158758521080017,
      0.5165783166885376,
      1.0,
      0.4872141182422638,
      0.4848220944404602,
      0.3065010607242584,
      0.36623623967170715,
      0.41257867217063904,
      0.47580403089523315,
      0.521826982498169,
      0.402015745639801,
      0.34838634729385376,
      0.3991524875164032
    ],
    [
      0.35645294189453125,
      0.36794254183769226,
      0.3195924162864685,
      0.3545716106891632,
      0.538185179233551,
      0.4872141182422638,
      1.0,
      0.5533283948898315,
      0.3520582914352417,
      0.5148037075996399,
      0.3354056775569916,
      0.5026390552520752,
      0.5094391703605652,
      0.35784295201301575,
      0.2679246664047241,
      0.39835113286972046
    ],
    [
      0.2970985770225525,
      0.3332344591617584,
      0.29912635684013367,
      0.315696656703949,
      0.6581864356994629,
      0.4848220944404602,
      0.5533283948898315,
      1.0,
      0.3195340931415558,
      0.34716975688934326,
      0.3325808346271515,
      0.37649157643318176,
      0.41691991686820984,
      0.3314298689365387,
      0.261216938495636,
      0.39873072504997253
    ],
    [
      0.2804744839668274,
      0.266373872756958,
      0.23127461969852448,
      0.22777028381824493,
      0.36511653661727905,
      0.3065010607242584,
      0.3520582914352417,
      0.3195340931415558,
      1.0,
      0.29804959893226624,
      0.2953921854496002,
      0.22659100592136383,
      0.3373861610889435,
      0.16991093754768372,
      0.18406660854816437,
      0.322018563747406
    ],
    [
      0.28127723932266235,
      0.36619189381599426,
      0.301069974899292,
      0.2618202269077301,
      0.3071586787700653,
      0.36623623967170715,
      0.5148037075996399,
      0.34716975688934326,
      0.29804959893226624,
      1.0,
      0.34063708782196045,
      0.42111873626708984,
      0.3521549701690674,
      0.3452789783477783,
      0.31529396772384644,
      0.37161725759506226
    ],
    [
      0.4128444194793701,
      0.45425108075141907,
      0.34890154004096985,
      0.37441304326057434,
      0.32189053297042847,
      0.41257867217063904,
      0.3354056775569916,
      0.3325808346271515,
      0.2953921854496002,
      0.34063708782196045,
      1.0,
      0.3011024594306946,
      0.3449576199054718,
      0.36023151874542236,
      0.31208232045173645,
      0.4003784656524658
    ],
    [
      0.228474959731102,
      0.2437634915113449,
      0.20789407193660736,
      0.21720552444458008,
      0.3408595025539398,
      0.47580403089523315,
      0.5026390552520752,
      0.37649157643318176,
      0.22659100592136383,
      0.42111873626708984,
      0.3011024594306946,
      1.0,
      0.4076128304004669,
      0.2874867022037506,
      0.23962590098381042,
      0.2988082468509674
    ],
    [
      0.4394155740737915,
      0.4287351965904236,
      0.27948543429374695,
      0.2755907475948334,
      0.5504525303840637,
      0.521826982498169,
      0.5094391703605652,
      0.41691991686820984,
      0.3373861610889435,
      0.3521549701690674,
      0.3449576199054718,
      0.4076128304004669,
      0.9999999403953552,
      0.42079293727874756,
      0.37174561619758606,
      0.5933775305747986
    ],
    [
      0.3720765709877014,
      0.39687150716781616,
      0.31036609411239624,
      0.3136526048183441,
      0.3642881214618683,
      0.402015745639801,
      0.35784295201301575,
      0.3314298689365387,
      0.16991093754768372,
      0.3452789783477783,
      0.36023151874542236,
      0.2874867022037506,
      0.42079293727874756,
      1.0,
      0.6060872673988342,
      0.43991556763648987
    ],
    [
      0.4408840835094452,
      0.41885635256767273,
      0.33080819249153137,
      0.33070051670074463,
      0.3151203989982605,
      0.34838634729385376,
      0.2679246664047241,
      0.261216938495636,
      0.18406660854816437,
      0.31529396772384644,
      0.31208232045173645,
      0.23962590098381042,
      0.37174561619758606,
      0.6060872673988342,
      1.0,
      0.5104541182518005
    ],
    [
      0.46114397048950195,
      0.4421238899230957,
      0.3802812695503235,
      0.3315669000148773,
      0.40957310795783997,
      0.3991524875164032,
      0.39835113286972046,
      0.39873072504997253,
      0.322018563747406,
      0.37161725759506226,
      0.4003784656524658,
      0.2988082468509674,
      0.5933775305747986,
      0.43991556763648987,
      0.5104541182518005,
      1.0
    ]
  ]
}