{"game_number":258,"words":["BEAK","FEATHER","TALON","WING","FLASH","HEARTBEAT","SECOND","WINK","BAMBOO","DRAGON","SEASON","WIND","BELLY","HOT","PANIC","SNOOZE"],"adjacency_matrix":[[0.9999999403953552,0.532782793045044,0.5160150527954102,0.5092037320137024,0.36286360025405884,0.2987130582332611,0.30982932448387146,0.29800349473953247,0.33254769444465637,0.4378783702850342,0.23972728848457336,0.37193959951400757,0.5017909407615662,0.2799311876296997,0.18815842270851135,0.24746055901050568],[0.532782793045044,0.9999999403953552,0.44551578164100647,0.48093530535697937,0.3381946086883545,0.2618085443973541,0.2826942503452301,0.25750067830085754,0.31656214594841003,0.4007190763950348,0.18907445669174194,0.3967989385128021,0.4448127746582031,0.3031470775604248,0.1438482701778412,0.2771756947040558],[0.5160150527954102,0.44551578164100647,1.0,0.42518511414527893,0.35000553727149963,0.27880704402923584,0.3090715706348419,0.30356737971305847,0.28838804364204407,0.4766761064529419,0.2626214027404785,0.3251354396343231,0.46056243777275085,0.26892781257629395,0.19124890863895416,0.2283695787191391],[0.5092037320137024,0.48093530535697937,0.42518511414527893,1.0,0.3256198465824127,0.2643062472343445,0.40796199440956116,0.2687123715877533,0.2976585328578949,0.42401090264320374,0.30951857566833496,0.4535951018333435,0.4454572796821594,0.30772584676742554,0.2735130488872528,0.2514186203479767],[0.36286360025405884,0.3381946086883545,0.35000553727149963,0.3256198465824127,1.0,0.39243805408477783,0.3886605203151703,0.41087576746940613,0.3058241903781891,0.4009646475315094,0.2882328927516937,0.4238665699958801,0.45086702704429626,0.509047269821167,0.46386781334877014,0.38843345642089844],[0.2987130582332611,0.2618085443973541,0.27880704402923584,0.2643062472343445,0.39243805408477783,1.0,0.3527437448501587,0.317247211933136,0.20918571949005127,0.2938123047351837,0.25588974356651306,0.33028843998908997,0.43616268038749695,0.32043275237083435,0.3384842276573181,0.3803430497646332],[0.30982932448387146,0.2826942503452301,0.3090715706348419,0.40796199440956116,0.3886605203151703,0.3527437448501587,0.9999999403953552,0.2752407491207123,0.20597922801971436,0.3200683891773224,0.4800317883491516,0.3287193179130554,0.3391711115837097,0.402828186750412,0.2868170738220215,0.25748059153556824],[0.29800349473953247,0.25750067830085754,0.30356737971305847,0.2687123715877533,0.41087576746940613,0.317247211933136,0.2752407491207123,1.0,0.18149879574775696,0.23354806005954742,0.2017035037279129,0.338342547416687,0.3538523316383362,0.2827512323856354,0.24821744859218597,0.4711618423461914],[0.33254769444465637,0.31656214594841003,0.28838804364204407,0.2976585328578949,0.3058241903781891,0.20918571949005127,0.20597922801971436,0.18149879574775696,1.0000001192092896,0.43665844202041626,0.18418991565704346,0.33737480640411377,0.3574325442314148,0.32657963037490845,0.1879378855228424,0.21294699609279633],[0.4378783702850342,0.4007190763950348,0.4766761064529419,0.42401090264320374,0.4009646475315094,0.2938123047351837,0.3200683891773224,0.23354806005954742,0.43665844202041626,1.0,0.23893290758132935,0.4156957268714905,0.4973459541797638,0.3257664442062378,0.3247729241847992,0.3245185911655426],[0.23972728848457336,0.18907445669174194,0.2626214027404785,0.30951857566833496,0.2882328927516937,0.25588974356651306,0.4800317883491516,0.2017035037279129,0.18418991565704346,0.23893290758132935,1.0,0.334060400724411,0.26112908124923706,0.33070629835128784,0.24955913424491882,0.23564641177654266],[0.37193959951400757,0.3967989385128021,0.3251354396343231,0.4535951018333435,0.4238665699958801,0.33028843998908997,0.3287193179130554,0.338342547416687,0.33737480640411377,0.4156957268714905,0.334060400724411,1.0000001192092896,0.34085312485694885,0.40708425641059875,0.3758980929851532,0.30175095796585083],[0.5017909407615662,0.4448127746582031,0.46056243777275085,0.4454572796821594,0.45086702704429626,0.43616268038749695,0.3391711115837097,0.3538523316383362,0.3574325442314148,0.4973459541797638,0.26112908124923706,0.34085312485694885,0.9999999403953552,0.46299228072166443,0.34100985527038574,0.4157464802265167],[0.2799311876296997,0.3031470775604248,0.26892781257629395,0.30772584676742554,0.509047269821167,0.32043275237083435,0.402828186750412,0.2827512323856354,0.32657963037490845,0.3257664442062378,0.33070629835128784,0.40708425641059875,0.46299228072166443,1.0,0.37142515182495117,0.41914522647857666],[0.18815842270851135,0.1438482701778412,0.19124890863895416,0.2735130488872528,0.46386781334877014,0.3384842276573181,0.2868170738220215,0.24821744859218597,0.1879378855228424,0.3247729241847992,0.24955913424491882,0.3758980929851532,0.34100985527038574,0.37142515182495117,0.9999999403953552,0.42590638995170593],[0.24746055901050568,0.2771756947040558,0.2283695787191391,0.2514186203479767,0.38843345642089844,0.3803430497646332,0.25748059153556824,0.4711618423461914,0.21294699609279633,0.3245185911655426,0.23564641177654266,0.30175095796585083,0.4157464802265167,0.41914522647857666,0.42590638995170593,1.0]]}