{"game_number":174,"words":["BANG","HAMMER","POUND","SLAM","CHRONICLE","HERALD","REGISTER","SUN","BANANA","CROISSANT","MOON","SICKLE","FEATHER","FLOWER","MUSHROOM","STAR"],"adjacency_matrix":[[0.9999999403953552,0.5213962197303772,0.36566516757011414,0.44751572608947754,0.23294420540332794,0.3440145254135132,0.3009245693683624,0.2604183554649353,0.3198787569999695,0.2590314745903015,0.31525078415870667,0.29106321930885315,0.36685988306999207,0.31842172145843506,0.3357561230659485,0.3873005211353302],[0.5213962197303772,1.0,0.4725784957408905,0.464523583650589,0.18518011271953583,0.30028799176216125,0.3422153890132904,0.29919272661209106,0.34804075956344604,0.2679107189178467,0.34901076555252075,0.6185210347175598,0.44390374422073364,0.34174197912216187,0.38419660925865173,0.328809529542923],[0.36566516757011414,0.4725784957408905,1.0,0.2655906677246094,0.1215062141418457,0.17992933094501495,0.313642293214798,0.26228609681129456,0.3644510805606842,0.2861352264881134,0.3277174234390259,0.2522614598274231,0.3019625246524811,0.30836278200149536,0.23226647078990936,0.31475943326950073],[0.44751572608947754,0.464523583650589,0.2655906677246094,1.0,0.2568034529685974,0.3404628336429596,0.31150758266448975,0.22300748527050018,0.24157965183258057,0.2289578765630722,0.26111167669296265,0.24386663734912872,0.2669315040111542,0.26017001271247864,0.195108100771904,0.2560690939426422],[0.23294420540332794,0.18518011271953583,0.1215062141418457,0.2568034529685974,1.0,0.42057493329048157,0.35640132427215576,0.21745164692401886,0.1749330312013626,0.23723097145557404,0.28272703289985657,0.13278190791606903,0.24813316762447357,0.2660347521305084,0.23348267376422882,0.3146837055683136],[0.3440145254135132,0.30028799176216125,0.17992933094501495,0.3404628336429596,0.42057493329048157,1.0,0.3300398588180542,0.30715322494506836,0.22665594518184662,0.2236415445804596,0.32772862911224365,0.2830905318260193,0.28208136558532715,0.3430807888507843,0.2881758213043213,0.3644130527973175],[0.3009245693683624,0.3422153890132904,0.313642293214798,0.31150758266448975,0.35640132427215576,0.3300398588180542,1.0,0.22710564732551575,0.2535841166973114,0.23523429036140442,0.26507753133773804,0.1386217474937439,0.26464468240737915,0.3334951102733612,0.2541562020778656,0.32837653160095215],[0.2604183554649353,0.29919272661209106,0.26228609681129456,0.22300748527050018,0.21745164692401886,0.30715322494506836,0.22710564732551575,1.0,0.3585314452648163,0.3435439467430115,0.6621444821357727,0.2982602119445801,0.31555020809173584,0.4440630078315735,0.35251912474632263,0.49418962001800537],[0.3198787569999695,0.34804075956344604,0.3644510805606842,0.24157965183258057,0.1749330312013626,0.22665594518184662,0.2535841166973114,0.3585314452648163,0.9999999403953552,0.4695221185684204,0.3851625919342041,0.3198668658733368,0.27051085233688354,0.4636593163013458,0.5196099281311035,0.404003769159317],[0.2590314745903015,0.2679107189178467,0.2861352264881134,0.2289578765630722,0.23723097145557404,0.2236415445804596,0.23523429036140442,0.3435439467430115,0.4695221185684204,1.0,0.3690643906593323,0.2224978655576706,0.20250889658927917,0.39966708421707153,0.36550575494766235,0.34611496329307556],[0.31525078415870667,0.34901076555252075,0.3277174234390259,0.26111167669296265,0.28272703289985657,0.32772862911224365,0.26507753133773804,0.6621444821357727,0.3851625919342041,0.3690643906593323,1.0,0.3727591037750244,0.29138442873954773,0.43932342529296875,0.41650375723838806,0.5236158967018127],[0.29106321930885315,0.6185210347175598,0.2522614598274231,0.24386663734912872,0.13278190791606903,0.2830905318260193,0.1386217474937439,0.2982602119445801,0.3198668658733368,0.2224978655576706,0.3727591037750244,1.0,0.34762582182884216,0.37232187390327454,0.34283867478370667,0.27115312218666077],[0.36685988306999207,0.44390374422073364,0.3019625246524811,0.2669315040111542,0.24813316762447357,0.28208136558532715,0.26464468240737915,0.31555020809173584,0.27051085233688354,0.20250889658927917,0.29138442873954773,0.34762582182884216,0.9999999403953552,0.4159761369228363,0.3708747327327728,0.35421958565711975],[0.31842172145843506,0.34174197912216187,0.30836278200149536,0.26017001271247864,0.2660347521305084,0.3430807888507843,0.3334951102733612,0.4440630078315735,0.4636593163013458,0.39966708421707153,0.43932342529296875,0.37232187390327454,0.4159761369228363,1.0,0.5363866686820984,0.4370608925819397],[0.3357561230659485,0.38419660925865173,0.23226647078990936,0.195108100771904,0.23348267376422882,0.2881758213043213,0.2541562020778656,0.35251912474632263,0.5196099281311035,0.36550575494766235,0.41650375723838806,0.34283867478370667,0.3708747327327728,0.5363866686820984,1.0,0.3878593444824219],[0.3873005211353302,0.328809529542923,0.31475943326950073,0.2560690939426422,0.3146837055683136,0.3644130527973175,0.32837653160095215,0.49418962001800537,0.404003769159317,0.34611496329307556,0.5236158967018127,0.27115312218666077,0.35421958565711975,0.4370608925819397,0.3878593444824219,1.0]]}