{"game_number":275,"words":["FAVA","KIDNEY","LIMA","PINTO","LAGOS","LIMERICK","LINCOLN","LUXOR","LINE","METER","RHYME","VERSE","CREATOR","DUDE","RAPPER","STALLION"],"adjacency_matrix":[[0.9999999403953552,0.46616700291633606,0.639350175857544,0.5726186633110046,0.41308170557022095,0.35922881960868835,0.26807698607444763,0.38744840025901794,0.24580976366996765,0.2100941687822342,0.20723775029182434,0.21311216056346893,0.19703800976276398,0.28958365321159363,0.19128063321113586,0.2483675479888916],[0.46616700291633606,1.0,0.35193654894828796,0.39083731174468994,0.26815274357795715,0.29959818720817566,0.24615038931369781,0.2957017123699188,0.2424110472202301,0.2916688919067383,0.24935851991176605,0.23600061237812042,0.17221699655056,0.24296453595161438,0.23496928811073303,0.24724943935871124],[0.639350175857544,0.35193654894828796,1.0,0.4216119050979614,0.5046834349632263,0.3637486696243286,0.38125526905059814,0.4165276288986206,0.23243924975395203,0.20812705159187317,0.2163316011428833,0.16270075738430023,0.1355196088552475,0.3071974515914917,0.2342604547739029,0.11734654009342194],[0.5726186633110046,0.39083731174468994,0.4216119050979614,1.0,0.34134942293167114,0.392219215631485,0.41550499200820923,0.27064049243927,0.3328213393688202,0.2762499749660492,0.27939027547836304,0.2335813194513321,0.19842813909053802,0.3677181601524353,0.2394590526819229,0.43104490637779236],[0.41308170557022095,0.26815274357795715,0.5046834349632263,0.34134942293167114,1.0,0.3149436116218567,0.4074097275733948,0.4578486382961273,0.2302940934896469,0.1535409390926361,0.18285928666591644,0.17800076305866241,0.12497709691524506,0.2958294153213501,0.3686946928501129,0.18774273991584778],[0.35922881960868835,0.29959818720817566,0.3637486696243286,0.392219215631485,0.3149436116218567,1.0,0.42203837633132935,0.2552003264427185,0.42485061287879944,0.3362198770046234,0.5590935945510864,0.48623621463775635,0.20229382812976837,0.33985966444015503,0.2530295252799988,0.29018810391426086],[0.26807698607444763,0.24615038931369781,0.38125526905059814,0.41550499200820923,0.4074097275733948,0.42203837633132935,1.0,0.3202053904533386,0.42394328117370605,0.16843082010746002,0.27212417125701904,0.2911657392978668,0.25603345036506653,0.3623475730419159,0.31435954570770264,0.2876571714878082],[0.38744840025901794,0.2957017123699188,0.4165276288986206,0.27064049243927,0.4578486382961273,0.2552003264427185,0.3202053904533386,1.0,0.22688932716846466,0.23771949112415314,0.18095272779464722,0.1388673484325409,0.08820317685604095,0.2817877531051636,0.13928112387657166,0.18926912546157837],[0.24580976366996765,0.2424110472202301,0.23243924975395203,0.3328213393688202,0.2302940934896469,0.42485061287879944,0.42394328117370605,0.22688932716846466,1.0,0.4450538754463196,0.43447524309158325,0.49454352259635925,0.3094443678855896,0.31748995184898376,0.3163498044013977,0.35752516984939575],[0.2100941687822342,0.2916688919067383,0.20812705159187317,0.2762499749660492,0.1535409390926361,0.3362198770046234,0.16843082010746002,0.23771949112415314,0.4450538754463196,1.0,0.44033950567245483,0.4063950777053833,0.15866999328136444,0.23539495468139648,0.20398250222206116,0.2715943157672882],[0.20723775029182434,0.24935851991176605,0.2163316011428833,0.27939027547836304,0.18285928666591644,0.5590935945510864,0.27212417125701904,0.18095272779464722,0.43447524309158325,0.44033950567245483,0.9999999403953552,0.5385084748268127,0.212355837225914,0.2529152035713196,0.4334718883037567,0.23219750821590424],[0.21311216056346893,0.23600061237812042,0.16270075738430023,0.2335813194513321,0.17800076305866241,0.48623621463775635,0.2911657392978668,0.1388673484325409,0.49454352259635925,0.4063950777053833,0.5385084748268127,1.0,0.22333326935768127,0.2762947678565979,0.35094738006591797,0.2407616823911667],[0.19703800976276398,0.17221699655056,0.1355196088552475,0.19842813909053802,0.12497709691524506,0.20229382812976837,0.25603345036506653,0.08820317685604095,0.3094443678855896,0.15866999328136444,0.212355837225914,0.22333326935768127,1.0,0.36557483673095703,0.4026474058628082,0.22302573919296265],[0.28958365321159363,0.24296453595161438,0.3071974515914917,0.3677181601524353,0.2958294153213501,0.33985966444015503,0.3623475730419159,0.2817877531051636,0.31748995184898376,0.23539495468139648,0.2529152035713196,0.2762947678565979,0.36557483673095703,1.0,0.4859232008457184,0.33333292603492737],[0.19128063321113586,0.23496928811073303,0.2342604547739029,0.2394590526819229,0.3686946928501129,0.2530295252799988,0.31435954570770264,0.13928112387657166,0.3163498044013977,0.20398250222206116,0.4334718883037567,0.35094738006591797,0.4026474058628082,0.4859232008457184,1.0,0.2863119840621948],[0.2483675479888916,0.24724943935871124,0.11734654009342194,0.43104490637779236,0.18774273991584778,0.29018810391426086,0.2876571714878082,0.18926912546157837,0.35752516984939575,0.2715943157672882,0.23219750821590424,0.2407616823911667,0.22302573919296265,0.33333292603492737,0.2863119840621948,0.9999999403953552]]}