{"game_number":305,"words":["BALL","OUT","SAFE","STRIKE","FORGE","FURNACE","KILN","OVEN","CARP","CATFISH","FLOUNDER","SMELT","COLONEL","SALMON","WALK","YOLK"],"adjacency_matrix":[[1.0,0.452460914850235,0.2992778718471527,0.43552276492118835,0.29190725088119507,0.3686510920524597,0.29521259665489197,0.2825077474117279,0.2752871513366699,0.23507185280323029,0.31003984808921814,0.29310116171836853,0.22597739100456238,0.2605607509613037,0.4158538579940796,0.28514185547828674],[0.452460914850235,0.9999999403953552,0.41150981187820435,0.5043854713439941,0.4356394410133362,0.3657134175300598,0.20692919194698334,0.40934816002845764,0.2963646650314331,0.2428416758775711,0.4290379285812378,0.33079808950424194,0.24711012840270996,0.2640315890312195,0.5084670186042786,0.21904824674129486],[0.2992778718471527,0.41150981187820435,1.0,0.35536131262779236,0.3714916408061981,0.26523903012275696,0.18550258874893188,0.3480052053928375,0.24335071444511414,0.19417260587215424,0.17504559457302094,0.28408804535865784,0.16595351696014404,0.2816462814807892,0.35244375467300415,0.1290823370218277],[0.43552276492118835,0.5043854713439941,0.35536131262779236,1.0,0.4436035454273224,0.31574851274490356,0.213445782661438,0.2034158706665039,0.22247983515262604,0.19654865562915802,0.3114335238933563,0.3424755036830902,0.22348062694072723,0.2712732255458832,0.4032067060470581,0.17374664545059204],[0.29190725088119507,0.4356394410133362,0.3714916408061981,0.4436035454273224,1.0000001192092896,0.4918023943901062,0.32007667422294617,0.3007223904132843,0.21720311045646667,0.21654553711414337,0.30116987228393555,0.3583267629146576,0.18447744846343994,0.267997682094574,0.32526451349258423,0.14764371514320374],[0.3686510920524597,0.3657134175300598,0.26523903012275696,0.31574851274490356,0.4918023943901062,1.0000001192092896,0.627195417881012,0.5665371417999268,0.23620061576366425,0.27750828862190247,0.2568112313747406,0.4707595407962799,0.21386434137821198,0.26916518807411194,0.20554715394973755,0.20007696747779846],[0.29521259665489197,0.20692919194698334,0.18550258874893188,0.213445782661438,0.32007667422294617,0.627195417881012,1.0,0.4902881979942322,0.20635783672332764,0.21073459088802338,0.20814956724643707,0.32725393772125244,0.1324019730091095,0.24113646149635315,0.164092555642128,0.18545494973659515],[0.2825077474117279,0.40934816002845764,0.3480052053928375,0.2034158706665039,0.3007223904132843,0.5665371417999268,0.4902881979942322,1.0,0.19260969758033752,0.2101673036813736,0.2141522467136383,0.3236040771007538,0.13886141777038574,0.2685590982437134,0.23880553245544434,0.25810539722442627],[0.2752871513366699,0.2963646650314331,0.24335071444511414,0.22247983515262604,0.21720311045646667,0.23620061576366425,0.20635783672332764,0.19260969758033752,1.0,0.6009320616722107,0.4325728714466095,0.4204730987548828,0.1667919158935547,0.5459774136543274,0.24732963740825653,0.309370756149292],[0.23507185280323029,0.2428416758775711,0.19417260587215424,0.19654865562915802,0.21654553711414337,0.27750828862190247,0.21073459088802338,0.2101673036813736,0.6009320616722107,1.0,0.45694494247436523,0.376896470785141,0.2171216756105423,0.5403777956962585,0.19651305675506592,0.2786003053188324],[0.31003984808921814,0.4290379285812378,0.17504559457302094,0.3114335238933563,0.30116987228393555,0.2568112313747406,0.20814956724643707,0.2141522467136383,0.4325728714466095,0.45694494247436523,1.0,0.3263992965221405,0.1996772438287735,0.4662175476551056,0.2919948399066925,0.2970885932445526],[0.29310116171836853,0.33079808950424194,0.28408804535865784,0.3424755036830902,0.3583267629146576,0.4707595407962799,0.32725393772125244,0.3236040771007538,0.4204730987548828,0.376896470785141,0.3263992965221405,1.0,0.24153801798820496,0.511641263961792,0.2777417302131653,0.25413978099823],[0.22597739100456238,0.24711012840270996,0.16595351696014404,0.22348062694072723,0.18447744846343994,0.21386434137821198,0.1324019730091095,0.13886141777038574,0.1667919158935547,0.2171216756105423,0.1996772438287735,0.24153801798820496,1.0,0.10718700289726257,0.2028316706418991,0.10919465869665146],[0.2605607509613037,0.2640315890312195,0.2816462814807892,0.2712732255458832,0.267997682094574,0.26916518807411194,0.24113646149635315,0.2685590982437134,0.5459774136543274,0.5403777956962585,0.4662175476551056,0.511641263961792,0.10718700289726257,1.0,0.24279677867889404,0.32618987560272217],[0.4158538579940796,0.5084670186042786,0.35244375467300415,0.4032067060470581,0.32526451349258423,0.20554715394973755,0.164092555642128,0.23880553245544434,0.24732963740825653,0.19651305675506592,0.2919948399066925,0.2777417302131653,0.2028316706418991,0.24279677867889404,1.0,0.1638362556695938],[0.28514185547828674,0.21904824674129486,0.1290823370218277,0.17374664545059204,0.14764371514320374,0.20007696747779846,0.18545494973659515,0.25810539722442627,0.309370756149292,0.2786003053188324,0.2970885932445526,0.25413978099823,0.10919465869665146,0.32618987560272217,0.1638362556695938,1.0]]}