{
  "game_number": 208,
  "words": [
    "CORE",
    "MEAT",
    "SUBSTANCE",
    "THRUST",
    "DEMI",
    "PUSH-UP",
    "SPORTS",
    "WIRELESS",
    "BIG",
    "EARLY",
    "LADY",
    "SUE",
    "CASK",
    "CYLINDER",
    "DRUM",
    "TANK"
  ],
  "adjacency_matrix": [
    [
      1.0,
      0.4134865701198578,
      0.5152115821838379,
      0.4933101236820221,
      0.28503939509391785,
      0.39109042286872864,
      0.45022615790367126,
      0.3747992217540741,
      0.49131420254707336,
      0.4283868968486786,
      0.28082728385925293,
      0.1818467229604721,
      0.3316558301448822,
      0.38571158051490784,
      0.39900317788124084,
      0.37641283869743347
    ],
    [
      0.4134865701198578,
      1.0,
      0.47017037868499756,
      0.3645547330379486,
      0.3148960769176483,
      0.3126920759677887,
      0.3836643397808075,
      0.28254273533821106,
      0.4107741415500641,
      0.2729082703590393,
      0.36262667179107666,
      0.17714433372020721,
      0.37315407395362854,
      0.2941904664039612,
      0.38252171874046326,
      0.37212562561035156
    ],
    [
      0.5152115821838379,
      0.47017037868499756,
      1.0,
      0.446930468082428,
      0.2016700655221939,
      0.30763158202171326,
      0.3795563876628876,
      0.24487712979316711,
      0.3453025817871094,
      0.3136155605316162,
      0.31753456592559814,
      0.24215812981128693,
      0.3475326597690582,
      0.3556116223335266,
      0.31454965472221375,
      0.30703818798065186
    ],
    [
      0.4933101236820221,
      0.3645547330379486,
      0.446930468082428,
      1.0,
      0.29154616594314575,
      0.424110472202301,
      0.2984384596347809,
      0.2501666247844696,
      0.3868871331214905,
      0.3270583748817444,
      0.31699368357658386,
      0.24142172932624817,
      0.3302231431007385,
      0.3552605211734772,
      0.37175771594047546,
      0.3417147696018219
    ],
    [
      0.28503939509391785,
      0.3148960769176483,
      0.2016700655221939,
      0.29154616594314575,
      1.0,
      0.37210220098495483,
      0.27105146646499634,
      0.2191047966480255,
      0.3835182189941406,
      0.2212776392698288,
      0.4204337000846863,
      0.276945561170578,
      0.2703562378883362,
      0.23314376175403595,
      0.30641552805900574,
      0.28190523386001587
    ],
    [
      0.39109042286872864,
      0.3126920759677887,
      0.30763158202171326,
      0.424110472202301,
      0.37210220098495483,
      1.0,
      0.40485960245132446,
      0.3348328471183777,
      0.3587648570537567,
      0.30682724714279175,
      0.29890522360801697,
      0.25500568747520447,
      0.24971023201942444,
      0.32543379068374634,
      0.3335528075695038,
      0.355716735124588
    ],
    [
      0.45022615790367126,
      0.3836643397808075,
      0.3795563876628876,
      0.2984384596347809,
      0.27105146646499634,
      0.40485960245132446,
      1.0,
      0.4230835735797882,
      0.42133182287216187,
      0.37677666544914246,
      0.3541519045829773,
      0.23212188482284546,
      0.21390508115291595,
      0.2616487145423889,
      0.3205108046531677,
      0.33237773180007935
    ],
    [
      0.3747992217540741,
      0.28254273533821106,
      0.24487712979316711,
      0.2501666247844696,
      0.2191047966480255,
      0.3348328471183777,
      0.4230835735797882,
      1.0,
      0.38501936197280884,
      0.3017577528953552,
      0.2969619631767273,
      0.1956535279750824,
      0.16248376667499542,
      0.27158451080322266,
      0.30636999011039734,
      0.322315514087677
    ],
    [
      0.49131420254707336,
      0.4107741415500641,
      0.3453025817871094,
      0.3868871331214905,
      0.3835182189941406,
      0.3587648570537567,
      0.42133182287216187,
      0.38501936197280884,
      1.0,
      0.4922061562538147,
      0.3724115192890167,
      0.2770442068576813,
      0.2557545304298401,
      0.27148014307022095,
      0.3279021382331848,
      0.3309793174266815
    ],
    [
      0.4283868968486786,
      0.2729082703590393,
      0.3136155605316162,
      0.3270583748817444,
      0.2212776392698288,
      0.30682724714279175,
      0.37677666544914246,
      0.3017577528953552,
      0.4922061562538147,
      1.0,
      0.3011937141418457,
      0.21320489048957825,
      0.21770699322223663,
      0.2432660311460495,
      0.2130414992570877,
      0.25528910756111145
    ],
    [
      0.28082728385925293,
      0.36262667179107666,
      0.31753456592559814,
      0.31699368357658386,
      0.4204337000846863,
      0.29890522360801697,
      0.3541519045829773,
      0.2969619631767273,
      0.3724115192890167,
      0.3011937141418457,
      1.0,
      0.33858582377433777,
      0.3067660331726074,
      0.2508303225040436,
      0.29292747378349304,
      0.31497135758399963
    ],
    [
      0.1818467229604721,
      0.17714433372020721,
      0.24215812981128693,
      0.24142172932624817,
      0.276945561170578,
      0.25500568747520447,
      0.23212188482284546,
      0.1956535279750824,
      0.2770442068576813,
      0.21320489048957825,
      0.33858582377433777,
      1.0,
      0.21223537623882294,
      0.1717921942472458,
      0.25673139095306396,
      0.2202431559562683
    ],
    [
      0.3316558301448822,
      0.37315407395362854,
      0.3475326597690582,
      0.3302231431007385,
      0.2703562378883362,
      0.24971023201942444,
      0.21390508115291595,
      0.16248376667499542,
      0.2557545304298401,
      0.21770699322223663,
      0.3067660331726074,
      0.21223537623882294,
      1.0,
      0.4221571981906891,
      0.32628196477890015,
      0.4370877742767334
    ],
    [
      0.38571158051490784,
      0.2941904664039612,
      0.3556116223335266,
      0.3552605211734772,
      0.23314376175403595,
      0.32543379068374634,
      0.2616487145423889,
      0.27158451080322266,
      0.27148014307022095,
      0.2432660311460495,
      0.2508303225040436,
      0.1717921942472458,
      0.4221571981906891,
      1.0,
      0.46283361315727234,
      0.5100662708282471
    ],
    [
      0.39900317788124084,
      0.38252171874046326,
      0.31454965472221375,
      0.37175771594047546,
      0.30641552805900574,
      0.3335528075695038,
      0.3205108046531677,
      0.30636999011039734,
      0.3279021382331848,
      0.2130414992570877,
      0.29292747378349304,
      0.25673139095306396,
      0.32628196477890015,
      0.46283361315727234,
      1.0,
      0.4199645221233368
    ],
    [
      0.37641283869743347,
      0.37212562561035156,
      0.30703818798065186,
      0.3417147696018219,
      0.28190523386001587,
      0.355716735124588,
      0.33237773180007935,
      0.322315514087677,
      0.3309793174266815,
      0.25528910756111145,
      0.31497135758399963,
      0.2202431559562683,
      0.4370877742767334,
      0.5100662708282471,
      0.4199645221233368,
      1.0
    ]
  ]
}