{
  "game_number": 185,
  "words": [
    "GOING",
    "ONCE",
    "SOLD",
    "TWICE",
    "POUND",
    "REAL",
    "SOL",
    "YUAN",
    "BUTTER",
    "DIVA",
    "SOLO",
    "WORLD",
    "DRAGON",
    "GIANT",
    "PIXIE",
    "TROLL"
  ],
  "adjacency_matrix": [
    [
      1.0,
      0.49317067861557007,
      0.42868170142173767,
      0.44107678532600403,
      0.32526734471321106,
      0.4909678101539612,
      0.21406425535678864,
      0.15547943115234375,
      0.2868956923484802,
      0.27282285690307617,
      0.3742679953575134,
      0.39434367418289185,
      0.31563279032707214,
      0.31046369671821594,
      0.20402975380420685,
      0.35534223914146423
    ],
    [
      0.49317067861557007,
      1.0,
      0.459209680557251,
      0.7284294962882996,
      0.3262150287628174,
      0.40934449434280396,
      0.20236676931381226,
      0.11112049221992493,
      0.2446870058774948,
      0.2640743553638458,
      0.30182015895843506,
      0.4222581386566162,
      0.3053704798221588,
      0.2898753583431244,
      0.22552336752414703,
      0.3209192454814911
    ],
    [
      0.42868170142173767,
      0.459209680557251,
      1.0,
      0.4164678156375885,
      0.39742928743362427,
      0.35584157705307007,
      0.20924457907676697,
      0.1632283627986908,
      0.2966279089450836,
      0.213581383228302,
      0.26408517360687256,
      0.2902992367744446,
      0.2519640624523163,
      0.30830779671669006,
      0.15596623718738556,
      0.2255292683839798
    ],
    [
      0.44107678532600403,
      0.7284294962882996,
      0.4164678156375885,
      1.0,
      0.33194953203201294,
      0.27194643020629883,
      0.16774600744247437,
      0.10771045833826065,
      0.2183782011270523,
      0.16769129037857056,
      0.29997575283050537,
      0.24367032945156097,
      0.24641110002994537,
      0.21218536794185638,
      0.17060157656669617,
      0.21298900246620178
    ],
    [
      0.32526734471321106,
      0.3262150287628174,
      0.39742928743362427,
      0.33194953203201294,
      1.0,
      0.3331512212753296,
      0.27420881390571594,
      0.43834665417671204,
      0.3974621593952179,
      0.189622700214386,
      0.3010416626930237,
      0.2936399579048157,
      0.3050432801246643,
      0.3161751925945282,
      0.21802444756031036,
      0.2635197639465332
    ],
    [
      0.4909678101539612,
      0.40934449434280396,
      0.35584157705307007,
      0.27194643020629883,
      0.3331512212753296,
      0.9999998807907104,
      0.2809215784072876,
      0.15613724291324615,
      0.31471869349479675,
      0.37804657220840454,
      0.3486648201942444,
      0.5478113889694214,
      0.4018370807170868,
      0.4624427556991577,
      0.33006221055984497,
      0.4145403504371643
    ],
    [
      0.21406425535678864,
      0.20236676931381226,
      0.20924457907676697,
      0.16774600744247437,
      0.27420881390571594,
      0.2809215784072876,
      1.0,
      0.2430848926305771,
      0.17349925637245178,
      0.31039321422576904,
      0.32215452194213867,
      0.2458236664533615,
      0.1830718070268631,
      0.20522114634513855,
      0.23609162867069244,
      0.21179823577404022
    ],
    [
      0.15547943115234375,
      0.11112049221992493,
      0.1632283627986908,
      0.10771045833826065,
      0.43834665417671204,
      0.15613724291324615,
      0.2430848926305771,
      1.0,
      0.18425413966178894,
      0.08348903805017471,
      0.20250917971134186,
      0.18641579151153564,
      0.2292885035276413,
      0.13110144436359406,
      0.11467338353395462,
      0.12204020470380783
    ],
    [
      0.2868956923484802,
      0.2446870058774948,
      0.2966279089450836,
      0.2183782011270523,
      0.3974621593952179,
      0.31471869349479675,
      0.17349925637245178,
      0.18425413966178894,
      1.0,
      0.23089878261089325,
      0.20194758474826813,
      0.31393033266067505,
      0.3060706853866577,
      0.3147454857826233,
      0.3112473487854004,
      0.3285420536994934
    ],
    [
      0.27282285690307617,
      0.2640743553638458,
      0.213581383228302,
      0.16769129037857056,
      0.189622700214386,
      0.37804657220840454,
      0.31039321422576904,
      0.08348903805017471,
      0.23089878261089325,
      1.0,
      0.40515828132629395,
      0.34969601035118103,
      0.3476859927177429,
      0.41610410809516907,
      0.44130679965019226,
      0.4194437265396118
    ],
    [
      0.3742679953575134,
      0.30182015895843506,
      0.26408517360687256,
      0.29997575283050537,
      0.3010416626930237,
      0.3486648201942444,
      0.32215452194213867,
      0.20250917971134186,
      0.20194758474826813,
      0.40515828132629395,
      1.0,
      0.35180824995040894,
      0.34810876846313477,
      0.3436809480190277,
      0.22564326226711273,
      0.3347392678260803
    ],
    [
      0.39434367418289185,
      0.4222581386566162,
      0.2902992367744446,
      0.24367032945156097,
      0.2936399579048157,
      0.5478113889694214,
      0.2458236664533615,
      0.18641579151153564,
      0.31393033266067505,
      0.34969601035118103,
      0.35180824995040894,
      0.9999999403953552,
      0.3838900923728943,
      0.44808903336524963,
      0.29738080501556396,
      0.36389288306236267
    ],
    [
      0.31563279032707214,
      0.3053704798221588,
      0.2519640624523163,
      0.24641110002994537,
      0.3050432801246643,
      0.4018370807170868,
      0.1830718070268631,
      0.2292885035276413,
      0.3060706853866577,
      0.3476859927177429,
      0.34810876846313477,
      0.3838900923728943,
      1.0,
      0.5617756843566895,
      0.4923825263977051,
      0.4860133230686188
    ],
    [
      0.31046369671821594,
      0.2898753583431244,
      0.30830779671669006,
      0.21218536794185638,
      0.3161751925945282,
      0.4624427556991577,
      0.20522114634513855,
      0.13110144436359406,
      0.3147454857826233,
      0.41610410809516907,
      0.3436809480190277,
      0.44808903336524963,
      0.5617756843566895,
      1.0,
      0.41036877036094666,
      0.47902989387512207
    ],
    [
      0.20402975380420685,
      0.22552336752414703,
      0.15596623718738556,
      0.17060157656669617,
      0.21802444756031036,
      0.33006221055984497,
      0.23609162867069244,
      0.11467338353395462,
      0.3112473487854004,
      0.44130679965019226,
      0.22564326226711273,
      0.29738080501556396,
      0.4923825263977051,
      0.41036877036094666,
      1.0,
      0.39239850640296936
    ],
    [
      0.35534223914146423,
      0.3209192454814911,
      0.2255292683839798,
      0.21298900246620178,
      0.2635197639465332,
      0.4145403504371643,
      0.21179823577404022,
      0.12204020470380783,
      0.3285420536994934,
      0.4194437265396118,
      0.3347392678260803,
      0.36389288306236267,
      0.4860133230686188,
      0.47902989387512207,
      0.39239850640296936,
      1.0
    ]
  ]
}