{
  "game_number": 273,
  "words": [
    "FUNCTION",
    "OPERATE",
    "RUN",
    "WORK",
    "EDGE",
    "OFFICE",
    "TEAMS",
    "WINDOWS",
    "BLONDE",
    "JOBS",
    "MILK",
    "VICE",
    "ABSENT",
    "ELSEWHERE",
    "GONE",
    "MIA"
  ],
  "adjacency_matrix": [
    [
      0.9999999403953552,
      0.5176550149917603,
      0.4641059637069702,
      0.5565011501312256,
      0.3933742046356201,
      0.4572458565235138,
      0.31710848212242126,
      0.3890840411186218,
      0.1927439272403717,
      0.3954976499080658,
      0.28454774618148804,
      0.31411266326904297,
      0.35742807388305664,
      0.29020851850509644,
      0.35007020831108093,
      0.028393279761075974
    ],
    [
      0.5176550149917603,
      1.0,
      0.6607388257980347,
      0.5153456926345825,
      0.2952323853969574,
      0.43705764412879944,
      0.42875537276268005,
      0.3897101879119873,
      0.10522796958684921,
      0.39740443229675293,
      0.2736169695854187,
      0.18715962767601013,
      0.3691602051258087,
      0.4126010835170746,
      0.36979785561561584,
      0.033578675240278244
    ],
    [
      0.4641059637069702,
      0.6607388257980347,
      1.0,
      0.5489410161972046,
      0.4012296497821808,
      0.5032604932785034,
      0.4195888042449951,
      0.4125322699546814,
      0.17302705347537994,
      0.4160580039024353,
      0.2943684458732605,
      0.2813899517059326,
      0.37980812788009644,
      0.35548102855682373,
      0.5576302409172058,
      0.06461773812770844
    ],
    [
      0.5565011501312256,
      0.5153456926345825,
      0.5489410161972046,
      1.0000001192092896,
      0.37188392877578735,
      0.5177657008171082,
      0.4552795886993408,
      0.36776769161224365,
      0.15887418389320374,
      0.5685656070709229,
      0.30877360701560974,
      0.2681461572647095,
      0.4087597131729126,
      0.46700048446655273,
      0.48326408863067627,
      0.06860599666833878
    ],
    [
      0.3933742046356201,
      0.2952323853969574,
      0.4012296497821808,
      0.37188392877578735,
      0.9999999403953552,
      0.3717399537563324,
      0.2934793531894684,
      0.3719470202922821,
      0.27007392048835754,
      0.3714841902256012,
      0.24971075356006622,
      0.23467230796813965,
      0.31851860880851746,
      0.2992340922355652,
      0.38865649700164795,
      0.05603191629052162
    ],
    [
      0.4572458565235138,
      0.43705764412879944,
      0.5032604932785034,
      0.5177657008171082,
      0.3717399537563324,
      1.0,
      0.3748749792575836,
      0.4311821460723877,
      0.18710188567638397,
      0.45133888721466064,
      0.28353452682495117,
      0.4478669762611389,
      0.36881527304649353,
      0.411338210105896,
      0.38963237404823303,
      0.04602515697479248
    ],
    [
      0.31710848212242126,
      0.42875537276268005,
      0.4195888042449951,
      0.4552795886993408,
      0.2934793531894684,
      0.3748749792575836,
      1.0,
      0.37974369525909424,
      0.16823731362819672,
      0.410604327917099,
      0.22579680383205414,
      0.22547809779644012,
      0.29141929745674133,
      0.36160123348236084,
      0.3524877429008484,
      0.035695284605026245
    ],
    [
      0.3890840411186218,
      0.3897101879119873,
      0.4125322699546814,
      0.36776769161224365,
      0.3719470202922821,
      0.4311821460723877,
      0.37974369525909424,
      0.9999999403953552,
      0.26319196820259094,
      0.3658677935600281,
      0.29865211248397827,
      0.2054702788591385,
      0.24453318119049072,
      0.26246896386146545,
      0.3160859942436218,
      0.10734023153781891
    ],
    [
      0.1927439272403717,
      0.10522796958684921,
      0.17302705347537994,
      0.15887418389320374,
      0.27007392048835754,
      0.18710188567638397,
      0.16823731362819672,
      0.26319196820259094,
      1.0,
      0.23538976907730103,
      0.2995409667491913,
      0.22664211690425873,
      0.25814327597618103,
      0.1453731209039688,
      0.2629317343235016,
      0.26835915446281433
    ],
    [
      0.3954976499080658,
      0.39740443229675293,
      0.4160580039024353,
      0.5685656070709229,
      0.3714841902256012,
      0.45133888721466064,
      0.410604327917099,
      0.3658677935600281,
      0.23538976907730103,
      0.9999999403953552,
      0.27642714977264404,
      0.21619735658168793,
      0.25603237748146057,
      0.3989088237285614,
      0.34028899669647217,
      0.02205364592373371
    ],
    [
      0.28454774618148804,
      0.2736169695854187,
      0.2943684458732605,
      0.30877360701560974,
      0.24971075356006622,
      0.28353452682495117,
      0.22579680383205414,
      0.29865211248397827,
      0.2995409667491913,
      0.27642714977264404,
      1.0,
      0.16165436804294586,
      0.24603895843029022,
      0.21091647446155548,
      0.26299911737442017,
      0.2586732804775238
    ],
    [
      0.31411266326904297,
      0.18715962767601013,
      0.2813899517059326,
      0.2681461572647095,
      0.23467230796813965,
      0.4478669762611389,
      0.22547809779644012,
      0.2054702788591385,
      0.22664211690425873,
      0.21619735658168793,
      0.16165436804294586,
      1.0,
      0.2353193163871765,
      0.19616927206516266,
      0.20195025205612183,
      0.07513894885778427
    ],
    [
      0.35742807388305664,
      0.3691602051258087,
      0.37980812788009644,
      0.4087597131729126,
      0.31851860880851746,
      0.36881527304649353,
      0.29141929745674133,
      0.24453318119049072,
      0.25814327597618103,
      0.25603237748146057,
      0.24603895843029022,
      0.2353193163871765,
      0.9999999403953552,
      0.44500601291656494,
      0.5697968602180481,
      0.10243920236825943
    ],
    [
      0.29020851850509644,
      0.4126010835170746,
      0.35548102855682373,
      0.46700048446655273,
      0.2992340922355652,
      0.411338210105896,
      0.36160123348236084,
      0.26246896386146545,
      0.1453731209039688,
      0.3989088237285614,
      0.21091647446155548,
      0.19616927206516266,
      0.44500601291656494,
      1.0000001192092896,
      0.4788164794445038,
      0.053619980812072754
    ],
    [
      0.35007020831108093,
      0.36979785561561584,
      0.5576302409172058,
      0.48326408863067627,
      0.38865649700164795,
      0.38963237404823303,
      0.3524877429008484,
      0.3160859942436218,
      0.2629317343235016,
      0.34028899669647217,
      0.26299911737442017,
      0.20195025205612183,
      0.5697968602180481,
      0.4788164794445038,
      1.0,
      0.14063578844070435
    ],
    [
      0.028393279761075974,
      0.033578675240278244,
      0.06461773812770844,
      0.06860599666833878,
      0.05603191629052162,
      0.04602515697479248,
      0.035695284605026245,
      0.10734023153781891,
      0.26835915446281433,
      0.02205364592373371,
      0.2586732804775238,
      0.07513894885778427,
      0.10243920236825943,
      0.053619980812072754,
      0.14063578844070435,
      1.0
    ]
  ]
}