{"game_number":28,"words":["ATOM","CELL","MOLECULE","PROTEIN","BOTTLE","CRIB","MOBILE","RATTLE","JUG","SAW","SPOONS","WASHBOARD","DOG","FREEZE","PHONE","PRICE"],"adjacency_matrix":[[0.9999999403953552,0.3947194516658783,0.6564409136772156,0.3969847559928894,0.3654226064682007,0.2307494580745697,0.2939945459365845,0.27888524532318115,0.21716146171092987,0.16215364634990692,0.2321120798587799,0.19447290897369385,0.3207310438156128,0.23881298303604126,0.26824310421943665,0.29033949971199036],[0.3947194516658783,1.0,0.5193381905555725,0.480522096157074,0.3956673741340637,0.37792786955833435,0.487171471118927,0.3208387494087219,0.22245152294635773,0.17465327680110931,0.22011220455169678,0.2812187671661377,0.3527813255786896,0.358849436044693,0.6211643815040588,0.30403727293014526],[0.6564409136772156,0.5193381905555725,1.0000001192092896,0.6555829644203186,0.4233877658843994,0.2349662333726883,0.3259425163269043,0.25096598267555237,0.2718549370765686,0.16167539358139038,0.20413027703762054,0.2692911624908447,0.3626197278499603,0.23532453179359436,0.26893970370292664,0.31943607330322266],[0.3969847559928894,0.480522096157074,0.6555829644203186,1.0,0.2819156050682068,0.2689110338687897,0.3534909188747406,0.20645242929458618,0.24581128358840942,0.15355102717876434,0.2697598934173584,0.2719570994377136,0.322944700717926,0.27526453137397766,0.24522928893566132,0.3681046962738037],[0.3654226064682007,0.3956673741340637,0.4233877658843994,0.2819156050682068,1.0,0.38429179787635803,0.28881001472473145,0.42484578490257263,0.6411280632019043,0.23918533325195312,0.45634159445762634,0.35632574558258057,0.3621028661727905,0.3890742063522339,0.3894215226173401,0.42542386054992676],[0.2307494580745697,0.37792786955833435,0.2349662333726883,0.2689110338687897,0.38429179787635803,1.0,0.34113264083862305,0.3860863447189331,0.2729412615299225,0.26484566926956177,0.24820037186145782,0.32823485136032104,0.33280786871910095,0.26229849457740784,0.3679298758506775,0.22882011532783508],[0.2939945459365845,0.487171471118927,0.3259425163269043,0.3534909188747406,0.28881001472473145,0.34113264083862305,1.0,0.28058499097824097,0.1644534319639206,0.2387605756521225,0.20521672070026398,0.30783697962760925,0.3804633319377899,0.2979263365268707,0.5885048508644104,0.30583834648132324],[0.27888524532318115,0.3208387494087219,0.25096598267555237,0.20645242929458618,0.42484578490257263,0.3860863447189331,0.28058499097824097,1.0,0.32434794306755066,0.28841570019721985,0.3879832625389099,0.32398954033851624,0.3881240785121918,0.37172815203666687,0.35045257210731506,0.3616732060909271],[0.21716146171092987,0.22245152294635773,0.2718549370765686,0.24581128358840942,0.6411280632019043,0.2729412615299225,0.1644534319639206,0.32434794306755066,1.0,0.10308671742677689,0.48732665181159973,0.37748077511787415,0.25707608461380005,0.22248053550720215,0.21201123297214508,0.2409256547689438],[0.16215364634990692,0.17465327680110931,0.16167539358139038,0.15355102717876434,0.23918533325195312,0.26484566926956177,0.2387605756521225,0.28841570019721985,0.10308671742677689,1.0,0.2141036093235016,0.2868048846721649,0.2512897253036499,0.32273513078689575,0.2732411324977875,0.2555743157863617],[0.2321120798587799,0.22011220455169678,0.20413027703762054,0.2697598934173584,0.45634159445762634,0.24820037186145782,0.20521672070026398,0.3879832625389099,0.48732665181159973,0.2141036093235016,1.0,0.43335506319999695,0.2964686453342438,0.25607436895370483,0.2196185141801834,0.2528025209903717],[0.19447290897369385,0.2812187671661377,0.2692911624908447,0.2719570994377136,0.35632574558258057,0.32823485136032104,0.30783697962760925,0.32398954033851624,0.37748077511787415,0.2868048846721649,0.43335506319999695,1.0,0.27118006348609924,0.23943564295768738,0.3000392019748688,0.21420489251613617],[0.3207310438156128,0.3527813255786896,0.3626197278499603,0.322944700717926,0.3621028661727905,0.33280786871910095,0.3804633319377899,0.3881240785121918,0.25707608461380005,0.2512897253036499,0.2964686453342438,0.27118006348609924,1.0,0.29148897528648376,0.36137664318084717,0.3124379813671112],[0.23881298303604126,0.358849436044693,0.23532453179359436,0.27526453137397766,0.3890742063522339,0.26229849457740784,0.2979263365268707,0.37172815203666687,0.22248053550720215,0.32273513078689575,0.25607436895370483,0.23943564295768738,0.29148897528648376,1.0,0.3811434507369995,0.4143587350845337],[0.26824310421943665,0.6211643815040588,0.26893970370292664,0.24522928893566132,0.3894215226173401,0.3679298758506775,0.5885048508644104,0.35045257210731506,0.21201123297214508,0.2732411324977875,0.2196185141801834,0.3000392019748688,0.36137664318084717,0.3811434507369995,1.0,0.373813658952713],[0.29033949971199036,0.30403727293014526,0.31943607330322266,0.3681046962738037,0.42542386054992676,0.22882011532783508,0.30583834648132324,0.3616732060909271,0.2409256547689438,0.2555743157863617,0.2528025209903717,0.21420489251613617,0.3124379813671112,0.4143587350845337,0.373813658952713,1.0]]}