{"game_number":11,"words":["CLAY","PAPYRUS","PARCHMENT","WAX","ANCHOR","HOST","MODERATE","PRESENT","FACULTY","FLAIR","INSTINCT","TALENT","BURRITO","GIFT","MUMMY","SPRAIN"],"adjacency_matrix":[[1.0,0.3770672082901001,0.421964168548584,0.4634249806404114,0.30325743556022644,0.3098883330821991,0.2867638170719147,0.3087528944015503,0.18447373807430267,0.27061620354652405,0.25921380519866943,0.3125813603401184,0.2304578721523285,0.30041664838790894,0.4237836003303528,0.2622827887535095],[0.3770672082901001,1.0,0.6018533110618591,0.35710427165031433,0.27356085181236267,0.24288193881511688,0.16013029217720032,0.2568618357181549,0.22345690429210663,0.17468266189098358,0.1269347220659256,0.21799741685390472,0.17264263331890106,0.3105321228504181,0.47110486030578613,0.12389102578163147],[0.421964168548584,0.6018533110618591,1.0,0.43858635425567627,0.24367763102054596,0.22920465469360352,0.2324136346578598,0.28870299458503723,0.2594124674797058,0.216053307056427,0.18777590990066528,0.2323608547449112,0.24835485219955444,0.3705097436904907,0.3742924630641937,0.17594347894191742],[0.4634249806404114,0.35710427165031433,0.43858635425567627,1.0,0.15622802078723907,0.20589156448841095,0.19123981893062592,0.22340811789035797,0.0709436684846878,0.24712340533733368,0.20748834311962128,0.2587771713733673,0.1936952769756317,0.3278971314430237,0.44141843914985657,0.19025711715221405],[0.30325743556022644,0.27356085181236267,0.24367763102054596,0.15622802078723907,1.0,0.525903582572937,0.3009500503540039,0.40211743116378784,0.32608115673065186,0.32991525530815125,0.2561551332473755,0.30440759658813477,0.2532801330089569,0.28557971119880676,0.26494064927101135,0.12692339718341827],[0.3098883330821991,0.24288193881511688,0.22920465469360352,0.20589156448841095,0.525903582572937,1.0,0.4123537838459015,0.5468431711196899,0.38448676466941833,0.2666471302509308,0.27338433265686035,0.3749774396419525,0.31040024757385254,0.34458956122398376,0.3013342618942261,0.10098052769899368],[0.2867638170719147,0.16013029217720032,0.2324136346578598,0.19123981893062592,0.3009500503540039,0.4123537838459015,1.0,0.4561837315559387,0.33959105610847473,0.39161568880081177,0.323645681142807,0.34885331988334656,0.19295798242092133,0.28239986300468445,0.2482258677482605,0.30465081334114075],[0.3087528944015503,0.2568618357181549,0.28870299458503723,0.22340811789035797,0.40211743116378784,0.5468431711196899,0.4561837315559387,0.9999999403953552,0.35832610726356506,0.2810843586921692,0.3606482744216919,0.3442016541957855,0.2450198382139206,0.4217526912689209,0.30002570152282715,0.12469502538442612],[0.18447373807430267,0.22345690429210663,0.2594124674797058,0.0709436684846878,0.32608115673065186,0.38448676466941833,0.33959105610847473,0.35832610726356506,1.0,0.24095726013183594,0.2717435956001282,0.35151591897010803,0.1754608154296875,0.3102133870124817,0.17214637994766235,0.0885738730430603],[0.27061620354652405,0.17468266189098358,0.216053307056427,0.24712340533733368,0.32991525530815125,0.2666471302509308,0.39161568880081177,0.2810843586921692,0.24095726013183594,1.0,0.47520023584365845,0.6467673778533936,0.273610383272171,0.40275272727012634,0.24749968945980072,0.18552426993846893],[0.25921380519866943,0.1269347220659256,0.18777590990066528,0.20748834311962128,0.2561551332473755,0.27338433265686035,0.323645681142807,0.3606482744216919,0.2717435956001282,0.47520023584365845,1.0,0.48630020022392273,0.15587098896503448,0.3896985352039337,0.29283231496810913,0.1823350191116333],[0.3125813603401184,0.21799741685390472,0.2323608547449112,0.2587771713733673,0.30440759658813477,0.3749774396419525,0.34885331988334656,0.3442016541957855,0.35151591897010803,0.6467673778533936,0.48630020022392273,1.0,0.1635298877954483,0.5025705099105835,0.2519863247871399,0.17219096422195435],[0.2304578721523285,0.17264263331890106,0.24835485219955444,0.1936952769756317,0.2532801330089569,0.31040024757385254,0.19295798242092133,0.2450198382139206,0.1754608154296875,0.273610383272171,0.15587098896503448,0.1635298877954483,1.0,0.30700844526290894,0.2567577064037323,0.11636903882026672],[0.30041664838790894,0.3105321228504181,0.3705097436904907,0.3278971314430237,0.28557971119880676,0.34458956122398376,0.28239986300468445,0.4217526912689209,0.3102133870124817,0.40275272727012634,0.3896985352039337,0.5025705099105835,0.30700844526290894,0.9999999403953552,0.3445754051208496,0.1820681244134903],[0.4237836003303528,0.47110486030578613,0.3742924630641937,0.44141843914985657,0.26494064927101135,0.3013342618942261,0.2482258677482605,0.30002570152282715,0.17214637994766235,0.24749968945980072,0.29283231496810913,0.2519863247871399,0.2567577064037323,0.3445754051208496,1.0,0.24375151097774506],[0.2622827887535095,0.12389102578163147,0.17594347894191742,0.19025711715221405,0.12692339718341827,0.10098052769899368,0.30465081334114075,0.12469502538442612,0.0885738730430603,0.18552426993846893,0.1823350191116333,0.17219096422195435,0.11636903882026672,0.1820681244134903,0.24375151097774506,1.0]]}