{"game_number":208,"words":["ALLEY","DRIVE","LANE","STREET","FOLIO","LEAF","PAGE","SHEET","CHECK","CURB","LIMIT","STEM","BLOW","HOLD","PICK","THUMB"],"adjacency_matrix":[[1.0,0.391033798456192,0.5623908042907715,0.6623042225837708,0.23515526950359344,0.32622087001800537,0.2615892291069031,0.2899307906627655,0.279579758644104,0.4423477351665497,0.26275572180747986,0.2783157527446747,0.3053620755672455,0.2839035093784332,0.33791378140449524,0.2430020421743393],[0.391033798456192,1.0,0.4609905481338501,0.47037801146507263,0.1790214627981186,0.33440762758255005,0.3733457326889038,0.3137457072734833,0.48517370223999023,0.5429641008377075,0.49884483218193054,0.44958099722862244,0.46769675612449646,0.5342050790786743,0.4545592963695526,0.36176303029060364],[0.5623908042907715,0.4609905481338501,1.0,0.5836187601089478,0.2621384263038635,0.3674069344997406,0.2897316515445709,0.3278579115867615,0.2781027555465698,0.4159598648548126,0.32674673199653625,0.28112342953681946,0.2363351583480835,0.2573285698890686,0.3443346321582794,0.27018484473228455],[0.6623042225837708,0.47037801146507263,0.5836187601089478,1.0,0.22502291202545166,0.3752170503139496,0.3957163989543915,0.3463694751262665,0.32458919286727905,0.5318652391433716,0.31611549854278564,0.37303805351257324,0.31166887283325195,0.3445892333984375,0.3699941039085388,0.24243520200252533],[0.23515526950359344,0.1790214627981186,0.2621384263038635,0.22502291202545166,1.0,0.4465689957141876,0.3105459213256836,0.48166900873184204,0.21638323366641998,0.16305866837501526,0.19248934090137482,0.20972925424575806,0.13494086265563965,0.2073354572057724,0.19418001174926758,0.25819000601768494],[0.32622087001800537,0.33440762758255005,0.3674069344997406,0.3752170503139496,0.4465689957141876,1.0,0.3330031633377075,0.4302762448787689,0.2646137475967407,0.40197572112083435,0.31719908118247986,0.5783247351646423,0.40388575196266174,0.3549652695655823,0.3738146126270294,0.3490029275417328],[0.2615892291069031,0.3733457326889038,0.2897316515445709,0.3957163989543915,0.3105459213256836,0.3330031633377075,1.0,0.43289870023727417,0.47247058153152466,0.29469984769821167,0.3870682120323181,0.3448476791381836,0.2649826109409332,0.35419341921806335,0.26204338669776917,0.33042600750923157],[0.2899307906627655,0.3137457072734833,0.3278579115867615,0.3463694751262665,0.48166900873184204,0.4302762448787689,0.43289870023727417,1.0000001192092896,0.4417368471622467,0.28538691997528076,0.31325286626815796,0.3549160361289978,0.2966077923774719,0.3284677565097809,0.3254029452800751,0.36583730578422546],[0.279579758644104,0.48517370223999023,0.2781027555465698,0.32458919286727905,0.21638323366641998,0.2646137475967407,0.47247058153152466,0.4417368471622467,1.0,0.4030812084674835,0.4589514136314392,0.29018545150756836,0.4002307057380676,0.4843326807022095,0.5010820031166077,0.3797355890274048],[0.4423477351665497,0.5429641008377075,0.4159598648548126,0.5318652391433716,0.16305866837501526,0.40197572112083435,0.29469984769821167,0.28538691997528076,0.4030812084674835,1.0,0.5784186124801636,0.5585645437240601,0.42692697048187256,0.4248802661895752,0.35472941398620605,0.30366945266723633],[0.26275572180747986,0.49884483218193054,0.32674673199653625,0.31611549854278564,0.19248934090137482,0.31719908118247986,0.3870682120323181,0.31325286626815796,0.4589514136314392,0.5784186124801636,0.9999999403953552,0.4265292286872864,0.38947421312332153,0.480890154838562,0.3395638167858124,0.40631169080734253],[0.2783157527446747,0.44958099722862244,0.28112342953681946,0.37303805351257324,0.20972925424575806,0.5783247351646423,0.3448476791381836,0.3549160361289978,0.29018545150756836,0.5585645437240601,0.4265292286872864,1.0,0.4531455338001251,0.43595507740974426,0.3533436059951782,0.2995348870754242],[0.3053620755672455,0.46769675612449646,0.2363351583480835,0.31166887283325195,0.13494086265563965,0.40388575196266174,0.2649826109409332,0.2966077923774719,0.4002307057380676,0.42692697048187256,0.38947421312332153,0.4531455338001251,1.0,0.47397905588150024,0.461246132850647,0.38415268063545227],[0.2839035093784332,0.5342050790786743,0.2573285698890686,0.3445892333984375,0.2073354572057724,0.3549652695655823,0.35419341921806335,0.3284677565097809,0.4843326807022095,0.4248802661895752,0.480890154838562,0.43595507740974426,0.47397905588150024,1.0,0.48648127913475037,0.40281665325164795],[0.33791378140449524,0.4545592963695526,0.3443346321582794,0.3699941039085388,0.19418001174926758,0.3738146126270294,0.26204338669776917,0.3254029452800751,0.5010820031166077,0.35472941398620605,0.3395638167858124,0.3533436059951782,0.461246132850647,0.48648127913475037,0.9999998807907104,0.3591713607311249],[0.2430020421743393,0.36176303029060364,0.27018484473228455,0.24243520200252533,0.25819000601768494,0.3490029275417328,0.33042600750923157,0.36583730578422546,0.3797355890274048,0.30366945266723633,0.40631169080734253,0.2995348870754242,0.38415268063545227,0.40281665325164795,0.3591713607311249,0.9999999403953552]]}