{
  "game_number": 62,
  "words": [
    "HOLD",
    "LAST",
    "STAND",
    "STAY",
    "BEAR",
    "BULL",
    "DOVE",
    "HAWK",
    "BORN",
    "EDUCATION",
    "OCCUPATION",
    "SPOUSE",
    "BRED",
    "CACHE",
    "DOE",
    "LUTE"
  ],
  "adjacency_matrix": [
    [
      1.0,
      0.5065423250198364,
      0.6464596390724182,
      0.5591095089912415,
      0.5288260579109192,
      0.3620162606239319,
      0.32489535212516785,
      0.27206769585609436,
      0.3079387843608856,
      0.34168389439582825,
      0.29091861844062805,
      0.2806728780269623,
      0.3398986756801605,
      0.26950106024742126,
      0.24423202872276306,
      0.20851069688796997
    ],
    [
      0.5065423250198364,
      1.0,
      0.5094593167304993,
      0.53206467628479,
      0.3718212842941284,
      0.3703036904335022,
      0.28761765360832214,
      0.20113526284694672,
      0.3622855842113495,
      0.3028135895729065,
      0.36574646830558777,
      0.31324419379234314,
      0.3164520263671875,
      0.24593813717365265,
      0.15510162711143494,
      0.16248677670955658
    ],
    [
      0.6464596390724182,
      0.5094593167304993,
      1.0,
      0.5960765480995178,
      0.550673246383667,
      0.3987538814544678,
      0.3396804630756378,
      0.3543100655078888,
      0.2882704436779022,
      0.29858580231666565,
      0.29781270027160645,
      0.3270297944545746,
      0.3231445848941803,
      0.1906895488500595,
      0.2808120846748352,
      0.15668228268623352
    ],
    [
      0.5591095089912415,
      0.53206467628479,
      0.5960765480995178,
      1.0,
      0.44869500398635864,
      0.2703508138656616,
      0.27164286375045776,
      0.23522433638572693,
      0.3204077184200287,
      0.38513320684432983,
      0.3145011365413666,
      0.342025488615036,
      0.287670373916626,
      0.24728167057037354,
      0.2221456617116928,
      0.11385917663574219
    ],
    [
      0.5288260579109192,
      0.3718212842941284,
      0.550673246383667,
      0.44869500398635864,
      0.9999999403953552,
      0.49946656823158264,
      0.3490670919418335,
      0.3134796917438507,
      0.2870016396045685,
      0.26918452978134155,
      0.18295741081237793,
      0.34920966625213623,
      0.3310113549232483,
      0.23074011504650116,
      0.3344281315803528,
      0.179679274559021
    ],
    [
      0.3620162606239319,
      0.3703036904335022,
      0.3987538814544678,
      0.2703508138656616,
      0.49946656823158264,
      1.0,
      0.42036062479019165,
      0.41189974546432495,
      0.29140353202819824,
      0.26173073053359985,
      0.23262955248355865,
      0.22408922016620636,
      0.3922147750854492,
      0.30305054783821106,
      0.30254414677619934,
      0.2754351496696472
    ],
    [
      0.32489535212516785,
      0.28761765360832214,
      0.3396804630756378,
      0.27164286375045776,
      0.3490670919418335,
      0.42036062479019165,
      1.0,
      0.6334973573684692,
      0.25803977251052856,
      0.19455204904079437,
      0.18996424973011017,
      0.26436832547187805,
      0.26165926456451416,
      0.24951618909835815,
      0.23236334323883057,
      0.3003014624118805
    ],
    [
      0.27206769585609436,
      0.20113526284694672,
      0.3543100655078888,
      0.23522433638572693,
      0.3134796917438507,
      0.41189974546432495,
      0.6334973573684692,
      1.0,
      0.23801079392433167,
      0.22128964960575104,
      0.2484607696533203,
      0.2108001708984375,
      0.2872319221496582,
      0.2781361937522888,
      0.26340028643608093,
      0.260143518447876
    ],
    [
      0.3079387843608856,
      0.3622855842113495,
      0.2882704436779022,
      0.3204077184200287,
      0.2870016396045685,
      0.29140353202819824,
      0.25803977251052856,
      0.23801079392433167,
      1.0,
      0.2924930453300476,
      0.3241366744041443,
      0.3204194903373718,
      0.6195866465568542,
      0.09109686315059662,
      0.19645237922668457,
      0.1703610122203827
    ],
    [
      0.34168389439582825,
      0.3028135895729065,
      0.29858580231666565,
      0.38513320684432983,
      0.26918452978134155,
      0.26173073053359985,
      0.19455204904079437,
      0.22128964960575104,
      0.2924930453300476,
      1.0,
      0.5054106712341309,
      0.34170541167259216,
      0.29918554425239563,
      0.2593832015991211,
      0.06769514083862305,
      0.18452337384223938
    ],
    [
      0.29091861844062805,
      0.36574646830558777,
      0.29781270027160645,
      0.3145011365413666,
      0.18295741081237793,
      0.23262955248355865,
      0.18996424973011017,
      0.2484607696533203,
      0.3241366744041443,
      0.5054106712341309,
      1.0,
      0.41283732652664185,
      0.24875055253505707,
      0.20668648183345795,
      0.07098472118377686,
      0.19083943963050842
    ],
    [
      0.2806728780269623,
      0.31324419379234314,
      0.3270297944545746,
      0.342025488615036,
      0.34920966625213623,
      0.22408922016620636,
      0.26436832547187805,
      0.2108001708984375,
      0.3204194903373718,
      0.34170541167259216,
      0.41283732652664185,
      1.0,
      0.19108876585960388,
      0.18766357004642487,
      0.1395982801914215,
      0.17355667054653168
    ],
    [
      0.3398986756801605,
      0.3164520263671875,
      0.3231445848941803,
      0.287670373916626,
      0.3310113549232483,
      0.3922147750854492,
      0.26165926456451416,
      0.2872319221496582,
      0.6195866465568542,
      0.29918554425239563,
      0.24875055253505707,
      0.19108876585960388,
      1.0,
      0.16634581983089447,
      0.23820145428180695,
      0.19264698028564453
    ],
    [
      0.26950106024742126,
      0.24593813717365265,
      0.1906895488500595,
      0.24728167057037354,
      0.23074011504650116,
      0.30305054783821106,
      0.24951618909835815,
      0.2781361937522888,
      0.09109686315059662,
      0.2593832015991211,
      0.20668648183345795,
      0.18766357004642487,
      0.16634581983089447,
      1.0,
      0.1267392635345459,
      0.16907191276550293
    ],
    [
      0.24423202872276306,
      0.15510162711143494,
      0.2808120846748352,
      0.2221456617116928,
      0.3344281315803528,
      0.30254414677619934,
      0.23236334323883057,
      0.26340028643608093,
      0.19645237922668457,
      0.06769514083862305,
      0.07098472118377686,
      0.1395982801914215,
      0.23820145428180695,
      0.1267392635345459,
      0.9999999403953552,
      0.2332686185836792
    ],
    [
      0.20851069688796997,
      0.16248677670955658,
      0.15668228268623352,
      0.11385917663574219,
      0.179679274559021,
      0.2754351496696472,
      0.3003014624118805,
      0.260143518447876,
      0.1703610122203827,
      0.18452337384223938,
      0.19083943963050842,
      0.17355667054653168,
      0.19264698028564453,
      0.16907191276550293,
      0.2332686185836792,
      1.0
    ]
  ]
}