{"game_number":23,"words":["PEN","RULER","SCISSORS","TAPE","ESSENTIAL","KEY","PRINCIPAL","STAPLE","GIVE","HAND","PASS","SEND","APPLAUSE","EXIT","RECORDING","WALK"],"adjacency_matrix":[[1.0000001192092896,0.3907214105129242,0.4755688011646271,0.4023156762123108,0.27051883935928345,0.3740825355052948,0.3374391198158264,0.3695870041847229,0.3858276307582855,0.571596622467041,0.4343631863594055,0.4115487337112427,0.21065640449523926,0.33019399642944336,0.38332539796829224,0.3696931004524231],[0.3907214105129242,1.0,0.32551109790802,0.3386274576187134,0.2748572528362274,0.34712839126586914,0.4301007390022278,0.3527926802635193,0.31752529740333557,0.4582875370979309,0.3318752944469452,0.29336199164390564,0.1611601561307907,0.24391625821590424,0.329123854637146,0.27606400847435],[0.4755688011646271,0.32551109790802,0.9999999403953552,0.394706130027771,0.28122490644454956,0.2865599989891052,0.2728669345378876,0.39040035009384155,0.29510805010795593,0.4353713095188141,0.29427066445350647,0.2486998289823532,0.14813853800296783,0.2117275446653366,0.20201516151428223,0.20742082595825195],[0.4023156762123108,0.3386274576187134,0.394706130027771,1.0000001192092896,0.2929990887641907,0.39968395233154297,0.2595425248146057,0.4206991493701935,0.3109561800956726,0.4717264771461487,0.3359129726886749,0.3877243101596832,0.2328825294971466,0.3530980348587036,0.6173326373100281,0.3142784833908081],[0.27051883935928345,0.2748572528362274,0.28122490644454956,0.2929990887641907,1.0,0.7192152738571167,0.5046271681785583,0.5064231157302856,0.4295448064804077,0.3870135545730591,0.35645294189453125,0.2970985770225525,0.2804744839668274,0.28127723932266235,0.4128444194793701,0.228474959731102],[0.3740825355052948,0.34712839126586914,0.2865599989891052,0.39968395233154297,0.7192152738571167,1.0,0.601913571357727,0.5017166137695312,0.39566129446029663,0.4812886714935303,0.36794254183769226,0.3332344591617584,0.266373872756958,0.36619189381599426,0.45425108075141907,0.2437634915113449],[0.3374391198158264,0.4301007390022278,0.2728669345378876,0.2595425248146057,0.5046271681785583,0.601913571357727,1.0000001192092896,0.46058550477027893,0.33536961674690247,0.37753596901893616,0.3195924162864685,0.29912635684013367,0.23127461969852448,0.301069974899292,0.34890154004096985,0.20789407193660736],[0.3695870041847229,0.3527926802635193,0.39040035009384155,0.4206991493701935,0.5064231157302856,0.5017166137695312,0.46058550477027893,1.0,0.30582693219184875,0.4158758521080017,0.3545716106891632,0.315696656703949,0.22777028381824493,0.2618202269077301,0.37441304326057434,0.21720552444458008],[0.3858276307582855,0.31752529740333557,0.29510805010795593,0.3109561800956726,0.4295448064804077,0.39566129446029663,0.33536961674690247,0.30582693219184875,1.0,0.5165783166885376,0.538185179233551,0.6581864356994629,0.36511653661727905,0.3071586787700653,0.32189053297042847,0.3408595025539398],[0.571596622467041,0.4582875370979309,0.4353713095188141,0.4717264771461487,0.3870135545730591,0.4812886714935303,0.37753596901893616,0.4158758521080017,0.5165783166885376,1.0,0.4872141182422638,0.4848220944404602,0.3065010607242584,0.36623623967170715,0.41257867217063904,0.47580403089523315],[0.4343631863594055,0.3318752944469452,0.29427066445350647,0.3359129726886749,0.35645294189453125,0.36794254183769226,0.3195924162864685,0.3545716106891632,0.538185179233551,0.4872141182422638,1.0,0.5533283948898315,0.3520582914352417,0.5148037075996399,0.3354056775569916,0.5026390552520752],[0.4115487337112427,0.29336199164390564,0.2486998289823532,0.3877243101596832,0.2970985770225525,0.3332344591617584,0.29912635684013367,0.315696656703949,0.6581864356994629,0.4848220944404602,0.5533283948898315,1.0,0.3195340931415558,0.34716975688934326,0.3325808346271515,0.37649157643318176],[0.21065640449523926,0.1611601561307907,0.14813853800296783,0.2328825294971466,0.2804744839668274,0.266373872756958,0.23127461969852448,0.22777028381824493,0.36511653661727905,0.3065010607242584,0.3520582914352417,0.3195340931415558,1.0,0.29804959893226624,0.2953921854496002,0.22659100592136383],[0.33019399642944336,0.24391625821590424,0.2117275446653366,0.3530980348587036,0.28127723932266235,0.36619189381599426,0.301069974899292,0.2618202269077301,0.3071586787700653,0.36623623967170715,0.5148037075996399,0.34716975688934326,0.29804959893226624,1.0,0.34063708782196045,0.42111873626708984],[0.38332539796829224,0.329123854637146,0.20201516151428223,0.6173326373100281,0.4128444194793701,0.45425108075141907,0.34890154004096985,0.37441304326057434,0.32189053297042847,0.41257867217063904,0.3354056775569916,0.3325808346271515,0.2953921854496002,0.34063708782196045,1.0,0.3011024594306946],[0.3696931004524231,0.27606400847435,0.20742082595825195,0.3142784833908081,0.228474959731102,0.2437634915113449,0.20789407193660736,0.21720552444458008,0.3408595025539398,0.47580403089523315,0.5026390552520752,0.37649157643318176,0.22659100592136383,0.42111873626708984,0.3011024594306946,1.0]]}