{"game_number":6,"words":["NEAT","NIFTY","SUPER","SWELL","ELABORATE","EXPAND","EXPLAIN","SPECIFY","FACILITY","FLAIR","GIFT","KNACK","BLOCK","COMPLEX","COMPOUND","DEVELOPMENT"],"adjacency_matrix":[[1.0,0.6033249497413635,0.4521171450614929,0.37909629940986633,0.544488251209259,0.32525742053985596,0.39632678031921387,0.3220638930797577,0.26884421706199646,0.3849848508834839,0.28298914432525635,0.40093186497688293,0.24519571661949158,0.4626620411872864,0.34213754534721375,0.2954956591129303],[0.6033249497413635,1.0,0.4228270649909973,0.24809351563453674,0.4338062107563019,0.17628847062587738,0.21210847795009613,0.19572681188583374,0.12231713533401489,0.38962703943252563,0.3221588730812073,0.47657936811447144,0.22779342532157898,0.33087146282196045,0.1967087984085083,0.208383709192276],[0.4521171450614929,0.4228270649909973,1.0,0.3755485415458679,0.3621048331260681,0.2902913987636566,0.21966420114040375,0.22975027561187744,0.34745705127716064,0.3729153573513031,0.3639035224914551,0.36995288729667664,0.3018798232078552,0.38729408383369446,0.34084630012512207,0.35657429695129395],[0.37909629940986633,0.24809351563453674,0.3755485415458679,1.0,0.34953439235687256,0.5177799463272095,0.345126211643219,0.27624231576919556,0.275445818901062,0.3613523840904236,0.3198813199996948,0.3088935613632202,0.3526744246482849,0.3210141062736511,0.3586888015270233,0.37769773602485657],[0.544488251209259,0.4338062107563019,0.3621048331260681,0.34953439235687256,0.9999999403953552,0.5242101550102234,0.6045358180999756,0.5242634415626526,0.35148876905441284,0.42984625697135925,0.3673214018344879,0.3130701184272766,0.39793768525123596,0.6006228923797607,0.38065415620803833,0.4256051480770111],[0.32525742053985596,0.17628847062587738,0.2902913987636566,0.5177799463272095,0.5242101550102234,1.0,0.49341654777526855,0.48410966992378235,0.4148139953613281,0.34088245034217834,0.3256949782371521,0.2228153496980667,0.4189835786819458,0.3465886414051056,0.3291308283805847,0.4854663908481598],[0.39632678031921387,0.21210847795009613,0.21966420114040375,0.345126211643219,0.6045358180999756,0.49341654777526855,1.0,0.650505781173706,0.282734751701355,0.2790393829345703,0.27162066102027893,0.25264352560043335,0.35877904295921326,0.3405293822288513,0.319316565990448,0.33195245265960693],[0.3220638930797577,0.19572681188583374,0.22975027561187744,0.27624231576919556,0.5242634415626526,0.48410966992378235,0.650505781173706,1.0,0.3507143557071686,0.2621113657951355,0.28517863154411316,0.14928533136844635,0.38287660479545593,0.28740194439888,0.3256739675998688,0.28424960374832153],[0.26884421706199646,0.12231713533401489,0.34745705127716064,0.275445818901062,0.35148876905441284,0.4148139953613281,0.282734751701355,0.3507143557071686,1.0,0.3485104739665985,0.3863926827907562,0.2364528328180313,0.4122698903083801,0.4965038299560547,0.49064746499061584,0.5075402855873108],[0.3849848508834839,0.38962703943252563,0.3729153573513031,0.3613523840904236,0.42984625697135925,0.34088245034217834,0.2790393829345703,0.2621113657951355,0.3485104739665985,1.0,0.40275272727012634,0.6270250678062439,0.2837948203086853,0.35025131702423096,0.2876342236995697,0.3889900743961334],[0.28298914432525635,0.3221588730812073,0.3639035224914551,0.3198813199996948,0.3673214018344879,0.3256949782371521,0.27162066102027893,0.28517863154411316,0.3863926827907562,0.40275272727012634,0.9999999403953552,0.42015713453292847,0.42129918932914734,0.33087411522865295,0.3339066207408905,0.4097996652126312],[0.40093186497688293,0.47657936811447144,0.36995288729667664,0.3088935613632202,0.3130701184272766,0.2228153496980667,0.25264352560043335,0.14928533136844635,0.2364528328180313,0.6270250678062439,0.42015713453292847,1.0,0.2615784704685211,0.3189169764518738,0.23667368292808533,0.3206401765346527],[0.24519571661949158,0.22779342532157898,0.3018798232078552,0.3526744246482849,0.39793768525123596,0.4189835786819458,0.35877904295921326,0.38287660479545593,0.4122698903083801,0.2837948203086853,0.42129918932914734,0.2615784704685211,1.0,0.394745409488678,0.4411267936229706,0.41817671060562134],[0.4626620411872864,0.33087146282196045,0.38729408383369446,0.3210141062736511,0.6006228923797607,0.3465886414051056,0.3405293822288513,0.28740194439888,0.4965038299560547,0.35025131702423096,0.33087411522865295,0.3189169764518738,0.394745409488678,1.0,0.5674285888671875,0.49677133560180664],[0.34213754534721375,0.1967087984085083,0.34084630012512207,0.3586888015270233,0.38065415620803833,0.3291308283805847,0.319316565990448,0.3256739675998688,0.49064746499061584,0.2876342236995697,0.3339066207408905,0.23667368292808533,0.4411267936229706,0.5674285888671875,1.0,0.40219444036483765],[0.2954956591129303,0.208383709192276,0.35657429695129395,0.37769773602485657,0.4256051480770111,0.4854663908481598,0.33195245265960693,0.28424960374832153,0.5075402855873108,0.3889900743961334,0.4097996652126312,0.3206401765346527,0.41817671060562134,0.49677133560180664,0.40219444036483765,1.0]]}