{"game_number":12,"words":["KID","RAZZ","RIB","TEASE","BREAST","TENDER","THIGH","WING","CALF","CUB","FAWN","KIT","BARGE","JOSTLE","MUSCLE","SHOULDER"],"adjacency_matrix":[[1.0,0.5253522992134094,0.2621705234050751,0.4172748327255249,0.28972935676574707,0.2903710603713989,0.32500529289245605,0.32993873953819275,0.4003610610961914,0.40888622403144836,0.356531023979187,0.324990838766098,0.2656438648700714,0.2525092363357544,0.34965479373931885,0.37883734703063965],[0.5253522992134094,1.0,0.26853683590888977,0.5058209896087646,0.23656374216079712,0.25771647691726685,0.28870686888694763,0.2531576454639435,0.23497241735458374,0.20273718237876892,0.3414425849914551,0.2868385314941406,0.3007878363132477,0.41534408926963806,0.3033953905105591,0.31733784079551697],[0.2621705234050751,0.26853683590888977,1.0,0.3052622079849243,0.42138755321502686,0.3158402442932129,0.5677210092544556,0.3530057370662689,0.5356888771057129,0.21570128202438354,0.20358285307884216,0.2092164307832718,0.2740347683429718,0.22439496219158173,0.4275924563407898,0.4601467251777649],[0.4172748327255249,0.5058209896087646,0.3052622079849243,1.0,0.30332252383232117,0.38620245456695557,0.337808221578598,0.26620134711265564,0.2754671573638916,0.26602575182914734,0.35984379053115845,0.3110765218734741,0.27982863783836365,0.44914084672927856,0.37695080041885376,0.3371136486530304],[0.28972935676574707,0.23656374216079712,0.42138755321502686,0.30332252383232117,1.0,0.38297343254089355,0.5524778366088867,0.3606801927089691,0.45728379487991333,0.21714091300964355,0.3287249803543091,0.3020959496498108,0.33934709429740906,0.23379231989383698,0.3869604766368866,0.4666527509689331],[0.2903710603713989,0.25771647691726685,0.3158402442932129,0.38620245456695557,0.38297343254089355,1.0,0.39126113057136536,0.3075829744338989,0.3737223744392395,0.19704143702983856,0.3468409478664398,0.2775803804397583,0.3408918082714081,0.3416382372379303,0.39598190784454346,0.39270931482315063],[0.32500529289245605,0.28870686888694763,0.5677210092544556,0.337808221578598,0.5524778366088867,0.39126113057136536,1.0,0.3815777599811554,0.6322717070579529,0.20914827287197113,0.3269854485988617,0.28810882568359375,0.28177887201309204,0.33080539107322693,0.5249119997024536,0.6366554498672485],[0.32993873953819275,0.2531576454639435,0.3530057370662689,0.26620134711265564,0.3606801927089691,0.3075829744338989,0.3815777599811554,1.0,0.3245943486690521,0.26318708062171936,0.3141044080257416,0.3555804193019867,0.36472856998443604,0.24249261617660522,0.40117692947387695,0.39583492279052734],[0.4003610610961914,0.23497241735458374,0.5356888771057129,0.2754671573638916,0.45728379487991333,0.3737223744392395,0.6322717070579529,0.3245943486690521,1.0,0.5035552382469177,0.5060672163963318,0.2886979579925537,0.33933618664741516,0.24878069758415222,0.4511636793613434,0.5010977387428284],[0.40888622403144836,0.20273718237876892,0.21570128202438354,0.26602575182914734,0.21714091300964355,0.19704143702983856,0.20914827287197113,0.26318708062171936,0.5035552382469177,1.0,0.4921426475048065,0.2495269924402237,0.15579693019390106,0.18218471109867096,0.22490642964839935,0.25056493282318115],[0.356531023979187,0.3414425849914551,0.20358285307884216,0.35984379053115845,0.3287249803543091,0.3468409478664398,0.3269854485988617,0.3141044080257416,0.5060672163963318,0.4921426475048065,0.9999999403953552,0.17961739003658295,0.2625856101512909,0.3051643669605255,0.25140488147735596,0.4007318615913391],[0.324990838766098,0.2868385314941406,0.2092164307832718,0.3110765218734741,0.3020959496498108,0.2775803804397583,0.28810882568359375,0.3555804193019867,0.2886979579925537,0.2495269924402237,0.17961739003658295,0.9999999403953552,0.24450822174549103,0.08795665949583054,0.3115769326686859,0.25737425684928894],[0.2656438648700714,0.3007878363132477,0.2740347683429718,0.27982863783836365,0.33934709429740906,0.3408918082714081,0.28177887201309204,0.36472856998443604,0.33933618664741516,0.15579693019390106,0.2625856101512909,0.24450822174549103,1.0,0.3582490384578705,0.2995387017726898,0.32141342759132385],[0.2525092363357544,0.41534408926963806,0.22439496219158173,0.44914084672927856,0.23379231989383698,0.3416382372379303,0.33080539107322693,0.24249261617660522,0.24878069758415222,0.18218471109867096,0.3051643669605255,0.08795665949583054,0.3582490384578705,1.0,0.295296847820282,0.35724174976348877],[0.34965479373931885,0.3033953905105591,0.4275924563407898,0.37695080041885376,0.3869604766368866,0.39598190784454346,0.5249119997024536,0.40117692947387695,0.4511636793613434,0.22490642964839935,0.25140488147735596,0.3115769326686859,0.2995387017726898,0.295296847820282,0.9999999403953552,0.4441608786582947],[0.37883734703063965,0.31733784079551697,0.4601467251777649,0.3371136486530304,0.4666527509689331,0.39270931482315063,0.6366554498672485,0.39583492279052734,0.5010977387428284,0.25056493282318115,0.4007318615913391,0.25737425684928894,0.32141342759132385,0.35724174976348877,0.4441608786582947,1.0]]}