{
  "game_number": 23,
  "words": [
    "ADHERE",
    "AFFIX",
    "GLUE",
    "STICK",
    "COMMERCE",
    "CONGRESS",
    "INTIMACY",
    "RELATIONS",
    "FOUL",
    "SPARE",
    "SPLIT",
    "STRIKE",
    "CLEAVE",
    "GARNISH",
    "OVERSIGHT",
    "SANCTION"
  ],
  "adjacency_matrix": [
    [
      1.0,
      0.34327706694602966,
      0.379672646522522,
      0.5395026206970215,
      0.22379732131958008,
      0.2734122574329376,
      0.21981129050254822,
      0.2997632324695587,
      0.31311115622520447,
      0.3399425745010376,
      0.3427247405052185,
      0.28453072905540466,
      0.48599085211753845,
      0.3188568949699402,
      0.263994961977005,
      0.35509607195854187
    ],
    [
      0.34327706694602966,
      1.0,
      0.4231162369251251,
      0.38472411036491394,
      0.18448840081691742,
      0.14208798110485077,
      0.1901940554380417,
      0.23358334600925446,
      0.19999785721302032,
      0.2939075231552124,
      0.2957770824432373,
      0.2559000253677368,
      0.3758486211299896,
      0.38029998540878296,
      0.23485390841960907,
      0.32549044489860535
    ],
    [
      0.379672646522522,
      0.4231162369251251,
      1.0,
      0.544758141040802,
      0.2736900746822357,
      0.23146779835224152,
      0.3217398226261139,
      0.33528029918670654,
      0.32609662413597107,
      0.39551424980163574,
      0.3909425735473633,
      0.24737544357776642,
      0.40203461050987244,
      0.3535346984863281,
      0.278844952583313,
      0.29096877574920654
    ],
    [
      0.5395026206970215,
      0.38472411036491394,
      0.544758141040802,
      1.0,
      0.19926199316978455,
      0.30929869413375854,
      0.21265311539173126,
      0.24585634469985962,
      0.3771529793739319,
      0.48237812519073486,
      0.4574359953403473,
      0.4686205983161926,
      0.5093092322349548,
      0.41379818320274353,
      0.2808341383934021,
      0.40972182154655457
    ],
    [
      0.22379732131958008,
      0.18448840081691742,
      0.2736900746822357,
      0.19926199316978455,
      1.0,
      0.4041987359523773,
      0.38385242223739624,
      0.4997570812702179,
      0.2435023933649063,
      0.24104630947113037,
      0.22494429349899292,
      0.29810836911201477,
      0.24738992750644684,
      0.24420446157455444,
      0.3431987464427948,
      0.31038549542427063
    ],
    [
      0.2734122574329376,
      0.14208798110485077,
      0.23146779835224152,
      0.30929869413375854,
      0.4041987359523773,
      0.9999999403953552,
      0.20479542016983032,
      0.33152905106544495,
      0.21971262991428375,
      0.2526842951774597,
      0.3653953969478607,
      0.37133264541625977,
      0.27040401101112366,
      0.19750502705574036,
      0.3786171078681946,
      0.3588431775569916
    ],
    [
      0.21981129050254822,
      0.1901940554380417,
      0.3217398226261139,
      0.21265311539173126,
      0.38385242223739624,
      0.20479542016983032,
      1.0,
      0.5129378437995911,
      0.2814403474330902,
      0.33072298765182495,
      0.23413851857185364,
      0.24539610743522644,
      0.20497658848762512,
      0.2363210767507553,
      0.404269814491272,
      0.35878556966781616
    ],
    [
      0.2997632324695587,
      0.23358334600925446,
      0.33528029918670654,
      0.24585634469985962,
      0.4997570812702179,
      0.33152905106544495,
      0.5129378437995911,
      1.0000001192092896,
      0.2784406840801239,
      0.27484098076820374,
      0.358693927526474,
      0.29684707522392273,
      0.20297518372535706,
      0.1959739774465561,
      0.3606574535369873,
      0.3213619589805603
    ],
    [
      0.31311115622520447,
      0.19999785721302032,
      0.32609662413597107,
      0.3771529793739319,
      0.2435023933649063,
      0.21971262991428375,
      0.2814403474330902,
      0.2784406840801239,
      1.0,
      0.36288249492645264,
      0.2838197648525238,
      0.3531382083892822,
      0.32315540313720703,
      0.2557951807975769,
      0.34550634026527405,
      0.38530024886131287
    ],
    [
      0.3399425745010376,
      0.2939075231552124,
      0.39551424980163574,
      0.48237812519073486,
      0.24104630947113037,
      0.2526842951774597,
      0.33072298765182495,
      0.27484098076820374,
      0.36288249492645264,
      1.0,
      0.40555837750434875,
      0.37153759598731995,
      0.4363442063331604,
      0.4152768552303314,
      0.3492586314678192,
      0.2883493900299072
    ],
    [
      0.3427247405052185,
      0.2957770824432373,
      0.3909425735473633,
      0.4574359953403473,
      0.22494429349899292,
      0.3653953969478607,
      0.23413851857185364,
      0.358693927526474,
      0.2838197648525238,
      0.40555837750434875,
      1.0,
      0.4822009205818176,
      0.5076701045036316,
      0.3280753493309021,
      0.28269755840301514,
      0.36379504203796387
    ],
    [
      0.28453072905540466,
      0.2559000253677368,
      0.24737544357776642,
      0.4686205983161926,
      0.29810836911201477,
      0.37133264541625977,
      0.24539610743522644,
      0.29684707522392273,
      0.3531382083892822,
      0.37153759598731995,
      0.4822009205818176,
      1.0,
      0.43298643827438354,
      0.3581262528896332,
      0.253365159034729,
      0.413016676902771
    ],
    [
      0.48599085211753845,
      0.3758486211299896,
      0.40203461050987244,
      0.5093092322349548,
      0.24738992750644684,
      0.27040401101112366,
      0.20497658848762512,
      0.20297518372535706,
      0.32315540313720703,
      0.4363442063331604,
      0.5076701045036316,
      0.43298643827438354,
      1.0,
      0.4303090572357178,
      0.20044828951358795,
      0.351624459028244
    ],
    [
      0.3188568949699402,
      0.38029998540878296,
      0.3535346984863281,
      0.41379818320274353,
      0.24420446157455444,
      0.19750502705574036,
      0.2363210767507553,
      0.1959739774465561,
      0.2557951807975769,
      0.4152768552303314,
      0.3280753493309021,
      0.3581262528896332,
      0.4303090572357178,
      1.0,
      0.2686789035797119,
      0.3424941599369049
    ],
    [
      0.263994961977005,
      0.23485390841960907,
      0.278844952583313,
      0.2808341383934021,
      0.3431987464427948,
      0.3786171078681946,
      0.404269814491272,
      0.3606574535369873,
      0.34550634026527405,
      0.3492586314678192,
      0.28269755840301514,
      0.253365159034729,
      0.20044828951358795,
      0.2686789035797119,
      1.0,
      0.5073358416557312
    ],
    [
      0.35509607195854187,
      0.32549044489860535,
      0.29096877574920654,
      0.40972182154655457,
      0.31038549542427063,
      0.3588431775569916,
      0.35878556966781616,
      0.3213619589805603,
      0.38530024886131287,
      0.2883493900299072,
      0.36379504203796387,
      0.413016676902771,
      0.351624459028244,
      0.3424941599369049,
      0.5073358416557312,
      1.0
    ]
  ]
}