{
  "game_number": 59,
  "words": [
    "BLANK",
    "FLAT",
    "INANIMATE",
    "WOODEN",
    "BRACKET",
    "CURTAIN",
    "HOOK",
    "ROD",
    "COASTER",
    "GARNISH",
    "GLASS",
    "STRAW",
    "BUSBOY",
    "CARBON",
    "SHIPSHAPE",
    "TRAINEE"
  ],
  "adjacency_matrix": [
    [
      1.0,
      0.44656938314437866,
      0.3198949098587036,
      0.3881094455718994,
      0.4183702766895294,
      0.4051699638366699,
      0.3142363727092743,
      0.3042585849761963,
      0.17188525199890137,
      0.3792341947555542,
      0.37124067544937134,
      0.34332743287086487,
      0.21923723816871643,
      0.2830590605735779,
      0.3130907714366913,
      0.1748536080121994
    ],
    [
      0.44656938314437866,
      0.9999999403953552,
      0.3547906279563904,
      0.4865923821926117,
      0.44442054629325867,
      0.36961260437965393,
      0.33394426107406616,
      0.29418981075286865,
      0.21127133071422577,
      0.34743988513946533,
      0.4562300145626068,
      0.39739397168159485,
      0.2645973861217499,
      0.38344964385032654,
      0.40341776609420776,
      0.18870864808559418
    ],
    [
      0.3198949098587036,
      0.3547906279563904,
      1.0000001192092896,
      0.449005126953125,
      0.2569389343261719,
      0.25568315386772156,
      0.24322821199893951,
      0.3248302638530731,
      0.1703203022480011,
      0.2665711045265198,
      0.36613187193870544,
      0.36632704734802246,
      0.24505460262298584,
      0.28546425700187683,
      0.2975415587425232,
      0.20325520634651184
    ],
    [
      0.3881094455718994,
      0.4865923821926117,
      0.449005126953125,
      1.0,
      0.39732226729393005,
      0.3921452760696411,
      0.3896203339099884,
      0.475284606218338,
      0.37150198221206665,
      0.300385057926178,
      0.5442975759506226,
      0.5040885806083679,
      0.27515891194343567,
      0.4339894652366638,
      0.4246860146522522,
      0.25126081705093384
    ],
    [
      0.4183702766895294,
      0.44442054629325867,
      0.2569389343261719,
      0.39732226729393005,
      1.0,
      0.4245062470436096,
      0.43931880593299866,
      0.37499716877937317,
      0.254556268453598,
      0.34723153710365295,
      0.36946630477905273,
      0.4059768617153168,
      0.20939713716506958,
      0.3553023040294647,
      0.2705167233943939,
      0.22600172460079193
    ],
    [
      0.4051699638366699,
      0.36961260437965393,
      0.25568315386772156,
      0.3921452760696411,
      0.4245062470436096,
      1.0,
      0.37063467502593994,
      0.3949774205684662,
      0.2371937781572342,
      0.32899200916290283,
      0.44857197999954224,
      0.4442225694656372,
      0.24361465871334076,
      0.2886155843734741,
      0.25331437587738037,
      0.14688493311405182
    ],
    [
      0.3142363727092743,
      0.33394426107406616,
      0.24322821199893951,
      0.3896203339099884,
      0.43931880593299866,
      0.37063467502593994,
      1.0,
      0.446830153465271,
      0.2859084904193878,
      0.3993695080280304,
      0.29148292541503906,
      0.364004909992218,
      0.28469476103782654,
      0.2713164985179901,
      0.40983688831329346,
      0.25236719846725464
    ],
    [
      0.3042585849761963,
      0.29418981075286865,
      0.3248302638530731,
      0.475284606218338,
      0.37499716877937317,
      0.3949774205684662,
      0.446830153465271,
      1.0,
      0.30300217866897583,
      0.2518901824951172,
      0.43836718797683716,
      0.3894053101539612,
      0.22336545586585999,
      0.3567255735397339,
      0.22852011024951935,
      0.23151053488254547
    ],
    [
      0.17188525199890137,
      0.21127133071422577,
      0.1703203022480011,
      0.37150198221206665,
      0.254556268453598,
      0.2371937781572342,
      0.2859084904193878,
      0.30300217866897583,
      1.0,
      0.23204576969146729,
      0.30149245262145996,
      0.1576852798461914,
      0.24353624880313873,
      0.1472887396812439,
      0.35454732179641724,
      0.21300414204597473
    ],
    [
      0.3792341947555542,
      0.34743988513946533,
      0.2665711045265198,
      0.300385057926178,
      0.34723153710365295,
      0.32899200916290283,
      0.3993695080280304,
      0.2518901824951172,
      0.23204576969146729,
      1.0,
      0.3510637581348419,
      0.31858590245246887,
      0.3482033610343933,
      0.2429877072572708,
      0.36094456911087036,
      0.18335691094398499
    ],
    [
      0.37124067544937134,
      0.4562300145626068,
      0.36613187193870544,
      0.5442975759506226,
      0.36946630477905273,
      0.44857197999954224,
      0.29148292541503906,
      0.43836718797683716,
      0.30149245262145996,
      0.3510637581348419,
      1.0,
      0.44187813997268677,
      0.31538090109825134,
      0.4388130307197571,
      0.3845553398132324,
      0.21898619830608368
    ],
    [
      0.34332743287086487,
      0.39739397168159485,
      0.36632704734802246,
      0.5040885806083679,
      0.4059768617153168,
      0.4442225694656372,
      0.364004909992218,
      0.3894053101539612,
      0.1576852798461914,
      0.31858590245246887,
      0.44187813997268677,
      1.0000001192092896,
      0.21794652938842773,
      0.3604951798915863,
      0.25428158044815063,
      0.18671956658363342
    ],
    [
      0.21923723816871643,
      0.2645973861217499,
      0.24505460262298584,
      0.27515891194343567,
      0.20939713716506958,
      0.24361465871334076,
      0.28469476103782654,
      0.22336545586585999,
      0.24353624880313873,
      0.3482033610343933,
      0.31538090109825134,
      0.21794652938842773,
      1.0,
      0.19271372258663177,
      0.3393308222293854,
      0.4745997190475464
    ],
    [
      0.2830590605735779,
      0.38344964385032654,
      0.28546425700187683,
      0.4339894652366638,
      0.3553023040294647,
      0.2886155843734741,
      0.2713164985179901,
      0.3567255735397339,
      0.1472887396812439,
      0.2429877072572708,
      0.4388130307197571,
      0.3604951798915863,
      0.19271372258663177,
      0.9999999403953552,
      0.28397074341773987,
      0.1792888045310974
    ],
    [
      0.3130907714366913,
      0.40341776609420776,
      0.2975415587425232,
      0.4246860146522522,
      0.2705167233943939,
      0.25331437587738037,
      0.40983688831329346,
      0.22852011024951935,
      0.35454732179641724,
      0.36094456911087036,
      0.3845553398132324,
      0.25428158044815063,
      0.3393308222293854,
      0.28397074341773987,
      1.0,
      0.27622345089912415
    ],
    [
      0.1748536080121994,
      0.18870864808559418,
      0.20325520634651184,
      0.25126081705093384,
      0.22600172460079193,
      0.14688493311405182,
      0.25236719846725464,
      0.23151053488254547,
      0.21300414204597473,
      0.18335691094398499,
      0.21898619830608368,
      0.18671956658363342,
      0.4745997190475464,
      0.1792888045310974,
      0.27622345089912415,
      1.0
    ]
  ]
}