{"game_number":181,"words":["BATON","SCEPTER","STAFF","WAND","CAVITY","CROWN","FILLING","PLAQUE","APPROVED","PAID","URGENT","VOID","GAP","LEAP","LIGHT","SCHOOL"],"adjacency_matrix":[[1.0,0.46757930517196655,0.271136611700058,0.5443609356880188,0.26133182644844055,0.4176294803619385,0.2648266851902008,0.36025914549827576,0.20889601111412048,0.2080240398645401,0.1637631058692932,0.20742037892341614,0.2590600550174713,0.3158970773220062,0.3811051547527313,0.2450128197669983],[0.46757930517196655,1.0,0.24395155906677246,0.503944993019104,0.22790800034999847,0.5563946962356567,0.2358502298593521,0.3436613380908966,0.22894880175590515,0.20935584604740143,0.1692301630973816,0.2850310206413269,0.21470169723033905,0.2709519863128662,0.2885670065879822,0.22879178822040558],[0.271136611700058,0.24395155906677246,1.0,0.2301017791032791,0.20843306183815002,0.27831408381462097,0.32326802611351013,0.23209768533706665,0.38204821944236755,0.43123024702072144,0.3130236864089966,0.16916424036026,0.2385522425174713,0.19465230405330658,0.29626086354255676,0.5219593048095703],[0.5443609356880188,0.503944993019104,0.2301017791032791,1.0,0.3462531268596649,0.35816434025764465,0.34430384635925293,0.2861131727695465,0.2686651349067688,0.20616786181926727,0.15384003520011902,0.31230953335762024,0.24802112579345703,0.3722752034664154,0.3496856093406677,0.25268125534057617],[0.26133182644844055,0.22790800034999847,0.20843306183815002,0.3462531268596649,0.9999999403953552,0.3990623950958252,0.44713422656059265,0.3959142863750458,0.21387043595314026,0.20471887290477753,0.1801268309354782,0.45894095301628113,0.41211366653442383,0.22712644934654236,0.3609664738178253,0.31618472933769226],[0.4176294803619385,0.5563946962356567,0.27831408381462097,0.35816434025764465,0.3990623950958252,1.0,0.34786471724510193,0.4145251214504242,0.3699747920036316,0.3917062282562256,0.21302257478237152,0.31421181559562683,0.2846096456050873,0.269811749458313,0.3602614402770996,0.3469190299510956],[0.2648266851902008,0.2358502298593521,0.32326802611351013,0.34430384635925293,0.44713422656059265,0.34786471724510193,0.9999999403953552,0.28083306550979614,0.34430861473083496,0.3849480152130127,0.32480645179748535,0.6335824728012085,0.5395040512084961,0.3664434254169464,0.35162875056266785,0.2769906520843506],[0.36025914549827576,0.3436613380908966,0.23209768533706665,0.2861131727695465,0.3959142863750458,0.4145251214504242,0.28083306550979614,1.0,0.29510170221328735,0.3011482357978821,0.18606071174144745,0.23428910970687866,0.3071046769618988,0.16335032880306244,0.295251727104187,0.29099008440971375],[0.20889601111412048,0.22894880175590515,0.38204821944236755,0.2686651349067688,0.21387043595314026,0.3699747920036316,0.34430861473083496,0.29510170221328735,1.0,0.5283586382865906,0.4146900475025177,0.2866438329219818,0.21337272226810455,0.23741775751113892,0.3301800489425659,0.3591654598712921],[0.2080240398645401,0.20935584604740143,0.43123024702072144,0.20616786181926727,0.20471887290477753,0.3917062282562256,0.3849480152130127,0.3011482357978821,0.5283586382865906,1.0,0.3259969651699066,0.2797533869743347,0.28536999225616455,0.21918119490146637,0.270674467086792,0.32204654812812805],[0.1637631058692932,0.1692301630973816,0.3130236864089966,0.15384003520011902,0.1801268309354782,0.21302257478237152,0.32480645179748535,0.18606071174144745,0.4146900475025177,0.3259969651699066,1.0,0.3305599093437195,0.3006545305252075,0.2646297812461853,0.35451996326446533,0.2219698131084442],[0.20742037892341614,0.2850310206413269,0.16916424036026,0.31230953335762024,0.45894095301628113,0.31421181559562683,0.6335824728012085,0.23428910970687866,0.2866438329219818,0.2797533869743347,0.3305599093437195,1.0,0.5938222408294678,0.3949180245399475,0.3833947479724884,0.24009071290493011],[0.2590600550174713,0.21470169723033905,0.2385522425174713,0.24802112579345703,0.41211366653442383,0.2846096456050873,0.5395040512084961,0.3071046769618988,0.21337272226810455,0.28536999225616455,0.3006545305252075,0.5938222408294678,1.0,0.4099462032318115,0.35196584463119507,0.3061820864677429],[0.3158970773220062,0.2709519863128662,0.19465230405330658,0.3722752034664154,0.22712644934654236,0.269811749458313,0.3664434254169464,0.16335032880306244,0.23741775751113892,0.21918119490146637,0.2646297812461853,0.3949180245399475,0.4099462032318115,1.0,0.40076035261154175,0.2361437827348709],[0.3811051547527313,0.2885670065879822,0.29626086354255676,0.3496856093406677,0.3609664738178253,0.3602614402770996,0.35162875056266785,0.295251727104187,0.3301800489425659,0.270674467086792,0.35451996326446533,0.3833947479724884,0.35196584463119507,0.40076035261154175,1.0,0.31532180309295654],[0.2450128197669983,0.22879178822040558,0.5219593048095703,0.25268125534057617,0.31618472933769226,0.3469190299510956,0.2769906520843506,0.29099008440971375,0.3591654598712921,0.32204654812812805,0.2219698131084442,0.24009071290493011,0.3061820864677429,0.2361437827348709,0.31532180309295654,0.9999999403953552]]}