{"game_number":166,"words":["ARROW","BOW","QUIVER","TARGET","BRIDGE","GIN","SPIT","WAR","BELT","CLOCK","DECK","SLUG","ANCHOR","DRAGON","HEART","ROSE"],"adjacency_matrix":[[1.0,0.6308448314666748,0.6525665521621704,0.49277815222740173,0.4162554442882538,0.30408328771591187,0.3721775412559509,0.2446984499692917,0.418357253074646,0.33933138847351074,0.3066039979457855,0.41673925518989563,0.36301541328430176,0.47861188650131226,0.4795299172401428,0.3945150077342987],[0.6308448314666748,1.0,0.5563295483589172,0.39718592166900635,0.4832688868045807,0.30315104126930237,0.4373288154602051,0.2797573208808899,0.40142643451690674,0.3043125867843628,0.4663982391357422,0.3550724983215332,0.3932599127292633,0.423598974943161,0.44971102476119995,0.3843522369861603],[0.6525665521621704,0.5563295483589172,1.0,0.3987468481063843,0.34133487939834595,0.31274205446243286,0.3457740247249603,0.2169044464826584,0.35089111328125,0.24754150211811066,0.27302998304367065,0.3123917877674103,0.31957343220710754,0.38148415088653564,0.4700548052787781,0.3715946078300476],[0.49277815222740173,0.39718592166900635,0.3987468481063843,0.9999999403953552,0.41283199191093445,0.20902356505393982,0.39549577236175537,0.3261083960533142,0.36604633927345276,0.3862665295600891,0.3521939218044281,0.4282526969909668,0.4447540044784546,0.3447016179561615,0.4336641728878021,0.3354708254337311],[0.4162554442882538,0.4832688868045807,0.34133487939834595,0.41283199191093445,1.0,0.3279234766960144,0.3777883052825928,0.33322766423225403,0.355975478887558,0.34107425808906555,0.5032383799552917,0.31284159421920776,0.43456318974494934,0.3487853407859802,0.4063723087310791,0.3284297585487366],[0.30408328771591187,0.30315104126930237,0.31274205446243286,0.20902356505393982,0.3279234766960144,1.0,0.40585651993751526,0.2811742126941681,0.29384517669677734,0.28557196259498596,0.2629106342792511,0.3871272802352905,0.22060638666152954,0.34197381138801575,0.29850393533706665,0.33074742555618286],[0.3721775412559509,0.4373288154602051,0.3457740247249603,0.39549577236175537,0.3777883052825928,0.40585651993751526,1.0,0.26637375354766846,0.35782381892204285,0.3112858533859253,0.35962000489234924,0.4890778064727783,0.2818813621997833,0.4532739520072937,0.3993440866470337,0.3157300353050232],[0.2446984499692917,0.2797573208808899,0.2169044464826584,0.3261083960533142,0.33322766423225403,0.2811742126941681,0.26637375354766846,1.0,0.2664647102355957,0.3329876959323883,0.27069705724716187,0.24971771240234375,0.20936016738414764,0.321746289730072,0.4101046621799469,0.29659926891326904],[0.418357253074646,0.40142643451690674,0.35089111328125,0.36604633927345276,0.355975478887558,0.29384517669677734,0.35782381892204285,0.2664647102355957,0.9999999403953552,0.3062940239906311,0.3686036467552185,0.37851032614707947,0.3353426456451416,0.33641478419303894,0.35623660683631897,0.34450995922088623],[0.33933138847351074,0.3043125867843628,0.24754150211811066,0.3862665295600891,0.34107425808906555,0.28557196259498596,0.3112858533859253,0.3329876959323883,0.3062940239906311,1.0,0.30529266595840454,0.2865886688232422,0.3459591865539551,0.3429834246635437,0.3860560953617096,0.3306328356266022],[0.3066039979457855,0.4663982391357422,0.27302998304367065,0.3521939218044281,0.5032383799552917,0.2629106342792511,0.35962000489234924,0.27069705724716187,0.3686036467552185,0.30529266595840454,1.0,0.3120371699333191,0.3776851296424866,0.3734101951122284,0.312661737203598,0.35893991589546204],[0.41673925518989563,0.3550724983215332,0.3123917877674103,0.4282526969909668,0.31284159421920776,0.3871272802352905,0.4890778064727783,0.24971771240234375,0.37851032614707947,0.2865886688232422,0.3120371699333191,1.0,0.34848034381866455,0.4353708028793335,0.3638220429420471,0.3119956851005554],[0.36301541328430176,0.3932599127292633,0.31957343220710754,0.4447540044784546,0.43456318974494934,0.22060638666152954,0.2818813621997833,0.20936016738414764,0.3353426456451416,0.3459591865539551,0.3776851296424866,0.34848034381866455,1.0,0.3107888400554657,0.3526773154735565,0.27801981568336487],[0.47861188650131226,0.423598974943161,0.38148415088653564,0.3447016179561615,0.3487853407859802,0.34197381138801575,0.4532739520072937,0.321746289730072,0.33641478419303894,0.3429834246635437,0.3734101951122284,0.4353708028793335,0.3107888400554657,1.0,0.40194442868232727,0.3886139392852783],[0.4795299172401428,0.44971102476119995,0.4700548052787781,0.4336641728878021,0.4063723087310791,0.29850393533706665,0.3993440866470337,0.4101046621799469,0.35623660683631897,0.3860560953617096,0.312661737203598,0.3638220429420471,0.3526773154735565,0.40194442868232727,1.0,0.3593723177909851],[0.3945150077342987,0.3843522369861603,0.3715946078300476,0.3354708254337311,0.3284297585487366,0.33074742555618286,0.3157300353050232,0.29659926891326904,0.34450995922088623,0.3306328356266022,0.35893991589546204,0.3119956851005554,0.27801981568336487,0.3886139392852783,0.3593723177909851,1.0]]}