{"game_number":215,"words":["FLASH","JIFFY","SECOND","WINK","CHIEF","FIRST","MAIN","PRINCIPAL","BROADWAY","FIFTH","MADISON","PARK","AMATEUR","ELEVENTH","HAPPY","RUSH"],"adjacency_matrix":[[1.0,0.3893035054206848,0.3886605203151703,0.41087576746940613,0.26349011063575745,0.3412840664386749,0.38566792011260986,0.276145875453949,0.3389401435852051,0.24544185400009155,0.23093414306640625,0.29622167348861694,0.3347487449645996,0.23430511355400085,0.2836616337299347,0.46240144968032837],[0.3893035054206848,1.0,0.3033815026283264,0.3508709669113159,0.12662583589553833,0.28623849153518677,0.2578562796115875,0.12823155522346497,0.2137765884399414,0.23023468255996704,0.2856558859348297,0.17805062234401703,0.231734499335289,0.2229958027601242,0.35092806816101074,0.32722312211990356],[0.3886605203151703,0.3033815026283264,0.9999999403953552,0.2752407491207123,0.4083305597305298,0.8369266390800476,0.6437796354293823,0.48426955938339233,0.364926815032959,0.8438969850540161,0.3452170789241791,0.33259567618370056,0.31762030720710754,0.7020443677902222,0.31658047437667847,0.4030674695968628],[0.41087576746940613,0.3508709669113159,0.2752407491207123,1.0,0.19410523772239685,0.23290342092514038,0.23264211416244507,0.19396215677261353,0.26301413774490356,0.2169945240020752,0.21100975573062897,0.21953989565372467,0.17990081012248993,0.22405745089054108,0.3646498918533325,0.26402387022972107],[0.26349011063575745,0.12662583589553833,0.4083305597305298,0.19410523772239685,1.0,0.4485960304737091,0.548161506652832,0.6993777751922607,0.20468749105930328,0.4079037606716156,0.21388760209083557,0.29692018032073975,0.33102813363075256,0.36349228024482727,0.20406216382980347,0.25046974420547485],[0.3412840664386749,0.28623849153518677,0.8369266390800476,0.23290342092514038,0.4485960304737091,1.0,0.6365067362785339,0.5508503913879395,0.37019363045692444,0.716446042060852,0.3501042425632477,0.3554014265537262,0.35163751244544983,0.5831027030944824,0.3899550139904022,0.41667982935905457],[0.38566792011260986,0.2578562796115875,0.6437796354293823,0.23264211416244507,0.548161506652832,0.6365067362785339,1.0000001192092896,0.6603782176971436,0.4703713357448578,0.5689859986305237,0.39890843629837036,0.4317861795425415,0.34524208307266235,0.47378507256507874,0.31771203875541687,0.3500954806804657],[0.276145875453949,0.12823155522346497,0.48426955938339233,0.19396215677261353,0.6993777751922607,0.5508503913879395,0.6603782176971436,1.0000001192092896,0.3716885447502136,0.4816490411758423,0.32651883363723755,0.3518846929073334,0.35940641164779663,0.4032433032989502,0.2763068974018097,0.21278519928455353],[0.3389401435852051,0.2137765884399414,0.364926815032959,0.26301413774490356,0.20468749105930328,0.37019363045692444,0.4703713357448578,0.3716885447502136,1.0,0.3123985528945923,0.4596942365169525,0.4345128536224365,0.34459149837493896,0.29421553015708923,0.28801122307777405,0.2807018756866455],[0.24544185400009155,0.23023468255996704,0.8438969850540161,0.2169945240020752,0.4079037606716156,0.716446042060852,0.5689859986305237,0.4816490411758423,0.3123985528945923,1.0,0.33068013191223145,0.28073397278785706,0.24877332150936127,0.8606826066970825,0.30464160442352295,0.26485979557037354],[0.23093414306640625,0.2856558859348297,0.3452170789241791,0.21100975573062897,0.21388760209083557,0.3501042425632477,0.39890843629837036,0.32651883363723755,0.4596942365169525,0.33068013191223145,0.9999999403953552,0.4262092709541321,0.3655228316783905,0.33399492502212524,0.32443538308143616,0.2924902141094208],[0.29622167348861694,0.17805062234401703,0.33259567618370056,0.21953989565372467,0.29692018032073975,0.3554014265537262,0.4317861795425415,0.3518846929073334,0.4345128536224365,0.28073397278785706,0.4262092709541321,1.0,0.26949620246887207,0.24116867780685425,0.24800632894039154,0.3430471122264862],[0.3347487449645996,0.231734499335289,0.31762030720710754,0.17990081012248993,0.33102813363075256,0.35163751244544983,0.34524208307266235,0.35940641164779663,0.34459149837493896,0.24877332150936127,0.3655228316783905,0.26949620246887207,0.9999999403953552,0.280381977558136,0.27487242221832275,0.24507245421409607],[0.23430511355400085,0.2229958027601242,0.7020443677902222,0.22405745089054108,0.36349228024482727,0.5831027030944824,0.47378507256507874,0.4032433032989502,0.29421553015708923,0.8606826066970825,0.33399492502212524,0.24116867780685425,0.280381977558136,1.0,0.26355668902397156,0.2558457553386688],[0.2836616337299347,0.35092806816101074,0.31658047437667847,0.3646498918533325,0.20406216382980347,0.3899550139904022,0.31771203875541687,0.2763068974018097,0.28801122307777405,0.30464160442352295,0.32443538308143616,0.24800632894039154,0.27487242221832275,0.26355668902397156,1.0,0.39378973841667175],[0.46240144968032837,0.32722312211990356,0.4030674695968628,0.26402387022972107,0.25046974420547485,0.41667982935905457,0.3500954806804657,0.21278519928455353,0.2807018756866455,0.26485979557037354,0.2924902141094208,0.3430471122264862,0.24507245421409607,0.2558457553386688,0.39378973841667175,1.0]]}