{
  "game_number": 176,
  "words": [
    "ELDER",
    "PALM",
    "PINE",
    "SPRUCE",
    "HANDSOME",
    "HEALTHY",
    "RESPECTABLE",
    "TIDY",
    "ALA",
    "ARK",
    "MISS",
    "ORE",
    "COMET",
    "MOON",
    "PLANET",
    "STAR"
  ],
  "adjacency_matrix": [
    [
      1.0,
      0.26131492853164673,
      0.31228289008140564,
      0.26166021823883057,
      0.35553500056266785,
      0.28362759947776794,
      0.2693154215812683,
      0.11833666265010834,
      0.2572660446166992,
      0.1629943698644638,
      0.2609065771102905,
      0.1843002438545227,
      0.15902501344680786,
      0.32025694847106934,
      0.2922888696193695,
      0.3357369005680084
    ],
    [
      0.26131492853164673,
      0.9999999403953552,
      0.5146041512489319,
      0.3863718509674072,
      0.28367874026298523,
      0.27769985795021057,
      0.19948910176753998,
      0.2710689902305603,
      0.2978558838367462,
      0.1885080188512802,
      0.2259940356016159,
      0.2602843940258026,
      0.1190948337316513,
      0.30317434668540955,
      0.31904080510139465,
      0.3564319312572479
    ],
    [
      0.31228289008140564,
      0.5146041512489319,
      1.0,
      0.6761264204978943,
      0.3246677815914154,
      0.3279150724411011,
      0.20071344077587128,
      0.21882618963718414,
      0.2684406638145447,
      0.2710229754447937,
      0.2915832996368408,
      0.3433966040611267,
      0.16198357939720154,
      0.27472537755966187,
      0.2467017024755478,
      0.3081590533256531
    ],
    [
      0.26166021823883057,
      0.3863718509674072,
      0.6761264204978943,
      1.0,
      0.3379378318786621,
      0.33392831683158875,
      0.25011971592903137,
      0.36634135246276855,
      0.16691815853118896,
      0.21598972380161285,
      0.2429955005645752,
      0.2686721980571747,
      0.1645348221063614,
      0.19186633825302124,
      0.2016398310661316,
      0.2666444182395935
    ],
    [
      0.35553500056266785,
      0.28367874026298523,
      0.3246677815914154,
      0.3379378318786621,
      1.0,
      0.5374367237091064,
      0.6262245178222656,
      0.48879098892211914,
      0.22503966093063354,
      0.18222638964653015,
      0.33379530906677246,
      0.22638113796710968,
      0.2665458917617798,
      0.29581794142723083,
      0.22230729460716248,
      0.39872458577156067
    ],
    [
      0.28362759947776794,
      0.27769985795021057,
      0.3279150724411011,
      0.33392831683158875,
      0.5374367237091064,
      1.0,
      0.5748887658119202,
      0.4424716830253601,
      0.16710712015628815,
      0.15710443258285522,
      0.3486199676990509,
      0.21903304755687714,
      0.22445057332515717,
      0.26332756876945496,
      0.35590919852256775,
      0.310323029756546
    ],
    [
      0.2693154215812683,
      0.19948910176753998,
      0.20071344077587128,
      0.25011971592903137,
      0.6262245178222656,
      0.5748887658119202,
      1.0,
      0.47115403413772583,
      0.19885268807411194,
      0.15416133403778076,
      0.27695122361183167,
      0.20982693135738373,
      0.22160163521766663,
      0.22811514139175415,
      0.28574422001838684,
      0.3754952549934387
    ],
    [
      0.11833666265010834,
      0.2710689902305603,
      0.21882618963718414,
      0.36634135246276855,
      0.48879098892211914,
      0.4424716830253601,
      0.47115403413772583,
      1.0,
      0.2195175290107727,
      0.13531337678432465,
      0.3375944495201111,
      0.19769877195358276,
      0.1697252094745636,
      0.20739486813545227,
      0.21632249653339386,
      0.2895829975605011
    ],
    [
      0.2572660446166992,
      0.2978558838367462,
      0.2684406638145447,
      0.16691815853118896,
      0.22503966093063354,
      0.16710712015628815,
      0.19885268807411194,
      0.2195175290107727,
      1.0,
      0.26909443736076355,
      0.27670109272003174,
      0.2004423439502716,
      0.18616174161434174,
      0.3032149374485016,
      0.24759112298488617,
      0.336796373128891
    ],
    [
      0.1629943698644638,
      0.1885080188512802,
      0.2710229754447937,
      0.21598972380161285,
      0.18222638964653015,
      0.15710443258285522,
      0.15416133403778076,
      0.13531337678432465,
      0.26909443736076355,
      0.9999999403953552,
      0.12098916620016098,
      0.19627434015274048,
      0.23040522634983063,
      0.31486448645591736,
      0.2894585132598877,
      0.17688080668449402
    ],
    [
      0.2609065771102905,
      0.2259940356016159,
      0.2915832996368408,
      0.2429955005645752,
      0.33379530906677246,
      0.3486199676990509,
      0.27695122361183167,
      0.3375944495201111,
      0.27670109272003174,
      0.12098916620016098,
      1.0,
      0.24134239554405212,
      0.35636547207832336,
      0.3490588068962097,
      0.34501609206199646,
      0.3898138105869293
    ],
    [
      0.1843002438545227,
      0.2602843940258026,
      0.3433966040611267,
      0.2686721980571747,
      0.22638113796710968,
      0.21903304755687714,
      0.20982693135738373,
      0.19769877195358276,
      0.2004423439502716,
      0.19627434015274048,
      0.24134239554405212,
      1.0,
      0.20229597389698029,
      0.33881017565727234,
      0.3398634195327759,
      0.3195800185203552
    ],
    [
      0.15902501344680786,
      0.1190948337316513,
      0.16198357939720154,
      0.1645348221063614,
      0.2665458917617798,
      0.22445057332515717,
      0.22160163521766663,
      0.1697252094745636,
      0.18616174161434174,
      0.23040522634983063,
      0.35636547207832336,
      0.20229597389698029,
      1.0,
      0.47283270955085754,
      0.4231264591217041,
      0.4203832745552063
    ],
    [
      0.32025694847106934,
      0.30317434668540955,
      0.27472537755966187,
      0.19186633825302124,
      0.29581794142723083,
      0.26332756876945496,
      0.22811514139175415,
      0.20739486813545227,
      0.3032149374485016,
      0.31486448645591736,
      0.3490588068962097,
      0.33881017565727234,
      0.47283270955085754,
      1.0,
      0.6212912797927856,
      0.5236158967018127
    ],
    [
      0.2922888696193695,
      0.31904080510139465,
      0.2467017024755478,
      0.2016398310661316,
      0.22230729460716248,
      0.35590919852256775,
      0.28574422001838684,
      0.21632249653339386,
      0.24759112298488617,
      0.2894585132598877,
      0.34501609206199646,
      0.3398634195327759,
      0.4231264591217041,
      0.6212912797927856,
      1.0,
      0.5093399286270142
    ],
    [
      0.3357369005680084,
      0.3564319312572479,
      0.3081590533256531,
      0.2666444182395935,
      0.39872458577156067,
      0.310323029756546,
      0.3754952549934387,
      0.2895829975605011,
      0.336796373128891,
      0.17688080668449402,
      0.3898138105869293,
      0.3195800185203552,
      0.4203832745552063,
      0.5236158967018127,
      0.5093399286270142,
      1.0
    ]
  ]
}