{
  "game_number": 520,
  "words": [
    "RAT",
    "SING",
    "SNITCH",
    "SQUEAL",
    "CAMP",
    "DIVISION",
    "FACTION",
    "WING",
    "BING",
    "EDGE",
    "SURFACE",
    "WORD",
    "BOND",
    "CD",
    "OPTION",
    "STOCK"
  ],
  "adjacency_matrix": [
    [
      1.0,
      0.23923471570014954,
      0.4951743483543396,
      0.38886022567749023,
      0.2670016884803772,
      0.2726057171821594,
      0.2877034842967987,
      0.2850130498409271,
      0.3337610065937042,
      0.3233257532119751,
      0.33567026257514954,
      0.41785305738449097,
      0.3201969265937805,
      0.14284346997737885,
      0.26656946539878845,
      0.34313949942588806
    ],
    [
      0.23923471570014954,
      1.0,
      0.28316032886505127,
      0.4317564368247986,
      0.2489292323589325,
      0.19447575509548187,
      0.16563670337200165,
      0.23498547077178955,
      0.34870395064353943,
      0.17600278556346893,
      0.22989310324192047,
      0.3496673107147217,
      0.2550607919692993,
      0.2625560164451599,
      0.23534223437309265,
      0.17735928297042847
    ],
    [
      0.4951743483543396,
      0.28316032886505127,
      0.9999999403953552,
      0.4478496313095093,
      0.2669762969017029,
      0.18873710930347443,
      0.3169289231300354,
      0.29127180576324463,
      0.37291648983955383,
      0.3006359338760376,
      0.24631594121456146,
      0.410403847694397,
      0.31946948170661926,
      0.12649212777614594,
      0.2290782630443573,
      0.2335122674703598
    ],
    [
      0.38886022567749023,
      0.4317564368247986,
      0.4478496313095093,
      1.0,
      0.232108473777771,
      0.17252536118030548,
      0.2317737191915512,
      0.2661750316619873,
      0.33801379799842834,
      0.29398003220558167,
      0.3187575042247772,
      0.3522787094116211,
      0.2965306043624878,
      0.18554919958114624,
      0.2419838160276413,
      0.30191752314567566
    ],
    [
      0.2670016884803772,
      0.2489292323589325,
      0.2669762969017029,
      0.232108473777771,
      1.0,
      0.45124971866607666,
      0.3581908941268921,
      0.39322835206985474,
      0.2945125699043274,
      0.40261366963386536,
      0.30943232774734497,
      0.3030151128768921,
      0.3251537084579468,
      0.1198023110628128,
      0.29181352257728577,
      0.36048731207847595
    ],
    [
      0.2726057171821594,
      0.19447575509548187,
      0.18873710930347443,
      0.17252536118030548,
      0.45124971866607666,
      1.0,
      0.45520296692848206,
      0.41819268465042114,
      0.2848335802555084,
      0.36205756664276123,
      0.3768948018550873,
      0.3397785723209381,
      0.3766033947467804,
      0.07975353300571442,
      0.29004284739494324,
      0.4231507480144501
    ],
    [
      0.2877034842967987,
      0.16563670337200165,
      0.3169289231300354,
      0.2317737191915512,
      0.3581908941268921,
      0.45520296692848206,
      1.0,
      0.41982489824295044,
      0.2458934634923935,
      0.32896333932876587,
      0.275334894657135,
      0.34951716661453247,
      0.2766427993774414,
      0.05586475506424904,
      0.3651488721370697,
      0.289116233587265
    ],
    [
      0.2850130498409271,
      0.23498547077178955,
      0.29127180576324463,
      0.2661750316619873,
      0.39322835206985474,
      0.41819268465042114,
      0.41982489824295044,
      1.0,
      0.28461867570877075,
      0.4917484521865845,
      0.4206241965293884,
      0.3371123671531677,
      0.32901817560195923,
      0.06435137987136841,
      0.28762081265449524,
      0.34736791253089905
    ],
    [
      0.3337610065937042,
      0.34870395064353943,
      0.37291648983955383,
      0.33801379799842834,
      0.2945125699043274,
      0.2848335802555084,
      0.2458934634923935,
      0.28461867570877075,
      1.0,
      0.33529332280158997,
      0.3006642758846283,
      0.38745903968811035,
      0.21624267101287842,
      0.2570197880268097,
      0.30925214290618896,
      0.29250583052635193
    ],
    [
      0.3233257532119751,
      0.17600278556346893,
      0.3006359338760376,
      0.29398003220558167,
      0.40261366963386536,
      0.36205756664276123,
      0.32896333932876587,
      0.4917484521865845,
      0.33529332280158997,
      0.9999999403953552,
      0.5668171048164368,
      0.4077364206314087,
      0.3288722336292267,
      0.08762378245592117,
      0.4080286920070648,
      0.38225802779197693
    ],
    [
      0.33567026257514954,
      0.22989310324192047,
      0.24631594121456146,
      0.3187575042247772,
      0.30943232774734497,
      0.3768948018550873,
      0.275334894657135,
      0.4206241965293884,
      0.3006642758846283,
      0.5668171048164368,
      1.0,
      0.36488497257232666,
      0.44020161032676697,
      0.13108494877815247,
      0.32244911789894104,
      0.39692553877830505
    ],
    [
      0.41785305738449097,
      0.3496673107147217,
      0.410403847694397,
      0.3522787094116211,
      0.3030151128768921,
      0.3397785723209381,
      0.34951716661453247,
      0.3371123671531677,
      0.38745903968811035,
      0.4077364206314087,
      0.36488497257232666,
      1.0,
      0.36629247665405273,
      0.17057611048221588,
      0.4221852123737335,
      0.38075047731399536
    ],
    [
      0.3201969265937805,
      0.2550607919692993,
      0.31946948170661926,
      0.2965306043624878,
      0.3251537084579468,
      0.3766033947467804,
      0.2766427993774414,
      0.32901817560195923,
      0.21624267101287842,
      0.3288722336292267,
      0.44020161032676697,
      0.36629247665405273,
      1.0,
      0.15386267006397247,
      0.33273693919181824,
      0.49667471647262573
    ],
    [
      0.14284346997737885,
      0.2625560164451599,
      0.12649212777614594,
      0.18554919958114624,
      0.1198023110628128,
      0.07975353300571442,
      0.05586475506424904,
      0.06435137987136841,
      0.2570197880268097,
      0.08762378245592117,
      0.13108494877815247,
      0.17057611048221588,
      0.15386267006397247,
      1.0,
      0.20388251543045044,
      0.15484407544136047
    ],
    [
      0.26656946539878845,
      0.23534223437309265,
      0.2290782630443573,
      0.2419838160276413,
      0.29181352257728577,
      0.29004284739494324,
      0.3651488721370697,
      0.28762081265449524,
      0.30925214290618896,
      0.4080286920070648,
      0.32244911789894104,
      0.4221852123737335,
      0.33273693919181824,
      0.20388251543045044,
      0.9999999403953552,
      0.40506431460380554
    ],
    [
      0.34313949942588806,
      0.17735928297042847,
      0.2335122674703598,
      0.30191752314567566,
      0.36048731207847595,
      0.4231507480144501,
      0.289116233587265,
      0.34736791253089905,
      0.29250583052635193,
      0.38225802779197693,
      0.39692553877830505,
      0.38075047731399536,
      0.49667471647262573,
      0.15484407544136047,
      0.40506431460380554,
      0.9999999403953552
    ]
  ]
}