{
  "game_number": 517,
  "words": [
    "COACH",
    "GM",
    "PLAYER",
    "SCOUT",
    "BMW",
    "HONDA",
    "JAGUAR",
    "SUBARU",
    "AUTO",
    "POST",
    "SEMI",
    "SUB",
    "LIGHT",
    "SHORT",
    "SPARE",
    "THIN"
  ],
  "adjacency_matrix": [
    [
      1.0,
      0.04090696945786476,
      0.6331912875175476,
      0.549403965473175,
      0.036845862865448,
      0.24235950410366058,
      0.15869125723838806,
      0.30280598998069763,
      0.32114019989967346,
      0.3902500867843628,
      0.32944008708000183,
      0.3179931938648224,
      0.2695261538028717,
      0.27960559725761414,
      0.28887608647346497,
      0.19167500734329224
    ],
    [
      0.04090696945786476,
      1.0,
      0.058470066636800766,
      0.09658250957727432,
      0.48445621132850647,
      0.28222882747650146,
      0.1785385012626648,
      0.11370255053043365,
      0.17904995381832123,
      0.01332995668053627,
      0.06143113970756531,
      0.19493867456912994,
      -0.02371884137392044,
      -0.02863749861717224,
      -0.0027134367264807224,
      0.024728909134864807
    ],
    [
      0.6331912875175476,
      0.058470066636800766,
      1.0,
      0.5546249747276306,
      0.01908566616475582,
      0.2550181746482849,
      0.23708313703536987,
      0.301338791847229,
      0.35250550508499146,
      0.3746030032634735,
      0.30777066946029663,
      0.37115612626075745,
      0.2703494727611542,
      0.29249492287635803,
      0.34610211849212646,
      0.22537270188331604
    ],
    [
      0.549403965473175,
      0.09658250957727432,
      0.5546249747276306,
      1.0,
      0.08212446421384811,
      0.3173430263996124,
      0.2919237017631531,
      0.33407241106033325,
      0.32616713643074036,
      0.3999112844467163,
      0.23505312204360962,
      0.36077696084976196,
      0.2898302376270294,
      0.26453542709350586,
      0.2786227762699127,
      0.24224556982517242
    ],
    [
      0.036845862865448,
      0.48445621132850647,
      0.01908566616475582,
      0.08212446421384811,
      1.0,
      0.4380224347114563,
      0.24140048027038574,
      0.32703882455825806,
      0.3083505928516388,
      -0.006844617426395416,
      0.16801674664020538,
      0.19234907627105713,
      -0.03475917875766754,
      -0.051043372601270676,
      0.01652996987104416,
      -0.041029561311006546
    ],
    [
      0.24235950410366058,
      0.28222882747650146,
      0.2550181746482849,
      0.3173430263996124,
      0.4380224347114563,
      1.0,
      0.35830363631248474,
      0.6014269590377808,
      0.4554043412208557,
      0.31431764364242554,
      0.3723384439945221,
      0.3340066969394684,
      0.27757740020751953,
      0.3024967908859253,
      0.33124789595603943,
      0.2418251633644104
    ],
    [
      0.15869125723838806,
      0.1785385012626648,
      0.23708313703536987,
      0.2919237017631531,
      0.24140048027038574,
      0.35830363631248474,
      1.0,
      0.3910812437534332,
      0.3150874674320221,
      0.15444415807724,
      0.26931434869766235,
      0.2674851715564728,
      0.1998053342103958,
      0.18430054187774658,
      0.2318536937236786,
      0.19796893000602722
    ],
    [
      0.30280598998069763,
      0.11370255053043365,
      0.301338791847229,
      0.33407241106033325,
      0.32703882455825806,
      0.6014269590377808,
      0.3910812437534332,
      1.0,
      0.5174834728240967,
      0.31302347779273987,
      0.4335247874259949,
      0.4137858748435974,
      0.31032589077949524,
      0.3660198450088501,
      0.32710811495780945,
      0.3333043158054352
    ],
    [
      0.32114019989967346,
      0.17904995381832123,
      0.35250550508499146,
      0.32616713643074036,
      0.3083505928516388,
      0.4554043412208557,
      0.3150874674320221,
      0.5174834728240967,
      1.0,
      0.292829692363739,
      0.44477009773254395,
      0.38491564989089966,
      0.29360267519950867,
      0.30575165152549744,
      0.29847046732902527,
      0.18320468068122864
    ],
    [
      0.3902500867843628,
      0.01332995668053627,
      0.3746030032634735,
      0.3999112844467163,
      -0.006844617426395416,
      0.31431764364242554,
      0.15444415807724,
      0.31302347779273987,
      0.292829692363739,
      0.9999999403953552,
      0.3344101905822754,
      0.3811914920806885,
      0.3658939301967621,
      0.47930142283439636,
      0.4248880445957184,
      0.2884562611579895
    ],
    [
      0.32944008708000183,
      0.06143113970756531,
      0.30777066946029663,
      0.23505312204360962,
      0.16801674664020538,
      0.3723384439945221,
      0.26931434869766235,
      0.4335247874259949,
      0.44477009773254395,
      0.3344101905822754,
      1.0,
      0.3918290138244629,
      0.33194440603256226,
      0.42913952469825745,
      0.2831295132637024,
      0.3706028163433075
    ],
    [
      0.3179931938648224,
      0.19493867456912994,
      0.37115612626075745,
      0.36077696084976196,
      0.19234907627105713,
      0.3340066969394684,
      0.2674851715564728,
      0.4137858748435974,
      0.38491564989089966,
      0.3811914920806885,
      0.3918290138244629,
      0.9999999403953552,
      0.23198609054088593,
      0.36181607842445374,
      0.31168049573898315,
      0.3047310709953308
    ],
    [
      0.2695261538028717,
      -0.02371884137392044,
      0.2703494727611542,
      0.2898302376270294,
      -0.03475917875766754,
      0.27757740020751953,
      0.1998053342103958,
      0.31032589077949524,
      0.29360267519950867,
      0.3658939301967621,
      0.33194440603256226,
      0.23198609054088593,
      1.0,
      0.46481290459632874,
      0.4651961624622345,
      0.44656404852867126
    ],
    [
      0.27960559725761414,
      -0.02863749861717224,
      0.29249492287635803,
      0.26453542709350586,
      -0.051043372601270676,
      0.3024967908859253,
      0.18430054187774658,
      0.3660198450088501,
      0.30575165152549744,
      0.47930142283439636,
      0.42913952469825745,
      0.36181607842445374,
      0.46481290459632874,
      1.0,
      0.5707460641860962,
      0.6048651337623596
    ],
    [
      0.28887608647346497,
      -0.0027134367264807224,
      0.34610211849212646,
      0.2786227762699127,
      0.01652996987104416,
      0.33124789595603943,
      0.2318536937236786,
      0.32710811495780945,
      0.29847046732902527,
      0.4248880445957184,
      0.2831295132637024,
      0.31168049573898315,
      0.4651961624622345,
      0.5707460641860962,
      1.0,
      0.43527939915657043
    ],
    [
      0.19167500734329224,
      0.024728909134864807,
      0.22537270188331604,
      0.24224556982517242,
      -0.041029561311006546,
      0.2418251633644104,
      0.19796893000602722,
      0.3333043158054352,
      0.18320468068122864,
      0.2884562611579895,
      0.3706028163433075,
      0.3047310709953308,
      0.44656404852867126,
      0.6048651337623596,
      0.43527939915657043,
      1.0
    ]
  ]
}