{
  "game_number": 472,
  "words": [
    "CHAIN",
    "SERIES",
    "STRING",
    "TRAIN",
    "BASS",
    "DOVE",
    "DESERT",
    "WIND",
    "BEAR",
    "SAND",
    "SPEED",
    "TOURIST",
    "CROP",
    "POLO",
    "TANK",
    "TEE"
  ],
  "adjacency_matrix": [
    [
      1.0,
      0.3575628995895386,
      0.45597895979881287,
      0.37109410762786865,
      0.3192763030529022,
      0.2639544606208801,
      0.34530651569366455,
      0.32761943340301514,
      0.3545224368572235,
      0.32223445177078247,
      0.3437710702419281,
      0.3550178110599518,
      0.3065475523471832,
      0.311004102230072,
      0.3375289738178253,
      0.33453428745269775
    ],
    [
      0.3575628995895386,
      0.9999999403953552,
      0.3954385817050934,
      0.37040823698043823,
      0.228513702750206,
      0.206014022231102,
      0.31410956382751465,
      0.2550695538520813,
      0.31826603412628174,
      0.23428191244602203,
      0.296345591545105,
      0.2799781560897827,
      0.310170978307724,
      0.24052444100379944,
      0.3302476108074188,
      0.29197022318840027
    ],
    [
      0.45597895979881287,
      0.3954385817050934,
      1.0,
      0.3607611060142517,
      0.4109150469303131,
      0.3219228684902191,
      0.29109901189804077,
      0.4270698130130768,
      0.32803356647491455,
      0.4020169973373413,
      0.3124694228172302,
      0.31563708186149597,
      0.33418628573417664,
      0.2887314260005951,
      0.2612640857696533,
      0.290674090385437
    ],
    [
      0.37109410762786865,
      0.37040823698043823,
      0.3607611060142517,
      1.0,
      0.304583340883255,
      0.28157827258110046,
      0.40485066175460815,
      0.37832796573638916,
      0.4024292230606079,
      0.3803073763847351,
      0.4605426490306854,
      0.4618380665779114,
      0.36973056197166443,
      0.36178696155548096,
      0.42162495851516724,
      0.3150993585586548
    ],
    [
      0.3192763030529022,
      0.228513702750206,
      0.4109150469303131,
      0.304583340883255,
      1.0,
      0.35746026039123535,
      0.24962109327316284,
      0.3151523768901825,
      0.24158160388469696,
      0.3679109811782837,
      0.3233126103878021,
      0.3585600256919861,
      0.334707647562027,
      0.354414165019989,
      0.3444659113883972,
      0.3727601170539856
    ],
    [
      0.2639544606208801,
      0.206014022231102,
      0.3219228684902191,
      0.28157827258110046,
      0.35746026039123535,
      1.0,
      0.3239404559135437,
      0.3562334179878235,
      0.3490670919418335,
      0.3934204876422882,
      0.2542567253112793,
      0.24958859384059906,
      0.29119160771369934,
      0.31023213267326355,
      0.36721494793891907,
      0.2969816327095032
    ],
    [
      0.34530651569366455,
      0.31410956382751465,
      0.29109901189804077,
      0.40485066175460815,
      0.24962109327316284,
      0.3239404559135437,
      1.0,
      0.427092581987381,
      0.3578356206417084,
      0.533661425113678,
      0.31660085916519165,
      0.3812044858932495,
      0.3763227164745331,
      0.3630429804325104,
      0.40761521458625793,
      0.3079751431941986
    ],
    [
      0.32761943340301514,
      0.2550695538520813,
      0.4270698130130768,
      0.37832796573638916,
      0.3151523768901825,
      0.3562334179878235,
      0.427092581987381,
      1.0000001192092896,
      0.3757598400115967,
      0.5105758905410767,
      0.5332202911376953,
      0.34355664253234863,
      0.43510645627975464,
      0.29058846831321716,
      0.3095228970050812,
      0.38047856092453003
    ],
    [
      0.3545224368572235,
      0.31826603412628174,
      0.32803356647491455,
      0.4024292230606079,
      0.24158160388469696,
      0.3490670919418335,
      0.3578356206417084,
      0.3757598400115967,
      0.9999999403953552,
      0.3157184422016144,
      0.32852622866630554,
      0.33443671464920044,
      0.36250758171081543,
      0.23280201852321625,
      0.2979435324668884,
      0.33012285828590393
    ],
    [
      0.32223445177078247,
      0.23428191244602203,
      0.4020169973373413,
      0.3803073763847351,
      0.3679109811782837,
      0.3934204876422882,
      0.533661425113678,
      0.5105758905410767,
      0.3157184422016144,
      1.0,
      0.31975528597831726,
      0.3276638090610504,
      0.36748844385147095,
      0.3494655191898346,
      0.415917307138443,
      0.35520434379577637
    ],
    [
      0.3437710702419281,
      0.296345591545105,
      0.3124694228172302,
      0.4605426490306854,
      0.3233126103878021,
      0.2542567253112793,
      0.31660085916519165,
      0.5332202911376953,
      0.32852622866630554,
      0.31975528597831726,
      1.0,
      0.295899361371994,
      0.3661712110042572,
      0.2916572391986847,
      0.3258035182952881,
      0.3103106915950775
    ],
    [
      0.3550178110599518,
      0.2799781560897827,
      0.31563708186149597,
      0.4618380665779114,
      0.3585600256919861,
      0.24958859384059906,
      0.3812044858932495,
      0.34355664253234863,
      0.33443671464920044,
      0.3276638090610504,
      0.295899361371994,
      1.0,
      0.3728650212287903,
      0.37526047229766846,
      0.3064729571342468,
      0.32600855827331543
    ],
    [
      0.3065475523471832,
      0.310170978307724,
      0.33418628573417664,
      0.36973056197166443,
      0.334707647562027,
      0.29119160771369934,
      0.3763227164745331,
      0.43510645627975464,
      0.36250758171081543,
      0.36748844385147095,
      0.3661712110042572,
      0.3728650212287903,
      1.0,
      0.3129726052284241,
      0.3552989363670349,
      0.3173789083957672
    ],
    [
      0.311004102230072,
      0.24052444100379944,
      0.2887314260005951,
      0.36178696155548096,
      0.354414165019989,
      0.31023213267326355,
      0.3630429804325104,
      0.29058846831321716,
      0.23280201852321625,
      0.3494655191898346,
      0.2916572391986847,
      0.37526047229766846,
      0.3129726052284241,
      0.9999999403953552,
      0.38545745611190796,
      0.3482070863246918
    ],
    [
      0.3375289738178253,
      0.3302476108074188,
      0.2612640857696533,
      0.42162495851516724,
      0.3444659113883972,
      0.36721494793891907,
      0.40761521458625793,
      0.3095228970050812,
      0.2979435324668884,
      0.415917307138443,
      0.3258035182952881,
      0.3064729571342468,
      0.3552989363670349,
      0.38545745611190796,
      1.0,
      0.31302666664123535
    ],
    [
      0.33453428745269775,
      0.29197022318840027,
      0.290674090385437,
      0.3150993585586548,
      0.3727601170539856,
      0.2969816327095032,
      0.3079751431941986,
      0.38047856092453003,
      0.33012285828590393,
      0.35520434379577637,
      0.3103106915950775,
      0.32600855827331543,
      0.3173789083957672,
      0.3482070863246918,
      0.31302666664123535,
      1.0
    ]
  ]
}