{
  "game_number": 603,
  "words": [
    "DAFFY",
    "KOOKY",
    "QUIRKY",
    "WACKY",
    "DAISY",
    "DEWEY",
    "DONALD",
    "SCROOGE",
    "ALARM",
    "BIOLOGICAL",
    "CUCKOO",
    "GRANDFATHER",
    "CORDUROY",
    "DENIM",
    "LINEN",
    "TWEED"
  ],
  "adjacency_matrix": [
    [
      0.9999999403953552,
      0.6429414749145508,
      0.615907609462738,
      0.7122694849967957,
      0.36604824662208557,
      0.3535657525062561,
      0.3512490391731262,
      0.5116103887557983,
      0.2546069324016571,
      0.337293803691864,
      0.3595835864543915,
      0.34311944246292114,
      0.435763955116272,
      0.2511073052883148,
      0.22767427563667297,
      0.3699440062046051
    ],
    [
      0.6429414749145508,
      1.0,
      0.708839476108551,
      0.841110110282898,
      0.24182678759098053,
      0.20768827199935913,
      0.15736716985702515,
      0.33810290694236755,
      0.20723044872283936,
      0.3025397062301636,
      0.2470978945493698,
      0.23701997101306915,
      0.3297205865383148,
      0.28324079513549805,
      0.10012702643871307,
      0.23557057976722717
    ],
    [
      0.615907609462738,
      0.708839476108551,
      0.9999999403953552,
      0.7948748469352722,
      0.29151368141174316,
      0.20971429347991943,
      0.18884719908237457,
      0.36941927671432495,
      0.2807970643043518,
      0.42544084787368774,
      0.2587001621723175,
      0.31415101885795593,
      0.3909819424152374,
      0.2875300347805023,
      0.19877108931541443,
      0.3157821297645569
    ],
    [
      0.7122694849967957,
      0.841110110282898,
      0.7948748469352722,
      1.0,
      0.29567649960517883,
      0.24848850071430206,
      0.2538571357727051,
      0.39784374833106995,
      0.28968149423599243,
      0.40083733201026917,
      0.28667810559272766,
      0.2836155891418457,
      0.38699761033058167,
      0.2702837884426117,
      0.16497507691383362,
      0.2968306541442871
    ],
    [
      0.36604824662208557,
      0.24182678759098053,
      0.29151368141174316,
      0.29567649960517883,
      1.0,
      0.36435094475746155,
      0.32156845927238464,
      0.30198782682418823,
      0.22078783810138702,
      0.32631364464759827,
      0.3869093060493469,
      0.21576368808746338,
      0.38746270537376404,
      0.3023209273815155,
      0.341764897108078,
      0.3983694314956665
    ],
    [
      0.3535657525062561,
      0.20768827199935913,
      0.20971429347991943,
      0.24848850071430206,
      0.36435094475746155,
      1.0,
      0.44282636046409607,
      0.36929085850715637,
      0.23055896162986755,
      0.2223443239927292,
      0.26364776492118835,
      0.2689237892627716,
      0.4288778007030487,
      0.24392564594745636,
      0.27645134925842285,
      0.3306809067726135
    ],
    [
      0.3512490391731262,
      0.15736716985702515,
      0.18884719908237457,
      0.2538571357727051,
      0.32156845927238464,
      0.44282636046409607,
      1.0,
      0.44685783982276917,
      0.2220519632101059,
      0.21964919567108154,
      0.255718469619751,
      0.4158197343349457,
      0.3611066937446594,
      0.22951413691043854,
      0.24412348866462708,
      0.379427045583725
    ],
    [
      0.5116103887557983,
      0.33810290694236755,
      0.36941927671432495,
      0.39784374833106995,
      0.30198782682418823,
      0.36929085850715637,
      0.44685783982276917,
      1.0,
      0.24396400153636932,
      0.25090980529785156,
      0.3892585039138794,
      0.42004287242889404,
      0.3802289068698883,
      0.24037252366542816,
      0.315852552652359,
      0.3138710856437683
    ],
    [
      0.2546069324016571,
      0.20723044872283936,
      0.2807970643043518,
      0.28968149423599243,
      0.22078783810138702,
      0.23055896162986755,
      0.2220519632101059,
      0.24396400153636932,
      1.0,
      0.3679640591144562,
      0.3014601767063141,
      0.21527358889579773,
      0.2338884025812149,
      0.11275126039981842,
      0.17899265885353088,
      0.19803638756275177
    ],
    [
      0.337293803691864,
      0.3025397062301636,
      0.42544084787368774,
      0.40083733201026917,
      0.32631364464759827,
      0.2223443239927292,
      0.21964919567108154,
      0.25090980529785156,
      0.3679640591144562,
      1.0,
      0.25124427676200867,
      0.3398010730743408,
      0.3117471933364868,
      0.24901458621025085,
      0.25987356901168823,
      0.2769027650356293
    ],
    [
      0.3595835864543915,
      0.2470978945493698,
      0.2587001621723175,
      0.28667810559272766,
      0.3869093060493469,
      0.26364776492118835,
      0.255718469619751,
      0.3892585039138794,
      0.3014601767063141,
      0.25124427676200867,
      1.0,
      0.24920886754989624,
      0.27520695328712463,
      0.1621510535478592,
      0.25176870822906494,
      0.3126260042190552
    ],
    [
      0.34311944246292114,
      0.23701997101306915,
      0.31415101885795593,
      0.2836155891418457,
      0.21576368808746338,
      0.2689237892627716,
      0.4158197343349457,
      0.42004287242889404,
      0.21527358889579773,
      0.3398010730743408,
      0.24920886754989624,
      1.0,
      0.2976919710636139,
      0.20037467777729034,
      0.22745567560195923,
      0.2883354425430298
    ],
    [
      0.435763955116272,
      0.3297205865383148,
      0.3909819424152374,
      0.38699761033058167,
      0.38746270537376404,
      0.4288778007030487,
      0.3611066937446594,
      0.3802289068698883,
      0.2338884025812149,
      0.3117471933364868,
      0.27520695328712463,
      0.2976919710636139,
      1.0,
      0.6408208608627319,
      0.5312367081642151,
      0.6441763043403625
    ],
    [
      0.2511073052883148,
      0.28324079513549805,
      0.2875300347805023,
      0.2702837884426117,
      0.3023209273815155,
      0.24392564594745636,
      0.22951413691043854,
      0.24037252366542816,
      0.11275126039981842,
      0.24901458621025085,
      0.1621510535478592,
      0.20037467777729034,
      0.6408208608627319,
      0.9999999403953552,
      0.4602128863334656,
      0.5427830815315247
    ],
    [
      0.22767427563667297,
      0.10012702643871307,
      0.19877108931541443,
      0.16497507691383362,
      0.341764897108078,
      0.27645134925842285,
      0.24412348866462708,
      0.315852552652359,
      0.17899265885353088,
      0.25987356901168823,
      0.25176870822906494,
      0.22745567560195923,
      0.5312367081642151,
      0.4602128863334656,
      1.0,
      0.48919934034347534
    ],
    [
      0.3699440062046051,
      0.23557057976722717,
      0.3157821297645569,
      0.2968306541442871,
      0.3983694314956665,
      0.3306809067726135,
      0.379427045583725,
      0.3138710856437683,
      0.19803638756275177,
      0.2769027650356293,
      0.3126260042190552,
      0.2883354425430298,
      0.6441763043403625,
      0.5427830815315247,
      0.48919934034347534,
      0.9999999403953552
    ]
  ]
}