{"game_number":176,"words":["CREST","PEAK","SUMMIT","VERTEX","CELL","CONTACT","DIGITS","NUMBER","BABY","MINI","POCKET","TOY","BAG","BOARD","RACKS","TILES"],"adjacency_matrix":[[1.0,0.5075758695602417,0.46641644835472107,0.31735071539878845,0.30250078439712524,0.26018205285072327,0.2904416024684906,0.3359749913215637,0.337226539850235,0.33046281337738037,0.35752546787261963,0.32158783078193665,0.3292941153049469,0.33778780698776245,0.25909462571144104,0.26410961151123047],[0.5075758695602417,1.0,0.545997142791748,0.3358670473098755,0.33523690700531006,0.3352804183959961,0.2817015051841736,0.46244916319847107,0.29989922046661377,0.35757914185523987,0.3211255967617035,0.2352674901485443,0.2938162684440613,0.23331229388713837,0.2593708336353302,0.2028154730796814],[0.46641644835472107,0.545997142791748,1.0,0.27308449149131775,0.31717848777770996,0.3403953015804291,0.18627764284610748,0.26615166664123535,0.22505734860897064,0.3650203347206116,0.2902217209339142,0.2051241546869278,0.2918258011341095,0.32864248752593994,0.1812814623117447,0.09149091690778732],[0.31735071539878845,0.3358670473098755,0.27308449149131775,1.0,0.36492255330085754,0.3116118609905243,0.30319589376449585,0.3281719982624054,0.25502100586891174,0.22430354356765747,0.2240498661994934,0.2845478057861328,0.22720299661159515,0.2568713426589966,0.2532089054584503,0.3125787079334259],[0.30250078439712524,0.33523690700531006,0.31717848777770996,0.36492255330085754,1.0,0.3593396544456482,0.3087433874607086,0.4258395731449127,0.3408968150615692,0.39358362555503845,0.3876208961009979,0.322677880525589,0.3928634822368622,0.32665127515792847,0.35543110966682434,0.2694929242134094],[0.26018205285072327,0.3352804183959961,0.3403953015804291,0.3116118609905243,0.3593396544456482,1.0,0.27077755331993103,0.34991568326950073,0.2635820508003235,0.2583549916744232,0.2974996268749237,0.281279981136322,0.3270229995250702,0.3586982488632202,0.16439956426620483,0.20904190838336945],[0.2904416024684906,0.2817015051841736,0.18627764284610748,0.30319589376449585,0.3087433874607086,0.27077755331993103,1.0,0.5798280835151672,0.33561182022094727,0.25305771827697754,0.26347240805625916,0.2716263234615326,0.2840076684951782,0.15509219467639923,0.2493775486946106,0.3186153769493103],[0.3359749913215637,0.46244916319847107,0.26615166664123535,0.3281719982624054,0.4258395731449127,0.34991568326950073,0.5798280835151672,1.0,0.31621867418289185,0.31451818346977234,0.3467710316181183,0.35260164737701416,0.36974331736564636,0.2880244851112366,0.295095294713974,0.3354507386684418],[0.337226539850235,0.29989922046661377,0.22505734860897064,0.25502100586891174,0.3408968150615692,0.2635820508003235,0.33561182022094727,0.31621867418289185,1.0,0.444573312997818,0.36832770705223083,0.5250173807144165,0.48746761679649353,0.2749389410018921,0.28163012862205505,0.20948360860347748],[0.33046281337738037,0.35757914185523987,0.3650203347206116,0.22430354356765747,0.39358362555503845,0.2583549916744232,0.25305771827697754,0.31451818346977234,0.444573312997818,0.9999999403953552,0.4151102304458618,0.5121536254882812,0.4471162259578705,0.3513776361942291,0.37431392073631287,0.29337435960769653],[0.35752546787261963,0.3211255967617035,0.2902217209339142,0.2240498661994934,0.3876208961009979,0.2974996268749237,0.26347240805625916,0.3467710316181183,0.36832770705223083,0.4151102304458618,1.0,0.3951411545276642,0.607964277267456,0.3741191625595093,0.2950068712234497,0.2556614279747009],[0.32158783078193665,0.2352674901485443,0.2051241546869278,0.2845478057861328,0.322677880525589,0.281279981136322,0.2716263234615326,0.35260164737701416,0.5250173807144165,0.5121536254882812,0.3951411545276642,1.0,0.436393141746521,0.347888708114624,0.3132748603820801,0.2939543128013611],[0.3292941153049469,0.2938162684440613,0.2918258011341095,0.22720299661159515,0.3928634822368622,0.3270229995250702,0.2840076684951782,0.36974331736564636,0.48746761679649353,0.4471162259578705,0.607964277267456,0.436393141746521,0.9999999403953552,0.3742792308330536,0.3757561445236206,0.3069680631160736],[0.33778780698776245,0.23331229388713837,0.32864248752593994,0.2568713426589966,0.32665127515792847,0.3586982488632202,0.15509219467639923,0.2880244851112366,0.2749389410018921,0.3513776361942291,0.3741191625595093,0.347888708114624,0.3742792308330536,1.0,0.33045530319213867,0.3574475049972534],[0.25909462571144104,0.2593708336353302,0.1812814623117447,0.2532089054584503,0.35543110966682434,0.16439956426620483,0.2493775486946106,0.295095294713974,0.28163012862205505,0.37431392073631287,0.2950068712234497,0.3132748603820801,0.3757561445236206,0.33045530319213867,1.0,0.43212565779685974],[0.26410961151123047,0.2028154730796814,0.09149091690778732,0.3125787079334259,0.2694929242134094,0.20904190838336945,0.3186153769493103,0.3354507386684418,0.20948360860347748,0.29337435960769653,0.2556614279747009,0.2939543128013611,0.3069680631160736,0.3574475049972534,0.43212565779685974,1.0]]}