{"game_number":91,"words":["DEEP","EXTREME","FIERCE","INTENSE","BUMP","BUTT","KNOCK","RAM","FUZZ","NOISE","SNOW","STATIC","BLOODY","HAIL","PROUD","VIRGIN"],"adjacency_matrix":[[1.0,0.554749071598053,0.522246778011322,0.5964466333389282,0.41300398111343384,0.34051015973091125,0.3778494596481323,0.28679072856903076,0.41501379013061523,0.35232216119766235,0.40507426857948303,0.3981601297855377,0.47328776121139526,0.3350555896759033,0.38037458062171936,0.2828975021839142],[0.554749071598053,1.0,0.558753252029419,0.5933419466018677,0.35142025351524353,0.2818959355354309,0.2682986557483673,0.25273025035858154,0.38021743297576904,0.4031088650226593,0.34277719259262085,0.3928869962692261,0.4721246659755707,0.3022501468658447,0.33116114139556885,0.23648503422737122],[0.522246778011322,0.558753252029419,0.9999999403953552,0.7313455939292908,0.3152045011520386,0.32100021839141846,0.36201977729797363,0.3158148229122162,0.38624176383018494,0.3935057818889618,0.32132670283317566,0.4036498963832855,0.5780079960823059,0.38386842608451843,0.43864306807518005,0.29757270216941833],[0.5964466333389282,0.5933419466018677,0.7313455939292908,1.0,0.35248541831970215,0.26057755947113037,0.29994821548461914,0.20674100518226624,0.3778151571750641,0.4263112545013428,0.33913272619247437,0.4020673632621765,0.5019411444664001,0.28945136070251465,0.34116941690444946,0.2384650707244873],[0.41300398111343384,0.35142025351524353,0.3152045011520386,0.35248541831970215,1.0,0.5150272250175476,0.5854622721672058,0.4139319956302643,0.49261513352394104,0.41852638125419617,0.39026564359664917,0.33104947209358215,0.37764304876327515,0.38935229182243347,0.2621535658836365,0.2540726661682129],[0.34051015973091125,0.2818959355354309,0.32100021839141846,0.26057755947113037,0.5150272250175476,1.0,0.4930073022842407,0.41066327691078186,0.4510357975959778,0.3304721713066101,0.31758689880371094,0.2609332203865051,0.43827277421951294,0.3775313198566437,0.3303501605987549,0.2976160943508148],[0.3778494596481323,0.2682986557483673,0.36201977729797363,0.29994821548461914,0.5854622721672058,0.4930073022842407,1.0,0.3956260085105896,0.3933109939098358,0.43025970458984375,0.31911733746528625,0.32313069701194763,0.3969963490962982,0.4658103287220001,0.30841800570487976,0.24712127447128296],[0.28679072856903076,0.25273025035858154,0.3158148229122162,0.20674100518226624,0.4139319956302643,0.41066327691078186,0.3956260085105896,1.0,0.2592703700065613,0.2938021123409271,0.24003994464874268,0.298309862613678,0.29667750000953674,0.34824398159980774,0.21048545837402344,0.27000734210014343],[0.41501379013061523,0.38021743297576904,0.38624176383018494,0.3778151571750641,0.49261513352394104,0.4510357975959778,0.3933109939098358,0.2592703700065613,1.0,0.5570927262306213,0.40086787939071655,0.36404499411582947,0.4037834107875824,0.3684743642807007,0.2507175803184509,0.28409433364868164],[0.35232216119766235,0.4031088650226593,0.3935057818889618,0.4263112545013428,0.41852638125419617,0.3304721713066101,0.43025970458984375,0.2938021123409271,0.5570927262306213,1.0000001192092896,0.41444212198257446,0.4154042899608612,0.3475961685180664,0.384378582239151,0.2579021155834198,0.26893603801727295],[0.40507426857948303,0.34277719259262085,0.32132670283317566,0.33913272619247437,0.39026564359664917,0.31758689880371094,0.31911733746528625,0.24003994464874268,0.40086787939071655,0.41444212198257446,1.0,0.31406480073928833,0.3458186686038971,0.46919798851013184,0.20522917807102203,0.33629748225212097],[0.3981601297855377,0.3928869962692261,0.4036498963832855,0.4020673632621765,0.33104947209358215,0.2609332203865051,0.32313069701194763,0.298309862613678,0.36404499411582947,0.4154042899608612,0.31406480073928833,1.0,0.39674845337867737,0.2756333649158478,0.32108327746391296,0.26655393838882446],[0.47328776121139526,0.4721246659755707,0.5780079960823059,0.5019411444664001,0.37764304876327515,0.43827277421951294,0.3969963490962982,0.29667750000953674,0.4037834107875824,0.3475961685180664,0.3458186686038971,0.39674845337867737,1.0,0.37722405791282654,0.44123172760009766,0.3811725080013275],[0.3350555896759033,0.3022501468658447,0.38386842608451843,0.28945136070251465,0.38935229182243347,0.3775313198566437,0.4658103287220001,0.34824398159980774,0.3684743642807007,0.384378582239151,0.46919798851013184,0.2756333649158478,0.37722405791282654,1.0,0.3499631881713867,0.26586461067199707],[0.38037458062171936,0.33116114139556885,0.43864306807518005,0.34116941690444946,0.2621535658836365,0.3303501605987549,0.30841800570487976,0.21048545837402344,0.2507175803184509,0.2579021155834198,0.20522917807102203,0.32108327746391296,0.44123172760009766,0.3499631881713867,1.0,0.32039523124694824],[0.2828975021839142,0.23648503422737122,0.29757270216941833,0.2384650707244873,0.2540726661682129,0.2976160943508148,0.24712127447128296,0.27000734210014343,0.28409433364868164,0.26893603801727295,0.33629748225212097,0.26655393838882446,0.3811725080013275,0.26586461067199707,0.32039523124694824,1.0]]}