{"game_number":150,"words":["LUMBER","PLOD","STOMP","TRUDGE","ELASTIC","LIMBER","PLASTIC","SUPPLE","FOIL","GLOVE","JACKET","MASK","BASSINET","CELLOPHANE","HARPOON","ORGANISM"],"adjacency_matrix":[[1.0,0.1930425614118576,0.30867594480514526,0.32014548778533936,0.31428465247154236,0.38493412733078003,0.4517395496368408,0.30466321110725403,0.2760128080844879,0.2987367510795593,0.24501821398735046,0.23209445178508759,0.2958928048610687,0.3129887282848358,0.237611323595047,0.21060946583747864],[0.1930425614118576,1.0,0.38927215337753296,0.5985556840896606,0.1691402643918991,0.341966837644577,0.2648559510707855,0.24706317484378815,0.28360995650291443,0.2359432876110077,0.2543034851551056,0.2171671986579895,0.13086645305156708,0.15850494801998138,0.25650525093078613,0.17625632882118225],[0.30867594480514526,0.38927215337753296,0.9999999403953552,0.48539644479751587,0.2583164572715759,0.37169137597084045,0.31957799196243286,0.29369834065437317,0.28150856494903564,0.3199896514415741,0.2862749397754669,0.31299540400505066,0.3000764548778534,0.24820572137832642,0.284432590007782,0.2351638674736023],[0.32014548778533936,0.5985556840896606,0.48539644479751587,1.0,0.20346513390541077,0.4245506227016449,0.30410903692245483,0.2916087210178375,0.2443562000989914,0.26393893361091614,0.31623807549476624,0.2806643545627594,0.2406059056520462,0.2375071942806244,0.2001919150352478,0.2135118991136551],[0.31428465247154236,0.1691402643918991,0.2583164572715759,0.20346513390541077,1.0,0.4641408622264862,0.5691722631454468,0.6175260543823242,0.37117868661880493,0.3644750714302063,0.36718979477882385,0.3220643401145935,0.32853373885154724,0.4333491921424866,0.2765769362449646,0.26407238841056824],[0.38493412733078003,0.341966837644577,0.37169137597084045,0.4245506227016449,0.4641408622264862,0.9999999403953552,0.38298851251602173,0.6465093493461609,0.2958911955356598,0.3224678933620453,0.3310432434082031,0.24888396263122559,0.3781397044658661,0.27694767713546753,0.34028735756874084,0.30531013011932373],[0.4517395496368408,0.2648559510707855,0.31957799196243286,0.30410903692245483,0.5691722631454468,0.38298851251602173,1.0,0.42127472162246704,0.5306205153465271,0.5063517689704895,0.4968574345111847,0.4984876811504364,0.49725329875946045,0.610749363899231,0.3213593363761902,0.3627619743347168],[0.30466321110725403,0.24706317484378815,0.29369834065437317,0.2916087210178375,0.6175260543823242,0.6465093493461609,0.42127472162246704,1.0,0.3444380760192871,0.3760196268558502,0.32473427057266235,0.26196345686912537,0.35355061292648315,0.36425742506980896,0.2425985187292099,0.3279421925544739],[0.2760128080844879,0.28360995650291443,0.28150856494903564,0.2443562000989914,0.37117868661880493,0.2958911955356598,0.5306205153465271,0.3444380760192871,1.0,0.47260525822639465,0.42236295342445374,0.5066142082214355,0.26638302206993103,0.4217362403869629,0.35426342487335205,0.22267605364322662],[0.2987367510795593,0.2359432876110077,0.3199896514415741,0.26393893361091614,0.3644750714302063,0.3224678933620453,0.5063517689704895,0.3760196268558502,0.47260525822639465,1.0,0.5777459740638733,0.5243839621543884,0.3681853115558624,0.407817006111145,0.32848796248435974,0.35492897033691406],[0.24501821398735046,0.2543034851551056,0.2862749397754669,0.31623807549476624,0.36718979477882385,0.3310432434082031,0.4968574345111847,0.32473427057266235,0.42236295342445374,0.5777459740638733,1.0,0.5105579495429993,0.3689854145050049,0.4466298222541809,0.3158160448074341,0.24961324036121368],[0.23209445178508759,0.2171671986579895,0.31299540400505066,0.2806643545627594,0.3220643401145935,0.24888396263122559,0.4984876811504364,0.26196345686912537,0.5066142082214355,0.5243839621543884,0.5105579495429993,0.9999999403953552,0.24561218917369843,0.3182174861431122,0.32107946276664734,0.29152634739875793],[0.2958928048610687,0.13086645305156708,0.3000764548778534,0.2406059056520462,0.32853373885154724,0.3781397044658661,0.49725329875946045,0.35355061292648315,0.26638302206993103,0.3681853115558624,0.3689854145050049,0.24561218917369843,1.0,0.43248996138572693,0.1868150681257248,0.27263006567955017],[0.3129887282848358,0.15850494801998138,0.24820572137832642,0.2375071942806244,0.4333491921424866,0.27694767713546753,0.610749363899231,0.36425742506980896,0.4217362403869629,0.407817006111145,0.4466298222541809,0.3182174861431122,0.43248996138572693,1.0,0.19784218072891235,0.33883264660835266],[0.237611323595047,0.25650525093078613,0.284432590007782,0.2001919150352478,0.2765769362449646,0.34028735756874084,0.3213593363761902,0.2425985187292099,0.35426342487335205,0.32848796248435974,0.3158160448074341,0.32107946276664734,0.1868150681257248,0.19784218072891235,1.0,0.26126667857170105],[0.21060946583747864,0.17625632882118225,0.2351638674736023,0.2135118991136551,0.26407238841056824,0.30531013011932373,0.3627619743347168,0.3279421925544739,0.22267605364322662,0.35492897033691406,0.24961324036121368,0.29152634739875793,0.27263006567955017,0.33883264660835266,0.26126667857170105,1.0]]}