{"game_number":61,"words":["LOOT","RAID","ROB","SACK","CLOUT","PULL","SWAY","WEIGHT","BOB","CROP","FADE","SHAG","BOBBY","HAIR","PUSH","SAFETY"],"adjacency_matrix":[[0.9999999403953552,0.5427021980285645,0.6319453120231628,0.5185863971710205,0.34051713347435,0.39552927017211914,0.3206266760826111,0.2795938551425934,0.17886172235012054,0.3167762756347656,0.29165640473365784,0.23869188129901886,0.24237579107284546,0.25124043226242065,0.3393751084804535,0.24767425656318665],[0.5427021980285645,1.0,0.42055100202560425,0.4708283841609955,0.26748648285865784,0.3826831877231598,0.26477524638175964,0.19664634764194489,0.19769984483718872,0.35472777485847473,0.2468264251947403,0.219077467918396,0.2845038175582886,0.23933984339237213,0.3986964225769043,0.3346942961215973],[0.6319453120231628,0.42055100202560425,1.0,0.4199036657810211,0.32720908522605896,0.4433128237724304,0.3633992373943329,0.24493439495563507,0.3445073962211609,0.30186718702316284,0.33040595054626465,0.3066185414791107,0.38594678044319153,0.26111724972724915,0.38292187452316284,0.29297736287117004],[0.5185863971710205,0.4708283841609955,0.4199036657810211,1.0000001192092896,0.2823808491230011,0.473450630903244,0.30690908432006836,0.3429369032382965,0.27771303057670593,0.39999884366989136,0.2763857841491699,0.4068540632724762,0.3447059094905853,0.34348422288894653,0.38685843348503113,0.3340998888015747],[0.34051713347435,0.26748648285865784,0.32720908522605896,0.2823808491230011,1.0,0.4381084740161896,0.5432772040367126,0.4950629472732544,0.19115902483463287,0.32964378595352173,0.3171125054359436,0.19862474501132965,0.21424391865730286,0.30051949620246887,0.47392478585243225,0.348896861076355],[0.39552927017211914,0.3826831877231598,0.4433128237724304,0.473450630903244,0.4381084740161896,1.0,0.5557445287704468,0.46731406450271606,0.3484879434108734,0.3580111861228943,0.4672418236732483,0.3094981610774994,0.33763229846954346,0.38564741611480713,0.792289137840271,0.3546704947948456],[0.3206266760826111,0.26477524638175964,0.3633992373943329,0.30690908432006836,0.5432772040367126,0.5557445287704468,1.0,0.5453121662139893,0.28939303755760193,0.34188568592071533,0.47006648778915405,0.23041932284832,0.230202317237854,0.3325952887535095,0.5689194798469543,0.3716563284397125],[0.2795938551425934,0.19664634764194489,0.24493439495563507,0.3429369032382965,0.4950629472732544,0.46731406450271606,0.5453121662139893,1.0,0.23540371656417847,0.347513347864151,0.3127191364765167,0.1644819676876068,0.21573568880558014,0.4072575569152832,0.39515089988708496,0.44436222314834595],[0.17886172235012054,0.19769984483718872,0.3445073962211609,0.27771303057670593,0.19115902483463287,0.3484879434108734,0.28939303755760193,0.23540371656417847,1.0,0.2895525395870209,0.24743348360061646,0.3592204451560974,0.6158320307731628,0.43707215785980225,0.24772250652313232,0.12951664626598358],[0.3167762756347656,0.35472777485847473,0.30186718702316284,0.39999884366989136,0.32964378595352173,0.3580111861228943,0.34188568592071533,0.347513347864151,0.2895525395870209,1.0,0.34843894839286804,0.29087260365486145,0.29675042629241943,0.3869611918926239,0.35639867186546326,0.34413275122642517],[0.29165640473365784,0.2468264251947403,0.33040595054626465,0.2763857841491699,0.3171125054359436,0.4672418236732483,0.47006648778915405,0.3127191364765167,0.24743348360061646,0.34843894839286804,1.0,0.2522507607936859,0.27315378189086914,0.3700794279575348,0.43329566717147827,0.3093748092651367],[0.23869188129901886,0.219077467918396,0.3066185414791107,0.4068540632724762,0.19862474501132965,0.3094981610774994,0.23041932284832,0.1644819676876068,0.3592204451560974,0.29087260365486145,0.2522507607936859,1.0000001192092896,0.37408754229545593,0.4012700617313385,0.23313328623771667,0.14499308168888092],[0.24237579107284546,0.2845038175582886,0.38594678044319153,0.3447059094905853,0.21424391865730286,0.33763229846954346,0.230202317237854,0.21573568880558014,0.6158320307731628,0.29675042629241943,0.27315378189086914,0.37408754229545593,1.0,0.38942229747772217,0.26737844944000244,0.28742507100105286],[0.25124043226242065,0.23933984339237213,0.26111724972724915,0.34348422288894653,0.30051949620246887,0.38564741611480713,0.3325952887535095,0.4072575569152832,0.43707215785980225,0.3869611918926239,0.3700794279575348,0.4012700617313385,0.38942229747772217,1.0,0.26072874665260315,0.31102731823921204],[0.3393751084804535,0.3986964225769043,0.38292187452316284,0.38685843348503113,0.47392478585243225,0.792289137840271,0.5689194798469543,0.39515089988708496,0.24772250652313232,0.35639867186546326,0.43329566717147827,0.23313328623771667,0.26737844944000244,0.26072874665260315,0.9999999403953552,0.36602285504341125],[0.24767425656318665,0.3346942961215973,0.29297736287117004,0.3340998888015747,0.348896861076355,0.3546704947948456,0.3716563284397125,0.44436222314834595,0.12951664626598358,0.34413275122642517,0.3093748092651367,0.14499308168888092,0.28742507100105286,0.31102731823921204,0.36602285504341125,1.0]]}