{
  "game_number": 365,
  "words": [
    "BAKE",
    "BASK",
    "SUN",
    "TAN",
    "AFFECT",
    "IMPACT",
    "MOVE",
    "TOUCH",
    "SEN",
    "SIGHT",
    "SINE",
    "SOUR",
    "BEAKER",
    "DROPPER",
    "GOGGLES",
    "MICROSCOPE"
  ],
  "adjacency_matrix": [
    [
      1.0,
      0.4196203052997589,
      0.3606429100036621,
      0.35760369896888733,
      0.3761076331138611,
      0.276265412569046,
      0.3793080151081085,
      0.3752683699131012,
      0.3139496147632599,
      0.22043843567371368,
      0.34882333874702454,
      0.34390583634376526,
      0.2851239740848541,
      0.24424898624420166,
      0.2182627022266388,
      0.23717355728149414
    ],
    [
      0.4196203052997589,
      1.0,
      0.5260617136955261,
      0.43085500597953796,
      0.3435582220554352,
      0.31554749608039856,
      0.3995797336101532,
      0.48873409628868103,
      0.2867763638496399,
      0.376253604888916,
      0.2934035360813141,
      0.3677407205104828,
      0.29049691557884216,
      0.28742358088493347,
      0.24597284197807312,
      0.29881763458251953
    ],
    [
      0.3606429100036621,
      0.5260617136955261,
      1.0,
      0.5142943263053894,
      0.29936641454696655,
      0.28762906789779663,
      0.2509970963001251,
      0.34394189715385437,
      0.24418506026268005,
      0.3631253242492676,
      0.33052322268486023,
      0.2662971019744873,
      0.2835039496421814,
      0.25228413939476013,
      0.3183527886867523,
      0.2860881984233856
    ],
    [
      0.35760369896888733,
      0.43085500597953796,
      0.5142943263053894,
      1.0,
      0.24905815720558167,
      0.21754465997219086,
      0.24080854654312134,
      0.3709237575531006,
      0.32550498843193054,
      0.28376683592796326,
      0.4175605773925781,
      0.3832543194293976,
      0.26977208256721497,
      0.23859967291355133,
      0.3415907621383667,
      0.24388039112091064
    ],
    [
      0.3761076331138611,
      0.3435582220554352,
      0.29936641454696655,
      0.24905815720558167,
      1.0,
      0.7709115743637085,
      0.5184453129768372,
      0.5735630989074707,
      0.31044426560401917,
      0.39482125639915466,
      0.24808736145496368,
      0.39210012555122375,
      0.16733700037002563,
      0.3153539001941681,
      0.18368194997310638,
      0.22154134511947632
    ],
    [
      0.276265412569046,
      0.31554749608039856,
      0.28762906789779663,
      0.21754465997219086,
      0.7709115743637085,
      1.0,
      0.46935102343559265,
      0.5215039849281311,
      0.22246704995632172,
      0.41701728105545044,
      0.2440796196460724,
      0.3111727237701416,
      0.20805223286151886,
      0.29041287302970886,
      0.1855567842721939,
      0.25078287720680237
    ],
    [
      0.3793080151081085,
      0.3995797336101532,
      0.2509970963001251,
      0.24080854654312134,
      0.5184453129768372,
      0.46935102343559265,
      0.9999999403953552,
      0.5596646666526794,
      0.31973162293434143,
      0.4400775134563446,
      0.28415754437446594,
      0.2954162061214447,
      0.2342720329761505,
      0.3889749050140381,
      0.15352971851825714,
      0.30323153734207153
    ],
    [
      0.3752683699131012,
      0.48873409628868103,
      0.34394189715385437,
      0.3709237575531006,
      0.5735630989074707,
      0.5215039849281311,
      0.5596646666526794,
      1.0,
      0.35485291481018066,
      0.6178578734397888,
      0.33922895789146423,
      0.4412335157394409,
      0.29079973697662354,
      0.4100593626499176,
      0.31151220202445984,
      0.36536920070648193
    ],
    [
      0.3139496147632599,
      0.2867763638496399,
      0.24418506026268005,
      0.32550498843193054,
      0.31044426560401917,
      0.22246704995632172,
      0.31973162293434143,
      0.35485291481018066,
      0.9999999403953552,
      0.30778172612190247,
      0.42703521251678467,
      0.28514909744262695,
      0.19230690598487854,
      0.3605867624282837,
      0.1278589963912964,
      0.16724830865859985
    ],
    [
      0.22043843567371368,
      0.376253604888916,
      0.3631253242492676,
      0.28376683592796326,
      0.39482125639915466,
      0.41701728105545044,
      0.4400775134563446,
      0.6178578734397888,
      0.30778172612190247,
      1.0,
      0.3030751347541809,
      0.3472846746444702,
      0.2369411140680313,
      0.3567386865615845,
      0.361184298992157,
      0.3927874267101288
    ],
    [
      0.34882333874702454,
      0.2934035360813141,
      0.33052322268486023,
      0.4175605773925781,
      0.24808736145496368,
      0.2440796196460724,
      0.28415754437446594,
      0.33922895789146423,
      0.42703521251678467,
      0.3030751347541809,
      1.0,
      0.2997778058052063,
      0.20314277708530426,
      0.27044665813446045,
      0.09034564346075058,
      0.22541609406471252
    ],
    [
      0.34390583634376526,
      0.3677407205104828,
      0.2662971019744873,
      0.3832543194293976,
      0.39210012555122375,
      0.3111727237701416,
      0.2954162061214447,
      0.4412335157394409,
      0.28514909744262695,
      0.3472846746444702,
      0.2997778058052063,
      1.0,
      0.24783150851726532,
      0.3003664016723633,
      0.17742133140563965,
      0.20446425676345825
    ],
    [
      0.2851239740848541,
      0.29049691557884216,
      0.2835039496421814,
      0.26977208256721497,
      0.16733700037002563,
      0.20805223286151886,
      0.2342720329761505,
      0.29079973697662354,
      0.19230690598487854,
      0.2369411140680313,
      0.20314277708530426,
      0.24783150851726532,
      1.0,
      0.5335731506347656,
      0.31957852840423584,
      0.3778568506240845
    ],
    [
      0.24424898624420166,
      0.28742358088493347,
      0.25228413939476013,
      0.23859967291355133,
      0.3153539001941681,
      0.29041287302970886,
      0.3889749050140381,
      0.4100593626499176,
      0.3605867624282837,
      0.3567386865615845,
      0.27044665813446045,
      0.3003664016723633,
      0.5335731506347656,
      1.0,
      0.3114544749259949,
      0.3339307904243469
    ],
    [
      0.2182627022266388,
      0.24597284197807312,
      0.3183527886867523,
      0.3415907621383667,
      0.18368194997310638,
      0.1855567842721939,
      0.15352971851825714,
      0.31151220202445984,
      0.1278589963912964,
      0.361184298992157,
      0.09034564346075058,
      0.17742133140563965,
      0.31957852840423584,
      0.3114544749259949,
      1.0,
      0.33085882663726807
    ],
    [
      0.23717355728149414,
      0.29881763458251953,
      0.2860881984233856,
      0.24388039112091064,
      0.22154134511947632,
      0.25078287720680237,
      0.30323153734207153,
      0.36536920070648193,
      0.16724830865859985,
      0.3927874267101288,
      0.22541609406471252,
      0.20446425676345825,
      0.3778568506240845,
      0.3339307904243469,
      0.33085882663726807,
      0.9999999403953552
    ]
  ]
}