{"game_number":3,"words":["STRAIN","TAX","TEST","TRY","MIX","SAMPLE","SCRATCH","SPIN","DIRECT","IRREGULAR","POSSESSIVE","PRESENT","ECOLOGICAL","JEALOUS","LUSH","NAUSEOUS"],"adjacency_matrix":[[1.0,0.3686603903770447,0.5027746558189392,0.2891296446323395,0.4776419699192047,0.41961920261383057,0.3786827623844147,0.4323461949825287,0.4116590619087219,0.38448357582092285,0.3555282652378082,0.4154726564884186,0.38615837693214417,0.37208861112594604,0.25495970249176025,0.3152550756931305],[0.3686603903770447,1.0,0.35615745186805725,0.25196877121925354,0.378643661737442,0.3254302144050598,0.2687112092971802,0.4038333296775818,0.4108976125717163,0.326253205537796,0.23792241513729095,0.32282230257987976,0.38102987408638,0.24757987260818481,0.25433507561683655,0.18802836537361145],[0.5027746558189392,0.35615745186805725,1.0,0.4979220926761627,0.4187873303890228,0.556462824344635,0.39245015382766724,0.4179169535636902,0.45795726776123047,0.28683051466941833,0.23407356441020966,0.4407559931278229,0.34916800260543823,0.25845637917518616,0.16554716229438782,0.18860754370689392],[0.2891296446323395,0.25196877121925354,0.4979220926761627,0.9999999403953552,0.4592505395412445,0.34377047419548035,0.4391540288925171,0.41621047258377075,0.4151691496372223,0.18046574294567108,0.189808189868927,0.44700461626052856,0.15231885015964508,0.2692517638206482,0.13834457099437714,0.21312782168388367],[0.4776419699192047,0.378643661737442,0.4187873303890228,0.4592505395412445,1.0,0.5384486317634583,0.45804843306541443,0.5172776579856873,0.43811720609664917,0.3168235123157501,0.259664922952652,0.4551866352558136,0.30628445744514465,0.25211527943611145,0.38463056087493896,0.2269473671913147],[0.41961920261383057,0.3254302144050598,0.556462824344635,0.34377047419548035,0.5384486317634583,1.0,0.40902605652809143,0.36674410104751587,0.4135856330394745,0.34510043263435364,0.20379219949245453,0.4597279131412506,0.29874387383461,0.16287308931350708,0.28368911147117615,0.16236676275730133],[0.3786827623844147,0.2687112092971802,0.39245015382766724,0.4391540288925171,0.45804843306541443,0.40902605652809143,1.0000001192092896,0.39522653818130493,0.4222398102283478,0.30858325958251953,0.24747854471206665,0.4332834780216217,0.2009257674217224,0.2671560049057007,0.2479691505432129,0.2780505418777466],[0.4323461949825287,0.4038333296775818,0.4179169535636902,0.41621047258377075,0.5172776579856873,0.36674410104751587,0.39522653818130493,0.9999999403953552,0.4101109504699707,0.31363630294799805,0.21739542484283447,0.3474346399307251,0.27064070105552673,0.25630223751068115,0.28987476229667664,0.32101184129714966],[0.4116590619087219,0.4108976125717163,0.45795726776123047,0.4151691496372223,0.43811720609664917,0.4135856330394745,0.4222398102283478,0.4101109504699707,1.0,0.3965528905391693,0.37733155488967896,0.569881021976471,0.3939948081970215,0.3054533898830414,0.29635685682296753,0.22214077413082123],[0.38448357582092285,0.326253205537796,0.28683051466941833,0.18046574294567108,0.3168235123157501,0.34510043263435364,0.30858325958251953,0.31363630294799805,0.3965528905391693,1.0,0.44007977843284607,0.3763101398944855,0.3660639226436615,0.35440146923065186,0.4029315710067749,0.3736211955547333],[0.3555282652378082,0.23792241513729095,0.23407356441020966,0.189808189868927,0.259664922952652,0.20379219949245453,0.24747854471206665,0.21739542484283447,0.37733155488967896,0.44007977843284607,1.0,0.38489940762519836,0.27820277214050293,0.5207085609436035,0.288413405418396,0.3642715811729431],[0.4154726564884186,0.32282230257987976,0.4407559931278229,0.44700461626052856,0.4551866352558136,0.4597279131412506,0.4332834780216217,0.3474346399307251,0.569881021976471,0.3763101398944855,0.38489940762519836,0.9999999403953552,0.355940043926239,0.26280277967453003,0.2331048548221588,0.24705934524536133],[0.38615837693214417,0.38102987408638,0.34916800260543823,0.15231885015964508,0.30628445744514465,0.29874387383461,0.2009257674217224,0.27064070105552673,0.3939948081970215,0.3660639226436615,0.27820277214050293,0.355940043926239,1.0,0.2760816812515259,0.4148905873298645,0.27053743600845337],[0.37208861112594604,0.24757987260818481,0.25845637917518616,0.2692517638206482,0.25211527943611145,0.16287308931350708,0.2671560049057007,0.25630223751068115,0.3054533898830414,0.35440146923065186,0.5207085609436035,0.26280277967453003,0.2760816812515259,1.0,0.3127872943878174,0.4560414254665375],[0.25495970249176025,0.25433507561683655,0.16554716229438782,0.13834457099437714,0.38463056087493896,0.28368911147117615,0.2479691505432129,0.28987476229667664,0.29635685682296753,0.4029315710067749,0.288413405418396,0.2331048548221588,0.4148905873298645,0.3127872943878174,1.0,0.3097505569458008],[0.3152550756931305,0.18802836537361145,0.18860754370689392,0.21312782168388367,0.2269473671913147,0.16236676275730133,0.2780505418777466,0.32101184129714966,0.22214077413082123,0.3736211955547333,0.3642715811729431,0.24705934524536133,0.27053743600845337,0.4560414254665375,0.3097505569458008,1.0]]}