{"game_number":165,"words":["REWIND","SHUFFLE","SKIP","STOP","AIR","RUN","SCREEN","SHOW","BATH","CARD","CURTAIN","PICTURE","EON","ETHER","NET","TOW"],"adjacency_matrix":[[0.9999999403953552,0.4340331554412842,0.4849541485309601,0.4904870390892029,0.2124139815568924,0.39859333634376526,0.3361053764820099,0.3496912121772766,0.2434874325990677,0.26620832085609436,0.3307555615901947,0.2567636966705322,0.18250708281993866,0.22723691165447235,0.20258259773254395,0.3162924647331238],[0.4340331554412842,1.0,0.5224344730377197,0.36032727360725403,0.3433426320552826,0.3769093155860901,0.365923136472702,0.326722651720047,0.29713553190231323,0.44140905141830444,0.2843123972415924,0.3629729151725769,0.10977044701576233,0.28606054186820984,0.2948401868343353,0.32685530185699463],[0.4849541485309601,0.5224344730377197,1.0,0.5265145301818848,0.2767099440097809,0.5160263776779175,0.43296322226524353,0.34581154584884644,0.2833302319049835,0.31913989782333374,0.3071044981479645,0.27408725023269653,0.1791643649339676,0.2898103594779968,0.24581904709339142,0.40210476517677307],[0.4904870390892029,0.36032727360725403,0.5265145301818848,1.0,0.36904028058052063,0.5334755182266235,0.4199022352695465,0.4611932337284088,0.32886648178100586,0.3518223166465759,0.3821720778942108,0.37591126561164856,0.16684149205684662,0.29357394576072693,0.27491316199302673,0.40546727180480957],[0.2124139815568924,0.3433426320552826,0.2767099440097809,0.36904028058052063,1.0,0.4119420647621155,0.4339090883731842,0.47460034489631653,0.4100135564804077,0.35553911328315735,0.421938955783844,0.39202454686164856,0.14036870002746582,0.5043016672134399,0.42881831526756287,0.3681863248348236],[0.39859333634376526,0.3769093155860901,0.5160263776779175,0.5334755182266235,0.4119420647621155,1.0,0.4441140294075012,0.5310747027397156,0.4061340093612671,0.3376086950302124,0.3460085391998291,0.3764802813529968,0.1480792611837387,0.28940796852111816,0.379711776971817,0.4589739739894867],[0.3361053764820099,0.365923136472702,0.43296322226524353,0.4199022352695465,0.4339090883731842,0.4441140294075012,1.0,0.5131092071533203,0.312902569770813,0.4715833365917206,0.4967968761920929,0.5752857327461243,0.13562512397766113,0.2928546965122223,0.4176410138607025,0.3413330018520355],[0.3496912121772766,0.326722651720047,0.34581154584884644,0.4611932337284088,0.47460034489631653,0.5310747027397156,0.5131092071533203,0.9999999403953552,0.2730982303619385,0.39518260955810547,0.4193871319293976,0.539239227771759,0.13568651676177979,0.285564124584198,0.40935105085372925,0.374396950006485],[0.2434874325990677,0.29713553190231323,0.2833302319049835,0.32886648178100586,0.4100135564804077,0.4061340093612671,0.312902569770813,0.2730982303619385,1.0,0.28163671493530273,0.3728390336036682,0.37086641788482666,0.18061043322086334,0.34498122334480286,0.3070611357688904,0.3434937298297882],[0.26620832085609436,0.44140905141830444,0.31913989782333374,0.3518223166465759,0.35553911328315735,0.3376086950302124,0.4715833365917206,0.39518260955810547,0.28163671493530273,0.9999999403953552,0.3720364570617676,0.4998466670513153,0.10910368710756302,0.2753823399543762,0.3520239293575287,0.3060533404350281],[0.3307555615901947,0.2843123972415924,0.3071044981479645,0.3821720778942108,0.421938955783844,0.3460085391998291,0.4967968761920929,0.4193871319293976,0.3728390336036682,0.3720364570617676,1.0,0.38514086604118347,0.1478903442621231,0.2960723638534546,0.38688400387763977,0.3518715500831604],[0.2567636966705322,0.3629729151725769,0.27408725023269653,0.37591126561164856,0.39202454686164856,0.3764802813529968,0.5752857327461243,0.539239227771759,0.37086641788482666,0.4998466670513153,0.38514086604118347,1.0,0.20434942841529846,0.332864373922348,0.40340158343315125,0.3574768006801605],[0.18250708281993866,0.10977044701576233,0.1791643649339676,0.16684149205684662,0.14036870002746582,0.1480792611837387,0.13562512397766113,0.13568651676177979,0.18061043322086334,0.10910368710756302,0.1478903442621231,0.20434942841529846,1.0,0.2210242748260498,0.14154775440692902,0.14326725900173187],[0.22723691165447235,0.28606054186820984,0.2898103594779968,0.29357394576072693,0.5043016672134399,0.28940796852111816,0.2928546965122223,0.285564124584198,0.34498122334480286,0.2753823399543762,0.2960723638534546,0.332864373922348,0.2210242748260498,0.9999999403953552,0.36881187558174133,0.33425670862197876],[0.20258259773254395,0.2948401868343353,0.24581904709339142,0.27491316199302673,0.42881831526756287,0.379711776971817,0.4176410138607025,0.40935105085372925,0.3070611357688904,0.3520239293575287,0.38688400387763977,0.40340158343315125,0.14154775440692902,0.36881187558174133,1.0,0.35393446683883667],[0.3162924647331238,0.32685530185699463,0.40210476517677307,0.40546727180480957,0.3681863248348236,0.4589739739894867,0.3413330018520355,0.374396950006485,0.3434937298297882,0.3060533404350281,0.3518715500831604,0.3574768006801605,0.14326725900173187,0.33425670862197876,0.35393446683883667,1.0]]}