{"game_number":334,"words":["BLOCKS","DOLL","TOP","YO-YO","BAGGAGE","EGGNOG","GIGGLE","LEGGINGS","DUNCAN","JULIET","PUCK","VIOLA","FISH","HOCKEY","MEMORY","SELFIE"],"adjacency_matrix":[[1.0,0.2790093719959259,0.3414898216724396,0.18983063101768494,0.23693616688251495,0.1832982748746872,0.19591578841209412,0.3144669532775879,0.2588667571544647,0.1549517661333084,0.2403462678194046,0.16809920966625214,0.3200792372226715,0.23801440000534058,0.3930560052394867,0.1913478523492813],[0.2790093719959259,1.0,0.313950777053833,0.39469069242477417,0.22938135266304016,0.25673800706863403,0.3581793010234833,0.31887757778167725,0.3135848939418793,0.30373072624206543,0.3449443280696869,0.30737996101379395,0.33021506667137146,0.29994210600852966,0.2907394468784332,0.35820239782333374],[0.3414898216724396,0.313950777053833,1.0,0.24871787428855896,0.25516170263290405,0.13374708592891693,0.21194547414779663,0.31307321786880493,0.31976398825645447,0.19353000819683075,0.25326788425445557,0.2896656394004822,0.33195698261260986,0.3345251679420471,0.2633703052997589,0.22626249492168427],[0.18983063101768494,0.39469069242477417,0.24871787428855896,1.0,0.13687537610530853,0.21992342174053192,0.2652343213558197,0.21766327321529388,0.23611848056316376,0.14388325810432434,0.3304239809513092,0.2315540760755539,0.2926376163959503,0.3069275915622711,0.15731599926948547,0.3014122247695923],[0.23693616688251495,0.22938135266304016,0.25516170263290405,0.13687537610530853,1.0,0.19343289732933044,0.19562315940856934,0.30909425020217896,0.15698818862438202,0.13624195754528046,0.15547989308834076,0.08964990079402924,0.2448253482580185,0.2372947782278061,0.3441965878009796,0.2170117050409317],[0.1832982748746872,0.25673800706863403,0.13374708592891693,0.21992342174053192,0.19343289732933044,0.9999999403953552,0.3315342366695404,0.22430583834648132,0.18745267391204834,0.24001523852348328,0.27180948853492737,0.1421017348766327,0.26285696029663086,0.21908660233020782,0.22047045826911926,0.24755623936653137],[0.19591578841209412,0.3581793010234833,0.21194547414779663,0.2652343213558197,0.19562315940856934,0.3315342366695404,1.0,0.28206220269203186,0.30320635437965393,0.2290969341993332,0.24932853877544403,0.23721098899841309,0.2467261403799057,0.19513414800167084,0.24019120633602142,0.3454841673374176],[0.3144669532775879,0.31887757778167725,0.31307321786880493,0.21766327321529388,0.30909425020217896,0.22430583834648132,0.28206220269203186,1.0,0.3070458769798279,0.2768074572086334,0.17746929824352264,0.27371618151664734,0.3051581382751465,0.26386332511901855,0.2254563868045807,0.3227076530456543],[0.2588667571544647,0.3135848939418793,0.31976398825645447,0.23611848056316376,0.15698818862438202,0.18745267391204834,0.30320635437965393,0.3070458769798279,1.0,0.4906611442565918,0.29536062479019165,0.38742396235466003,0.3476846516132355,0.3020012676715851,0.22833208739757538,0.271170049905777],[0.1549517661333084,0.30373072624206543,0.19353000819683075,0.14388325810432434,0.13624195754528046,0.24001523852348328,0.2290969341993332,0.2768074572086334,0.4906611442565918,1.0,0.2104378044605255,0.30627015233039856,0.2685536742210388,0.2691706120967865,0.17630721628665924,0.22409537434577942],[0.2403462678194046,0.3449443280696869,0.25326788425445557,0.3304239809513092,0.15547989308834076,0.27180948853492737,0.24932853877544403,0.17746929824352264,0.29536062479019165,0.2104378044605255,1.0,0.18112099170684814,0.26228442788124084,0.6228229999542236,0.23782841861248016,0.30586522817611694],[0.16809920966625214,0.30737996101379395,0.2896656394004822,0.2315540760755539,0.08964990079402924,0.1421017348766327,0.23721098899841309,0.27371618151664734,0.38742396235466003,0.30627015233039856,0.18112099170684814,1.0,0.2857396900653839,0.2722499668598175,0.2411300241947174,0.21206051111221313],[0.3200792372226715,0.33021506667137146,0.33195698261260986,0.2926376163959503,0.2448253482580185,0.26285696029663086,0.2467261403799057,0.3051581382751465,0.3476846516132355,0.2685536742210388,0.26228442788124084,0.2857396900653839,1.0,0.3136701285839081,0.3007398545742035,0.24719281494617462],[0.23801440000534058,0.29994210600852966,0.3345251679420471,0.3069275915622711,0.2372947782278061,0.21908660233020782,0.19513414800167084,0.26386332511901855,0.3020012676715851,0.2691706120967865,0.6228229999542236,0.2722499668598175,0.3136701285839081,1.0,0.2979806661605835,0.26296907663345337],[0.3930560052394867,0.2907394468784332,0.2633703052997589,0.15731599926948547,0.3441965878009796,0.22047045826911926,0.24019120633602142,0.2254563868045807,0.22833208739757538,0.17630721628665924,0.23782841861248016,0.2411300241947174,0.3007398545742035,0.2979806661605835,1.0,0.25325074791908264],[0.1913478523492813,0.35820239782333374,0.22626249492168427,0.3014122247695923,0.2170117050409317,0.24755623936653137,0.3454841673374176,0.3227076530456543,0.271170049905777,0.22409537434577942,0.30586522817611694,0.21206051111221313,0.24719281494617462,0.26296907663345337,0.25325074791908264,1.0]]}