{"game_number":51,"words":["BITTER","SALTY","SORE","UPSET","PEPPER","SCATTER","SPRINKLE","STREW","CAKE","EARTH","ONION","PLYWOOD","BAKED","COUCH","HOT","SWEET"],"adjacency_matrix":[[1.0,0.5277454853057861,0.5160717964172363,0.542423665523529,0.33959707617759705,0.2928439676761627,0.29241377115249634,0.3754723370075226,0.33624085783958435,0.2931910455226898,0.30306026339530945,0.17592045664787292,0.34026119112968445,0.2486560195684433,0.5234293341636658,0.6195583343505859],[0.5277454853057861,0.9999999403953552,0.3156901001930237,0.27000561356544495,0.45216435194015503,0.30959460139274597,0.45189353823661804,0.3447886109352112,0.3935854136943817,0.3804698586463928,0.4128856062889099,0.22432948648929596,0.3526192605495453,0.2681177854537964,0.5183048248291016,0.6168802976608276],[0.5160717964172363,0.3156901001930237,0.9999999403953552,0.47183147072792053,0.279477596282959,0.24935206770896912,0.27344784140586853,0.34242329001426697,0.19744333624839783,0.27738067507743835,0.2701509892940521,0.1332271248102188,0.29387474060058594,0.31822049617767334,0.5128726363182068,0.3993959128856659],[0.542423665523529,0.27000561356544495,0.47183147072792053,1.0,0.23247335851192474,0.30128178000450134,0.24055670201778412,0.32176902890205383,0.2836853861808777,0.29867875576019287,0.18462641537189484,0.11291968077421188,0.30253866314888,0.29272493720054626,0.3896132707595825,0.4048294723033905],[0.33959707617759705,0.45216435194015503,0.279477596282959,0.23247335851192474,1.0,0.43154722452163696,0.5301690697669983,0.39242681860923767,0.3640722334384918,0.2933192849159241,0.5681459903717041,0.2787494361400604,0.3037468194961548,0.27841559052467346,0.4703533947467804,0.4104807376861572],[0.2928439676761627,0.30959460139274597,0.24935206770896912,0.30128178000450134,0.43154722452163696,1.0,0.591325581073761,0.6455605030059814,0.3526924252510071,0.3612746000289917,0.3301692605018616,0.24891692399978638,0.2686363756656647,0.2956404685974121,0.3098846673965454,0.3029395043849945],[0.29241377115249634,0.45189353823661804,0.27344784140586853,0.24055670201778412,0.5301690697669983,0.591325581073761,1.0,0.5541539788246155,0.4322282671928406,0.36591437458992004,0.404802143573761,0.20847439765930176,0.31984296441078186,0.3368033170700073,0.4051104485988617,0.40380021929740906],[0.3754723370075226,0.3447886109352112,0.34242329001426697,0.32176902890205383,0.39242681860923767,0.6455605030059814,0.5541539788246155,1.0,0.3809090256690979,0.4350724220275879,0.3073239028453827,0.24932263791561127,0.38131675124168396,0.4354594647884369,0.39072874188423157,0.391860693693161],[0.33624085783958435,0.3935854136943817,0.19744333624839783,0.2836853861808777,0.3640722334384918,0.3526924252510071,0.4322282671928406,0.3809090256690979,0.9999999403953552,0.32119807600975037,0.4021698236465454,0.3172137439250946,0.586200475692749,0.34961166977882385,0.35819098353385925,0.4906402826309204],[0.2931910455226898,0.3804698586463928,0.27738067507743835,0.29867875576019287,0.2933192849159241,0.3612746000289917,0.36591437458992004,0.4350724220275879,0.32119807600975037,1.0,0.320337176322937,0.27251961827278137,0.3308296501636505,0.33248278498649597,0.40689754486083984,0.3885123133659363],[0.30306026339530945,0.4128856062889099,0.2701509892940521,0.18462641537189484,0.5681459903717041,0.3301692605018616,0.404802143573761,0.3073239028453827,0.4021698236465454,0.320337176322937,1.0,0.27727562189102173,0.40043970942497253,0.29742562770843506,0.3543590009212494,0.413478821516037],[0.17592045664787292,0.22432948648929596,0.1332271248102188,0.11291968077421188,0.2787494361400604,0.24891692399978638,0.20847439765930176,0.24932263791561127,0.3172137439250946,0.27251961827278137,0.27727562189102173,1.0,0.3161529302597046,0.35395967960357666,0.20713752508163452,0.22447927296161652],[0.34026119112968445,0.3526192605495453,0.29387474060058594,0.30253866314888,0.3037468194961548,0.2686363756656647,0.31984296441078186,0.38131675124168396,0.586200475692749,0.3308296501636505,0.40043970942497253,0.3161529302597046,1.0,0.3298925459384918,0.4999588131904602,0.43189573287963867],[0.2486560195684433,0.2681177854537964,0.31822049617767334,0.29272493720054626,0.27841559052467346,0.2956404685974121,0.3368033170700073,0.4354594647884369,0.34961166977882385,0.33248278498649597,0.29742562770843506,0.35395967960357666,0.3298925459384918,1.0,0.3854275643825531,0.3558785319328308],[0.5234293341636658,0.5183048248291016,0.5128726363182068,0.3896132707595825,0.4703533947467804,0.3098846673965454,0.4051104485988617,0.39072874188423157,0.35819098353385925,0.40689754486083984,0.3543590009212494,0.20713752508163452,0.4999588131904602,0.3854275643825531,1.0,0.5749610662460327],[0.6195583343505859,0.6168802976608276,0.3993959128856659,0.4048294723033905,0.4104807376861572,0.3029395043849945,0.40380021929740906,0.391860693693161,0.4906402826309204,0.3885123133659363,0.413478821516037,0.22447927296161652,0.43189573287963867,0.3558785319328308,0.5749610662460327,1.0]]}