{"game_number":172,"words":["BREAK","HOLIDAY","LEAVE","RECESS","BUCKLE","HOLE","LOOP","STRAP","HOLEY","HOLI","HOLY","WHOLLY","DOG","DRIFT","HOLLY","SANDAL"],"adjacency_matrix":[[0.9999999403953552,0.49174460768699646,0.5848414301872253,0.4993104934692383,0.45815643668174744,0.39959144592285156,0.4788830876350403,0.46077606081962585,0.4128623902797699,0.3919540047645569,0.34671273827552795,0.28053390979766846,0.32693830132484436,0.5118039846420288,0.3151763379573822,0.34385621547698975],[0.49174460768699646,1.0,0.43553537130355835,0.49287149310112,0.2375021129846573,0.2734922170639038,0.3153891861438751,0.26632338762283325,0.3552849292755127,0.48358359932899475,0.43985727429389954,0.28720447421073914,0.3239797353744507,0.34897565841674805,0.43838009238243103,0.3160921037197113],[0.5848414301872253,0.43553537130355835,1.0,0.41433218121528625,0.34065335988998413,0.33862510323524475,0.3768044412136078,0.3824746012687683,0.33948981761932373,0.36074188351631165,0.29398274421691895,0.34640997648239136,0.3302775025367737,0.4786587059497833,0.33824315667152405,0.24239987134933472],[0.4993104934692383,0.49287149310112,0.41433218121528625,1.0000001192092896,0.3426361083984375,0.358858197927475,0.3969394564628601,0.32417282462120056,0.3103303015232086,0.2738194465637207,0.2851584255695343,0.216786190867424,0.22537951171398163,0.3281753659248352,0.3263690769672394,0.2614212930202484],[0.45815643668174744,0.2375021129846573,0.34065335988998413,0.3426361083984375,1.0,0.3869011104106903,0.36817029118537903,0.6762573719024658,0.50429368019104,0.21861222386360168,0.27131423354148865,0.24310153722763062,0.32490596175193787,0.3992151618003845,0.3396349251270294,0.45409104228019714],[0.39959144592285156,0.2734922170639038,0.33862510323524475,0.358858197927475,0.3869011104106903,0.9999999403953552,0.48608484864234924,0.4270913898944855,0.6109068393707275,0.3356994390487671,0.3166598677635193,0.17178769409656525,0.375191330909729,0.41927778720855713,0.43163803219795227,0.3057868182659149],[0.4788830876350403,0.3153891861438751,0.3768044412136078,0.3969394564628601,0.36817029118537903,0.48608484864234924,1.0,0.4679560959339142,0.4420226216316223,0.24539825320243835,0.29879873991012573,0.2325768917798996,0.3118175268173218,0.4268663227558136,0.26257815957069397,0.24875664710998535],[0.46077606081962585,0.26632338762283325,0.3824746012687683,0.32417282462120056,0.6762573719024658,0.4270913898944855,0.4679560959339142,1.0,0.5269450545310974,0.2640156149864197,0.3100433647632599,0.24620522558689117,0.35929182171821594,0.38466915488243103,0.36964523792266846,0.5315961837768555],[0.4128623902797699,0.3552849292755127,0.33948981761932373,0.3103303015232086,0.50429368019104,0.6109068393707275,0.4420226216316223,0.5269450545310974,1.0,0.46715933084487915,0.5039231181144714,0.33264145255088806,0.4208521842956543,0.40516993403434753,0.5478829741477966,0.4974958300590515],[0.3919540047645569,0.48358359932899475,0.36074188351631165,0.2738194465637207,0.21861222386360168,0.3356994390487671,0.24539825320243835,0.2640156149864197,0.46715933084487915,0.9999999403953552,0.5214869379997253,0.2525590658187866,0.31644946336746216,0.2795065939426422,0.46299245953559875,0.35373565554618835],[0.34671273827552795,0.43985727429389954,0.29398274421691895,0.2851584255695343,0.27131423354148865,0.3166598677635193,0.29879873991012573,0.3100433647632599,0.5039231181144714,0.5214869379997253,1.0,0.3783661127090454,0.32665348052978516,0.27002382278442383,0.49223971366882324,0.4166739284992218],[0.28053390979766846,0.28720447421073914,0.34640997648239136,0.216786190867424,0.24310153722763062,0.17178769409656525,0.2325768917798996,0.24620522558689117,0.33264145255088806,0.2525590658187866,0.3783661127090454,1.0,0.2063991129398346,0.3177909255027771,0.38954663276672363,0.23299463093280792],[0.32693830132484436,0.3239797353744507,0.3302775025367737,0.22537951171398163,0.32490596175193787,0.375191330909729,0.3118175268173218,0.35929182171821594,0.4208521842956543,0.31644946336746216,0.32665348052978516,0.2063991129398346,1.0,0.34453946352005005,0.342940092086792,0.3304954767227173],[0.5118039846420288,0.34897565841674805,0.4786587059497833,0.3281753659248352,0.3992151618003845,0.41927778720855713,0.4268663227558136,0.38466915488243103,0.40516993403434753,0.2795065939426422,0.27002382278442383,0.3177909255027771,0.34453946352005005,1.0,0.28257614374160767,0.301457017660141],[0.3151763379573822,0.43838009238243103,0.33824315667152405,0.3263690769672394,0.3396349251270294,0.43163803219795227,0.26257815957069397,0.36964523792266846,0.5478829741477966,0.46299245953559875,0.49223971366882324,0.38954663276672363,0.342940092086792,0.28257614374160767,1.0,0.3903515934944153],[0.34385621547698975,0.3160921037197113,0.24239987134933472,0.2614212930202484,0.45409104228019714,0.3057868182659149,0.24875664710998535,0.5315961837768555,0.4974958300590515,0.35373565554618835,0.4166739284992218,0.23299463093280792,0.3304954767227173,0.301457017660141,0.3903515934944153,1.0]]}