{"game_number":323,"words":["COOLER","LANTERN","SLEEPING-BAG","TENT","BARB","DIG","DISS","JAB","MINUTE","SLIGHT","SMALL","WEE","CAMPER","HOUR","MEAL","MEDIUM"],"adjacency_matrix":[[1.0,0.28967079520225525,0.45176953077316284,0.43095919489860535,0.2630937695503235,0.3172265887260437,0.2770988941192627,0.1586722880601883,0.27460306882858276,0.36453428864479065,0.4218122959136963,0.3668006360530853,0.38809508085250854,0.28539109230041504,0.3151925504207611,0.3484026789665222],[0.28967079520225525,1.0,0.4490502178668976,0.44395431876182556,0.28414303064346313,0.18725255131721497,0.09450384229421616,0.15122090280056,0.21263404190540314,0.1922476440668106,0.31595686078071594,0.26788175106048584,0.2771240174770355,0.24511206150054932,0.335830956697464,0.3311613202095032],[0.45176953077316284,0.4490502178668976,0.9999999403953552,0.5285421013832092,0.26666465401649475,0.3589428663253784,0.2662785053253174,0.24925164878368378,0.303185373544693,0.3063260614871979,0.42425841093063354,0.38722312450408936,0.4520401954650879,0.329550176858902,0.5118919610977173,0.38439422845840454],[0.43095919489860535,0.44395431876182556,0.5285421013832092,0.9999999403953552,0.20461037755012512,0.2795606255531311,0.18948455154895782,0.19028854370117188,0.21180757880210876,0.3198827803134918,0.45687437057495117,0.337103009223938,0.5449777245521545,0.3090483844280243,0.3935176730155945,0.30568480491638184],[0.2630937695503235,0.28414303064346313,0.26666465401649475,0.20461037755012512,0.9999999403953552,0.21274179220199585,0.3194907307624817,0.5232998132705688,0.17395645380020142,0.2839023470878601,0.19787904620170593,0.24832963943481445,0.18469534814357758,0.15832039713859558,0.25692877173423767,0.2174568474292755],[0.3172265887260437,0.18725255131721497,0.3589428663253784,0.2795606255531311,0.21274179220199585,1.0,0.40833067893981934,0.2380620837211609,0.3067389726638794,0.2862005829811096,0.2600036561489105,0.3643586039543152,0.2691210210323334,0.21809405088424683,0.2742847204208374,0.17908264696598053],[0.2770988941192627,0.09450384229421616,0.2662785053253174,0.18948455154895782,0.3194907307624817,0.40833067893981934,1.0,0.3476737439632416,0.2570776343345642,0.2947051227092743,0.2671423852443695,0.31443291902542114,0.19346782565116882,0.1765555739402771,0.2608417868614197,0.25091540813446045],[0.1586722880601883,0.15122090280056,0.24925164878368378,0.19028854370117188,0.5232998132705688,0.2380620837211609,0.3476737439632416,1.0,0.2510693073272705,0.33651235699653625,0.18756002187728882,0.24849672615528107,0.1408950537443161,0.171308696269989,0.30512160062789917,0.22250956296920776],[0.27460306882858276,0.21263404190540314,0.303185373544693,0.21180757880210876,0.17395645380020142,0.3067389726638794,0.2570776343345642,0.2510693073272705,1.0,0.43495044112205505,0.4157201945781708,0.43298643827438354,0.17974990606307983,0.778666079044342,0.43160581588745117,0.35525915026664734],[0.36453428864479065,0.1922476440668106,0.3063260614871979,0.3198827803134918,0.2839023470878601,0.2862005829811096,0.2947051227092743,0.33651235699653625,0.43495044112205505,1.0,0.6002132892608643,0.3982277512550354,0.23451478779315948,0.29328295588493347,0.30276724696159363,0.3459766209125519],[0.4218122959136963,0.31595686078071594,0.42425841093063354,0.45687437057495117,0.19787904620170593,0.2600036561489105,0.2671423852443695,0.18756002187728882,0.4157201945781708,0.6002132892608643,1.0,0.5168689489364624,0.34711188077926636,0.30789849162101746,0.3628402054309845,0.5362789630889893],[0.3668006360530853,0.26788175106048584,0.38722312450408936,0.337103009223938,0.24832963943481445,0.3643586039543152,0.31443291902542114,0.24849672615528107,0.43298643827438354,0.3982277512550354,0.5168689489364624,0.9999999403953552,0.339521586894989,0.4129121005535126,0.33083850145339966,0.27622392773628235],[0.38809508085250854,0.2771240174770355,0.4520401954650879,0.5449777245521545,0.18469534814357758,0.2691210210323334,0.19346782565116882,0.1408950537443161,0.17974990606307983,0.23451478779315948,0.34711188077926636,0.339521586894989,1.0,0.26006126403808594,0.3369055390357971,0.24453051388263702],[0.28539109230041504,0.24511206150054932,0.329550176858902,0.3090483844280243,0.15832039713859558,0.21809405088424683,0.1765555739402771,0.171308696269989,0.778666079044342,0.29328295588493347,0.30789849162101746,0.4129121005535126,0.26006126403808594,1.0,0.4630044400691986,0.29679766297340393],[0.3151925504207611,0.335830956697464,0.5118919610977173,0.3935176730155945,0.25692877173423767,0.2742847204208374,0.2608417868614197,0.30512160062789917,0.43160581588745117,0.30276724696159363,0.3628402054309845,0.33083850145339966,0.3369055390357971,0.4630044400691986,1.0,0.3530489206314087],[0.3484026789665222,0.3311613202095032,0.38439422845840454,0.30568480491638184,0.2174568474292755,0.17908264696598053,0.25091540813446045,0.22250956296920776,0.35525915026664734,0.3459766209125519,0.5362789630889893,0.27622392773628235,0.24453051388263702,0.29679766297340393,0.3530489206314087,1.0]]}