{"game_number":236,"words":["CITY","COUNTY","TOWN","VILLAGE","CHOP","GRIND","PULSE","PUREE","CAPITAL","EQUITY","INTEREST","STOCK","IVY","JUSTICE","LITTLE","PREMIER"],"adjacency_matrix":[[1.0,0.6692767143249512,0.8222965598106384,0.6240585446357727,0.2779691815376282,0.2829703986644745,0.3303913474082947,0.1906854659318924,0.6147575974464417,0.35193902254104614,0.3868519365787506,0.38282307982444763,0.21218328177928925,0.39580440521240234,0.3349340558052063,0.40894031524658203],[0.6692767143249512,1.0,0.6511436700820923,0.5507887601852417,0.2423662543296814,0.21829068660736084,0.20879943668842316,0.17749494314193726,0.40750598907470703,0.24425393342971802,0.32491520047187805,0.3516972064971924,0.12751474976539612,0.32269760966300964,0.2827599048614502,0.33680108189582825],[0.8222965598106384,0.6511436700820923,1.0,0.8082801699638367,0.32039812207221985,0.3082461655139923,0.29201605916023254,0.14727500081062317,0.5019116401672363,0.28346434235572815,0.3612512946128845,0.3843725323677063,0.1743556410074234,0.34326550364494324,0.38648998737335205,0.3744032680988312],[0.6240585446357727,0.5507887601852417,0.8082801699638367,1.0,0.2916843593120575,0.24609370529651642,0.27805477380752563,0.15136916935443878,0.39050641655921936,0.2784976363182068,0.307791531085968,0.3174193799495697,0.1124463677406311,0.2991611957550049,0.35711878538131714,0.27591651678085327],[0.2779691815376282,0.2423662543296814,0.32039812207221985,0.2916843593120575,1.0,0.5382264256477356,0.40422025322914124,0.484868586063385,0.27713775634765625,0.1995898187160492,0.25680243968963623,0.3774060904979706,0.1606668084859848,0.24682042002677917,0.3488672077655792,0.2570234537124634],[0.2829703986644745,0.21829068660736084,0.3082461655139923,0.24609370529651642,0.5382264256477356,1.0,0.32868334650993347,0.4265719950199127,0.2602682411670685,0.2124231606721878,0.33076566457748413,0.3037782907485962,0.10882020741701126,0.34567248821258545,0.34854018688201904,0.19682516157627106],[0.3303913474082947,0.20879943668842316,0.29201605916023254,0.27805477380752563,0.40422025322914124,0.32868334650993347,1.0,0.3371756374835968,0.3418245017528534,0.26188161969184875,0.38491886854171753,0.4180909991264343,0.0593680813908577,0.26683399081230164,0.3417089581489563,0.2575085759162903],[0.1906854659318924,0.17749494314193726,0.14727500081062317,0.15136916935443878,0.484868586063385,0.4265719950199127,0.3371756374835968,1.0,0.2659318745136261,0.24526499211788177,0.2890995144844055,0.32677581906318665,0.2093951404094696,0.2661006450653076,0.36324355006217957,0.20188656449317932],[0.6147575974464417,0.40750598907470703,0.5019116401672363,0.39050641655921936,0.27713775634765625,0.2602682411670685,0.3418245017528534,0.2659318745136261,1.0,0.5304669737815857,0.43686437606811523,0.5286753177642822,0.08576902002096176,0.401180237531662,0.39156827330589294,0.3979285657405853],[0.35193902254104614,0.24425393342971802,0.28346434235572815,0.2784976363182068,0.1995898187160492,0.2124231606721878,0.26188161969184875,0.24526499211788177,0.5304669737815857,1.0,0.4740752875804901,0.5386245846748352,0.07399190217256546,0.5926961898803711,0.27029168605804443,0.2665083110332489],[0.3868519365787506,0.32491520047187805,0.3612512946128845,0.307791531085968,0.25680243968963623,0.33076566457748413,0.38491886854171753,0.2890995144844055,0.43686437606811523,0.4740752875804901,1.0,0.38376033306121826,0.04355623945593834,0.4558822214603424,0.5420515537261963,0.3358747065067291],[0.38282307982444763,0.3516972064971924,0.3843725323677063,0.3174193799495697,0.3774060904979706,0.3037782907485962,0.4180909991264343,0.32677581906318665,0.5286753177642822,0.5386245846748352,0.38376033306121826,0.9999999403953552,0.10073055326938629,0.28348663449287415,0.33145520091056824,0.3334079086780548],[0.21218328177928925,0.12751474976539612,0.1743556410074234,0.1124463677406311,0.1606668084859848,0.10882020741701126,0.0593680813908577,0.2093951404094696,0.08576902002096176,0.07399190217256546,0.04355623945593834,0.10073055326938629,1.0,0.07640467584133148,0.16446956992149353,0.13899046182632446],[0.39580440521240234,0.32269760966300964,0.34326550364494324,0.2991611957550049,0.24682042002677917,0.34567248821258545,0.26683399081230164,0.2661006450653076,0.401180237531662,0.5926961898803711,0.4558822214603424,0.28348663449287415,0.07640467584133148,1.0,0.32727840542793274,0.3559383451938629],[0.3349340558052063,0.2827599048614502,0.38648998737335205,0.35711878538131714,0.3488672077655792,0.34854018688201904,0.3417089581489563,0.36324355006217957,0.39156827330589294,0.27029168605804443,0.5420515537261963,0.33145520091056824,0.16446956992149353,0.32727840542793274,0.9999999403953552,0.3030535876750946],[0.40894031524658203,0.33680108189582825,0.3744032680988312,0.27591651678085327,0.2570234537124634,0.19682516157627106,0.2575085759162903,0.20188656449317932,0.3979285657405853,0.2665083110332489,0.3358747065067291,0.3334079086780548,0.13899046182632446,0.3559383451938629,0.3030535876750946,0.9999999403953552]]}