{
  "game_number": 8,
  "words": [
    "EMO",
    "FUNK",
    "METAL",
    "POP",
    "BITE",
    "BLOW",
    "STINK",
    "SUCK",
    "EAT",
    "ROCK",
    "RULE",
    "SLAY",
    "CAGE",
    "ENO",
    "GLASS",
    "REICH"
  ],
  "adjacency_matrix": [
    [
      1.0,
      0.4429163336753845,
      0.3916381299495697,
      0.41752785444259644,
      0.2003561109304428,
      0.19345319271087646,
      0.23601680994033813,
      0.30138659477233887,
      0.18513000011444092,
      0.4264664053916931,
      0.17605021595954895,
      0.22102002799510956,
      0.14655420184135437,
      0.29665881395339966,
      0.14414390921592712,
      0.2603973150253296
    ],
    [
      0.4429163336753845,
      1.0,
      0.4859679937362671,
      0.5994493961334229,
      0.3651673495769501,
      0.32458585500717163,
      0.3539251983165741,
      0.3499591648578644,
      0.31038740277290344,
      0.5849829912185669,
      0.22992469370365143,
      0.258170485496521,
      0.3316006660461426,
      0.3231300413608551,
      0.33677762746810913,
      0.2594079375267029
    ],
    [
      0.3916381299495697,
      0.4859679937362671,
      0.9999999403953552,
      0.49963927268981934,
      0.3535209000110626,
      0.36138826608657837,
      0.2554948329925537,
      0.2910256087779999,
      0.2737274169921875,
      0.6293330788612366,
      0.2935769557952881,
      0.23960593342781067,
      0.502609372138977,
      0.2971779704093933,
      0.5980364084243774,
      0.23318572342395782
    ],
    [
      0.41752785444259644,
      0.5994493961334229,
      0.49963927268981934,
      0.9999999403953552,
      0.35871195793151855,
      0.36047229170799255,
      0.31178784370422363,
      0.3820982873439789,
      0.3259449601173401,
      0.6347148418426514,
      0.2862369418144226,
      0.24924243986606598,
      0.29229387640953064,
      0.3083723187446594,
      0.39574092626571655,
      0.2514132559299469
    ],
    [
      0.2003561109304428,
      0.3651673495769501,
      0.3535209000110626,
      0.35871195793151855,
      1.0,
      0.5276468992233276,
      0.4856693148612976,
      0.5324823260307312,
      0.5216642618179321,
      0.3503170907497406,
      0.35163193941116333,
      0.38747939467430115,
      0.31229326128959656,
      0.34227314591407776,
      0.32256102561950684,
      0.2612445652484894
    ],
    [
      0.19345319271087646,
      0.32458585500717163,
      0.36138826608657837,
      0.36047229170799255,
      0.5276468992233276,
      1.0,
      0.5295222401618958,
      0.5614221692085266,
      0.37806957960128784,
      0.3860522508621216,
      0.36341729760169983,
      0.42933544516563416,
      0.2913416922092438,
      0.29022297263145447,
      0.3886204957962036,
      0.29534390568733215
    ],
    [
      0.23601680994033813,
      0.3539251983165741,
      0.2554948329925537,
      0.31178784370422363,
      0.4856693148612976,
      0.5295222401618958,
      1.0,
      0.6236607432365417,
      0.45100265741348267,
      0.3001020550727844,
      0.3191538453102112,
      0.33838218450546265,
      0.3204677999019623,
      0.30494630336761475,
      0.30195140838623047,
      0.3145356774330139
    ],
    [
      0.30138659477233887,
      0.3499591648578644,
      0.2910256087779999,
      0.3820982873439789,
      0.5324823260307312,
      0.5614221692085266,
      0.6236607432365417,
      0.9999999403953552,
      0.5408185720443726,
      0.3982125222682953,
      0.3331262171268463,
      0.4497394859790802,
      0.2810558080673218,
      0.3323605954647064,
      0.3202492594718933,
      0.31121593713760376
    ],
    [
      0.18513000011444092,
      0.31038740277290344,
      0.2737274169921875,
      0.3259449601173401,
      0.5216642618179321,
      0.37806957960128784,
      0.45100265741348267,
      0.5408185720443726,
      1.0,
      0.3279290795326233,
      0.2901691496372223,
      0.4685427248477936,
      0.34926921129226685,
      0.2751225233078003,
      0.3463609516620636,
      0.26364263892173767
    ],
    [
      0.4264664053916931,
      0.5849829912185669,
      0.6293330788612366,
      0.6347148418426514,
      0.3503170907497406,
      0.3860522508621216,
      0.3001020550727844,
      0.3982125222682953,
      0.3279290795326233,
      1.0,
      0.28927141427993774,
      0.30566641688346863,
      0.4049226641654968,
      0.30894914269447327,
      0.47388219833374023,
      0.24026566743850708
    ],
    [
      0.17605021595954895,
      0.22992469370365143,
      0.2935769557952881,
      0.2862369418144226,
      0.35163193941116333,
      0.36341729760169983,
      0.3191538453102112,
      0.3331262171268463,
      0.2901691496372223,
      0.28927141427993774,
      1.0,
      0.3305744230747223,
      0.3654259443283081,
      0.22670412063598633,
      0.30905938148498535,
      0.3514183461666107
    ],
    [
      0.22102002799510956,
      0.258170485496521,
      0.23960593342781067,
      0.24924243986606598,
      0.38747939467430115,
      0.42933544516563416,
      0.33838218450546265,
      0.4497394859790802,
      0.4685427248477936,
      0.30566641688346863,
      0.3305744230747223,
      1.0000001192092896,
      0.2908109128475189,
      0.262640118598938,
      0.1851910501718521,
      0.30630379915237427
    ],
    [
      0.14655420184135437,
      0.3316006660461426,
      0.502609372138977,
      0.29229387640953064,
      0.31229326128959656,
      0.2913416922092438,
      0.3204677999019623,
      0.2810558080673218,
      0.34926921129226685,
      0.4049226641654968,
      0.3654259443283081,
      0.2908109128475189,
      0.9999999403953552,
      0.25858020782470703,
      0.47314372658729553,
      0.26413190364837646
    ],
    [
      0.29665881395339966,
      0.3231300413608551,
      0.2971779704093933,
      0.3083723187446594,
      0.34227314591407776,
      0.29022297263145447,
      0.30494630336761475,
      0.3323605954647064,
      0.2751225233078003,
      0.30894914269447327,
      0.22670412063598633,
      0.262640118598938,
      0.25858020782470703,
      1.0,
      0.224614679813385,
      0.3493671715259552
    ],
    [
      0.14414390921592712,
      0.33677762746810913,
      0.5980364084243774,
      0.39574092626571655,
      0.32256102561950684,
      0.3886204957962036,
      0.30195140838623047,
      0.3202492594718933,
      0.3463609516620636,
      0.47388219833374023,
      0.30905938148498535,
      0.1851910501718521,
      0.47314372658729553,
      0.224614679813385,
      1.0,
      0.2585802376270294
    ],
    [
      0.2603973150253296,
      0.2594079375267029,
      0.23318572342395782,
      0.2514132559299469,
      0.2612445652484894,
      0.29534390568733215,
      0.3145356774330139,
      0.31121593713760376,
      0.26364263892173767,
      0.24026566743850708,
      0.3514183461666107,
      0.30630379915237427,
      0.26413190364837646,
      0.3493671715259552,
      0.2585802376270294,
      1.0
    ]
  ]
}