{
  "game_number": 584,
  "words": [
    "CRICKET",
    "PUPPET",
    "WHALE",
    "WOODCARVER",
    "COUNTER",
    "MIXER",
    "RANGE",
    "SINK",
    "BUNNY",
    "EGG",
    "ISLAND",
    "SUNDAY",
    "DODO",
    "MAMMOTH",
    "MASTODON",
    "TRILOBITE"
  ],
  "adjacency_matrix": [
    [
      0.9999999403953552,
      0.3002890944480896,
      0.2907024025917053,
      0.2662888467311859,
      0.28605327010154724,
      0.20622868835926056,
      0.2595181465148926,
      0.24124161899089813,
      0.33191415667533875,
      0.32932260632514954,
      0.38620394468307495,
      0.34784695506095886,
      0.29284170269966125,
      0.3226695954799652,
      0.24881482124328613,
      0.2512894570827484
    ],
    [
      0.3002890944480896,
      0.9999999403953552,
      0.334164023399353,
      0.3934529721736908,
      0.33421891927719116,
      0.30888232588768005,
      0.23637054860591888,
      0.2442108541727066,
      0.40827542543411255,
      0.3134695589542389,
      0.3365323841571808,
      0.22602881491184235,
      0.3225790560245514,
      0.3678467869758606,
      0.28124764561653137,
      0.26718324422836304
    ],
    [
      0.2907024025917053,
      0.334164023399353,
      0.9999999403953552,
      0.34875842928886414,
      0.2484358549118042,
      0.20903868973255157,
      0.27099162340164185,
      0.3616289794445038,
      0.29509595036506653,
      0.37023013830184937,
      0.41309523582458496,
      0.22829397022724152,
      0.4125000536441803,
      0.5201861262321472,
      0.43294110894203186,
      0.3980185091495514
    ],
    [
      0.2662888467311859,
      0.3934529721736908,
      0.34875842928886414,
      1.0,
      0.1656852662563324,
      0.28252026438713074,
      0.12538942694664001,
      0.10680339485406876,
      0.27343928813934326,
      0.2706645429134369,
      0.30254051089286804,
      0.20625290274620056,
      0.2733616530895233,
      0.35222694277763367,
      0.32669496536254883,
      0.24442145228385925
    ],
    [
      0.28605327010154724,
      0.33421891927719116,
      0.2484358549118042,
      0.1656852662563324,
      1.0,
      0.3549949526786804,
      0.4107322692871094,
      0.4646051824092865,
      0.2557879388332367,
      0.296375036239624,
      0.3001057505607605,
      0.2351270318031311,
      0.13712219893932343,
      0.3331373333930969,
      0.23091882467269897,
      0.21997840702533722
    ],
    [
      0.20622868835926056,
      0.30888232588768005,
      0.20903868973255157,
      0.28252026438713074,
      0.3549949526786804,
      0.9999998807907104,
      0.21269071102142334,
      0.3519103527069092,
      0.29758986830711365,
      0.2991078197956085,
      0.1928981989622116,
      0.18436673283576965,
      0.0013405587524175644,
      0.1804957389831543,
      0.14579544961452484,
      0.12698067724704742
    ],
    [
      0.2595181465148926,
      0.23637054860591888,
      0.27099162340164185,
      0.12538942694664001,
      0.4107322692871094,
      0.21269071102142334,
      1.0000001192092896,
      0.3337787985801697,
      0.2486177533864975,
      0.2236979603767395,
      0.3328333795070648,
      0.20038911700248718,
      0.16453413665294647,
      0.31493881344795227,
      0.20352044701576233,
      0.33842897415161133
    ],
    [
      0.24124161899089813,
      0.2442108541727066,
      0.3616289794445038,
      0.10680339485406876,
      0.4646051824092865,
      0.3519103527069092,
      0.3337787985801697,
      1.0,
      0.25243639945983887,
      0.29248377680778503,
      0.36828362941741943,
      0.1770416498184204,
      0.23582367599010468,
      0.2499108612537384,
      0.22489428520202637,
      0.21061894297599792
    ],
    [
      0.33191415667533875,
      0.40827542543411255,
      0.29509595036506653,
      0.27343928813934326,
      0.2557879388332367,
      0.29758986830711365,
      0.2486177533864975,
      0.25243639945983887,
      1.0,
      0.5275444388389587,
      0.30278536677360535,
      0.30024802684783936,
      0.3612496256828308,
      0.34369948506355286,
      0.2868320047855377,
      0.2510979175567627
    ],
    [
      0.32932260632514954,
      0.3134695589542389,
      0.37023013830184937,
      0.2706645429134369,
      0.296375036239624,
      0.2991078197956085,
      0.2236979603767395,
      0.29248377680778503,
      0.5275444388389587,
      1.0,
      0.3455298840999603,
      0.28636854887008667,
      0.34002789855003357,
      0.3683500587940216,
      0.30995967984199524,
      0.3511539399623871
    ],
    [
      0.38620394468307495,
      0.3365323841571808,
      0.41309523582458496,
      0.30254051089286804,
      0.3001057505607605,
      0.1928981989622116,
      0.3328333795070648,
      0.36828362941741943,
      0.30278536677360535,
      0.3455298840999603,
      1.0,
      0.3073018789291382,
      0.3498130142688751,
      0.31665852665901184,
      0.2037990540266037,
      0.264928936958313
    ],
    [
      0.34784695506095886,
      0.22602881491184235,
      0.22829397022724152,
      0.20625290274620056,
      0.2351270318031311,
      0.18436673283576965,
      0.20038911700248718,
      0.1770416498184204,
      0.30024802684783936,
      0.28636854887008667,
      0.3073018789291382,
      0.9999999403953552,
      0.21134820580482483,
      0.19943402707576752,
      0.11254633963108063,
      0.12451391667127609
    ],
    [
      0.29284170269966125,
      0.3225790560245514,
      0.4125000536441803,
      0.2733616530895233,
      0.13712219893932343,
      0.0013405587524175644,
      0.16453413665294647,
      0.23582367599010468,
      0.3612496256828308,
      0.34002789855003357,
      0.3498130142688751,
      0.21134820580482483,
      1.0,
      0.35957592725753784,
      0.41408291459083557,
      0.3738711178302765
    ],
    [
      0.3226695954799652,
      0.3678467869758606,
      0.5201861262321472,
      0.35222694277763367,
      0.3331373333930969,
      0.1804957389831543,
      0.31493881344795227,
      0.2499108612537384,
      0.34369948506355286,
      0.3683500587940216,
      0.31665852665901184,
      0.19943402707576752,
      0.35957592725753784,
      1.0,
      0.5789474248886108,
      0.4545779824256897
    ],
    [
      0.24881482124328613,
      0.28124764561653137,
      0.43294110894203186,
      0.32669496536254883,
      0.23091882467269897,
      0.14579544961452484,
      0.20352044701576233,
      0.22489428520202637,
      0.2868320047855377,
      0.30995967984199524,
      0.2037990540266037,
      0.11254633963108063,
      0.41408291459083557,
      0.5789474248886108,
      0.9999999403953552,
      0.5637015700340271
    ],
    [
      0.2512894570827484,
      0.26718324422836304,
      0.3980185091495514,
      0.24442145228385925,
      0.21997840702533722,
      0.12698067724704742,
      0.33842897415161133,
      0.21061894297599792,
      0.2510979175567627,
      0.3511539399623871,
      0.264928936958313,
      0.12451391667127609,
      0.3738711178302765,
      0.4545779824256897,
      0.5637015700340271,
      1.0
    ]
  ]
}