{
  "game_number": 489,
  "words": [
    "SHADOW",
    "TAIL",
    "TRACK",
    "TRAIL",
    "BALL",
    "BUMPER",
    "FLIPPER",
    "PLUNGER",
    "ICE",
    "IRE",
    "FIN",
    "NETHER",
    "CHIFFON",
    "SATIN",
    "SILK",
    "VELVET"
  ],
  "adjacency_matrix": [
    [
      1.0,
      0.3939674198627472,
      0.40355154871940613,
      0.43763962388038635,
      0.3818361461162567,
      0.34630560874938965,
      0.33576297760009766,
      0.2521630525588989,
      0.34471482038497925,
      0.235190749168396,
      0.3375810384750366,
      0.41759225726127625,
      0.3019782304763794,
      0.34044504165649414,
      0.2941802442073822,
      0.37961462140083313
    ],
    [
      0.3939674198627472,
      0.9999999403953552,
      0.4373570382595062,
      0.46389859914779663,
      0.4393148720264435,
      0.462544322013855,
      0.5291271209716797,
      0.32542115449905396,
      0.3479462265968323,
      0.2467983514070511,
      0.6305208206176758,
      0.36609479784965515,
      0.3303718566894531,
      0.31540676951408386,
      0.3891913592815399,
      0.36541280150413513
    ],
    [
      0.40355154871940613,
      0.4373570382595062,
      1.0,
      0.6034024953842163,
      0.38550758361816406,
      0.4391312599182129,
      0.4011605978012085,
      0.3554830551147461,
      0.33041274547576904,
      0.10700403898954391,
      0.37382134795188904,
      0.2741437554359436,
      0.19449864327907562,
      0.2805459499359131,
      0.3009420931339264,
      0.2660607099533081
    ],
    [
      0.43763962388038635,
      0.46389859914779663,
      0.6034024953842163,
      1.0,
      0.36859726905822754,
      0.3380778729915619,
      0.3161120116710663,
      0.29447445273399353,
      0.3443838059902191,
      0.13036571443080902,
      0.3171887993812561,
      0.2765125632286072,
      0.2505902647972107,
      0.25605490803718567,
      0.336844265460968,
      0.27272388339042664
    ],
    [
      0.3818361461162567,
      0.4393148720264435,
      0.38550758361816406,
      0.36859726905822754,
      1.0,
      0.4029707908630371,
      0.4363102614879608,
      0.39796578884124756,
      0.4649808704853058,
      0.17183631658554077,
      0.307038813829422,
      0.3313319683074951,
      0.3849306106567383,
      0.37217795848846436,
      0.42702266573905945,
      0.38174131512641907
    ],
    [
      0.34630560874938965,
      0.462544322013855,
      0.4391312599182129,
      0.3380778729915619,
      0.4029707908630371,
      1.0,
      0.49991920590400696,
      0.43851765990257263,
      0.348543256521225,
      0.24319733679294586,
      0.4547874927520752,
      0.25711992383003235,
      0.29279041290283203,
      0.3730909526348114,
      0.29588210582733154,
      0.3363550007343292
    ],
    [
      0.33576297760009766,
      0.5291271209716797,
      0.4011605978012085,
      0.3161120116710663,
      0.4363102614879608,
      0.49991920590400696,
      1.0,
      0.46908634901046753,
      0.27144497632980347,
      0.21274450421333313,
      0.5429575443267822,
      0.3196474015712738,
      0.22552430629730225,
      0.2685082256793976,
      0.22952862083911896,
      0.2831328809261322
    ],
    [
      0.2521630525588989,
      0.32542115449905396,
      0.3554830551147461,
      0.29447445273399353,
      0.39796578884124756,
      0.43851765990257263,
      0.46908634901046753,
      0.9999999403953552,
      0.2781304717063904,
      0.19901035726070404,
      0.2912152409553528,
      0.32222825288772583,
      0.19526341557502747,
      0.3098253607749939,
      0.23844002187252045,
      0.27141180634498596
    ],
    [
      0.34471482038497925,
      0.3479462265968323,
      0.33041274547576904,
      0.3443838059902191,
      0.4649808704853058,
      0.348543256521225,
      0.27144497632980347,
      0.2781304717063904,
      1.0,
      0.11529518663883209,
      0.32460978627204895,
      0.3385395109653473,
      0.328539103269577,
      0.28174301981925964,
      0.26176565885543823,
      0.35043472051620483
    ],
    [
      0.235190749168396,
      0.2467983514070511,
      0.10700403898954391,
      0.13036571443080902,
      0.17183631658554077,
      0.24319733679294586,
      0.21274450421333313,
      0.19901035726070404,
      0.11529518663883209,
      1.0,
      0.15080329775810242,
      0.21386900544166565,
      0.12622083723545074,
      0.0908927470445633,
      0.06871328502893448,
      0.14117193222045898
    ],
    [
      0.3375810384750366,
      0.6305208206176758,
      0.37382134795188904,
      0.3171887993812561,
      0.307038813829422,
      0.4547874927520752,
      0.5429575443267822,
      0.2912152409553528,
      0.32460978627204895,
      0.15080329775810242,
      1.0,
      0.3352314531803131,
      0.3770640194416046,
      0.34525686502456665,
      0.3066905438899994,
      0.3326025903224945
    ],
    [
      0.41759225726127625,
      0.36609479784965515,
      0.2741437554359436,
      0.2765125632286072,
      0.3313319683074951,
      0.25711992383003235,
      0.3196474015712738,
      0.32222825288772583,
      0.3385395109653473,
      0.21386900544166565,
      0.3352314531803131,
      0.9999999403953552,
      0.2638445198535919,
      0.28756919503211975,
      0.23076018691062927,
      0.24763013422489166
    ],
    [
      0.3019782304763794,
      0.3303718566894531,
      0.19449864327907562,
      0.2505902647972107,
      0.3849306106567383,
      0.29279041290283203,
      0.22552430629730225,
      0.19526341557502747,
      0.328539103269577,
      0.12622083723545074,
      0.3770640194416046,
      0.2638445198535919,
      1.0,
      0.674217700958252,
      0.6055475473403931,
      0.5909359455108643
    ],
    [
      0.34044504165649414,
      0.31540676951408386,
      0.2805459499359131,
      0.25605490803718567,
      0.37217795848846436,
      0.3730909526348114,
      0.2685082256793976,
      0.3098253607749939,
      0.28174301981925964,
      0.0908927470445633,
      0.34525686502456665,
      0.28756919503211975,
      0.674217700958252,
      1.0,
      0.6439706087112427,
      0.712687611579895
    ],
    [
      0.2941802442073822,
      0.3891913592815399,
      0.3009420931339264,
      0.336844265460968,
      0.42702266573905945,
      0.29588210582733154,
      0.22952862083911896,
      0.23844002187252045,
      0.26176565885543823,
      0.06871328502893448,
      0.3066905438899994,
      0.23076018691062927,
      0.6055475473403931,
      0.6439706087112427,
      0.9999999403953552,
      0.6110007166862488
    ],
    [
      0.37961462140083313,
      0.36541280150413513,
      0.2660607099533081,
      0.27272388339042664,
      0.38174131512641907,
      0.3363550007343292,
      0.2831328809261322,
      0.27141180634498596,
      0.35043472051620483,
      0.14117193222045898,
      0.3326025903224945,
      0.24763013422489166,
      0.5909359455108643,
      0.712687611579895,
      0.6110007166862488,
      1.0
    ]
  ]
}