{
  "game_number": 590,
  "words": [
    "FISHER",
    "MASON",
    "MILLER",
    "SMITH",
    "DISTORT",
    "DOCTOR",
    "FUDGE",
    "TWIST",
    "DANCE",
    "MEAL",
    "ONE",
    "ROOT",
    "CENTURY",
    "DECADE",
    "MILLENNIUM",
    "YEAR"
  ],
  "adjacency_matrix": [
    [
      1.0,
      0.44988200068473816,
      0.5436618328094482,
      0.43475204706192017,
      0.12798957526683807,
      0.3807901442050934,
      0.17249177396297455,
      0.18688347935676575,
      0.3181215822696686,
      0.29227080941200256,
      0.33160799741744995,
      0.22189658880233765,
      0.16264016926288605,
      0.16034872829914093,
      0.2169494926929474,
      0.18725179135799408
    ],
    [
      0.44988200068473816,
      1.0000001192092896,
      0.5296136736869812,
      0.5743261575698853,
      0.15586994588375092,
      0.43716850876808167,
      0.29278939962387085,
      0.2675173878669739,
      0.2777981758117676,
      0.2750181555747986,
      0.36736273765563965,
      0.3028191924095154,
      0.20369435846805573,
      0.14289811253547668,
      0.14934813976287842,
      0.23721115291118622
    ],
    [
      0.5436618328094482,
      0.5296136736869812,
      1.0,
      0.614074170589447,
      0.17675629258155823,
      0.4568776786327362,
      0.278621643781662,
      0.29161232709884644,
      0.27073556184768677,
      0.2776761054992676,
      0.38099029660224915,
      0.3070570230484009,
      0.27602702379226685,
      0.18826106190681458,
      0.2437785416841507,
      0.2453598827123642
    ],
    [
      0.43475204706192017,
      0.5743261575698853,
      0.614074170589447,
      0.9999999403953552,
      0.1429518610239029,
      0.385464608669281,
      0.29249823093414307,
      0.25453001260757446,
      0.2890591621398926,
      0.21018259227275848,
      0.3173821270465851,
      0.32681944966316223,
      0.21876053512096405,
      0.16673314571380615,
      0.1798950731754303,
      0.17999890446662903
    ],
    [
      0.12798957526683807,
      0.15586994588375092,
      0.17675629258155823,
      0.1429518610239029,
      1.0,
      0.22287657856941223,
      0.4571511149406433,
      0.526018500328064,
      0.28354230523109436,
      0.2316855639219284,
      0.25181469321250916,
      0.32813122868537903,
      0.16664806008338928,
      0.14652475714683533,
      0.15366047620773315,
      0.13650141656398773
    ],
    [
      0.3807901442050934,
      0.43716850876808167,
      0.4568776786327362,
      0.385464608669281,
      0.22287657856941223,
      1.0,
      0.2558785676956177,
      0.29963818192481995,
      0.30918464064598083,
      0.2908107340335846,
      0.4594496190547943,
      0.2993171513080597,
      0.19759967923164368,
      0.2077547311782837,
      0.19779717922210693,
      0.2572811245918274
    ],
    [
      0.17249177396297455,
      0.29278939962387085,
      0.278621643781662,
      0.29249823093414307,
      0.4571511149406433,
      0.2558785676956177,
      1.0000001192092896,
      0.5114142298698425,
      0.3106027841567993,
      0.32664886116981506,
      0.3125663101673126,
      0.29924291372299194,
      0.12421958893537521,
      0.1671230047941208,
      0.14527805149555206,
      0.1941942721605301
    ],
    [
      0.18688347935676575,
      0.2675173878669739,
      0.29161232709884644,
      0.25453001260757446,
      0.526018500328064,
      0.29963818192481995,
      0.5114142298698425,
      0.9999999403953552,
      0.42058858275413513,
      0.3382553458213806,
      0.39943456649780273,
      0.37506166100502014,
      0.27770769596099854,
      0.29284000396728516,
      0.28974637389183044,
      0.30136004090309143
    ],
    [
      0.3181215822696686,
      0.2777981758117676,
      0.27073556184768677,
      0.2890591621398926,
      0.28354230523109436,
      0.30918464064598083,
      0.3106027841567993,
      0.42058858275413513,
      1.0000001192092896,
      0.42917707562446594,
      0.3613148033618927,
      0.3367924392223358,
      0.19689470529556274,
      0.24046090245246887,
      0.3201209306716919,
      0.25159546732902527
    ],
    [
      0.29227080941200256,
      0.2750181555747986,
      0.2776761054992676,
      0.21018259227275848,
      0.2316855639219284,
      0.2908107340335846,
      0.32664886116981506,
      0.3382553458213806,
      0.42917707562446594,
      1.0,
      0.38513752818107605,
      0.32286491990089417,
      0.24944445490837097,
      0.2649019956588745,
      0.34583407640457153,
      0.35954779386520386
    ],
    [
      0.33160799741744995,
      0.36736273765563965,
      0.38099029660224915,
      0.3173821270465851,
      0.25181469321250916,
      0.4594496190547943,
      0.3125663101673126,
      0.39943456649780273,
      0.3613148033618927,
      0.38513752818107605,
      1.0,
      0.42441120743751526,
      0.40949031710624695,
      0.44805487990379333,
      0.3884614109992981,
      0.47383931279182434
    ],
    [
      0.22189658880233765,
      0.3028191924095154,
      0.3070570230484009,
      0.32681944966316223,
      0.32813122868537903,
      0.2993171513080597,
      0.29924291372299194,
      0.37506166100502014,
      0.3367924392223358,
      0.32286491990089417,
      0.42441120743751526,
      1.0,
      0.269471675157547,
      0.22713413834571838,
      0.30697181820869446,
      0.2512136399745941
    ],
    [
      0.16264016926288605,
      0.20369435846805573,
      0.27602702379226685,
      0.21876053512096405,
      0.16664806008338928,
      0.19759967923164368,
      0.12421958893537521,
      0.27770769596099854,
      0.19689470529556274,
      0.24944445490837097,
      0.40949031710624695,
      0.269471675157547,
      1.0,
      0.7942622900009155,
      0.6882663369178772,
      0.623319149017334
    ],
    [
      0.16034872829914093,
      0.14289811253547668,
      0.18826106190681458,
      0.16673314571380615,
      0.14652475714683533,
      0.2077547311782837,
      0.1671230047941208,
      0.29284000396728516,
      0.24046090245246887,
      0.2649019956588745,
      0.44805487990379333,
      0.22713413834571838,
      0.7942622900009155,
      1.0,
      0.6620005965232849,
      0.7588693499565125
    ],
    [
      0.2169494926929474,
      0.14934813976287842,
      0.2437785416841507,
      0.1798950731754303,
      0.15366047620773315,
      0.19779717922210693,
      0.14527805149555206,
      0.28974637389183044,
      0.3201209306716919,
      0.34583407640457153,
      0.3884614109992981,
      0.30697181820869446,
      0.6882663369178772,
      0.6620005965232849,
      1.0,
      0.5892142057418823
    ],
    [
      0.18725179135799408,
      0.23721115291118622,
      0.2453598827123642,
      0.17999890446662903,
      0.13650141656398773,
      0.2572811245918274,
      0.1941942721605301,
      0.30136004090309143,
      0.25159546732902527,
      0.35954779386520386,
      0.47383931279182434,
      0.2512136399745941,
      0.623319149017334,
      0.7588693499565125,
      0.5892142057418823,
      1.0
    ]
  ]
}