{
  "game_number": 204,
  "words": [
    "LETTER",
    "PHRASE",
    "SENTENCE",
    "WORD",
    "JUG",
    "PIPE",
    "RECORDER",
    "WHISTLE",
    "NICK",
    "PASSAGE",
    "SANDS",
    "WASTE",
    "DRAIN",
    "EMPTY",
    "EXHAUST",
    "SAP"
  ],
  "adjacency_matrix": [
    [
      1.0,
      0.4634019136428833,
      0.5066455602645874,
      0.5451374053955078,
      0.1977338194847107,
      0.3168894052505493,
      0.28732427954673767,
      0.30623775720596313,
      0.33855313062667847,
      0.4285602569580078,
      0.15495072305202484,
      0.21270513534545898,
      0.16860203444957733,
      0.284702330827713,
      0.2627999484539032,
      0.12266118824481964
    ],
    [
      0.4634019136428833,
      1.0,
      0.680077850818634,
      0.8206393718719482,
      0.2543635368347168,
      0.3452984392642975,
      0.32508543133735657,
      0.3836499750614166,
      0.43692758679389954,
      0.5910940766334534,
      0.251262366771698,
      0.2600416839122772,
      0.30880939960479736,
      0.3432963192462921,
      0.2785893678665161,
      0.1889178603887558
    ],
    [
      0.5066455602645874,
      0.680077850818634,
      0.9999999403953552,
      0.6166065335273743,
      0.19605442881584167,
      0.33043810725212097,
      0.2751566469669342,
      0.3024006187915802,
      0.35214927792549133,
      0.5937899351119995,
      0.17435838282108307,
      0.26311996579170227,
      0.23564182221889496,
      0.3310246765613556,
      0.250545471906662,
      0.09471478313207626
    ],
    [
      0.5451374053955078,
      0.8206393718719482,
      0.6166065335273743,
      1.0,
      0.2569998800754547,
      0.3896574079990387,
      0.3227229714393616,
      0.39053621888160706,
      0.468595415353775,
      0.5134093165397644,
      0.2611371874809265,
      0.3406420350074768,
      0.3330787420272827,
      0.3919343948364258,
      0.30195745825767517,
      0.2540978193283081
    ],
    [
      0.1977338194847107,
      0.2543635368347168,
      0.19605442881584167,
      0.2569998800754547,
      1.0,
      0.45210832357406616,
      0.34407368302345276,
      0.29689252376556396,
      0.2178107500076294,
      0.21104997396469116,
      0.21956194937229156,
      0.22429196536540985,
      0.33397799730300903,
      0.3317313492298126,
      0.1991444230079651,
      0.2535630464553833
    ],
    [
      0.3168894052505493,
      0.3452984392642975,
      0.33043810725212097,
      0.3896574079990387,
      0.45210832357406616,
      1.0,
      0.3835597336292267,
      0.516721785068512,
      0.3444322645664215,
      0.38075315952301025,
      0.34268009662628174,
      0.4021013379096985,
      0.48702460527420044,
      0.3977009356021881,
      0.43262773752212524,
      0.3479308485984802
    ],
    [
      0.28732427954673767,
      0.32508543133735657,
      0.2751566469669342,
      0.3227229714393616,
      0.34407368302345276,
      0.3835597336292267,
      1.0,
      0.3775533437728882,
      0.29600945115089417,
      0.2964574098587036,
      0.23095861077308655,
      0.20930127799510956,
      0.3248239755630493,
      0.23039200901985168,
      0.2620493769645691,
      0.19790928065776825
    ],
    [
      0.30623775720596313,
      0.3836499750614166,
      0.3024006187915802,
      0.39053621888160706,
      0.29689252376556396,
      0.516721785068512,
      0.3775533437728882,
      1.0,
      0.3851648271083832,
      0.32675305008888245,
      0.27929192781448364,
      0.29450273513793945,
      0.3417818248271942,
      0.24644608795642853,
      0.3876040279865265,
      0.2769697904586792
    ],
    [
      0.33855313062667847,
      0.43692758679389954,
      0.35214927792549133,
      0.468595415353775,
      0.2178107500076294,
      0.3444322645664215,
      0.29600945115089417,
      0.3851648271083832,
      1.0,
      0.3432668447494507,
      0.2871825695037842,
      0.3599046766757965,
      0.39272254705429077,
      0.3373149633407593,
      0.33249521255493164,
      0.2902650833129883
    ],
    [
      0.4285602569580078,
      0.5910940766334534,
      0.5937899351119995,
      0.5134093165397644,
      0.21104997396469116,
      0.38075315952301025,
      0.2964574098587036,
      0.32675305008888245,
      0.3432668447494507,
      1.0,
      0.2720854580402374,
      0.2529204785823822,
      0.3378390371799469,
      0.34000685811042786,
      0.3204127550125122,
      0.12990981340408325
    ],
    [
      0.15495072305202484,
      0.251262366771698,
      0.17435838282108307,
      0.2611371874809265,
      0.21956194937229156,
      0.34268009662628174,
      0.23095861077308655,
      0.27929192781448364,
      0.2871825695037842,
      0.2720854580402374,
      1.0000001192092896,
      0.4110817313194275,
      0.38470879197120667,
      0.38873398303985596,
      0.27449434995651245,
      0.28481850028038025
    ],
    [
      0.21270513534545898,
      0.2600416839122772,
      0.26311996579170227,
      0.3406420350074768,
      0.22429196536540985,
      0.4021013379096985,
      0.20930127799510956,
      0.29450273513793945,
      0.3599046766757965,
      0.2529204785823822,
      0.4110817313194275,
      1.0,
      0.5681243538856506,
      0.4429055452346802,
      0.46273478865623474,
      0.4048705995082855
    ],
    [
      0.16860203444957733,
      0.30880939960479736,
      0.23564182221889496,
      0.3330787420272827,
      0.33397799730300903,
      0.48702460527420044,
      0.3248239755630493,
      0.3417818248271942,
      0.39272254705429077,
      0.3378390371799469,
      0.38470879197120667,
      0.5681243538856506,
      0.9999999403953552,
      0.4551539719104767,
      0.5071151256561279,
      0.4773451089859009
    ],
    [
      0.284702330827713,
      0.3432963192462921,
      0.3310246765613556,
      0.3919343948364258,
      0.3317313492298126,
      0.3977009356021881,
      0.23039200901985168,
      0.24644608795642853,
      0.3373149633407593,
      0.34000685811042786,
      0.38873398303985596,
      0.4429055452346802,
      0.4551539719104767,
      1.0000001192092896,
      0.40147316455841064,
      0.21755743026733398
    ],
    [
      0.2627999484539032,
      0.2785893678665161,
      0.250545471906662,
      0.30195745825767517,
      0.1991444230079651,
      0.43262773752212524,
      0.2620493769645691,
      0.3876040279865265,
      0.33249521255493164,
      0.3204127550125122,
      0.27449434995651245,
      0.46273478865623474,
      0.5071151256561279,
      0.40147316455841064,
      1.0,
      0.35101547837257385
    ],
    [
      0.12266118824481964,
      0.1889178603887558,
      0.09471478313207626,
      0.2540978193283081,
      0.2535630464553833,
      0.3479308485984802,
      0.19790928065776825,
      0.2769697904586792,
      0.2902650833129883,
      0.12990981340408325,
      0.28481850028038025,
      0.4048705995082855,
      0.4773451089859009,
      0.21755743026733398,
      0.35101547837257385,
      1.0
    ]
  ]
}