{
  "game_number": 381,
  "words": [
    "FIRM",
    "SOLID",
    "SOUND",
    "STABLE",
    "CARAMEL",
    "PEANUTS",
    "POPCORN",
    "PRIZE",
    "CHARLEY",
    "CRAZY",
    "DARK",
    "GIFT",
    "DESIRE",
    "DRIVE",
    "RESOLVE",
    "WILL"
  ],
  "adjacency_matrix": [
    [
      0.9999999403953552,
      0.4780651926994324,
      0.3568643033504486,
      0.45784318447113037,
      0.25851792097091675,
      0.22908362746238708,
      0.218028724193573,
      0.3311097025871277,
      0.3667350709438324,
      0.2823238968849182,
      0.33056920766830444,
      0.30677926540374756,
      0.37615543603897095,
      0.3497482240200043,
      0.3654186427593231,
      0.28981807827949524
    ],
    [
      0.4780651926994324,
      1.0,
      0.5326830744743347,
      0.6578561067581177,
      0.31660622358322144,
      0.2647668123245239,
      0.30269116163253784,
      0.34059181809425354,
      0.31294769048690796,
      0.4166046977043152,
      0.4845924377441406,
      0.3681729733943939,
      0.3821130692958832,
      0.3734435737133026,
      0.36376187205314636,
      0.3100947439670563
    ],
    [
      0.3568643033504486,
      0.5326830744743347,
      1.0,
      0.45718762278556824,
      0.2800205647945404,
      0.26836997270584106,
      0.31212353706359863,
      0.30694299936294556,
      0.3475913405418396,
      0.47546622157096863,
      0.46841496229171753,
      0.3561229705810547,
      0.3729704022407532,
      0.4233429431915283,
      0.3251727223396301,
      0.35855063796043396
    ],
    [
      0.45784318447113037,
      0.6578561067581177,
      0.45718762278556824,
      1.0,
      0.26476967334747314,
      0.2354530245065689,
      0.25273221731185913,
      0.31164103746414185,
      0.37316185235977173,
      0.38246268033981323,
      0.4815351665019989,
      0.26072731614112854,
      0.35862258076667786,
      0.38058698177337646,
      0.37903881072998047,
      0.34977760910987854
    ],
    [
      0.25851792097091675,
      0.31660622358322144,
      0.2800205647945404,
      0.26476967334747314,
      1.0000001192092896,
      0.4497835040092468,
      0.48925694823265076,
      0.21181419491767883,
      0.34704089164733887,
      0.2830534279346466,
      0.42506054043769836,
      0.2828890085220337,
      0.22401103377342224,
      0.15637977421283722,
      0.17438171803951263,
      0.14190973341464996
    ],
    [
      0.22908362746238708,
      0.2647668123245239,
      0.26836997270584106,
      0.2354530245065689,
      0.4497835040092468,
      1.0,
      0.5927952527999878,
      0.31080713868141174,
      0.3759119212627411,
      0.3210127353668213,
      0.2412162870168686,
      0.3163225054740906,
      0.18019568920135498,
      0.16774652898311615,
      0.1990763247013092,
      0.2456008493900299
    ],
    [
      0.218028724193573,
      0.30269116163253784,
      0.31212353706359863,
      0.25273221731185913,
      0.48925694823265076,
      0.5927952527999878,
      0.9999999403953552,
      0.38145267963409424,
      0.31958112120628357,
      0.3091961443424225,
      0.33263495564460754,
      0.39072802662849426,
      0.23574531078338623,
      0.24945223331451416,
      0.16501863300800323,
      0.22187522053718567
    ],
    [
      0.3311097025871277,
      0.34059181809425354,
      0.30694299936294556,
      0.31164103746414185,
      0.21181419491767883,
      0.31080713868141174,
      0.38145267963409424,
      1.0,
      0.33381757140159607,
      0.2748970687389374,
      0.2621583342552185,
      0.5455483198165894,
      0.3465539515018463,
      0.3828047513961792,
      0.2784484326839447,
      0.3179338872432709
    ],
    [
      0.3667350709438324,
      0.31294769048690796,
      0.3475913405418396,
      0.37316185235977173,
      0.34704089164733887,
      0.3759119212627411,
      0.31958112120628357,
      0.33381757140159607,
      1.0,
      0.44320517778396606,
      0.3748716413974762,
      0.37486517429351807,
      0.37992072105407715,
      0.35649916529655457,
      0.30179542303085327,
      0.25292840600013733
    ],
    [
      0.2823238968849182,
      0.4166046977043152,
      0.47546622157096863,
      0.38246268033981323,
      0.2830534279346466,
      0.3210127353668213,
      0.3091961443424225,
      0.2748970687389374,
      0.44320517778396606,
      1.0,
      0.5202757716178894,
      0.3031870126724243,
      0.40368103981018066,
      0.5169586539268494,
      0.315226286649704,
      0.32157957553863525
    ],
    [
      0.33056920766830444,
      0.4845924377441406,
      0.46841496229171753,
      0.4815351665019989,
      0.42506054043769836,
      0.2412162870168686,
      0.33263495564460754,
      0.2621583342552185,
      0.3748716413974762,
      0.5202757716178894,
      1.0,
      0.2917971909046173,
      0.3277263939380646,
      0.364005982875824,
      0.34582147002220154,
      0.27327960729599
    ],
    [
      0.30677926540374756,
      0.3681729733943939,
      0.3561229705810547,
      0.26072731614112854,
      0.2828890085220337,
      0.3163225054740906,
      0.39072802662849426,
      0.5455483198165894,
      0.37486517429351807,
      0.3031870126724243,
      0.2917971909046173,
      0.9999999403953552,
      0.4417426288127899,
      0.3881741166114807,
      0.27703121304512024,
      0.30113717913627625
    ],
    [
      0.37615543603897095,
      0.3821130692958832,
      0.3729704022407532,
      0.35862258076667786,
      0.22401103377342224,
      0.18019568920135498,
      0.23574531078338623,
      0.3465539515018463,
      0.37992072105407715,
      0.40368103981018066,
      0.3277263939380646,
      0.4417426288127899,
      1.0,
      0.5483764410018921,
      0.5210667252540588,
      0.46431106328964233
    ],
    [
      0.3497482240200043,
      0.3734435737133026,
      0.4233429431915283,
      0.38058698177337646,
      0.15637977421283722,
      0.16774652898311615,
      0.24945223331451416,
      0.3828047513961792,
      0.35649916529655457,
      0.5169586539268494,
      0.364005982875824,
      0.3881741166114807,
      0.5483764410018921,
      1.0,
      0.4853576719760895,
      0.4879482090473175
    ],
    [
      0.3654186427593231,
      0.36376187205314636,
      0.3251727223396301,
      0.37903881072998047,
      0.17438171803951263,
      0.1990763247013092,
      0.16501863300800323,
      0.2784484326839447,
      0.30179542303085327,
      0.315226286649704,
      0.34582147002220154,
      0.27703121304512024,
      0.5210667252540588,
      0.4853576719760895,
      1.0,
      0.5048158168792725
    ],
    [
      0.28981807827949524,
      0.3100947439670563,
      0.35855063796043396,
      0.34977760910987854,
      0.14190973341464996,
      0.2456008493900299,
      0.22187522053718567,
      0.3179338872432709,
      0.25292840600013733,
      0.32157957553863525,
      0.27327960729599,
      0.30113717913627625,
      0.46431106328964233,
      0.4879482090473175,
      0.5048158168792725,
      0.9999999403953552
    ]
  ]
}