{"game_number":173,"words":["CHEER","GLEE","FESTIVITY","MIRTH","BAND","CATERER","FLORIST","OFFICIANT","CHOIR","FIRE","LIAR","FRYER","BARBECUE","ORCHESTRA","SNAKE","TAR"],"adjacency_matrix":[[0.9999999403953552,0.5672822594642639,0.3964589536190033,0.5726736783981323,0.3489837050437927,0.2626347541809082,0.24738702178001404,0.3059253692626953,0.41622254252433777,0.38516658544540405,0.21742334961891174,0.1626775711774826,0.3627564311027527,0.3153432607650757,0.2459438443183899,0.303129106760025],[0.5672822594642639,0.9999998807907104,0.3632870614528656,0.6178803443908691,0.28891095519065857,0.24359937012195587,0.17843900620937347,0.24272041022777557,0.3600967824459076,0.2781570255756378,0.2561124563217163,0.2051614671945572,0.2922428250312805,0.3272515535354614,0.2070055603981018,0.2399269938468933],[0.3964589536190033,0.3632870614528656,1.0,0.4995143413543701,0.3334893584251404,0.23114781081676483,0.2703365087509155,0.34700965881347656,0.3894348442554474,0.31991082429885864,0.02358696237206459,0.15059052407741547,0.4400480389595032,0.3627839982509613,0.2241300791501999,0.16186238825321198],[0.5726736783981323,0.6178803443908691,0.4995143413543701,1.0000001192092896,0.24158519506454468,0.22754468023777008,0.18627475202083588,0.29959070682525635,0.26256927847862244,0.3709063231945038,0.21907031536102295,0.22812242805957794,0.3286396265029907,0.2591448426246643,0.24849462509155273,0.22522491216659546],[0.3489837050437927,0.28891095519065857,0.3334893584251404,0.24158519506454468,0.9999999403953552,0.3318482041358948,0.3858832120895386,0.35274556279182434,0.5437719821929932,0.3110252916812897,0.14987754821777344,0.23901066184043884,0.3647935092449188,0.5240084528923035,0.3332248032093048,0.18355625867843628],[0.2626347541809082,0.24359937012195587,0.23114781081676483,0.22754468023777008,0.3318482041358948,1.0,0.6003020405769348,0.5299647450447083,0.31156426668167114,0.2782357335090637,0.29111355543136597,0.38378065824508667,0.40827953815460205,0.2971959710121155,0.3057272434234619,0.11656138300895691],[0.24738702178001404,0.17843900620937347,0.2703365087509155,0.18627475202083588,0.3858832120895386,0.6003020405769348,1.0,0.4780539870262146,0.3311987817287445,0.2914336323738098,0.19287608563899994,0.2813872992992401,0.28001806139945984,0.29391998052597046,0.33432886004447937,0.13287685811519623],[0.3059253692626953,0.24272041022777557,0.34700965881347656,0.29959070682525635,0.35274556279182434,0.5299647450447083,0.4780539870262146,1.0,0.4129016697406769,0.28129032254219055,0.19325026869773865,0.2138894945383072,0.32725733518600464,0.2996251583099365,0.3048962652683258,0.21742217242717743],[0.41622254252433777,0.3600967824459076,0.3894348442554474,0.26256927847862244,0.5437719821929932,0.31156426668167114,0.3311987817287445,0.4129016697406769,1.0000001192092896,0.30931705236434937,0.09406322240829468,0.20074178278446198,0.33692893385887146,0.684052586555481,0.2242584377527237,0.22848102450370789],[0.38516658544540405,0.2781570255756378,0.31991082429885864,0.3709063231945038,0.3110252916812897,0.2782357335090637,0.2914336323738098,0.28129032254219055,0.30931705236434937,1.0,0.24670618772506714,0.37427183985710144,0.47969284653663635,0.3306792676448822,0.40358513593673706,0.37299633026123047],[0.21742334961891174,0.2561124563217163,0.02358696237206459,0.21907031536102295,0.14987754821777344,0.29111355543136597,0.19287608563899994,0.19325026869773865,0.09406322240829468,0.24670618772506714,1.0,0.19363810122013092,0.1928974688053131,0.13696807622909546,0.3544849455356598,0.2634323537349701],[0.1626775711774826,0.2051614671945572,0.15059052407741547,0.22812242805957794,0.23901066184043884,0.38378065824508667,0.2813872992992401,0.2138894945383072,0.20074178278446198,0.37427183985710144,0.19363810122013092,1.0000001192092896,0.4755905568599701,0.19344522058963776,0.3156532347202301,0.2823767066001892],[0.3627564311027527,0.2922428250312805,0.4400480389595032,0.3286396265029907,0.3647935092449188,0.40827953815460205,0.28001806139945984,0.32725733518600464,0.33692893385887146,0.47969284653663635,0.1928974688053131,0.4755905568599701,1.0,0.2698964476585388,0.3749316930770874,0.30851009488105774],[0.3153432607650757,0.3272515535354614,0.3627839982509613,0.2591448426246643,0.5240084528923035,0.2971959710121155,0.29391998052597046,0.2996251583099365,0.684052586555481,0.3306792676448822,0.13696807622909546,0.19344522058963776,0.2698964476585388,1.0,0.2951771318912506,0.22275538742542267],[0.2459438443183899,0.2070055603981018,0.2241300791501999,0.24849462509155273,0.3332248032093048,0.3057272434234619,0.33432886004447937,0.3048962652683258,0.2242584377527237,0.40358513593673706,0.3544849455356598,0.3156532347202301,0.3749316930770874,0.2951771318912506,0.9999999403953552,0.3664008378982544],[0.303129106760025,0.2399269938468933,0.16186238825321198,0.22522491216659546,0.18355625867843628,0.11656138300895691,0.13287685811519623,0.21742217242717743,0.22848102450370789,0.37299633026123047,0.2634323537349701,0.2823767066001892,0.30851009488105774,0.22275538742542267,0.3664008378982544,1.0]]}