{"game_number":30,"words":["BRAINSTORM","CONCEIVE","SPITBALL","WORKSHOP","CONCRETE","MATERIAL","REAL","SOLID","BIRTHDAY","CRUMB","MARBLE","POUND","CURVEBALL","PARTY","TANTRUM","WRENCH"],"adjacency_matrix":[[1.0,0.3871179223060608,0.3963203728199005,0.4493160545825958,0.3364650011062622,0.2814648747444153,0.32239973545074463,0.21340231597423553,0.2816092371940613,0.18461737036705017,0.19152410328388214,0.1635274440050125,0.32539549469947815,0.32164472341537476,0.29081642627716064,0.26170724630355835],[0.3871179223060608,1.0,0.2098550796508789,0.26065701246261597,0.318361759185791,0.2770824432373047,0.3399207890033722,0.3010373115539551,0.23080608248710632,0.19309718906879425,0.2413216531276703,0.23284609615802765,0.14622515439987183,0.2925144135951996,0.1834852695465088,0.2568051815032959],[0.3963203728199005,0.2098550796508789,0.9999999403953552,0.25934168696403503,0.3467838764190674,0.35317903757095337,0.3433408737182617,0.3208805024623871,0.3077082633972168,0.39011505246162415,0.38635170459747314,0.28248125314712524,0.6332422494888306,0.4100692868232727,0.4219687283039093,0.37590494751930237],[0.4493160545825958,0.26065701246261597,0.25934168696403503,1.0,0.33638542890548706,0.39603349566459656,0.3041605055332184,0.2454058825969696,0.30494797229766846,0.21966710686683655,0.29490435123443604,0.19048070907592773,0.2837459146976471,0.36603647470474243,0.258023202419281,0.24914897978305817],[0.3364650011062622,0.318361759185791,0.3467838764190674,0.33638542890548706,1.0,0.5682008266448975,0.5614827871322632,0.6204596757888794,0.21161477267742157,0.46689558029174805,0.5023607015609741,0.34764963388442993,0.33571696281433105,0.2927675247192383,0.23251919448375702,0.3862423896789551],[0.2814648747444153,0.2770824432373047,0.35317903757095337,0.39603349566459656,0.5682008266448975,1.0,0.5194680690765381,0.5643985867500305,0.253510445356369,0.4145711362361908,0.4503956139087677,0.2912364602088928,0.3328257203102112,0.38922056555747986,0.270255446434021,0.3278254568576813],[0.32239973545074463,0.3399207890033722,0.3433408737182617,0.3041605055332184,0.5614827871322632,0.5194680690765381,0.9999998807907104,0.593713641166687,0.35826385021209717,0.4149271845817566,0.33873221278190613,0.3331512212753296,0.329770028591156,0.43314245343208313,0.2975466251373291,0.34987306594848633],[0.21340231597423553,0.3010373115539551,0.3208805024623871,0.2454058825969696,0.6204596757888794,0.5643985867500305,0.593713641166687,1.0,0.19848966598510742,0.4396674335002899,0.45112013816833496,0.3320465087890625,0.34043726325035095,0.33663126826286316,0.2468143254518509,0.30246490240097046],[0.2816092371940613,0.23080608248710632,0.3077082633972168,0.30494797229766846,0.21161477267742157,0.253510445356369,0.35826385021209717,0.19848966598510742,1.0,0.20031508803367615,0.24943037331104279,0.21350982785224915,0.33986926078796387,0.4496404826641083,0.2875995635986328,0.1900688111782074],[0.18461737036705017,0.19309718906879425,0.39011505246162415,0.21966710686683655,0.46689558029174805,0.4145711362361908,0.4149271845817566,0.4396674335002899,0.20031508803367615,0.9999999403953552,0.414032906293869,0.4134332239627838,0.41005027294158936,0.35678061842918396,0.31140926480293274,0.45015156269073486],[0.19152410328388214,0.2413216531276703,0.38635170459747314,0.29490435123443604,0.5023607015609741,0.4503956139087677,0.33873221278190613,0.45112013816833496,0.24943037331104279,0.414032906293869,1.0,0.3292122483253479,0.31708618998527527,0.27413618564605713,0.2956251800060272,0.35507506132125854],[0.1635274440050125,0.23284609615802765,0.28248125314712524,0.19048070907592773,0.34764963388442993,0.2912364602088928,0.3331512212753296,0.3320465087890625,0.21350982785224915,0.4134332239627838,0.3292122483253479,1.0,0.2205168753862381,0.21383991837501526,0.29338887333869934,0.41359376907348633],[0.32539549469947815,0.14622515439987183,0.6332422494888306,0.2837459146976471,0.33571696281433105,0.3328257203102112,0.329770028591156,0.34043726325035095,0.33986926078796387,0.41005027294158936,0.31708618998527527,0.2205168753862381,1.0,0.33648964762687683,0.4117152690887451,0.4501313269138336],[0.32164472341537476,0.2925144135951996,0.4100692868232727,0.36603647470474243,0.2927675247192383,0.38922056555747986,0.43314245343208313,0.33663126826286316,0.4496404826641083,0.35678061842918396,0.27413618564605713,0.21383991837501526,0.33648964762687683,1.0,0.3081413507461548,0.271369993686676],[0.29081642627716064,0.1834852695465088,0.4219687283039093,0.258023202419281,0.23251919448375702,0.270255446434021,0.2975466251373291,0.2468143254518509,0.2875995635986328,0.31140926480293274,0.2956251800060272,0.29338887333869934,0.4117152690887451,0.3081413507461548,1.0,0.39012065529823303],[0.26170724630355835,0.2568051815032959,0.37590494751930237,0.24914897978305817,0.3862423896789551,0.3278254568576813,0.34987306594848633,0.30246490240097046,0.1900688111782074,0.45015156269073486,0.35507506132125854,0.41359376907348633,0.4501313269138336,0.271369993686676,0.39012065529823303,0.9999999403953552]]}