{"game_number":285,"words":["BOW","KNEEL","SALUTE","STAND","CLOCK","MAIL","MAPS","NOTES","DOWN","FUR","SCALES","SHELL","ARROW","DOG","FINGER","HINT"],"adjacency_matrix":[[1.0,0.5176780223846436,0.5547339916229248,0.4900990128517151,0.3043125867843628,0.30531594157218933,0.20545034110546112,0.255428284406662,0.42301273345947266,0.27876943349838257,0.3159889280796051,0.4053683578968048,0.6308448314666748,0.29339972138404846,0.49891871213912964,0.34294605255126953],[0.5176780223846436,1.0,0.44780176877975464,0.5910911560058594,0.3112255930900574,0.17588162422180176,0.11989642679691315,0.17084388434886932,0.3934177756309509,0.10863866657018661,0.19239258766174316,0.23446258902549744,0.3191594183444977,0.20864515006542206,0.38408541679382324,0.24666711688041687],[0.5547339916229248,0.44780176877975464,1.0,0.4706144332885742,0.3584040701389313,0.29484233260154724,0.2015479952096939,0.2865902781486511,0.3213219940662384,0.132346048951149,0.21570302546024323,0.32579219341278076,0.4203813076019287,0.27397528290748596,0.4640049934387207,0.40136367082595825],[0.4900990128517151,0.5910911560058594,0.4706144332885742,1.0,0.38089898228645325,0.27559593319892883,0.29051658511161804,0.37723469734191895,0.5265785455703735,0.21836408972740173,0.3417966067790985,0.36449822783470154,0.38463154435157776,0.3509342074394226,0.4069431722164154,0.444088876247406],[0.3043125867843628,0.3112255930900574,0.3584040701389313,0.38089898228645325,1.0,0.30673453211784363,0.3300696909427643,0.2822714149951935,0.3676582872867584,0.2477174550294876,0.38239145278930664,0.3520700931549072,0.33933138847351074,0.3717595934867859,0.3504657745361328,0.2876361012458801],[0.30531594157218933,0.17588162422180176,0.29484233260154724,0.27559593319892883,0.30673453211784363,1.0,0.3226144015789032,0.3153313100337982,0.34463489055633545,0.3313879370689392,0.29412221908569336,0.3624002933502197,0.3131295144557953,0.31542855501174927,0.3202079236507416,0.2879638671875],[0.20545034110546112,0.11989642679691315,0.2015479952096939,0.29051658511161804,0.3300696909427643,0.3226144015789032,1.0,0.5127182006835938,0.2604610025882721,0.2847495377063751,0.46401551365852356,0.25252193212509155,0.3172266185283661,0.2640625238418579,0.29295361042022705,0.30648791790008545],[0.255428284406662,0.17084388434886932,0.2865902781486511,0.37723469734191895,0.2822714149951935,0.3153313100337982,0.5127182006835938,1.0,0.3343105614185333,0.15891197323799133,0.4158281683921814,0.28155890107154846,0.3133229911327362,0.22316274046897888,0.3429153263568878,0.4651554524898529],[0.42301273345947266,0.3934177756309509,0.3213219940662384,0.5265785455703735,0.3676582872867584,0.34463489055633545,0.2604610025882721,0.3343105614185333,1.0,0.2426091581583023,0.37447062134742737,0.33172088861465454,0.43982088565826416,0.36042946577072144,0.4705455005168915,0.34342047572135925],[0.27876943349838257,0.10863866657018661,0.132346048951149,0.21836408972740173,0.2477174550294876,0.3313879370689392,0.2847495377063751,0.15891197323799133,0.2426091581583023,1.0,0.3409428000450134,0.37357836961746216,0.3100796639919281,0.4444228708744049,0.2931819558143616,0.22858108580112457],[0.3159889280796051,0.19239258766174316,0.21570302546024323,0.3417966067790985,0.38239145278930664,0.29412221908569336,0.46401551365852356,0.4158281683921814,0.37447062134742737,0.3409428000450134,1.0,0.3254663348197937,0.30994606018066406,0.22641992568969727,0.4043397605419159,0.3387908637523651],[0.4053683578968048,0.23446258902549744,0.32579219341278076,0.36449822783470154,0.3520700931549072,0.3624002933502197,0.25252193212509155,0.28155890107154846,0.33172088861465454,0.37357836961746216,0.3254663348197937,1.0,0.4167536795139313,0.30550965666770935,0.3925114572048187,0.3412746489048004],[0.6308448314666748,0.3191594183444977,0.4203813076019287,0.38463154435157776,0.33933138847351074,0.3131295144557953,0.3172266185283661,0.3133229911327362,0.43982088565826416,0.3100796639919281,0.30994606018066406,0.4167536795139313,1.0,0.32420095801353455,0.5008769631385803,0.3981744945049286],[0.29339972138404846,0.20864515006542206,0.27397528290748596,0.3509342074394226,0.3717595934867859,0.31542855501174927,0.2640625238418579,0.22316274046897888,0.36042946577072144,0.4444228708744049,0.22641992568969727,0.30550965666770935,0.32420095801353455,1.0,0.3721815347671509,0.2755793631076813],[0.49891871213912964,0.38408541679382324,0.4640049934387207,0.4069431722164154,0.3504657745361328,0.3202079236507416,0.29295361042022705,0.3429153263568878,0.4705455005168915,0.2931819558143616,0.4043397605419159,0.3925114572048187,0.5008769631385803,0.3721815347671509,1.0,0.43461647629737854],[0.34294605255126953,0.24666711688041687,0.40136367082595825,0.444088876247406,0.2876361012458801,0.2879638671875,0.30648791790008545,0.4651554524898529,0.34342047572135925,0.22858108580112457,0.3387908637523651,0.3412746489048004,0.3981744945049286,0.2755793631076813,0.43461647629737854,1.0]]}