{"game_number":80,"words":["CAP","CORK","LID","TAB","PERIOD","SPELL","STRETCH","TIME","CHECK","CONTAIN","CURB","LIMIT","BILL","EGG","FUR","VENOM"],"adjacency_matrix":[[0.9999998807907104,0.49414902925491333,0.48949578404426575,0.38020050525665283,0.325270414352417,0.3875737190246582,0.3617708683013916,0.25523996353149414,0.2817670404911041,0.34834784269332886,0.431282639503479,0.5379894375801086,0.4721597135066986,0.3443123698234558,0.4139999747276306,0.23830898106098175],[0.49414902925491333,0.9999999403953552,0.44369205832481384,0.2696264684200287,0.18818078935146332,0.3025127351284027,0.32261815667152405,0.19214048981666565,0.29084768891334534,0.283574640750885,0.2958868443965912,0.30835238099098206,0.28344106674194336,0.3515194058418274,0.37718525528907776,0.2250388264656067],[0.48949578404426575,0.44369205832481384,1.0,0.38172677159309387,0.1953173279762268,0.29103001952171326,0.2752322852611542,0.15067273378372192,0.3227180242538452,0.33479833602905273,0.3433806896209717,0.32408758997917175,0.2893753945827484,0.3774060904979706,0.2594834864139557,0.23618346452713013],[0.38020050525665283,0.2696264684200287,0.38172677159309387,0.9999999403953552,0.2537541389465332,0.2769166827201843,0.28082579374313354,0.26909035444259644,0.4687270522117615,0.28490304946899414,0.290997713804245,0.33228692412376404,0.39044100046157837,0.14232303202152252,0.24968977272510529,0.2141469269990921],[0.325270414352417,0.18818078935146332,0.1953173279762268,0.2537541389465332,1.0,0.3845690190792084,0.4440481662750244,0.685093104839325,0.29976820945739746,0.31234943866729736,0.25468388199806213,0.4211365282535553,0.2943384349346161,0.22028714418411255,0.22588293254375458,0.12063681334257126],[0.3875737190246582,0.3025127351284027,0.29103001952171326,0.2769166827201843,0.3845690190792084,1.0,0.4267134368419647,0.37275466322898865,0.47129932045936584,0.4080617427825928,0.3055514693260193,0.39052486419677734,0.2739390432834625,0.2291906625032425,0.2571449279785156,0.27097517251968384],[0.3617708683013916,0.32261815667152405,0.2752322852611542,0.28082579374313354,0.4440481662750244,0.4267134368419647,0.9999999403953552,0.4943910241127014,0.42672789096832275,0.42924779653549194,0.45070844888687134,0.6005052924156189,0.3095077872276306,0.26899254322052,0.2703574299812317,0.22522024810314178],[0.25523996353149414,0.19214048981666565,0.15067273378372192,0.26909035444259644,0.685093104839325,0.37275466322898865,0.4943910241127014,1.0,0.4185152053833008,0.3276479244232178,0.3360931873321533,0.48055922985076904,0.3399164080619812,0.274086594581604,0.1909535825252533,0.2254030704498291],[0.2817670404911041,0.29084768891334534,0.3227180242538452,0.4687270522117615,0.29976820945739746,0.47129932045936584,0.42672789096832275,0.4185152053833008,1.0,0.4280714988708496,0.4030812084674835,0.4589514136314392,0.36031773686408997,0.237203449010849,0.20245593786239624,0.20153672993183136],[0.34834784269332886,0.283574640750885,0.33479833602905273,0.28490304946899414,0.31234943866729736,0.4080617427825928,0.42924779653549194,0.3276479244232178,0.4280714988708496,1.0,0.43285655975341797,0.5308153629302979,0.29878005385398865,0.262214720249176,0.21156705915927887,0.32610732316970825],[0.431282639503479,0.2958868443965912,0.3433806896209717,0.290997713804245,0.25468388199806213,0.3055514693260193,0.45070844888687134,0.3360931873321533,0.4030812084674835,0.43285655975341797,1.0,0.5784186124801636,0.3675365149974823,0.22392500936985016,0.2371695637702942,0.2592192590236664],[0.5379894375801086,0.30835238099098206,0.32408758997917175,0.33228692412376404,0.4211365282535553,0.39052486419677734,0.6005052924156189,0.48055922985076904,0.4589514136314392,0.5308153629302979,0.5784186124801636,0.9999999403953552,0.3773401975631714,0.2858230471611023,0.23391589522361755,0.22446267306804657],[0.4721597135066986,0.28344106674194336,0.2893753945827484,0.39044100046157837,0.2943384349346161,0.2739390432834625,0.3095077872276306,0.3399164080619812,0.36031773686408997,0.29878005385398865,0.3675365149974823,0.3773401975631714,1.0,0.22616103291511536,0.29126837849617004,0.20892302691936493],[0.3443123698234558,0.3515194058418274,0.3774060904979706,0.14232303202152252,0.22028714418411255,0.2291906625032425,0.26899254322052,0.274086594581604,0.237203449010849,0.262214720249176,0.22392500936985016,0.2858230471611023,0.22616103291511536,1.0,0.3571223318576813,0.34285685420036316],[0.4139999747276306,0.37718525528907776,0.2594834864139557,0.24968977272510529,0.22588293254375458,0.2571449279785156,0.2703574299812317,0.1909535825252533,0.20245593786239624,0.21156705915927887,0.2371695637702942,0.23391589522361755,0.29126837849617004,0.3571223318576813,1.0,0.2854820489883423],[0.23830898106098175,0.2250388264656067,0.23618346452713013,0.2141469269990921,0.12063681334257126,0.27097517251968384,0.22522024810314178,0.2254030704498291,0.20153672993183136,0.32610732316970825,0.2592192590236664,0.22446267306804657,0.20892302691936493,0.34285685420036316,0.2854820489883423,1.0]]}