{"game_number":26,"words":["POINTER","SUGGESTION","TIP","TRICK","GRIT","RESOLVE","SPIRIT","WILL","FREQUENT","HAUNT","PATRONIZE","VISIT","CANINE","FREIGHT","OFTEN","OZONE"],"adjacency_matrix":[[1.0,0.46229663491249084,0.4810126721858978,0.4281500279903412,0.29163235425949097,0.32038387656211853,0.31356215476989746,0.3041931092739105,0.30110400915145874,0.2767512798309326,0.23553478717803955,0.2887304425239563,0.3046564757823944,0.2697988450527191,0.29049527645111084,0.17572730779647827],[0.46229663491249084,1.0,0.43800145387649536,0.47055867314338684,0.25728127360343933,0.4423850178718567,0.3923908472061157,0.3626655042171478,0.42219945788383484,0.2877042591571808,0.36865314841270447,0.41265347599983215,0.2674037516117096,0.21531865000724792,0.3428855836391449,0.12144476920366287],[0.4810126721858978,0.43800145387649536,0.9999999403953552,0.48095157742500305,0.31650927662849426,0.31165531277656555,0.29730644822120667,0.3168087303638458,0.2833693325519562,0.2719024121761322,0.3168671429157257,0.3494075536727905,0.3041342794895172,0.31620821356773376,0.29455989599227905,0.17375721037387848],[0.4281500279903412,0.47055867314338684,0.48095157742500305,1.0,0.32071641087532043,0.40809133648872375,0.3603689670562744,0.4204898178577423,0.2770007252693176,0.334040105342865,0.3808484673500061,0.3527708947658539,0.2912021577358246,0.23921069502830505,0.38510191440582275,0.1458304524421692],[0.29163235425949097,0.25728127360343933,0.31650927662849426,0.32071641087532043,1.0,0.4371751844882965,0.47699254751205444,0.28656697273254395,0.28148284554481506,0.308406263589859,0.21761517226696014,0.20581233501434326,0.3534483313560486,0.32023340463638306,0.28238382935523987,0.22482459247112274],[0.32038387656211853,0.4423850178718567,0.31165531277656555,0.40809133648872375,0.4371751844882965,1.0,0.4209211766719818,0.5048158168792725,0.34985873103141785,0.4004533588886261,0.41242700815200806,0.40314826369285583,0.31500327587127686,0.21304291486740112,0.4053013324737549,0.1795617640018463],[0.31356215476989746,0.3923908472061157,0.29730644822120667,0.3603689670562744,0.47699254751205444,0.4209211766719818,1.0,0.27506223320961,0.2767139971256256,0.43083661794662476,0.303749680519104,0.31010201573371887,0.3905182480812073,0.3197040557861328,0.28895214200019836,0.23414528369903564],[0.3041931092739105,0.3626655042171478,0.3168087303638458,0.4204898178577423,0.28656697273254395,0.5048158168792725,0.27506223320961,0.9999999403953552,0.3093193769454956,0.4164471924304962,0.4518566429615021,0.4366607666015625,0.2722797691822052,0.22104257345199585,0.5879127383232117,0.11962135881185532],[0.30110400915145874,0.42219945788383484,0.2833693325519562,0.2770007252693176,0.28148284554481506,0.34985873103141785,0.2767139971256256,0.3093193769454956,1.0,0.4531930983066559,0.40354448556900024,0.3946532607078552,0.36609670519828796,0.316976934671402,0.5930719375610352,0.2339453548192978],[0.2767512798309326,0.2877042591571808,0.2719024121761322,0.334040105342865,0.308406263589859,0.4004533588886261,0.43083661794662476,0.4164471924304962,0.4531930983066559,0.9999999403953552,0.49759259819984436,0.4654729962348938,0.2596076428890228,0.2571246325969696,0.39199331402778625,0.108091339468956],[0.23553478717803955,0.36865314841270447,0.3168671429157257,0.3808484673500061,0.21761517226696014,0.41242700815200806,0.303749680519104,0.4518566429615021,0.40354448556900024,0.49759259819984436,1.0,0.46725064516067505,0.24408802390098572,0.2799139618873596,0.45413675904273987,0.06595548987388611],[0.2887304425239563,0.41265347599983215,0.3494075536727905,0.3527708947658539,0.20581233501434326,0.40314826369285583,0.31010201573371887,0.4366607666015625,0.3946532607078552,0.4654729962348938,0.46725064516067505,1.0,0.21234631538391113,0.26921823620796204,0.40157806873321533,0.10490605980157852],[0.3046564757823944,0.2674037516117096,0.3041342794895172,0.2912021577358246,0.3534483313560486,0.31500327587127686,0.3905182480812073,0.2722797691822052,0.36609670519828796,0.2596076428890228,0.24408802390098572,0.21234631538391113,1.0,0.23598352074623108,0.23583614826202393,0.2724611163139343],[0.2697988450527191,0.21531865000724792,0.31620821356773376,0.23921069502830505,0.32023340463638306,0.21304291486740112,0.3197040557861328,0.22104257345199585,0.316976934671402,0.2571246325969696,0.2799139618873596,0.26921823620796204,0.23598352074623108,1.0,0.2598402500152588,0.24557839334011078],[0.29049527645111084,0.3428855836391449,0.29455989599227905,0.38510191440582275,0.28238382935523987,0.4053013324737549,0.28895214200019836,0.5879127383232117,0.5930719375610352,0.39199331402778625,0.45413675904273987,0.40157806873321533,0.23583614826202393,0.2598402500152588,0.9999999403953552,0.15472643077373505],[0.17572730779647827,0.12144476920366287,0.17375721037387848,0.1458304524421692,0.22482459247112274,0.1795617640018463,0.23414528369903564,0.11962135881185532,0.2339453548192978,0.108091339468956,0.06595548987388611,0.10490605980157852,0.2724611163139343,0.24557839334011078,0.15472643077373505,1.0]]}