{"game_number":130,"words":["ABSURDITY","FOLLY","MADNESS","NONSENSE","ADVANCE","MARCH","PROGRESS","PUSH","CHEESE","FEET","GARBAGE","SKUNK","CUT","FAKE","FREEZE","SIX"],"adjacency_matrix":[[1.0,0.6064907312393188,0.6664482355117798,0.6484898924827576,0.40519723296165466,0.2999268174171448,0.4366019666194916,0.3608039915561676,0.30328190326690674,0.2223127782344818,0.43686142563819885,0.2801101803779602,0.29190605878829956,0.4207143485546112,0.29634785652160645,0.24720704555511475],[0.6064907312393188,1.0,0.6330711245536804,0.49286073446273804,0.35704270005226135,0.3614344000816345,0.4333004355430603,0.31245195865631104,0.2568300664424896,0.25220030546188354,0.34748324751853943,0.25703030824661255,0.36860740184783936,0.3244919180870056,0.25827133655548096,0.21708285808563232],[0.6664482355117798,0.6330711245536804,1.0000001192092896,0.5764374136924744,0.3865598440170288,0.397249698638916,0.4543294310569763,0.40702012181282043,0.30942147970199585,0.22515849769115448,0.42980605363845825,0.36578094959259033,0.3495108485221863,0.4032932221889496,0.3962543308734894,0.20558053255081177],[0.6484898924827576,0.49286073446273804,0.5764374136924744,1.0,0.3849264681339264,0.2801516354084015,0.41179725527763367,0.35524895787239075,0.37034493684768677,0.19826480746269226,0.6071910262107849,0.32190173864364624,0.3346385359764099,0.5669615268707275,0.3065553307533264,0.25311750173568726],[0.40519723296165466,0.35704270005226135,0.3865598440170288,0.3849264681339264,0.9999999403953552,0.5035563111305237,0.6900195479393005,0.5977277755737305,0.257581502199173,0.22118838131427765,0.2959390878677368,0.1097380742430687,0.43167465925216675,0.3500748574733734,0.3963598906993866,0.2798110246658325],[0.2999268174171448,0.3614344000816345,0.397249698638916,0.2801516354084015,0.5035563111305237,1.0,0.4953414797782898,0.4496513903141022,0.22912901639938354,0.2754767835140228,0.27790963649749756,0.20457929372787476,0.3867075443267822,0.2719539701938629,0.3133417069911957,0.22284096479415894],[0.4366019666194916,0.4333004355430603,0.4543294310569763,0.41179725527763367,0.6900195479393005,0.4953414797782898,0.9999999403953552,0.4937405288219452,0.28110358119010925,0.23246225714683533,0.3667142689228058,0.1464158445596695,0.37941715121269226,0.30664706230163574,0.3835025131702423,0.2953026294708252],[0.3608039915561676,0.31245195865631104,0.40702012181282043,0.35524895787239075,0.5977277755737305,0.4496513903141022,0.4937405288219452,0.9999999403953552,0.2843695282936096,0.22388778626918793,0.3459888994693756,0.22150348126888275,0.5128974914550781,0.396391361951828,0.4533792734146118,0.27008235454559326],[0.30328190326690674,0.2568300664424896,0.30942147970199585,0.37034493684768677,0.257581502199173,0.22912901639938354,0.28110358119010925,0.2843695282936096,1.0,0.23100930452346802,0.35730060935020447,0.3998962640762329,0.33896589279174805,0.3924349248409271,0.3557308614253998,0.2329130619764328],[0.2223127782344818,0.25220030546188354,0.22515849769115448,0.19826480746269226,0.22118838131427765,0.2754767835140228,0.23246225714683533,0.22388778626918793,0.23100930452346802,1.0,0.20066218078136444,0.22270701825618744,0.3080413341522217,0.25065749883651733,0.25347134470939636,0.3662354350090027],[0.43686142563819885,0.34748324751853943,0.42980605363845825,0.6071910262107849,0.2959390878677368,0.27790963649749756,0.3667142689228058,0.3459888994693756,0.35730060935020447,0.20066218078136444,1.0,0.38990429043769836,0.38109561800956726,0.46214085817337036,0.2999732196331024,0.20540224015712738],[0.2801101803779602,0.25703030824661255,0.36578094959259033,0.32190173864364624,0.1097380742430687,0.20457929372787476,0.1464158445596695,0.22150348126888275,0.3998962640762329,0.22270701825618744,0.38990429043769836,1.0,0.2728806138038635,0.3557068407535553,0.28826820850372314,0.15763607621192932],[0.29190605878829956,0.36860740184783936,0.3495108485221863,0.3346385359764099,0.43167465925216675,0.3867075443267822,0.37941715121269226,0.5128974914550781,0.33896589279174805,0.3080413341522217,0.38109561800956726,0.2728806138038635,1.0,0.439293771982193,0.5320804715156555,0.33907273411750793],[0.4207143485546112,0.3244919180870056,0.4032932221889496,0.5669615268707275,0.3500748574733734,0.2719539701938629,0.30664706230163574,0.396391361951828,0.3924349248409271,0.25065749883651733,0.46214085817337036,0.3557068407535553,0.439293771982193,1.0,0.40200772881507874,0.2885771095752716],[0.29634785652160645,0.25827133655548096,0.3962543308734894,0.3065553307533264,0.3963598906993866,0.3133417069911957,0.3835025131702423,0.4533792734146118,0.3557308614253998,0.25347134470939636,0.2999732196331024,0.28826820850372314,0.5320804715156555,0.40200772881507874,1.0,0.23922057449817657],[0.24720704555511475,0.21708285808563232,0.20558053255081177,0.25311750173568726,0.2798110246658325,0.22284096479415894,0.2953026294708252,0.27008235454559326,0.2329130619764328,0.3662354350090027,0.20540224015712738,0.15763607621192932,0.33907273411750793,0.2885771095752716,0.23922057449817657,1.0]]}