{"game_number":300,"words":["BUFFALO","COW","GOAT","SHEEP","BEAM","GLOW","RADIATE","SHINE","FLOOR","HORSE","RINGS","VAULT","CUTIE","ENVY","EXCEL","SEEDY"],"adjacency_matrix":[[1.0,0.6244315505027771,0.5505871176719666,0.47452786564826965,0.2379252016544342,0.1985028088092804,0.2026231437921524,0.19699251651763916,0.2688548266887665,0.491853803396225,0.2220752239227295,0.1955367922782898,0.27206626534461975,0.14922156929969788,0.23382483422756195,0.2128320336341858],[0.6244315505027771,1.0,0.7216879725456238,0.6777908205986023,0.3020968735218048,0.2562665343284607,0.23519790172576904,0.2467431277036667,0.2935342788696289,0.6014713644981384,0.30524536967277527,0.3003303110599518,0.3976232409477234,0.25246647000312805,0.2310277819633484,0.2211242914199829],[0.5505871176719666,0.7216879725456238,1.0,0.7104255557060242,0.2822672426700592,0.24434499442577362,0.2172081172466278,0.2612338364124298,0.2744435667991638,0.5681093335151672,0.30442526936531067,0.25189781188964844,0.38411539793014526,0.26482439041137695,0.180757075548172,0.24811798334121704],[0.47452786564826965,0.6777908205986023,0.7104255557060242,1.0,0.23577621579170227,0.19098223745822906,0.24454380571842194,0.23755475878715515,0.2494143396615982,0.5284010767936707,0.27005159854888916,0.19893930852413177,0.37243902683258057,0.2470918446779251,0.20243385434150696,0.20979206264019012],[0.2379252016544342,0.3020968735218048,0.2822672426700592,0.23577621579170227,1.0,0.4577854573726654,0.45402052998542786,0.4765038788318634,0.44971227645874023,0.37917059659957886,0.3985685706138611,0.4757297933101654,0.287061482667923,0.2589852809906006,0.22976581752300262,0.15443745255470276],[0.1985028088092804,0.2562665343284607,0.24434499442577362,0.19098223745822906,0.4577854573726654,1.0,0.57480388879776,0.6397262811660767,0.26914405822753906,0.2691253423690796,0.41136205196380615,0.2660166025161743,0.3980088531970978,0.46771737933158875,0.2992081344127655,0.2852276563644409],[0.2026231437921524,0.23519790172576904,0.2172081172466278,0.24454380571842194,0.45402052998542786,0.57480388879776,0.9999999403953552,0.5097479820251465,0.2628762722015381,0.22939284145832062,0.3579089641571045,0.26386404037475586,0.22161656618118286,0.33287909626960754,0.30885323882102966,0.18984629213809967],[0.19699251651763916,0.2467431277036667,0.2612338364124298,0.23755475878715515,0.4765038788318634,0.6397262811660767,0.5097479820251465,1.0,0.30086013674736023,0.34600406885147095,0.37908935546875,0.26210877299308777,0.33184996247291565,0.39066436886787415,0.44247570633888245,0.2930760383605957],[0.2688548266887665,0.2935342788696289,0.2744435667991638,0.2494143396615982,0.44971227645874023,0.26914405822753906,0.2628762722015381,0.30086013674736023,1.0,0.3036021292209625,0.34776464104652405,0.5323100686073303,0.2807941138744354,0.16995035111904144,0.21735723316669464,0.29461613297462463],[0.491853803396225,0.6014713644981384,0.5681093335151672,0.5284010767936707,0.37917059659957886,0.2691253423690796,0.22939284145832062,0.34600406885147095,0.3036021292209625,1.0,0.3423933684825897,0.319895476102829,0.35635122656822205,0.21163424849510193,0.22876854240894318,0.21143226325511932],[0.2220752239227295,0.30524536967277527,0.30442526936531067,0.27005159854888916,0.3985685706138611,0.41136205196380615,0.3579089641571045,0.37908935546875,0.34776464104652405,0.3423933684825897,0.9999999403953552,0.41512981057167053,0.2750987112522125,0.23985323309898376,0.2093135565519333,0.30903160572052],[0.1955367922782898,0.3003303110599518,0.25189781188964844,0.19893930852413177,0.4757297933101654,0.2660166025161743,0.26386404037475586,0.26210877299308777,0.5323100686073303,0.319895476102829,0.41512981057167053,1.0,0.21256877481937408,0.22460904717445374,0.26562100648880005,0.26897385716438293],[0.27206626534461975,0.3976232409477234,0.38411539793014526,0.37243902683258057,0.287061482667923,0.3980088531970978,0.22161656618118286,0.33184996247291565,0.2807941138744354,0.35635122656822205,0.2750987112522125,0.21256877481937408,1.0,0.3283267915248871,0.2467333972454071,0.35610148310661316],[0.14922156929969788,0.25246647000312805,0.26482439041137695,0.2470918446779251,0.2589852809906006,0.46771737933158875,0.33287909626960754,0.39066436886787415,0.16995035111904144,0.21163424849510193,0.23985323309898376,0.22460904717445374,0.3283267915248871,1.0,0.4369363486766815,0.2639225125312805],[0.23382483422756195,0.2310277819633484,0.180757075548172,0.20243385434150696,0.22976581752300262,0.2992081344127655,0.30885323882102966,0.44247570633888245,0.21735723316669464,0.22876854240894318,0.2093135565519333,0.26562100648880005,0.2467333972454071,0.4369363486766815,1.0,0.19786538183689117],[0.2128320336341858,0.2211242914199829,0.24811798334121704,0.20979206264019012,0.15443745255470276,0.2852276563644409,0.18984629213809967,0.2930760383605957,0.29461613297462463,0.21143226325511932,0.30903160572052,0.26897385716438293,0.35610148310661316,0.2639225125312805,0.19786538183689117,1.0]]}