{"game_number":274,"words":["BOTTOM","BUNS","SEAT","TAIL","CORD","CRADLE","DIAL","HANDSET","CRIB","DIGS","JOINT","PAD","BOOTY","LOOT","SPOILS","SWAG"],"adjacency_matrix":[[1.0,0.3111172318458557,0.3818117678165436,0.4413750171661377,0.33506038784980774,0.37112224102020264,0.308653324842453,0.3388047218322754,0.3417948782444,0.27035748958587646,0.3631642162799835,0.38280925154685974,0.23200707137584686,0.2235909104347229,0.37321150302886963,0.20565183460712433],[0.3111172318458557,0.9999999403953552,0.28602930903434753,0.3769908845424652,0.299169659614563,0.26254093647003174,0.21057546138763428,0.2700323760509491,0.26461061835289,0.2954908609390259,0.2863833010196686,0.2511523962020874,0.36760255694389343,0.2941513955593109,0.3370264172554016,0.37501174211502075],[0.3818117678165436,0.28602930903434753,1.0,0.3760030269622803,0.28428831696510315,0.4141717255115509,0.32710570096969604,0.33351653814315796,0.3429071605205536,0.19213926792144775,0.4197155237197876,0.3676137328147888,0.2989484667778015,0.2336236536502838,0.3577432632446289,0.322792112827301],[0.4413750171661377,0.3769908845424652,0.3760030269622803,0.9999999403953552,0.4195089340209961,0.31842631101608276,0.3385249376296997,0.3553151786327362,0.257407009601593,0.23108680546283722,0.3938988149166107,0.4297301769256592,0.31445175409317017,0.260104775428772,0.3241593837738037,0.3679471015930176],[0.33506038784980774,0.299169659614563,0.28428831696510315,0.4195089340209961,1.0,0.4364089071750641,0.4182758331298828,0.42275598645210266,0.4110461473464966,0.11955012381076813,0.29607468843460083,0.36448076367378235,0.2122134566307068,0.1988661140203476,0.20281052589416504,0.3015446662902832],[0.37112224102020264,0.26254093647003174,0.4141717255115509,0.31842631101608276,0.4364089071750641,0.9999999403953552,0.3974873423576355,0.4455733895301819,0.5484253764152527,0.24465996026992798,0.31616073846817017,0.3821154832839966,0.31268584728240967,0.2702378034591675,0.2991998791694641,0.27000007033348083],[0.308653324842453,0.21057546138763428,0.32710570096969604,0.3385249376296997,0.4182758331298828,0.3974873423576355,1.0,0.49991220235824585,0.3141513466835022,0.20808292925357819,0.23283790051937103,0.4156198501586914,0.19918343424797058,0.18084953725337982,0.14456038177013397,0.23260463774204254],[0.3388047218322754,0.2700323760509491,0.33351653814315796,0.3553151786327362,0.42275598645210266,0.4455733895301819,0.49991220235824585,1.0,0.315792977809906,0.18222741782665253,0.34213513135910034,0.4198882579803467,0.2839432656764984,0.18783870339393616,0.257282555103302,0.2943757176399231],[0.3417948782444,0.26461061835289,0.3429071605205536,0.257407009601593,0.4110461473464966,0.5484253764152527,0.3141513466835022,0.315792977809906,1.0,0.2156311571598053,0.2899525463581085,0.44891729950904846,0.2725101113319397,0.2420724481344223,0.267890065908432,0.31994837522506714],[0.27035748958587646,0.2954908609390259,0.19213926792144775,0.23108680546283722,0.11955012381076813,0.24465996026992798,0.20808292925357819,0.18222741782665253,0.2156311571598053,0.9999999403953552,0.2788698673248291,0.3330945372581482,0.3339749872684479,0.3648788034915924,0.4071979224681854,0.3101409375667572],[0.3631642162799835,0.2863833010196686,0.4197155237197876,0.3938988149166107,0.29607468843460083,0.31616073846817017,0.23283790051937103,0.34213513135910034,0.2899525463581085,0.2788698673248291,1.0,0.39719754457473755,0.33300885558128357,0.27423393726348877,0.33044669032096863,0.2568487524986267],[0.38280925154685974,0.2511523962020874,0.3676137328147888,0.4297301769256592,0.36448076367378235,0.3821154832839966,0.4156198501586914,0.4198882579803467,0.44891729950904846,0.3330945372581482,0.39719754457473755,0.9999999403953552,0.24768498539924622,0.2573659420013428,0.27685871720314026,0.37229669094085693],[0.23200707137584686,0.36760255694389343,0.2989484667778015,0.31445175409317017,0.2122134566307068,0.31268584728240967,0.19918343424797058,0.2839432656764984,0.2725101113319397,0.3339749872684479,0.33300885558128357,0.24768498539924622,1.0,0.6774272918701172,0.5989044904708862,0.6017783880233765],[0.2235909104347229,0.2941513955593109,0.2336236536502838,0.260104775428772,0.1988661140203476,0.2702378034591675,0.18084953725337982,0.18783870339393616,0.2420724481344223,0.3648788034915924,0.27423393726348877,0.2573659420013428,0.6774272918701172,0.9999999403953552,0.5878969430923462,0.4714161455631256],[0.37321150302886963,0.3370264172554016,0.3577432632446289,0.3241593837738037,0.20281052589416504,0.2991998791694641,0.14456038177013397,0.257282555103302,0.267890065908432,0.4071979224681854,0.33044669032096863,0.27685871720314026,0.5989044904708862,0.5878969430923462,1.0000001192092896,0.39777249097824097],[0.20565183460712433,0.37501174211502075,0.322792112827301,0.3679471015930176,0.3015446662902832,0.27000007033348083,0.23260463774204254,0.2943757176399231,0.31994837522506714,0.3101409375667572,0.2568487524986267,0.37229669094085693,0.6017783880233765,0.4714161455631256,0.39777249097824097,1.0]]}