{
  "game_number": 428,
  "words": [
    "ODD",
    "PERFECT",
    "PRIME",
    "WHOLE",
    "OYSTER",
    "PLUM",
    "SOY",
    "XO",
    "CLAW",
    "FRUIT",
    "HUG",
    "WITNESS",
    "EGG",
    "GOAD",
    "SPUR",
    "URGE"
  ],
  "adjacency_matrix": [
    [
      1.0,
      0.504680335521698,
      0.4095023274421692,
      0.4214511513710022,
      0.2023295909166336,
      0.3074037730693817,
      0.13994558155536652,
      0.03961016237735748,
      0.21828730404376984,
      0.2945166826248169,
      0.18028481304645538,
      0.2788563668727875,
      0.24269479513168335,
      0.2471601366996765,
      0.26695477962493896,
      0.3155065178871155
    ],
    [
      0.504680335521698,
      1.0,
      0.5257905125617981,
      0.48364293575286865,
      0.2879446744918823,
      0.37823107838630676,
      0.16185374557971954,
      0.05924372747540474,
      0.31533339619636536,
      0.35362640023231506,
      0.26003456115722656,
      0.3680248558521271,
      0.3172816038131714,
      0.3342873454093933,
      0.372220903635025,
      0.40183964371681213
    ],
    [
      0.4095023274421692,
      0.5257905125617981,
      1.0,
      0.43098166584968567,
      0.2939073145389557,
      0.4207424819469452,
      0.10745421797037125,
      -0.082342728972435,
      0.24227192997932434,
      0.38153937458992004,
      0.15894220769405365,
      0.4199223816394806,
      0.2339308261871338,
      0.30750399827957153,
      0.3657076060771942,
      0.3011459708213806
    ],
    [
      0.4214511513710022,
      0.48364293575286865,
      0.43098166584968567,
      1.0,
      0.3246658742427826,
      0.2656325101852417,
      0.1515381783246994,
      -0.06856191903352737,
      0.2859260141849518,
      0.401333749294281,
      0.21688415110111237,
      0.4187207520008087,
      0.34560567140579224,
      0.31915709376335144,
      0.4014175534248352,
      0.3054647743701935
    ],
    [
      0.2023295909166336,
      0.2879446744918823,
      0.2939073145389557,
      0.3246658742427826,
      0.9999999403953552,
      0.4249953627586365,
      0.3159332275390625,
      0.0502932146191597,
      0.3491005599498749,
      0.37635377049446106,
      0.18296219408512115,
      0.21111024916172028,
      0.5153532028198242,
      0.20052482187747955,
      0.25489112734794617,
      0.13308537006378174
    ],
    [
      0.3074037730693817,
      0.37823107838630676,
      0.4207424819469452,
      0.2656325101852417,
      0.4249953627586365,
      1.0,
      0.30709078907966614,
      0.12351300567388535,
      0.3563707172870636,
      0.5715174674987793,
      0.2678612172603607,
      0.19680240750312805,
      0.3611416816711426,
      0.2518334984779358,
      0.3082093596458435,
      0.151849627494812
    ],
    [
      0.13994558155536652,
      0.16185374557971954,
      0.10745421797037125,
      0.1515381783246994,
      0.3159332275390625,
      0.30709078907966614,
      1.0,
      0.14822176098823547,
      0.12384720891714096,
      0.29361647367477417,
      0.15149076282978058,
      0.08424483239650726,
      0.3439796566963196,
      0.11781802028417587,
      0.13628946244716644,
      0.10959900170564651
    ],
    [
      0.03961016237735748,
      0.05924372747540474,
      -0.082342728972435,
      -0.06856191903352737,
      0.0502932146191597,
      0.12351300567388535,
      0.14822176098823547,
      1.0,
      0.05328258126974106,
      -0.006409369874745607,
      0.30058085918426514,
      -0.08216580003499985,
      0.05125656723976135,
      -0.010298993438482285,
      -0.04568617790937424,
      -0.027704060077667236
    ],
    [
      0.21828730404376984,
      0.31533339619636536,
      0.24227192997932434,
      0.2859260141849518,
      0.3491005599498749,
      0.3563707172870636,
      0.12384720891714096,
      0.05328258126974106,
      1.0,
      0.3644472658634186,
      0.3435022830963135,
      0.306239515542984,
      0.37320294976234436,
      0.42431172728538513,
      0.40505409240722656,
      0.29271361231803894
    ],
    [
      0.2945166826248169,
      0.35362640023231506,
      0.38153937458992004,
      0.401333749294281,
      0.37635377049446106,
      0.5715174674987793,
      0.29361647367477417,
      -0.006409369874745607,
      0.3644472658634186,
      1.0,
      0.20176823437213898,
      0.41494378447532654,
      0.437960684299469,
      0.30037644505500793,
      0.39825576543807983,
      0.2216508686542511
    ],
    [
      0.18028481304645538,
      0.26003456115722656,
      0.15894220769405365,
      0.21688415110111237,
      0.18296219408512115,
      0.2678612172603607,
      0.15149076282978058,
      0.30058085918426514,
      0.3435022830963135,
      0.20176823437213898,
      1.0,
      0.2420566976070404,
      0.2521670460700989,
      0.3479091227054596,
      0.28602176904678345,
      0.2994886338710785
    ],
    [
      0.2788563668727875,
      0.3680248558521271,
      0.4199223816394806,
      0.4187207520008087,
      0.21111024916172028,
      0.19680240750312805,
      0.08424483239650726,
      -0.08216580003499985,
      0.306239515542984,
      0.41494378447532654,
      0.2420566976070404,
      1.0,
      0.2605833411216736,
      0.3796483278274536,
      0.3432610034942627,
      0.4141254425048828
    ],
    [
      0.24269479513168335,
      0.3172816038131714,
      0.2339308261871338,
      0.34560567140579224,
      0.5153532028198242,
      0.3611416816711426,
      0.3439796566963196,
      0.05125656723976135,
      0.37320294976234436,
      0.437960684299469,
      0.2521670460700989,
      0.2605833411216736,
      1.0,
      0.28651389479637146,
      0.31565481424331665,
      0.2081359624862671
    ],
    [
      0.2471601366996765,
      0.3342873454093933,
      0.30750399827957153,
      0.31915709376335144,
      0.20052482187747955,
      0.2518334984779358,
      0.11781802028417587,
      -0.010298993438482285,
      0.42431172728538513,
      0.30037644505500793,
      0.3479091227054596,
      0.3796483278274536,
      0.28651389479637146,
      1.0,
      0.577918291091919,
      0.5636532306671143
    ],
    [
      0.26695477962493896,
      0.372220903635025,
      0.3657076060771942,
      0.4014175534248352,
      0.25489112734794617,
      0.3082093596458435,
      0.13628946244716644,
      -0.04568617790937424,
      0.40505409240722656,
      0.39825576543807983,
      0.28602176904678345,
      0.3432610034942627,
      0.31565481424331665,
      0.577918291091919,
      0.9999999403953552,
      0.42332351207733154
    ],
    [
      0.3155065178871155,
      0.40183964371681213,
      0.3011459708213806,
      0.3054647743701935,
      0.13308537006378174,
      0.151849627494812,
      0.10959900170564651,
      -0.027704060077667236,
      0.29271361231803894,
      0.2216508686542511,
      0.2994886338710785,
      0.4141254425048828,
      0.2081359624862671,
      0.5636532306671143,
      0.42332351207733154,
      1.0
    ]
  ]
}