{
  "game_number": 190,
  "words": [
    "FACE",
    "FRONT",
    "OUTSIDE",
    "SURFACE",
    "AMAZON",
    "APPLE",
    "INTUIT",
    "ORACLE",
    "BRIM",
    "LIME",
    "RHINE",
    "YELLOW",
    "DIRECT",
    "GUIDE",
    "LEAD",
    "SHEPHERD"
  ],
  "adjacency_matrix": [
    [
      1.0,
      0.5638695955276489,
      0.47990480065345764,
      0.5264303684234619,
      0.25634098052978516,
      0.3883283734321594,
      0.404257208108902,
      0.27111563086509705,
      0.403271347284317,
      0.31394484639167786,
      0.38784998655319214,
      0.40240785479545593,
      0.5021129250526428,
      0.3847278356552124,
      0.49264129996299744,
      0.3192555010318756
    ],
    [
      0.5638695955276489,
      1.0000001192092896,
      0.5914052724838257,
      0.5297881960868835,
      0.33201608061790466,
      0.30955609679222107,
      0.22141245007514954,
      0.24994520843029022,
      0.379239946603775,
      0.29509395360946655,
      0.44883131980895996,
      0.43710818886756897,
      0.43196070194244385,
      0.41610926389694214,
      0.4755881726741791,
      0.30431103706359863
    ],
    [
      0.47990480065345764,
      0.5914052724838257,
      1.0,
      0.47739776968955994,
      0.2981186807155609,
      0.3422119915485382,
      0.2874024212360382,
      0.21038614213466644,
      0.2845097482204437,
      0.2870042622089386,
      0.36932483315467834,
      0.3597048819065094,
      0.47509926557540894,
      0.3765318691730499,
      0.44321438670158386,
      0.28897625207901
    ],
    [
      0.5264303684234619,
      0.5297881960868835,
      0.47739776968955994,
      1.0,
      0.17702215909957886,
      0.2985519468784332,
      0.33826184272766113,
      0.2144964337348938,
      0.2957460284233093,
      0.35938677191734314,
      0.45245712995529175,
      0.39751100540161133,
      0.47960832715034485,
      0.3461745083332062,
      0.3806869387626648,
      0.29137006402015686
    ],
    [
      0.25634098052978516,
      0.33201608061790466,
      0.2981186807155609,
      0.17702215909957886,
      1.0,
      0.30133211612701416,
      0.23627471923828125,
      0.30650603771209717,
      0.23754657804965973,
      0.1952894926071167,
      0.3196101188659668,
      0.3184114396572113,
      0.2814638912677765,
      0.30794620513916016,
      0.18430419266223907,
      0.1966906189918518
    ],
    [
      0.3883283734321594,
      0.30955609679222107,
      0.3422119915485382,
      0.2985519468784332,
      0.30133211612701416,
      1.0,
      0.3112979233264923,
      0.3145921528339386,
      0.2309817373752594,
      0.4263884127140045,
      0.3596380054950714,
      0.4438375234603882,
      0.35354703664779663,
      0.3145180344581604,
      0.3584619462490082,
      0.36567121744155884
    ],
    [
      0.404257208108902,
      0.22141245007514954,
      0.2874024212360382,
      0.33826184272766113,
      0.23627471923828125,
      0.3112979233264923,
      1.0,
      0.3155968487262726,
      0.240623340010643,
      0.17539572715759277,
      0.2467907816171646,
      0.23286472260951996,
      0.4527890980243683,
      0.42065709829330444,
      0.33629342913627625,
      0.29460155963897705
    ],
    [
      0.27111563086509705,
      0.24994520843029022,
      0.21038614213466644,
      0.2144964337348938,
      0.30650603771209717,
      0.3145921528339386,
      0.3155968487262726,
      1.0,
      0.1775551289319992,
      0.24810583889484406,
      0.2895432412624359,
      0.2728063762187958,
      0.3471890687942505,
      0.3843911588191986,
      0.2666809856891632,
      0.3371223509311676
    ],
    [
      0.403271347284317,
      0.379239946603775,
      0.2845097482204437,
      0.2957460284233093,
      0.23754657804965973,
      0.2309817373752594,
      0.240623340010643,
      0.1775551289319992,
      1.0,
      0.28300970792770386,
      0.3140844702720642,
      0.40024691820144653,
      0.2574847936630249,
      0.23512376844882965,
      0.3215772807598114,
      0.2119167000055313
    ],
    [
      0.31394484639167786,
      0.29509395360946655,
      0.2870042622089386,
      0.35938677191734314,
      0.1952894926071167,
      0.4263884127140045,
      0.17539572715759277,
      0.24810583889484406,
      0.28300970792770386,
      1.0,
      0.38092541694641113,
      0.570207953453064,
      0.31438198685646057,
      0.2373984158039093,
      0.2928803563117981,
      0.211146742105484
    ],
    [
      0.38784998655319214,
      0.44883131980895996,
      0.36932483315467834,
      0.45245712995529175,
      0.3196101188659668,
      0.3596380054950714,
      0.2467907816171646,
      0.2895432412624359,
      0.3140844702720642,
      0.38092541694641113,
      0.9999999403953552,
      0.4600107967853546,
      0.3304210305213928,
      0.3110988438129425,
      0.3389459550380707,
      0.32028958201408386
    ],
    [
      0.40240785479545593,
      0.43710818886756897,
      0.3597048819065094,
      0.39751100540161133,
      0.3184114396572113,
      0.4438375234603882,
      0.23286472260951996,
      0.2728063762187958,
      0.40024691820144653,
      0.570207953453064,
      0.4600107967853546,
      1.0,
      0.37016358971595764,
      0.3448939323425293,
      0.38287481665611267,
      0.28126591444015503
    ],
    [
      0.5021129250526428,
      0.43196070194244385,
      0.47509926557540894,
      0.47960832715034485,
      0.2814638912677765,
      0.35354703664779663,
      0.4527890980243683,
      0.3471890687942505,
      0.2574847936630249,
      0.31438198685646057,
      0.3304210305213928,
      0.37016358971595764,
      1.0,
      0.5568156242370605,
      0.5771968364715576,
      0.3224070966243744
    ],
    [
      0.3847278356552124,
      0.41610926389694214,
      0.3765318691730499,
      0.3461745083332062,
      0.30794620513916016,
      0.3145180344581604,
      0.42065709829330444,
      0.3843911588191986,
      0.23512376844882965,
      0.2373984158039093,
      0.3110988438129425,
      0.3448939323425293,
      0.5568156242370605,
      0.9999999403953552,
      0.5504400730133057,
      0.4498441815376282
    ],
    [
      0.49264129996299744,
      0.4755881726741791,
      0.44321438670158386,
      0.3806869387626648,
      0.18430419266223907,
      0.3584619462490082,
      0.33629342913627625,
      0.2666809856891632,
      0.3215772807598114,
      0.2928803563117981,
      0.3389459550380707,
      0.38287481665611267,
      0.5771968364715576,
      0.5504400730133057,
      1.0,
      0.4253475069999695
    ],
    [
      0.3192555010318756,
      0.30431103706359863,
      0.28897625207901,
      0.29137006402015686,
      0.1966906189918518,
      0.36567121744155884,
      0.29460155963897705,
      0.3371223509311676,
      0.2119167000055313,
      0.211146742105484,
      0.32028958201408386,
      0.28126591444015503,
      0.3224070966243744,
      0.4498441815376282,
      0.4253475069999695,
      1.0
    ]
  ]
}