{
  "game_number": 606,
  "words": [
    "ALLURE",
    "ELLE",
    "GLAMOUR",
    "W",
    "BLIZZARD",
    "CYCLONE",
    "SQUALL",
    "TORNADO",
    "COSMOPOLITAN",
    "HURRICANE",
    "MANHATTAN",
    "SCREWDRIVER",
    "BOAT",
    "CAR",
    "PLANE",
    "TRAIN"
  ],
  "adjacency_matrix": [
    [
      1.0,
      0.2538410425186157,
      0.6852573156356812,
      -0.09147629886865616,
      0.22820055484771729,
      0.2181507796049118,
      0.3142668902873993,
      0.17976689338684082,
      0.45547086000442505,
      0.2447959929704666,
      0.30803555250167847,
      0.2652619481086731,
      0.2881000339984894,
      0.31270676851272583,
      0.27717694640159607,
      0.36855748295783997
    ],
    [
      0.2538410425186157,
      1.0,
      0.25926828384399414,
      0.18788084387779236,
      0.07512615621089935,
      0.14412225782871246,
      0.09902825951576233,
      0.1778530776500702,
      0.22975988686084747,
      0.1437152773141861,
      0.29600390791893005,
      0.14945603907108307,
      0.21081846952438354,
      0.27898654341697693,
      0.16570128500461578,
      0.2052970826625824
    ],
    [
      0.6852573156356812,
      0.25926828384399414,
      0.9999999403953552,
      -0.05436975881457329,
      0.25444725155830383,
      0.24306745827198029,
      0.2682442367076874,
      0.210378035902977,
      0.4802336096763611,
      0.2586125135421753,
      0.30237671732902527,
      0.19389750063419342,
      0.3059501051902771,
      0.34677931666374207,
      0.3155217170715332,
      0.3090452551841736
    ],
    [
      -0.09147629886865616,
      0.18788084387779236,
      -0.05436975881457329,
      1.0,
      -0.025262176990509033,
      -0.03954854607582092,
      -0.105079784989357,
      -0.04992395639419556,
      -0.017147371545433998,
      -0.03622126951813698,
      0.021988656371831894,
      0.013486162759363651,
      -0.011127831414341927,
      -0.06184839829802513,
      -0.042059917002916336,
      -0.07608924806118011
    ],
    [
      0.22820055484771729,
      0.07512615621089935,
      0.25444725155830383,
      -0.025262176990509033,
      1.0,
      0.49263590574264526,
      0.5532813668251038,
      0.5132341384887695,
      0.17512041330337524,
      0.521896243095398,
      0.3074406087398529,
      0.1854424774646759,
      0.2624691128730774,
      0.3068140149116516,
      0.2938605546951294,
      0.31447750329971313
    ],
    [
      0.2181507796049118,
      0.14412225782871246,
      0.24306745827198029,
      -0.03954854607582092,
      0.49263590574264526,
      1.0,
      0.4616719186306,
      0.6545383334159851,
      0.19385918974876404,
      0.7325035929679871,
      0.27820295095443726,
      0.2931166887283325,
      0.35742971301078796,
      0.3135214149951935,
      0.3554217517375946,
      0.281930536031723
    ],
    [
      0.3142668902873993,
      0.09902825951576233,
      0.2682442367076874,
      -0.105079784989357,
      0.5532813668251038,
      0.4616719186306,
      1.0,
      0.4434964954853058,
      0.2808470129966736,
      0.47162875533103943,
      0.2621871829032898,
      0.27418243885040283,
      0.4145413339138031,
      0.26599812507629395,
      0.36127904057502747,
      0.33143654465675354
    ],
    [
      0.17976689338684082,
      0.1778530776500702,
      0.210378035902977,
      -0.04992395639419556,
      0.5132341384887695,
      0.6545383334159851,
      0.4434964954853058,
      0.9999999403953552,
      0.1757025420665741,
      0.6906279921531677,
      0.28709155321121216,
      0.32043376564979553,
      0.2891697287559509,
      0.40045350790023804,
      0.36884790658950806,
      0.31517714262008667
    ],
    [
      0.45547086000442505,
      0.22975988686084747,
      0.4802336096763611,
      -0.017147371545433998,
      0.17512041330337524,
      0.19385918974876404,
      0.2808470129966736,
      0.1757025420665741,
      1.0000001192092896,
      0.2146710306406021,
      0.4171270728111267,
      0.17688530683517456,
      0.2590703070163727,
      0.290779173374176,
      0.33586743474006653,
      0.26109951734542847
    ],
    [
      0.2447959929704666,
      0.1437152773141861,
      0.2586125135421753,
      -0.03622126951813698,
      0.521896243095398,
      0.7325035929679871,
      0.47162875533103943,
      0.6906279921531677,
      0.2146710306406021,
      1.0,
      0.3757764399051666,
      0.2576489746570587,
      0.38805681467056274,
      0.32054153084754944,
      0.3768199682235718,
      0.27208778262138367
    ],
    [
      0.30803555250167847,
      0.29600390791893005,
      0.30237671732902527,
      0.021988656371831894,
      0.3074406087398529,
      0.27820295095443726,
      0.2621871829032898,
      0.28709155321121216,
      0.4171270728111267,
      0.3757764399051666,
      1.0,
      0.3051130175590515,
      0.39647969603538513,
      0.3782556653022766,
      0.4157351553440094,
      0.35220828652381897
    ],
    [
      0.2652619481086731,
      0.14945603907108307,
      0.19389750063419342,
      0.013486162759363651,
      0.1854424774646759,
      0.2931166887283325,
      0.27418243885040283,
      0.32043376564979553,
      0.17688530683517456,
      0.2576489746570587,
      0.3051130175590515,
      1.0,
      0.36661553382873535,
      0.4639918804168701,
      0.33577921986579895,
      0.3039829730987549
    ],
    [
      0.2881000339984894,
      0.21081846952438354,
      0.3059501051902771,
      -0.011127831414341927,
      0.2624691128730774,
      0.35742971301078796,
      0.4145413339138031,
      0.2891697287559509,
      0.2590703070163727,
      0.38805681467056274,
      0.39647969603538513,
      0.36661553382873535,
      0.9999998807907104,
      0.5858569741249084,
      0.571226179599762,
      0.4844883382320404
    ],
    [
      0.31270676851272583,
      0.27898654341697693,
      0.34677931666374207,
      -0.06184839829802513,
      0.3068140149116516,
      0.3135214149951935,
      0.26599812507629395,
      0.40045350790023804,
      0.290779173374176,
      0.32054153084754944,
      0.3782556653022766,
      0.4639918804168701,
      0.5858569741249084,
      1.0,
      0.5511772036552429,
      0.5546691417694092
    ],
    [
      0.27717694640159607,
      0.16570128500461578,
      0.3155217170715332,
      -0.042059917002916336,
      0.2938605546951294,
      0.3554217517375946,
      0.36127904057502747,
      0.36884790658950806,
      0.33586743474006653,
      0.3768199682235718,
      0.4157351553440094,
      0.33577921986579895,
      0.571226179599762,
      0.5511772036552429,
      1.0,
      0.5371501445770264
    ],
    [
      0.36855748295783997,
      0.2052970826625824,
      0.3090452551841736,
      -0.07608924806118011,
      0.31447750329971313,
      0.281930536031723,
      0.33143654465675354,
      0.31517714262008667,
      0.26109951734542847,
      0.27208778262138367,
      0.35220828652381897,
      0.3039829730987549,
      0.4844883382320404,
      0.5546691417694092,
      0.5371501445770264,
      1.0
    ]
  ]
}