{
  "game_number": 388,
  "words": [
    "DAISY",
    "GOOFY",
    "HAPPY",
    "LADY",
    "BABY",
    "NAVY",
    "SKY",
    "TIFFANY",
    "ARMY",
    "COLONY",
    "LIVERY",
    "SHINY",
    "DEPARTED",
    "LEFT",
    "SPLIT",
    "WENT"
  ],
  "adjacency_matrix": [
    [
      1.0,
      0.3118593692779541,
      0.25666558742523193,
      0.40383103489875793,
      0.3598434329032898,
      0.27159297466278076,
      0.3462946116924286,
      0.4044979214668274,
      0.19624125957489014,
      0.2591642439365387,
      0.2565825283527374,
      0.32156357169151306,
      0.1813085377216339,
      0.21453052759170532,
      0.19671794772148132,
      0.20027503371238708
    ],
    [
      0.3118593692779541,
      1.0,
      0.4298893213272095,
      0.3260807991027832,
      0.3374081254005432,
      0.21593762934207916,
      0.26533976197242737,
      0.36624932289123535,
      0.2112470269203186,
      0.12908168137073517,
      0.19216911494731903,
      0.5349977612495422,
      0.1985546499490738,
      0.2652137577533722,
      0.2946852445602417,
      0.2795689105987549
    ],
    [
      0.25666558742523193,
      0.4298893213272095,
      1.0,
      0.3963264226913452,
      0.3841904401779175,
      0.1939697414636612,
      0.2519170641899109,
      0.30275726318359375,
      0.23594817519187927,
      0.235053151845932,
      0.2062985748052597,
      0.4621308445930481,
      0.39161065220832825,
      0.4189649820327759,
      0.32352280616760254,
      0.39163637161254883
    ],
    [
      0.40383103489875793,
      0.3260807991027832,
      0.3963264226913452,
      1.0,
      0.4832400679588318,
      0.4002015292644501,
      0.328839510679245,
      0.46923017501831055,
      0.41747188568115234,
      0.3259257674217224,
      0.3523563742637634,
      0.33651527762413025,
      0.3465939462184906,
      0.35441291332244873,
      0.2458639144897461,
      0.35757550597190857
    ],
    [
      0.3598434329032898,
      0.3374081254005432,
      0.3841904401779175,
      0.4832400679588318,
      1.0,
      0.34323984384536743,
      0.3214361071586609,
      0.38489076495170593,
      0.35738736391067505,
      0.33680570125579834,
      0.22894509136676788,
      0.37662798166275024,
      0.24120421707630157,
      0.3444509208202362,
      0.29428285360336304,
      0.2664581537246704
    ],
    [
      0.27159297466278076,
      0.21593762934207916,
      0.1939697414636612,
      0.4002015292644501,
      0.34323984384536743,
      0.9999999403953552,
      0.359302282333374,
      0.271557480096817,
      0.7020394206047058,
      0.4356966018676758,
      0.3062009811401367,
      0.2705669403076172,
      0.2897215783596039,
      0.30626511573791504,
      0.2594650089740753,
      0.29408419132232666
    ],
    [
      0.3462946116924286,
      0.26533976197242737,
      0.2519170641899109,
      0.328839510679245,
      0.3214361071586609,
      0.359302282333374,
      1.0,
      0.22869382798671722,
      0.3209255039691925,
      0.2436274290084839,
      0.2922958433628082,
      0.36330166459083557,
      0.25918662548065186,
      0.284068763256073,
      0.25722843408584595,
      0.28290218114852905
    ],
    [
      0.4044979214668274,
      0.36624932289123535,
      0.30275726318359375,
      0.46923017501831055,
      0.38489076495170593,
      0.271557480096817,
      0.22869382798671722,
      1.0,
      0.1840461939573288,
      0.11330209672451019,
      0.26946666836738586,
      0.41551122069358826,
      0.20681872963905334,
      0.2293708622455597,
      0.21410876512527466,
      0.20309080183506012
    ],
    [
      0.19624125957489014,
      0.2112470269203186,
      0.23594817519187927,
      0.41747188568115234,
      0.35738736391067505,
      0.7020394206047058,
      0.3209255039691925,
      0.1840461939573288,
      1.0,
      0.4757418632507324,
      0.28363487124443054,
      0.20554468035697937,
      0.32283854484558105,
      0.3962814509868622,
      0.29554682970046997,
      0.33538806438446045
    ],
    [
      0.2591642439365387,
      0.12908168137073517,
      0.235053151845932,
      0.3259257674217224,
      0.33680570125579834,
      0.4356966018676758,
      0.2436274290084839,
      0.11330209672451019,
      0.4757418632507324,
      1.0,
      0.23546668887138367,
      0.19580043852329254,
      0.27462300658226013,
      0.3209870457649231,
      0.2987084686756134,
      0.2650940716266632
    ],
    [
      0.2565825283527374,
      0.19216911494731903,
      0.2062985748052597,
      0.3523563742637634,
      0.22894509136676788,
      0.3062009811401367,
      0.2922958433628082,
      0.26946666836738586,
      0.28363487124443054,
      0.23546668887138367,
      1.0,
      0.38704952597618103,
      0.24763554334640503,
      0.16002333164215088,
      0.11748107522726059,
      0.13404935598373413
    ],
    [
      0.32156357169151306,
      0.5349977612495422,
      0.4621308445930481,
      0.33651527762413025,
      0.37662798166275024,
      0.2705669403076172,
      0.36330166459083557,
      0.41551122069358826,
      0.20554468035697937,
      0.19580043852329254,
      0.38704952597618103,
      1.0,
      0.2419702708721161,
      0.28628599643707275,
      0.24427610635757446,
      0.24333783984184265
    ],
    [
      0.1813085377216339,
      0.1985546499490738,
      0.39161065220832825,
      0.3465939462184906,
      0.24120421707630157,
      0.2897215783596039,
      0.25918662548065186,
      0.20681872963905334,
      0.32283854484558105,
      0.27462300658226013,
      0.24763554334640503,
      0.2419702708721161,
      1.0,
      0.6631065607070923,
      0.40509212017059326,
      0.6225065588951111
    ],
    [
      0.21453052759170532,
      0.2652137577533722,
      0.4189649820327759,
      0.35441291332244873,
      0.3444509208202362,
      0.30626511573791504,
      0.284068763256073,
      0.2293708622455597,
      0.3962814509868622,
      0.3209870457649231,
      0.16002333164215088,
      0.28628599643707275,
      0.6631065607070923,
      0.9999999403953552,
      0.5449750423431396,
      0.6647122502326965
    ],
    [
      0.19671794772148132,
      0.2946852445602417,
      0.32352280616760254,
      0.2458639144897461,
      0.29428285360336304,
      0.2594650089740753,
      0.25722843408584595,
      0.21410876512527466,
      0.29554682970046997,
      0.2987084686756134,
      0.11748107522726059,
      0.24427610635757446,
      0.40509212017059326,
      0.5449750423431396,
      1.0,
      0.47172918915748596
    ],
    [
      0.20027503371238708,
      0.2795689105987549,
      0.39163637161254883,
      0.35757550597190857,
      0.2664581537246704,
      0.29408419132232666,
      0.28290218114852905,
      0.20309080183506012,
      0.33538806438446045,
      0.2650940716266632,
      0.13404935598373413,
      0.24333783984184265,
      0.6225065588951111,
      0.6647122502326965,
      0.47172918915748596,
      1.0
    ]
  ]
}