{
  "game_number": 66,
  "words": [
    "JOURNEY",
    "ODYSSEY",
    "QUEST",
    "VOYAGE",
    "ESTEEM",
    "PRIZE",
    "TREASURE",
    "VALUE",
    "MYRRH",
    "NYMPH",
    "RHYTHM",
    "SPHYNX",
    "FRANKINCENSE",
    "JACKPOT",
    "MARKDOWN",
    "NICKNAME"
  ],
  "adjacency_matrix": [
    [
      1.0,
      0.723125159740448,
      0.5889893770217896,
      0.768810510635376,
      0.185340017080307,
      0.3384425938129425,
      0.45084843039512634,
      0.3321649432182312,
      0.13822472095489502,
      0.18663114309310913,
      0.325274258852005,
      0.2534860372543335,
      0.29009079933166504,
      0.2084563672542572,
      0.26968562602996826,
      0.20243534445762634
    ],
    [
      0.723125159740448,
      1.0,
      0.5126848220825195,
      0.5918529629707336,
      0.059314556419849396,
      0.2559193968772888,
      0.3383390009403229,
      0.17632022500038147,
      0.10690627992153168,
      0.21562139689922333,
      0.2703988552093506,
      0.2715578079223633,
      0.18183672428131104,
      0.25208768248558044,
      0.20041213929653168,
      0.1657496839761734
    ],
    [
      0.5889893770217896,
      0.5126848220825195,
      1.0,
      0.47464776039123535,
      0.2534492611885071,
      0.44598332047462463,
      0.5280200839042664,
      0.3847340941429138,
      0.09681424498558044,
      0.17522728443145752,
      0.25823572278022766,
      0.22009947896003723,
      0.3124026954174042,
      0.31406939029693604,
      0.30049988627433777,
      0.21505174040794373
    ],
    [
      0.768810510635376,
      0.5918529629707336,
      0.47464776039123535,
      1.0,
      0.1531715840101242,
      0.3578290045261383,
      0.3793904185295105,
      0.23261694610118866,
      0.1437838077545166,
      0.1889711171388626,
      0.23902174830436707,
      0.24866034090518951,
      0.2684595286846161,
      0.17162367701530457,
      0.19429713487625122,
      0.15943871438503265
    ],
    [
      0.185340017080307,
      0.059314556419849396,
      0.2534492611885071,
      0.1531715840101242,
      1.0,
      0.3646578788757324,
      0.3766287565231323,
      0.4851891100406647,
      0.11716911196708679,
      0.10550103336572647,
      0.15716099739074707,
      0.11729782074689865,
      0.2344343215227127,
      0.1842876374721527,
      0.22947052121162415,
      0.2580685317516327
    ],
    [
      0.3384425938129425,
      0.2559193968772888,
      0.44598332047462463,
      0.3578290045261383,
      0.3646578788757324,
      1.0,
      0.5325605869293213,
      0.4829191267490387,
      0.11090385168790817,
      0.23177367448806763,
      0.25203561782836914,
      0.3258996605873108,
      0.32053250074386597,
      0.55569988489151,
      0.29865968227386475,
      0.298457533121109
    ],
    [
      0.45084843039512634,
      0.3383390009403229,
      0.5280200839042664,
      0.3793904185295105,
      0.3766287565231323,
      0.5325605869293213,
      1.0,
      0.5469624996185303,
      0.3234971761703491,
      0.2523644268512726,
      0.3018820881843567,
      0.38175708055496216,
      0.4430369436740875,
      0.3886581063270569,
      0.31813952326774597,
      0.29243695735931396
    ],
    [
      0.3321649432182312,
      0.17632022500038147,
      0.3847340941429138,
      0.23261694610118866,
      0.4851891100406647,
      0.4829191267490387,
      0.5469624996185303,
      1.0,
      0.1673656702041626,
      0.15166106820106506,
      0.30795446038246155,
      0.3019571900367737,
      0.38652923703193665,
      0.32741057872772217,
      0.56060391664505,
      0.3249019980430603
    ],
    [
      0.13822472095489502,
      0.10690627992153168,
      0.09681424498558044,
      0.1437838077545166,
      0.11716911196708679,
      0.11090385168790817,
      0.3234971761703491,
      0.1673656702041626,
      1.0,
      0.26499512791633606,
      0.12559758126735687,
      0.2820965349674225,
      0.7146627902984619,
      0.033527638763189316,
      0.1563473492860794,
      0.17546428740024567
    ],
    [
      0.18663114309310913,
      0.21562139689922333,
      0.17522728443145752,
      0.1889711171388626,
      0.10550103336572647,
      0.23177367448806763,
      0.2523644268512726,
      0.15166106820106506,
      0.26499512791633606,
      1.0000001192092896,
      0.2573302686214447,
      0.44995594024658203,
      0.24249254167079926,
      0.21983850002288818,
      0.12422572821378708,
      0.2080010622739792
    ],
    [
      0.325274258852005,
      0.2703988552093506,
      0.25823572278022766,
      0.23902174830436707,
      0.15716099739074707,
      0.25203561782836914,
      0.3018820881843567,
      0.30795446038246155,
      0.12559758126735687,
      0.2573302686214447,
      1.0,
      0.3284779489040375,
      0.22329014539718628,
      0.279656320810318,
      0.3004622161388397,
      0.25491711497306824
    ],
    [
      0.2534860372543335,
      0.2715578079223633,
      0.22009947896003723,
      0.24866034090518951,
      0.11729782074689865,
      0.3258996605873108,
      0.38175708055496216,
      0.3019571900367737,
      0.2820965349674225,
      0.44995594024658203,
      0.3284779489040375,
      1.0,
      0.28673386573791504,
      0.2250860631465912,
      0.24734067916870117,
      0.2912377417087555
    ],
    [
      0.29009079933166504,
      0.18183672428131104,
      0.3124026954174042,
      0.2684595286846161,
      0.2344343215227127,
      0.32053250074386597,
      0.4430369436740875,
      0.38652923703193665,
      0.7146627902984619,
      0.24249254167079926,
      0.22329014539718628,
      0.28673386573791504,
      1.0,
      0.1784154325723648,
      0.33506959676742554,
      0.2296561747789383
    ],
    [
      0.2084563672542572,
      0.25208768248558044,
      0.31406939029693604,
      0.17162367701530457,
      0.1842876374721527,
      0.55569988489151,
      0.3886581063270569,
      0.32741057872772217,
      0.033527638763189316,
      0.21983850002288818,
      0.279656320810318,
      0.2250860631465912,
      0.1784154325723648,
      1.0,
      0.24198827147483826,
      0.17464113235473633
    ],
    [
      0.26968562602996826,
      0.20041213929653168,
      0.30049988627433777,
      0.19429713487625122,
      0.22947052121162415,
      0.29865968227386475,
      0.31813952326774597,
      0.56060391664505,
      0.1563473492860794,
      0.12422572821378708,
      0.3004622161388397,
      0.24734067916870117,
      0.33506959676742554,
      0.24198827147483826,
      0.9999999403953552,
      0.21961073577404022
    ],
    [
      0.20243534445762634,
      0.1657496839761734,
      0.21505174040794373,
      0.15943871438503265,
      0.2580685317516327,
      0.298457533121109,
      0.29243695735931396,
      0.3249019980430603,
      0.17546428740024567,
      0.2080010622739792,
      0.25491711497306824,
      0.2912377417087555,
      0.2296561747789383,
      0.17464113235473633,
      0.21961073577404022,
      0.9999999403953552
    ]
  ]
}