{"game_number":83,"words":["COUPLE","JOIN","LINK","TIE","BOTHER","HANDFUL","PAIN","PEST","FEW","MANY","SEVERAL","SOME","FOOL","LOVERS","MAGICIAN","TOWER"],"adjacency_matrix":[[1.0,0.2929990291595459,0.3103708028793335,0.3092364966869354,0.35609152913093567,0.5773142576217651,0.2805952727794647,0.1945686936378479,0.647409975528717,0.5555428266525269,0.602426290512085,0.5480620265007019,0.3143584728240967,0.46719250082969666,0.29379552602767944,0.2887987196445465],[0.2929990291595459,1.0,0.3918861150741577,0.4136433005332947,0.41963818669319153,0.3321794867515564,0.26422742009162903,0.1710113137960434,0.23902511596679688,0.32948121428489685,0.2850913107395172,0.3653215765953064,0.3354504108428955,0.35515540838241577,0.26775646209716797,0.30786943435668945],[0.3103708028793335,0.3918861150741577,1.0,0.5305373668670654,0.27693256735801697,0.26126381754875183,0.30295634269714355,0.21634741127490997,0.2695610523223877,0.28365495800971985,0.319750040769577,0.4081752896308899,0.2501258850097656,0.24299563467502594,0.1977047324180603,0.361674427986145],[0.3092364966869354,0.4136433005332947,0.5305373668670654,1.0,0.2677484452724457,0.29154491424560547,0.2856977581977844,0.20719270408153534,0.2273571938276291,0.2722974717617035,0.29251882433891296,0.35182708501815796,0.30688178539276123,0.2623450458049774,0.23594969511032104,0.3286031484603882],[0.35609152913093567,0.41963818669319153,0.27693256735801697,0.2677484452724457,1.0,0.39953020215034485,0.4174819886684418,0.24689792096614838,0.4290614426136017,0.46891313791275024,0.381430059671402,0.45917314291000366,0.48028117418289185,0.3374422490596771,0.18565252423286438,0.1671053171157837],[0.5773142576217651,0.3321794867515564,0.26126381754875183,0.29154491424560547,0.39953020215034485,1.0000001192092896,0.31091395020484924,0.2767019271850586,0.8195585608482361,0.7063027620315552,0.6677680015563965,0.6551196575164795,0.3914821743965149,0.36201542615890503,0.2716360092163086,0.2539185881614685],[0.2805952727794647,0.26422742009162903,0.30295634269714355,0.2856977581977844,0.4174819886684418,0.31091395020484924,1.0,0.36190399527549744,0.27556368708610535,0.35494694113731384,0.31719326972961426,0.3996654748916626,0.3218405246734619,0.3377476930618286,0.22110386192798615,0.24986064434051514],[0.1945686936378479,0.1710113137960434,0.21634741127490997,0.20719270408153534,0.24689792096614838,0.2767019271850586,0.36190399527549744,1.0,0.1970684826374054,0.2728661596775055,0.2881656885147095,0.30348527431488037,0.38434216380119324,0.2839151620864868,0.3454264998435974,0.3098011612892151],[0.647409975528717,0.23902511596679688,0.2695610523223877,0.2273571938276291,0.4290614426136017,0.8195585608482361,0.27556368708610535,0.1970684826374054,0.9999999403953552,0.8093340396881104,0.7477456331253052,0.7307298183441162,0.3270852863788605,0.3324376940727234,0.18796099722385406,0.19895631074905396],[0.5555428266525269,0.32948121428489685,0.28365495800971985,0.2722974717617035,0.46891313791275024,0.7063027620315552,0.35494694113731384,0.2728661596775055,0.8093340396881104,1.0,0.8439682126045227,0.8091052174568176,0.3638278841972351,0.44055184721946716,0.22957301139831543,0.26602619886398315],[0.602426290512085,0.2850913107395172,0.319750040769577,0.29251882433891296,0.381430059671402,0.6677680015563965,0.31719326972961426,0.2881656885147095,0.7477456331253052,0.8439682126045227,1.0,0.787407398223877,0.28672581911087036,0.36228540539741516,0.2574968636035919,0.30783507227897644],[0.5480620265007019,0.3653215765953064,0.4081752896308899,0.35182708501815796,0.45917314291000366,0.6551196575164795,0.3996654748916626,0.30348527431488037,0.7307298183441162,0.8091052174568176,0.787407398223877,0.9999999403953552,0.37739211320877075,0.37517622113227844,0.2359296679496765,0.31777986884117126],[0.3143584728240967,0.3354504108428955,0.2501258850097656,0.30688178539276123,0.48028117418289185,0.3914821743965149,0.3218405246734619,0.38434216380119324,0.3270852863788605,0.3638278841972351,0.28672581911087036,0.37739211320877075,0.9999999403953552,0.4094964861869812,0.455615371465683,0.259583979845047],[0.46719250082969666,0.35515540838241577,0.24299563467502594,0.2623450458049774,0.3374422490596771,0.36201542615890503,0.3377476930618286,0.2839151620864868,0.3324376940727234,0.44055184721946716,0.36228540539741516,0.37517622113227844,0.4094964861869812,1.0,0.3452630043029785,0.24001765251159668],[0.29379552602767944,0.26775646209716797,0.1977047324180603,0.23594969511032104,0.18565252423286438,0.2716360092163086,0.22110386192798615,0.3454264998435974,0.18796099722385406,0.22957301139831543,0.2574968636035919,0.2359296679496765,0.455615371465683,0.3452630043029785,1.0,0.3080664277076721],[0.2887987196445465,0.30786943435668945,0.361674427986145,0.3286031484603882,0.1671053171157837,0.2539185881614685,0.24986064434051514,0.3098011612892151,0.19895631074905396,0.26602619886398315,0.30783507227897644,0.31777986884117126,0.259583979845047,0.24001765251159668,0.3080664277076721,0.9999999403953552]]}