{
  "game_number": 158,
  "words": [
    "ANGLE",
    "BEND",
    "CROOK",
    "ELBOW",
    "ANCHOR",
    "FOREARM",
    "PIPE",
    "SPINACH",
    "BALANCE",
    "CHEAT",
    "COOKIE",
    "FITTED",
    "KITTY",
    "POOL",
    "POT",
    "PURSE"
  ],
  "adjacency_matrix": [
    [
      0.9999999403953552,
      0.5147846937179565,
      0.4033487141132355,
      0.46709755063056946,
      0.38101479411125183,
      0.4300876259803772,
      0.30994752049446106,
      0.2073836475610733,
      0.4920368790626526,
      0.3029279112815857,
      0.23198525607585907,
      0.3256237208843231,
      0.22126714885234833,
      0.3266202211380005,
      0.3147381842136383,
      0.22550086677074432
    ],
    [
      0.5147846937179565,
      0.9999999403953552,
      0.42195695638656616,
      0.5288664102554321,
      0.3102584481239319,
      0.41362619400024414,
      0.4087132215499878,
      0.26560699939727783,
      0.43884947896003723,
      0.4195486605167389,
      0.2487267702817917,
      0.36831793189048767,
      0.14539481699466705,
      0.3258478045463562,
      0.3379124104976654,
      0.30925142765045166
    ],
    [
      0.4033487141132355,
      0.42195695638656616,
      1.0,
      0.4138200283050537,
      0.2991665303707123,
      0.38737425208091736,
      0.34219369292259216,
      0.257404625415802,
      0.2989669740200043,
      0.44440335035324097,
      0.24676242470741272,
      0.29156365990638733,
      0.31510165333747864,
      0.25927701592445374,
      0.34856873750686646,
      0.43376094102859497
    ],
    [
      0.46709755063056946,
      0.5288664102554321,
      0.4138200283050537,
      1.0,
      0.27743515372276306,
      0.694519579410553,
      0.4291859269142151,
      0.2925500273704529,
      0.3360741138458252,
      0.333023339509964,
      0.20307429134845734,
      0.29556262493133545,
      0.29108157753944397,
      0.29697322845458984,
      0.34937411546707153,
      0.35628101229667664
    ],
    [
      0.38101479411125183,
      0.3102584481239319,
      0.2991665303707123,
      0.27743515372276306,
      1.0,
      0.26430463790893555,
      0.3557957708835602,
      0.23293963074684143,
      0.3574010133743286,
      0.21828000247478485,
      0.2714875042438507,
      0.3387807607650757,
      0.18965889513492584,
      0.28751954436302185,
      0.22106871008872986,
      0.25110897421836853
    ],
    [
      0.4300876259803772,
      0.41362619400024414,
      0.38737425208091736,
      0.694519579410553,
      0.26430463790893555,
      1.0,
      0.3315492868423462,
      0.28492701053619385,
      0.37745678424835205,
      0.3040984272956848,
      0.24179522693157196,
      0.3129054009914398,
      0.24399517476558685,
      0.2950511872768402,
      0.31873440742492676,
      0.3574850559234619
    ],
    [
      0.30994752049446106,
      0.4087132215499878,
      0.34219369292259216,
      0.4291859269142151,
      0.3557957708835602,
      0.3315492868423462,
      1.0,
      0.29648134112358093,
      0.29155585169792175,
      0.2874792218208313,
      0.3423140048980713,
      0.3700006604194641,
      0.2524014711380005,
      0.3611676096916199,
      0.4971510171890259,
      0.3776906430721283
    ],
    [
      0.2073836475610733,
      0.26560699939727783,
      0.257404625415802,
      0.2925500273704529,
      0.23293963074684143,
      0.28492701053619385,
      0.29648134112358093,
      1.0,
      0.26202070713043213,
      0.3085467517375946,
      0.3476676940917969,
      0.19013844430446625,
      0.26641687750816345,
      0.3113238215446472,
      0.3843344449996948,
      0.3274376690387726
    ],
    [
      0.4920368790626526,
      0.43884947896003723,
      0.2989669740200043,
      0.3360741138458252,
      0.3574010133743286,
      0.37745678424835205,
      0.29155585169792175,
      0.26202070713043213,
      1.0,
      0.3912629187107086,
      0.2731453776359558,
      0.34749898314476013,
      0.35474511981010437,
      0.4166535437107086,
      0.3657378852367401,
      0.4324224293231964
    ],
    [
      0.3029279112815857,
      0.4195486605167389,
      0.44440335035324097,
      0.333023339509964,
      0.21828000247478485,
      0.3040984272956848,
      0.2874792218208313,
      0.3085467517375946,
      0.3912629187107086,
      0.9999999403953552,
      0.3170933723449707,
      0.26083439588546753,
      0.3396098017692566,
      0.3141304850578308,
      0.30556103587150574,
      0.3467116355895996
    ],
    [
      0.23198525607585907,
      0.2487267702817917,
      0.24676242470741272,
      0.20307429134845734,
      0.2714875042438507,
      0.24179522693157196,
      0.3423140048980713,
      0.3476676940917969,
      0.2731453776359558,
      0.3170933723449707,
      1.0,
      0.20848283171653748,
      0.43345338106155396,
      0.2609608471393585,
      0.3712007403373718,
      0.2817968428134918
    ],
    [
      0.3256237208843231,
      0.36831793189048767,
      0.29156365990638733,
      0.29556262493133545,
      0.3387807607650757,
      0.3129054009914398,
      0.3700006604194641,
      0.19013844430446625,
      0.34749898314476013,
      0.26083439588546753,
      0.20848283171653748,
      1.0,
      0.25685837864875793,
      0.2649562656879425,
      0.28057968616485596,
      0.3315606117248535
    ],
    [
      0.22126714885234833,
      0.14539481699466705,
      0.31510165333747864,
      0.29108157753944397,
      0.18965889513492584,
      0.24399517476558685,
      0.2524014711380005,
      0.26641687750816345,
      0.35474511981010437,
      0.3396098017692566,
      0.43345338106155396,
      0.25685837864875793,
      1.0,
      0.41736748814582825,
      0.4180467426776886,
      0.4280015528202057
    ],
    [
      0.3266202211380005,
      0.3258478045463562,
      0.25927701592445374,
      0.29697322845458984,
      0.28751954436302185,
      0.2950511872768402,
      0.3611676096916199,
      0.3113238215446472,
      0.4166535437107086,
      0.3141304850578308,
      0.2609608471393585,
      0.2649562656879425,
      0.41736748814582825,
      0.9999999403953552,
      0.49434414505958557,
      0.3836211562156677
    ],
    [
      0.3147381842136383,
      0.3379124104976654,
      0.34856873750686646,
      0.34937411546707153,
      0.22106871008872986,
      0.31873440742492676,
      0.4971510171890259,
      0.3843344449996948,
      0.3657378852367401,
      0.30556103587150574,
      0.3712007403373718,
      0.28057968616485596,
      0.4180467426776886,
      0.49434414505958557,
      1.0,
      0.4428732991218567
    ],
    [
      0.22550086677074432,
      0.30925142765045166,
      0.43376094102859497,
      0.35628101229667664,
      0.25110897421836853,
      0.3574850559234619,
      0.3776906430721283,
      0.3274376690387726,
      0.4324224293231964,
      0.3467116355895996,
      0.2817968428134918,
      0.3315606117248535,
      0.4280015528202057,
      0.3836211562156677,
      0.4428732991218567,
      0.9999999403953552
    ]
  ]
}