{
  "game_number": 92,
  "words": [
    "EQUALS",
    "MINUS",
    "PERCENT",
    "TIMES",
    "LOCK",
    "SHOCK",
    "THATCH",
    "TUFT",
    "COMBO",
    "GOLDFISH",
    "RUFFLE",
    "TAKI",
    "CHEF",
    "FISH",
    "MASSAGE",
    "MEATBALL"
  ],
  "adjacency_matrix": [
    [
      1.0,
      0.6122481822967529,
      0.46311748027801514,
      0.45260849595069885,
      0.31815752387046814,
      0.35117107629776,
      0.21945218741893768,
      0.15803150832653046,
      0.3854796588420868,
      0.27383747696876526,
      0.19676077365875244,
      0.21835194528102875,
      0.2646843492984772,
      0.3189373016357422,
      0.25436723232269287,
      0.2754596471786499
    ],
    [
      0.6122481822967529,
      1.0,
      0.4222140312194824,
      0.35095417499542236,
      0.36874109506607056,
      0.35933154821395874,
      0.23845326900482178,
      0.2971382737159729,
      0.44252631068229675,
      0.25607791543006897,
      0.2683582603931427,
      0.21866682171821594,
      0.2374298870563507,
      0.33284884691238403,
      0.3137458860874176,
      0.32233086228370667
    ],
    [
      0.46311748027801514,
      0.4222140312194824,
      1.0,
      0.43085816502571106,
      0.22218218445777893,
      0.2573675513267517,
      0.1660737544298172,
      0.12685294449329376,
      0.20684947073459625,
      0.141737699508667,
      0.15355554223060608,
      0.16319036483764648,
      0.10186316817998886,
      0.208698108792305,
      0.17767007648944855,
      0.182959645986557
    ],
    [
      0.45260849595069885,
      0.35095417499542236,
      0.43085816502571106,
      1.0,
      0.34399285912513733,
      0.3582836985588074,
      0.2518961429595947,
      0.09073547273874283,
      0.303900808095932,
      0.25063592195510864,
      0.21122193336486816,
      0.16855543851852417,
      0.15432646870613098,
      0.3094038963317871,
      0.30868756771087646,
      0.19731420278549194
    ],
    [
      0.31815752387046814,
      0.36874109506607056,
      0.22218218445777893,
      0.34399285912513733,
      1.0,
      0.3650791645050049,
      0.3390570878982544,
      0.2538624703884125,
      0.44481390714645386,
      0.26992130279541016,
      0.38624969124794006,
      0.27418583631515503,
      0.19704172015190125,
      0.37965330481529236,
      0.314302921295166,
      0.23439112305641174
    ],
    [
      0.35117107629776,
      0.35933154821395874,
      0.2573675513267517,
      0.3582836985588074,
      0.3650791645050049,
      1.0,
      0.2864192724227905,
      0.1924145519733429,
      0.3707166314125061,
      0.2737939953804016,
      0.34242576360702515,
      0.23285028338432312,
      0.19702738523483276,
      0.31414464116096497,
      0.35823649168014526,
      0.26594728231430054
    ],
    [
      0.21945218741893768,
      0.23845326900482178,
      0.1660737544298172,
      0.2518961429595947,
      0.3390570878982544,
      0.2864192724227905,
      1.0,
      0.3411427438259125,
      0.31404730677604675,
      0.21705135703086853,
      0.35646024346351624,
      0.34055712819099426,
      0.12021356076002121,
      0.3348628282546997,
      0.28916507959365845,
      0.173794224858284
    ],
    [
      0.15803150832653046,
      0.2971382737159729,
      0.12685294449329376,
      0.09073547273874283,
      0.2538624703884125,
      0.1924145519733429,
      0.3411427438259125,
      1.0,
      0.15374992787837982,
      0.2158452272415161,
      0.5210344195365906,
      0.15667065978050232,
      0.0750354677438736,
      0.20892371237277985,
      0.14663951098918915,
      0.23040974140167236
    ],
    [
      0.3854796588420868,
      0.44252631068229675,
      0.20684947073459625,
      0.303900808095932,
      0.44481390714645386,
      0.3707166314125061,
      0.31404730677604675,
      0.15374992787837982,
      1.0,
      0.2542126476764679,
      0.23303820192813873,
      0.36468055844306946,
      0.3251435458660126,
      0.38119804859161377,
      0.2830212116241455,
      0.3978724777698517
    ],
    [
      0.27383747696876526,
      0.25607791543006897,
      0.141737699508667,
      0.25063592195510864,
      0.26992130279541016,
      0.2737939953804016,
      0.21705135703086853,
      0.2158452272415161,
      0.2542126476764679,
      1.0,
      0.2286316156387329,
      0.24638532102108002,
      0.3076343238353729,
      0.6510410308837891,
      0.298395574092865,
      0.3884522616863251
    ],
    [
      0.19676077365875244,
      0.2683582603931427,
      0.15355554223060608,
      0.21122193336486816,
      0.38624969124794006,
      0.34242576360702515,
      0.35646024346351624,
      0.5210344195365906,
      0.23303820192813873,
      0.2286316156387329,
      1.0,
      0.173400416970253,
      0.21240432560443878,
      0.29037630558013916,
      0.23617053031921387,
      0.24561792612075806
    ],
    [
      0.21835194528102875,
      0.21866682171821594,
      0.16319036483764648,
      0.16855543851852417,
      0.27418583631515503,
      0.23285028338432312,
      0.34055712819099426,
      0.15667065978050232,
      0.36468055844306946,
      0.24638532102108002,
      0.173400416970253,
      0.9999999403953552,
      0.21123237907886505,
      0.3082335293292999,
      0.1971902996301651,
      0.24995017051696777
    ],
    [
      0.2646843492984772,
      0.2374298870563507,
      0.10186316817998886,
      0.15432646870613098,
      0.19704172015190125,
      0.19702738523483276,
      0.12021356076002121,
      0.0750354677438736,
      0.3251435458660126,
      0.3076343238353729,
      0.21240432560443878,
      0.21123237907886505,
      1.0,
      0.36462414264678955,
      0.2468028962612152,
      0.48590487241744995
    ],
    [
      0.3189373016357422,
      0.33284884691238403,
      0.208698108792305,
      0.3094038963317871,
      0.37965330481529236,
      0.31414464116096497,
      0.3348628282546997,
      0.20892371237277985,
      0.38119804859161377,
      0.6510410308837891,
      0.29037630558013916,
      0.3082335293292999,
      0.36462414264678955,
      1.0,
      0.323429673910141,
      0.4485436677932739
    ],
    [
      0.25436723232269287,
      0.3137458860874176,
      0.17767007648944855,
      0.30868756771087646,
      0.314302921295166,
      0.35823649168014526,
      0.28916507959365845,
      0.14663951098918915,
      0.2830212116241455,
      0.298395574092865,
      0.23617053031921387,
      0.1971902996301651,
      0.2468028962612152,
      0.323429673910141,
      1.0,
      0.28782814741134644
    ],
    [
      0.2754596471786499,
      0.32233086228370667,
      0.182959645986557,
      0.19731420278549194,
      0.23439112305641174,
      0.26594728231430054,
      0.173794224858284,
      0.23040974140167236,
      0.3978724777698517,
      0.3884522616863251,
      0.24561792612075806,
      0.24995017051696777,
      0.48590487241744995,
      0.4485436677932739,
      0.28782814741134644,
      1.0
    ]
  ]
}