{"game_number":82,"words":["BUN","HERO","ROLL","WRAP","CHOPS","KISSER","TRAP","YAP","BOB","CLAP","SNAP","TAP","APPLAUSE","DRINKS","FUNDING","GOLF"],"adjacency_matrix":[[1.0,0.27587205171585083,0.39772653579711914,0.3581832945346832,0.37951648235321045,0.3573393225669861,0.27514925599098206,0.201901376247406,0.3829590082168579,0.28559577465057373,0.29539328813552856,0.27032867074012756,0.12769410014152527,0.25813308358192444,0.1890341341495514,0.19063551723957062],[0.27587205171585083,0.9999999403953552,0.369137167930603,0.26399722695350647,0.3318061828613281,0.4397067725658417,0.37432369589805603,0.07970369607210159,0.2895110845565796,0.29550960659980774,0.24130326509475708,0.25262996554374695,0.29432839155197144,0.3001156747341156,0.2665112614631653,0.3131186068058014],[0.39772653579711914,0.369137167930603,0.9999999403953552,0.5137730240821838,0.45301029086112976,0.38065457344055176,0.4301007091999054,0.18520934879779816,0.35738447308540344,0.5247821807861328,0.5466238856315613,0.4742462933063507,0.3186347782611847,0.3378880023956299,0.3458919823169708,0.32062169909477234],[0.3581832945346832,0.26399722695350647,0.5137730240821838,1.0,0.38933369517326355,0.317812979221344,0.46958836913108826,0.16845345497131348,0.2660203278064728,0.3893073797225952,0.5193868279457092,0.3765788972377777,0.2520570456981659,0.3191107213497162,0.26918837428092957,0.23794350028038025],[0.37951648235321045,0.3318061828613281,0.45301029086112976,0.38933369517326355,1.0,0.409676194190979,0.302773654460907,0.21658183634281158,0.3368068039417267,0.3139248490333557,0.4201758801937103,0.4500812590122223,0.26232829689979553,0.3331758677959442,0.31199854612350464,0.26982787251472473],[0.3573393225669861,0.4397067725658417,0.38065457344055176,0.317812979221344,0.409676194190979,1.0,0.3430598974227905,0.22177563607692719,0.31639936566352844,0.4840324819087982,0.4232439398765564,0.3389301598072052,0.274644136428833,0.30982011556625366,0.14998406171798706,0.2602928578853607],[0.27514925599098206,0.37432369589805603,0.4301007091999054,0.46958836913108826,0.302773654460907,0.3430598974227905,1.0,0.13511893153190613,0.2461346983909607,0.4641091823577881,0.4379744529724121,0.4093445837497711,0.2155899703502655,0.30788740515708923,0.29904690384864807,0.29391422867774963],[0.201901376247406,0.07970369607210159,0.18520934879779816,0.16845345497131348,0.21658183634281158,0.22177563607692719,0.13511893153190613,1.0,0.30996501445770264,0.2670653462409973,0.2229911834001541,0.16865485906600952,0.16951102018356323,0.05582994222640991,0.008788003586232662,0.08599096536636353],[0.3829590082168579,0.2895110845565796,0.35738447308540344,0.2660203278064728,0.3368068039417267,0.31639936566352844,0.2461346983909607,0.30996501445770264,1.0,0.3145703375339508,0.35270920395851135,0.23604638874530792,0.15763689577579498,0.20722611248493195,0.11824196577072144,0.2434246689081192],[0.28559577465057373,0.29550960659980774,0.5247821807861328,0.3893073797225952,0.3139248490333557,0.4840324819087982,0.4641091823577881,0.2670653462409973,0.3145703375339508,1.0,0.45490795373916626,0.44128215312957764,0.5467531085014343,0.3358745276927948,0.1786474734544754,0.2861575484275818],[0.29539328813552856,0.24130326509475708,0.5466238856315613,0.5193868279457092,0.4201758801937103,0.4232439398765564,0.4379744529724121,0.2229911834001541,0.35270920395851135,0.45490795373916626,0.9999998807907104,0.4948423504829407,0.3109760880470276,0.3020941913127899,0.18761269748210907,0.21329431235790253],[0.27032867074012756,0.25262996554374695,0.4742462933063507,0.3765788972377777,0.4500812590122223,0.3389301598072052,0.4093445837497711,0.16865485906600952,0.23604638874530792,0.44128215312957764,0.4948423504829407,1.0,0.2721531391143799,0.4244348406791687,0.3424758315086365,0.2643280029296875],[0.12769410014152527,0.29432839155197144,0.3186347782611847,0.2520570456981659,0.26232829689979553,0.274644136428833,0.2155899703502655,0.16951102018356323,0.15763689577579498,0.5467531085014343,0.3109760880470276,0.2721531391143799,1.0,0.296735554933548,0.2947714924812317,0.17153194546699524],[0.25813308358192444,0.3001156747341156,0.3378880023956299,0.3191107213497162,0.3331758677959442,0.30982011556625366,0.30788740515708923,0.05582994222640991,0.20722611248493195,0.3358745276927948,0.3020941913127899,0.4244348406791687,0.296735554933548,0.9999999403953552,0.2971860468387604,0.37131908535957336],[0.1890341341495514,0.2665112614631653,0.3458919823169708,0.26918837428092957,0.31199854612350464,0.14998406171798706,0.29904690384864807,0.008788003586232662,0.11824196577072144,0.1786474734544754,0.18761269748210907,0.3424758315086365,0.2947714924812317,0.2971860468387604,1.0,0.3061069846153259],[0.19063551723957062,0.3131186068058014,0.32062169909477234,0.23794350028038025,0.26982787251472473,0.2602928578853607,0.29391422867774963,0.08599096536636353,0.2434246689081192,0.2861575484275818,0.21329431235790253,0.2643280029296875,0.17153194546699524,0.37131908535957336,0.3061069846153259,1.0]]}