{"game_number":58,"words":["FOLLOWERS","LEMMINGS","PUPPETS","SHEEP","EQUITY","OPTIONS","SHARES","STOCKS","BILLINGS","BUFFALO","MOBILE","PHOENIX","APARTMENT","INSULTS","LIKES","SHOVELS"],"adjacency_matrix":[[1.0,0.45498156547546387,0.37290525436401367,0.41198819875717163,0.2136469930410385,0.31095898151397705,0.4550762474536896,0.34027448296546936,0.2759779095649719,0.26277804374694824,0.31041961908340454,0.2279159426689148,0.20762978494167328,0.3712446987628937,0.5299561023712158,0.2592211365699768],[0.45498156547546387,1.0,0.3480301797389984,0.4532429277896881,0.1552610844373703,0.2741817235946655,0.2866891920566559,0.379000186920166,0.17642438411712646,0.28047412633895874,0.24254661798477173,0.2662985920906067,0.16037577390670776,0.30376240611076355,0.37573039531707764,0.2693229913711548],[0.37290525436401367,0.3480301797389984,0.9999999403953552,0.3824903964996338,0.16523559391498566,0.3071862757205963,0.3235038220882416,0.3233620822429657,0.2436496913433075,0.27749449014663696,0.2896939516067505,0.23905694484710693,0.20547646284103394,0.37986958026885986,0.40136536955833435,0.36311039328575134],[0.41198819875717163,0.4532429277896881,0.3824903964996338,1.0,0.23766210675239563,0.221368670463562,0.32177823781967163,0.4040529429912567,0.17728137969970703,0.47452786564826965,0.33298444747924805,0.28132352232933044,0.23009338974952698,0.31935402750968933,0.3070390224456787,0.2774522006511688],[0.2136469930410385,0.1552610844373703,0.16523559391498566,0.23766210675239563,1.0,0.3938548266887665,0.46412137150764465,0.4361731708049774,0.31345027685165405,0.2864913046360016,0.33032071590423584,0.18355199694633484,0.3090422451496124,0.24643956124782562,0.18033231794834137,0.19432923197746277],[0.31095898151397705,0.2741817235946655,0.3071862757205963,0.221368670463562,0.3938548266887665,1.0,0.4454444944858551,0.49423542618751526,0.3200574517250061,0.22078007459640503,0.2931831479072571,0.20014028251171112,0.2608591616153717,0.3870278000831604,0.4017595052719116,0.2981429100036621],[0.4550762474536896,0.2866891920566559,0.3235038220882416,0.32177823781967163,0.46412137150764465,0.4454444944858551,1.0,0.6034919023513794,0.28411269187927246,0.23158149421215057,0.2889936864376068,0.22682525217533112,0.32471004128456116,0.3495696783065796,0.5140623450279236,0.3261896073818207],[0.34027448296546936,0.379000186920166,0.3233620822429657,0.4040529429912567,0.4361731708049774,0.49423542618751526,0.6034919023513794,1.0,0.29574117064476013,0.28369343280792236,0.3085786998271942,0.24057815968990326,0.28665077686309814,0.3343288004398346,0.383066326379776,0.3929513394832611],[0.2759779095649719,0.17642438411712646,0.2436496913433075,0.17728137969970703,0.31345027685165405,0.3200574517250061,0.28411269187927246,0.29574117064476013,1.0,0.2147108018398285,0.2749786972999573,0.256519079208374,0.265780508518219,0.2893248498439789,0.28368645906448364,0.1806844025850296],[0.26277804374694824,0.28047412633895874,0.27749449014663696,0.47452786564826965,0.2864913046360016,0.22078007459640503,0.23158149421215057,0.28369343280792236,0.2147108018398285,1.0,0.2792816460132599,0.3119218051433563,0.21697168052196503,0.23434804379940033,0.21145865321159363,0.2808223366737366],[0.31041961908340454,0.24254661798477173,0.2896939516067505,0.33298444747924805,0.33032071590423584,0.2931831479072571,0.2889936864376068,0.3085786998271942,0.2749786972999573,0.2792816460132599,1.0,0.26480811834335327,0.39350298047065735,0.20621010661125183,0.2972126603126526,0.268398255109787],[0.2279159426689148,0.2662985920906067,0.23905694484710693,0.28132352232933044,0.18355199694633484,0.20014028251171112,0.22682525217533112,0.24057815968990326,0.256519079208374,0.3119218051433563,0.26480811834335327,1.0,0.25477853417396545,0.18343523144721985,0.2464689165353775,0.1280241757631302],[0.20762978494167328,0.16037577390670776,0.20547646284103394,0.23009338974952698,0.3090422451496124,0.2608591616153717,0.32471004128456116,0.28665077686309814,0.265780508518219,0.21697168052196503,0.39350298047065735,0.25477853417396545,1.0,0.1863316297531128,0.2075885385274887,0.18646395206451416],[0.3712446987628937,0.30376240611076355,0.37986958026885986,0.31935402750968933,0.24643956124782562,0.3870278000831604,0.3495696783065796,0.3343288004398346,0.2893248498439789,0.23434804379940033,0.20621010661125183,0.18343523144721985,0.1863316297531128,0.9999999403953552,0.42097172141075134,0.33235958218574524],[0.5299561023712158,0.37573039531707764,0.40136536955833435,0.3070390224456787,0.18033231794834137,0.4017595052719116,0.5140623450279236,0.383066326379776,0.28368645906448364,0.21145865321159363,0.2972126603126526,0.2464689165353775,0.2075885385274887,0.42097172141075134,1.0,0.3403708338737488],[0.2592211365699768,0.2693229913711548,0.36311039328575134,0.2774522006511688,0.19432923197746277,0.2981429100036621,0.3261896073818207,0.3929513394832611,0.1806844025850296,0.2808223366737366,0.268398255109787,0.1280241757631302,0.18646395206451416,0.33235958218574524,0.3403708338737488,1.0000001192092896]]}