{
  "game_number": 103,
  "words": [
    "BEAT",
    "POUND",
    "PULSE",
    "THUMP",
    "CAPE",
    "CRATER",
    "GORGE",
    "RIDGE",
    "HAMMER",
    "HANGER",
    "LEVEL",
    "NAIL",
    "BALL",
    "HILLS",
    "LOCKER",
    "PRINT"
  ],
  "adjacency_matrix": [
    [
      1.0,
      0.41476407647132874,
      0.5170729160308838,
      0.582580029964447,
      0.3407953381538391,
      0.24916070699691772,
      0.3114740252494812,
      0.358666330575943,
      0.5358624458312988,
      0.3577173054218292,
      0.39310383796691895,
      0.49649548530578613,
      0.39445334672927856,
      0.3270512819290161,
      0.3323342800140381,
      0.382999986410141
    ],
    [
      0.41476407647132874,
      1.0,
      0.3110450208187103,
      0.3952678442001343,
      0.275346577167511,
      0.2527029514312744,
      0.2664874494075775,
      0.323459267616272,
      0.4725784957408905,
      0.319516122341156,
      0.3446922302246094,
      0.42493829131126404,
      0.3791963756084442,
      0.2531145215034485,
      0.3094281554222107,
      0.3186081349849701
    ],
    [
      0.5170729160308838,
      0.3110450208187103,
      1.0,
      0.4637196660041809,
      0.3079287111759186,
      0.2933749556541443,
      0.2569236159324646,
      0.3680053651332855,
      0.39351686835289,
      0.2687786817550659,
      0.4141910672187805,
      0.3501940071582794,
      0.3582218289375305,
      0.2909206748008728,
      0.23859405517578125,
      0.3514563739299774
    ],
    [
      0.582580029964447,
      0.3952678442001343,
      0.4637196660041809,
      0.9999999403953552,
      0.2860322892665863,
      0.2974066138267517,
      0.34438976645469666,
      0.38005509972572327,
      0.5303985476493835,
      0.3999476134777069,
      0.32420143485069275,
      0.4555024802684784,
      0.41530320048332214,
      0.30431583523750305,
      0.32564038038253784,
      0.27234771847724915
    ],
    [
      0.3407953381538391,
      0.275346577167511,
      0.3079287111759186,
      0.2860322892665863,
      0.9999999403953552,
      0.3402937948703766,
      0.35853108763694763,
      0.4518112242221832,
      0.3578472435474396,
      0.5024694204330444,
      0.26967695355415344,
      0.32918781042099,
      0.3831808865070343,
      0.39772626757621765,
      0.3293173611164093,
      0.36152565479278564
    ],
    [
      0.24916070699691772,
      0.2527029514312744,
      0.2933749556541443,
      0.2974066138267517,
      0.3402937948703766,
      1.0,
      0.43253353238105774,
      0.5529702305793762,
      0.3253673017024994,
      0.31948620080947876,
      0.3448834717273712,
      0.2452082335948944,
      0.3253990411758423,
      0.38322603702545166,
      0.2751961052417755,
      0.2896212637424469
    ],
    [
      0.3114740252494812,
      0.2664874494075775,
      0.2569236159324646,
      0.34438976645469666,
      0.35853108763694763,
      0.43253353238105774,
      1.0,
      0.5451675057411194,
      0.27501583099365234,
      0.36048007011413574,
      0.3146914541721344,
      0.26888614892959595,
      0.29598239064216614,
      0.5096363425254822,
      0.19758924841880798,
      0.27327483892440796
    ],
    [
      0.358666330575943,
      0.323459267616272,
      0.3680053651332855,
      0.38005509972572327,
      0.4518112242221832,
      0.5529702305793762,
      0.5451675057411194,
      0.9999999403953552,
      0.3810737729072571,
      0.4192293584346771,
      0.4537806212902069,
      0.38700076937675476,
      0.35284364223480225,
      0.6072469353675842,
      0.2916121780872345,
      0.26680687069892883
    ],
    [
      0.5358624458312988,
      0.4725784957408905,
      0.39351686835289,
      0.5303985476493835,
      0.3578472435474396,
      0.3253673017024994,
      0.27501583099365234,
      0.3810737729072571,
      1.0,
      0.45592057704925537,
      0.38101109862327576,
      0.7005972266197205,
      0.4814939796924591,
      0.2446967512369156,
      0.4030141830444336,
      0.32951951026916504
    ],
    [
      0.3577173054218292,
      0.319516122341156,
      0.2687786817550659,
      0.3999476134777069,
      0.5024694204330444,
      0.31948620080947876,
      0.36048007011413574,
      0.4192293584346771,
      0.45592057704925537,
      1.0,
      0.3428712785243988,
      0.4574437439441681,
      0.4460735023021698,
      0.2500675916671753,
      0.5193037986755371,
      0.3531101942062378
    ],
    [
      0.39310383796691895,
      0.3446922302246094,
      0.4141910672187805,
      0.32420143485069275,
      0.26967695355415344,
      0.3448834717273712,
      0.3146914541721344,
      0.4537806212902069,
      0.38101109862327576,
      0.3428712785243988,
      1.0,
      0.3057840168476105,
      0.3885319232940674,
      0.3359392583370209,
      0.32257023453712463,
      0.34757134318351746
    ],
    [
      0.49649548530578613,
      0.42493829131126404,
      0.3501940071582794,
      0.4555024802684784,
      0.32918781042099,
      0.2452082335948944,
      0.26888614892959595,
      0.38700076937675476,
      0.7005972266197205,
      0.4574437439441681,
      0.3057840168476105,
      1.0,
      0.45933040976524353,
      0.23451705276966095,
      0.3461989760398865,
      0.3418647348880768
    ],
    [
      0.39445334672927856,
      0.3791963756084442,
      0.3582218289375305,
      0.41530320048332214,
      0.3831808865070343,
      0.3253990411758423,
      0.29598239064216614,
      0.35284364223480225,
      0.4814939796924591,
      0.4460735023021698,
      0.3885319232940674,
      0.45933040976524353,
      1.0,
      0.3210810422897339,
      0.3675328195095062,
      0.33657968044281006
    ],
    [
      0.3270512819290161,
      0.2531145215034485,
      0.2909206748008728,
      0.30431583523750305,
      0.39772626757621765,
      0.38322603702545166,
      0.5096363425254822,
      0.6072469353675842,
      0.2446967512369156,
      0.2500675916671753,
      0.3359392583370209,
      0.23451705276966095,
      0.3210810422897339,
      1.0,
      0.19471202790737152,
      0.2441435158252716
    ],
    [
      0.3323342800140381,
      0.3094281554222107,
      0.23859405517578125,
      0.32564038038253784,
      0.3293173611164093,
      0.2751961052417755,
      0.19758924841880798,
      0.2916121780872345,
      0.4030141830444336,
      0.5193037986755371,
      0.32257023453712463,
      0.3461989760398865,
      0.3675328195095062,
      0.19471202790737152,
      0.9999999403953552,
      0.3369198739528656
    ],
    [
      0.382999986410141,
      0.3186081349849701,
      0.3514563739299774,
      0.27234771847724915,
      0.36152565479278564,
      0.2896212637424469,
      0.27327483892440796,
      0.26680687069892883,
      0.32951951026916504,
      0.3531101942062378,
      0.34757134318351746,
      0.3418647348880768,
      0.33657968044281006,
      0.2441435158252716,
      0.3369198739528656,
      1.0
    ]
  ]
}