{
  "game_number": 227,
  "words": [
    "CLAP",
    "PEAL",
    "ROLL",
    "RUMBLE",
    "BUN",
    "BRAID",
    "PONY",
    "TWIST",
    "BOOK",
    "SALAD",
    "TABLE",
    "TREE",
    "CLAW",
    "HOOF",
    "HORN",
    "NAIL"
  ],
  "adjacency_matrix": [
    [
      1.0,
      0.42734652757644653,
      0.5247821807861328,
      0.4449543356895447,
      0.28559577465057373,
      0.2599891126155853,
      0.35299891233444214,
      0.3762434124946594,
      0.260276198387146,
      0.2603892683982849,
      0.30476585030555725,
      0.26266202330589294,
      0.41093114018440247,
      0.3663005232810974,
      0.37665805220603943,
      0.3339602053165436
    ],
    [
      0.42734652757644653,
      1.0,
      0.4074119031429291,
      0.3700013756752014,
      0.3398655354976654,
      0.357645183801651,
      0.35089391469955444,
      0.3590998947620392,
      0.26977407932281494,
      0.3269718587398529,
      0.2719152867794037,
      0.40383389592170715,
      0.33753591775894165,
      0.33042749762535095,
      0.4844626784324646,
      0.38445764780044556
    ],
    [
      0.5247821807861328,
      0.4074119031429291,
      0.9999999403953552,
      0.5078398585319519,
      0.39772653579711914,
      0.34217002987861633,
      0.36091262102127075,
      0.4743983745574951,
      0.3772948682308197,
      0.3805284798145294,
      0.42545080184936523,
      0.321723073720932,
      0.4368559420108795,
      0.3860049545764923,
      0.348410964012146,
      0.40210431814193726
    ],
    [
      0.4449543356895447,
      0.3700013756752014,
      0.5078398585319519,
      1.0,
      0.21182002127170563,
      0.25852397084236145,
      0.25802934169769287,
      0.3865220248699188,
      0.24334578216075897,
      0.3012661635875702,
      0.3645685911178589,
      0.2601253092288971,
      0.3293210566043854,
      0.3206283748149872,
      0.37141525745391846,
      0.23958651721477509
    ],
    [
      0.28559577465057373,
      0.3398655354976654,
      0.39772653579711914,
      0.21182002127170563,
      1.0,
      0.4405654966831207,
      0.3665566146373749,
      0.32465100288391113,
      0.23435358703136444,
      0.4450041651725769,
      0.2522813677787781,
      0.2789403796195984,
      0.34570619463920593,
      0.29291456937789917,
      0.26168426871299744,
      0.3761916160583496
    ],
    [
      0.2599891126155853,
      0.357645183801651,
      0.34217002987861633,
      0.25852397084236145,
      0.4405654966831207,
      0.9999999403953552,
      0.3947004973888397,
      0.4057823717594147,
      0.32683125138282776,
      0.33347755670547485,
      0.27616286277770996,
      0.3175051808357239,
      0.326131671667099,
      0.27264347672462463,
      0.3021104633808136,
      0.3758193850517273
    ],
    [
      0.35299891233444214,
      0.35089391469955444,
      0.36091262102127075,
      0.25802934169769287,
      0.3665566146373749,
      0.3947004973888397,
      1.0,
      0.3413050174713135,
      0.352331280708313,
      0.3459063172340393,
      0.2995341718196869,
      0.3500872552394867,
      0.430420458316803,
      0.5343364477157593,
      0.45134443044662476,
      0.35941082239151
    ],
    [
      0.3762434124946594,
      0.3590998947620392,
      0.4743983745574951,
      0.3865220248699188,
      0.32465100288391113,
      0.4057823717594147,
      0.3413050174713135,
      0.9999999403953552,
      0.371368944644928,
      0.35270604491233826,
      0.34492045640945435,
      0.34102457761764526,
      0.4387722611427307,
      0.32887718081474304,
      0.2857308089733124,
      0.3958188593387604
    ],
    [
      0.260276198387146,
      0.26977407932281494,
      0.3772948682308197,
      0.24334578216075897,
      0.23435358703136444,
      0.32683125138282776,
      0.352331280708313,
      0.371368944644928,
      0.9999999403953552,
      0.31775611639022827,
      0.47839197516441345,
      0.3856973648071289,
      0.3013865053653717,
      0.30745819211006165,
      0.27016058564186096,
      0.30418679118156433
    ],
    [
      0.2603892683982849,
      0.3269718587398529,
      0.3805284798145294,
      0.3012661635875702,
      0.4450041651725769,
      0.33347755670547485,
      0.3459063172340393,
      0.35270604491233826,
      0.31775611639022827,
      1.0,
      0.40631160140037537,
      0.3413212299346924,
      0.3061872720718384,
      0.3255463242530823,
      0.3395385146141052,
      0.3129245340824127
    ],
    [
      0.30476585030555725,
      0.2719152867794037,
      0.42545080184936523,
      0.3645685911178589,
      0.2522813677787781,
      0.27616286277770996,
      0.2995341718196869,
      0.34492045640945435,
      0.47839197516441345,
      0.40631160140037537,
      1.0,
      0.4207595884799957,
      0.33123114705085754,
      0.2958456873893738,
      0.28124338388442993,
      0.3210741877555847
    ],
    [
      0.26266202330589294,
      0.40383389592170715,
      0.321723073720932,
      0.2601253092288971,
      0.2789403796195984,
      0.3175051808357239,
      0.3500872552394867,
      0.34102457761764526,
      0.3856973648071289,
      0.3413212299346924,
      0.4207595884799957,
      1.0,
      0.36202195286750793,
      0.3367554247379303,
      0.3990214765071869,
      0.39438772201538086
    ],
    [
      0.41093114018440247,
      0.33753591775894165,
      0.4368559420108795,
      0.3293210566043854,
      0.34570619463920593,
      0.326131671667099,
      0.430420458316803,
      0.4387722611427307,
      0.3013865053653717,
      0.3061872720718384,
      0.33123114705085754,
      0.36202195286750793,
      1.0,
      0.4393150210380554,
      0.4436762034893036,
      0.5973760485649109
    ],
    [
      0.3663005232810974,
      0.33042749762535095,
      0.3860049545764923,
      0.3206283748149872,
      0.29291456937789917,
      0.27264347672462463,
      0.5343364477157593,
      0.32887718081474304,
      0.30745819211006165,
      0.3255463242530823,
      0.2958456873893738,
      0.3367554247379303,
      0.4393150210380554,
      1.0,
      0.5355200171470642,
      0.4745006263256073
    ],
    [
      0.37665805220603943,
      0.4844626784324646,
      0.348410964012146,
      0.37141525745391846,
      0.26168426871299744,
      0.3021104633808136,
      0.45134443044662476,
      0.2857308089733124,
      0.27016058564186096,
      0.3395385146141052,
      0.28124338388442993,
      0.3990214765071869,
      0.4436762034893036,
      0.5355200171470642,
      1.0,
      0.4062744081020355
    ],
    [
      0.3339602053165436,
      0.38445764780044556,
      0.40210431814193726,
      0.23958651721477509,
      0.3761916160583496,
      0.3758193850517273,
      0.35941082239151,
      0.3958188593387604,
      0.30418679118156433,
      0.3129245340824127,
      0.3210741877555847,
      0.39438772201538086,
      0.5973760485649109,
      0.4745006263256073,
      0.4062744081020355,
      1.0
    ]
  ]
}