{
  "game_number": 631,
  "words": [
    "BETA",
    "CHI",
    "DELTA",
    "IOTA",
    "GNAT",
    "GNAW",
    "GNOCCHI",
    "GNOME",
    "GNU",
    "KNEW",
    "NEW",
    "NU",
    "FLOCK",
    "PACK",
    "POD",
    "SCHOOL"
  ],
  "adjacency_matrix": [
    [
      1.0,
      0.3196936845779419,
      0.4377252161502838,
      0.22773855924606323,
      0.13744230568408966,
      0.17573204636573792,
      0.24269631505012512,
      0.30458909273147583,
      0.24242684245109558,
      0.18607327342033386,
      0.3659283220767975,
      0.30737021565437317,
      0.26131969690322876,
      0.3176736533641815,
      0.2583692669868469,
      0.24750344455242157
    ],
    [
      0.3196936845779419,
      1.0,
      0.3821524679660797,
      0.326068639755249,
      0.1786036193370819,
      0.19007539749145508,
      0.34043779969215393,
      0.19317390024662018,
      0.2078092247247696,
      0.1652723103761673,
      0.21237464249134064,
      0.36631160974502563,
      0.17377783358097076,
      0.17937776446342468,
      0.21489013731479645,
      0.21006238460540771
    ],
    [
      0.4377252161502838,
      0.3821524679660797,
      1.0,
      0.2996324300765991,
      0.2182302474975586,
      0.13273431360721588,
      0.24117302894592285,
      0.14580222964286804,
      0.2329738289117813,
      0.20148873329162598,
      0.29288703203201294,
      0.2846378982067108,
      0.2926703095436096,
      0.24191883206367493,
      0.2950719892978668,
      0.21770143508911133
    ],
    [
      0.22773855924606323,
      0.326068639755249,
      0.2996324300765991,
      1.0,
      0.28979602456092834,
      0.23420682549476624,
      0.1801326721906662,
      0.13663652539253235,
      0.11511506885290146,
      0.19764287769794464,
      0.18745188415050507,
      0.22843977808952332,
      0.11742748320102692,
      0.08228945732116699,
      0.15714584290981293,
      0.07891122251749039
    ],
    [
      0.13744230568408966,
      0.1786036193370819,
      0.2182302474975586,
      0.28979602456092834,
      0.9999999403953552,
      0.4496645927429199,
      0.17819441854953766,
      0.26952308416366577,
      0.35330769419670105,
      0.15856079757213593,
      0.1253010332584381,
      0.22537174820899963,
      0.28656646609306335,
      0.22870565950870514,
      0.260637104511261,
      0.05440029501914978
    ],
    [
      0.17573204636573792,
      0.19007539749145508,
      0.13273431360721588,
      0.23420682549476624,
      0.4496645927429199,
      1.0,
      0.26641714572906494,
      0.2375287562608719,
      0.2727321982383728,
      0.1801881641149521,
      0.13248178362846375,
      0.14844313263893127,
      0.2539771497249603,
      0.3586612641811371,
      0.1962856501340866,
      0.07608366012573242
    ],
    [
      0.24269631505012512,
      0.34043779969215393,
      0.24117302894592285,
      0.1801326721906662,
      0.17819441854953766,
      0.26641714572906494,
      1.0,
      0.2943809926509857,
      0.1739068180322647,
      0.1896812915802002,
      0.228555366396904,
      0.22363263368606567,
      0.17881540954113007,
      0.2506997287273407,
      0.28359249234199524,
      0.13810941576957703
    ],
    [
      0.30458909273147583,
      0.19317390024662018,
      0.14580222964286804,
      0.13663652539253235,
      0.26952308416366577,
      0.2375287562608719,
      0.2943809926509857,
      1.0,
      0.33337631821632385,
      0.20153899490833282,
      0.3248271048069,
      0.0951879620552063,
      0.32251599431037903,
      0.3164185583591461,
      0.304794579744339,
      0.23873759806156158
    ],
    [
      0.24242684245109558,
      0.2078092247247696,
      0.2329738289117813,
      0.11511506885290146,
      0.35330769419670105,
      0.2727321982383728,
      0.1739068180322647,
      0.33337631821632385,
      1.0,
      0.053479377180337906,
      0.08431550115346909,
      0.2863180935382843,
      0.12227578461170197,
      0.13952754437923431,
      0.1768384575843811,
      0.006693953648209572
    ],
    [
      0.18607327342033386,
      0.1652723103761673,
      0.20148873329162598,
      0.19764287769794464,
      0.15856079757213593,
      0.1801881641149521,
      0.1896812915802002,
      0.20153899490833282,
      0.053479377180337906,
      0.9999999403953552,
      0.3706267178058624,
      -0.023094255477190018,
      0.2893851101398468,
      0.26474782824516296,
      0.11747024208307266,
      0.30252087116241455
    ],
    [
      0.3659283220767975,
      0.21237464249134064,
      0.29288703203201294,
      0.18745188415050507,
      0.1253010332584381,
      0.13248178362846375,
      0.228555366396904,
      0.3248271048069,
      0.08431550115346909,
      0.3706267178058624,
      0.9999999403953552,
      0.0444292314350605,
      0.3968227207660675,
      0.43490180373191833,
      0.262942910194397,
      0.44683393836021423
    ],
    [
      0.30737021565437317,
      0.36631160974502563,
      0.2846378982067108,
      0.22843977808952332,
      0.22537174820899963,
      0.14844313263893127,
      0.22363263368606567,
      0.0951879620552063,
      0.2863180935382843,
      -0.023094255477190018,
      0.0444292314350605,
      0.9999999403953552,
      0.05499698221683502,
      0.0017034210031852126,
      0.0993485376238823,
      0.02125435508787632
    ],
    [
      0.26131969690322876,
      0.17377783358097076,
      0.2926703095436096,
      0.11742748320102692,
      0.28656646609306335,
      0.2539771497249603,
      0.17881540954113007,
      0.32251599431037903,
      0.12227578461170197,
      0.2893851101398468,
      0.3968227207660675,
      0.05499698221683502,
      1.0,
      0.4489828944206238,
      0.24711191654205322,
      0.4001898467540741
    ],
    [
      0.3176736533641815,
      0.17937776446342468,
      0.24191883206367493,
      0.08228945732116699,
      0.22870565950870514,
      0.3586612641811371,
      0.2506997287273407,
      0.3164185583591461,
      0.13952754437923431,
      0.26474782824516296,
      0.43490180373191833,
      0.0017034210031852126,
      0.4489828944206238,
      1.0,
      0.3985176086425781,
      0.35038354992866516
    ],
    [
      0.2583692669868469,
      0.21489013731479645,
      0.2950719892978668,
      0.15714584290981293,
      0.260637104511261,
      0.1962856501340866,
      0.28359249234199524,
      0.304794579744339,
      0.1768384575843811,
      0.11747024208307266,
      0.262942910194397,
      0.0993485376238823,
      0.24711191654205322,
      0.3985176086425781,
      1.0,
      0.24623672664165497
    ],
    [
      0.24750344455242157,
      0.21006238460540771,
      0.21770143508911133,
      0.07891122251749039,
      0.05440029501914978,
      0.07608366012573242,
      0.13810941576957703,
      0.23873759806156158,
      0.006693953648209572,
      0.30252087116241455,
      0.44683393836021423,
      0.02125435508787632,
      0.4001898467540741,
      0.35038354992866516,
      0.24623672664165497,
      0.9999999403953552
    ]
  ]
}