{"game_number":178,"words":["BIG","HOT","IN","POPULAR","CHARACTER","GLYPH","ICON","SYMBOL","ASSESS","CHARGE","FINE","LEVY","HANDSOME","HIPPO","LEGEND","LIPID"],"adjacency_matrix":[[1.0,0.5338672399520874,0.4007415175437927,0.5556784868240356,0.3391501009464264,0.14042843878269196,0.22619402408599854,0.29485541582107544,0.23672494292259216,0.3653545677661896,0.5313654541969299,0.27752482891082764,0.5552323460578918,0.3107950985431671,0.3847401738166809,0.3223988115787506],[0.5338672399520874,1.0,0.38155871629714966,0.5190191864967346,0.2911827862262726,0.12301798909902573,0.24655042588710785,0.24784547090530396,0.20536214113235474,0.33512699604034424,0.422151118516922,0.20712228119373322,0.4211963713169098,0.2708224058151245,0.3186746835708618,0.2735464572906494],[0.4007415175437927,0.38155871629714966,1.0,0.41393187642097473,0.38306909799575806,0.10092250257730484,0.21777194738388062,0.2576698958873749,0.3325723111629486,0.3978388011455536,0.44176986813545227,0.21493418514728546,0.24600522220134735,0.12135674059391022,0.3322475552558899,0.18107599020004272],[0.5556784868240356,0.5190191864967346,0.41393187642097473,1.0,0.4312341511249542,0.12964533269405365,0.26875340938568115,0.3295534551143646,0.24375420808792114,0.3251549005508423,0.4261907637119293,0.2528996765613556,0.4880838990211487,0.2683480381965637,0.47214868664741516,0.2824590802192688],[0.3391501009464264,0.2911827862262726,0.38306909799575806,0.4312341511249542,1.0,0.41690799593925476,0.3652411699295044,0.47578155994415283,0.3353009521961212,0.35395747423171997,0.4135698080062866,0.2959071695804596,0.40735703706741333,0.29877620935440063,0.44677385687828064,0.25383445620536804],[0.14042843878269196,0.12301798909902573,0.10092250257730484,0.12964533269405365,0.41690799593925476,1.0,0.32982468605041504,0.5620520710945129,0.07531379163265228,0.1335020810365677,0.12041577696800232,0.10690627247095108,0.15890397131443024,0.19497637450695038,0.2717856764793396,0.2603811025619507],[0.22619402408599854,0.24655042588710785,0.21777194738388062,0.26875340938568115,0.3652411699295044,0.32982468605041504,1.0,0.557647168636322,0.18912753462791443,0.23620356619358063,0.2501942813396454,0.2221939116716385,0.2604202628135681,0.24538980424404144,0.45398953557014465,0.21148963272571564],[0.29485541582107544,0.24784547090530396,0.2576698958873749,0.3295534551143646,0.47578155994415283,0.5620520710945129,0.557647168636322,1.0,0.1843339055776596,0.30618199706077576,0.24352924525737762,0.21785040199756622,0.22969695925712585,0.2107192575931549,0.5127333402633667,0.24922771751880646],[0.23672494292259216,0.20536214113235474,0.3325723111629486,0.24375420808792114,0.3353009521961212,0.07531379163265228,0.18912753462791443,0.1843339055776596,1.0,0.40948835015296936,0.3557479679584503,0.42850807309150696,0.22290167212486267,0.1476965844631195,0.18330205976963043,0.20615394413471222],[0.3653545677661896,0.33512699604034424,0.3978388011455536,0.3251549005508423,0.35395747423171997,0.1335020810365677,0.23620356619358063,0.30618199706077576,0.40948835015296936,1.0,0.5190607309341431,0.5657909512519836,0.3170384466648102,0.16004087030887604,0.3137296438217163,0.3048565089702606],[0.5313654541969299,0.422151118516922,0.44176986813545227,0.4261907637119293,0.4135698080062866,0.12041577696800232,0.2501942813396454,0.24352924525737762,0.3557479679584503,0.5190607309341431,1.0,0.4315897822380066,0.5587196946144104,0.2303093820810318,0.33439090847969055,0.22397381067276],[0.27752482891082764,0.20712228119373322,0.21493418514728546,0.2528996765613556,0.2959071695804596,0.10690627247095108,0.2221939116716385,0.21785040199756622,0.42850807309150696,0.5657909512519836,0.4315897822380066,1.0,0.2688677906990051,0.14756345748901367,0.22312471270561218,0.19949084520339966],[0.5552323460578918,0.4211963713169098,0.24600522220134735,0.4880838990211487,0.40735703706741333,0.15890397131443024,0.2604202628135681,0.22969695925712585,0.22290167212486267,0.3170384466648102,0.5587196946144104,0.2688677906990051,1.0,0.31428709626197815,0.3645502030849457,0.26961570978164673],[0.3107950985431671,0.2708224058151245,0.12135674059391022,0.2683480381965637,0.29877620935440063,0.19497637450695038,0.24538980424404144,0.2107192575931549,0.1476965844631195,0.16004087030887604,0.2303093820810318,0.14756345748901367,0.31428709626197815,1.0,0.2864694893360138,0.25199148058891296],[0.3847401738166809,0.3186746835708618,0.3322475552558899,0.47214868664741516,0.44677385687828064,0.2717856764793396,0.45398953557014465,0.5127333402633667,0.18330205976963043,0.3137296438217163,0.33439090847969055,0.22312471270561218,0.3645502030849457,0.2864694893360138,1.0000001192092896,0.22491635382175446],[0.3223988115787506,0.2735464572906494,0.18107599020004272,0.2824590802192688,0.25383445620536804,0.2603811025619507,0.21148963272571564,0.24922771751880646,0.20615394413471222,0.3048565089702606,0.22397381067276,0.19949084520339966,0.26961570978164673,0.25199148058891296,0.22491635382175446,0.9999999403953552]]}