{"game_number":357,"words":["BERET","BOWLER","FEDORA","FEZ","HEART","KIDNEY","LIVER","LUNG","COVER","JACKET","PAGE","SPINE","ASS","KNIFE","POT","RABBIT"],"adjacency_matrix":[[0.9999999403953552,0.30940181016921997,0.5551276206970215,0.47318360209465027,0.19279199838638306,0.20601803064346313,0.14724315702915192,0.22962193191051483,0.3102320432662964,0.6046738028526306,0.20696114003658295,0.2503013014793396,0.260903924703598,0.3569766879081726,0.3244805335998535,0.3168865442276001],[0.30940181016921997,0.9999999403953552,0.3403773307800293,0.19592462480068207,0.2689549922943115,0.2617378532886505,0.2149566262960434,0.22831441462039948,0.2291731983423233,0.40939557552337646,0.2359551638364792,0.3240836262702942,0.21584531664848328,0.3241061866283417,0.26062285900115967,0.34918054938316345],[0.5551276206970215,0.3403773307800293,1.0,0.5006087422370911,0.24264459311962128,0.20223867893218994,0.16316378116607666,0.2282342165708542,0.2972073554992676,0.5598287582397461,0.2430725395679474,0.26640084385871887,0.3119908571243286,0.3272116780281067,0.31648698449134827,0.35273686051368713],[0.47318360209465027,0.19592462480068207,0.5006087422370911,1.0,0.048061419278383255,0.07636018097400665,0.09169010818004608,0.14007554948329926,0.07657802104949951,0.360517293214798,0.05279964581131935,0.05925052985548973,0.2075178325176239,0.14102941751480103,0.16358092427253723,0.22514638304710388],[0.19279199838638306,0.2689549922943115,0.24264459311962128,0.048061419278383255,1.0,0.5496205687522888,0.5912265181541443,0.5771936774253845,0.3482661843299866,0.32611754536628723,0.35254356265068054,0.5243644118309021,0.3829823434352875,0.42064425349235535,0.35720452666282654,0.41333791613578796],[0.20601803064346313,0.2617378532886505,0.20223867893218994,0.07636018097400665,0.5496205687522888,1.0,0.7472424507141113,0.6273486614227295,0.2619295120239258,0.25661608576774597,0.27486369013786316,0.4548407793045044,0.29281142354011536,0.36142125725746155,0.3791251480579376,0.45614105463027954],[0.14724315702915192,0.2149566262960434,0.16316378116607666,0.09169010818004608,0.5912265181541443,0.7472424507141113,1.0,0.6033890843391418,0.2812110483646393,0.23556633293628693,0.31518635153770447,0.4560210406780243,0.3843485713005066,0.34064751863479614,0.38321349024772644,0.4417385756969452],[0.22962193191051483,0.22831441462039948,0.2282342165708542,0.14007554948329926,0.5771936774253845,0.6273486614227295,0.6033890843391418,1.0,0.28663191199302673,0.3367760181427002,0.23798030614852905,0.4640747010707855,0.3211526572704315,0.32885777950286865,0.3172428011894226,0.44102999567985535],[0.3102320432662964,0.2291731983423233,0.2972073554992676,0.07657802104949951,0.3482661843299866,0.2619295120239258,0.2812110483646393,0.28663191199302673,1.0,0.463873028755188,0.4654214680194855,0.45665067434310913,0.36445873975753784,0.3456863760948181,0.3368823528289795,0.3033980131149292],[0.6046738028526306,0.40939557552337646,0.5598287582397461,0.360517293214798,0.32611754536628723,0.25661608576774597,0.23556633293628693,0.3367760181427002,0.463873028755188,1.0,0.32036980986595154,0.4290519952774048,0.31028831005096436,0.45261627435684204,0.32847389578819275,0.3683490753173828],[0.20696114003658295,0.2359551638364792,0.2430725395679474,0.05279964581131935,0.35254356265068054,0.27486369013786316,0.31518635153770447,0.23798030614852905,0.4654214680194855,0.32036980986595154,1.0,0.3832818865776062,0.2937137186527252,0.28016406297683716,0.3007291853427887,0.31125614047050476],[0.2503013014793396,0.3240836262702942,0.26640084385871887,0.05925052985548973,0.5243644118309021,0.4548407793045044,0.4560210406780243,0.4640747010707855,0.45665067434310913,0.4290519952774048,0.3832818865776062,1.0,0.3842410743236542,0.42688488960266113,0.2820267677307129,0.3866864740848541],[0.260903924703598,0.21584531664848328,0.3119908571243286,0.2075178325176239,0.3829823434352875,0.29281142354011536,0.3843485713005066,0.3211526572704315,0.36445873975753784,0.31028831005096436,0.2937137186527252,0.3842410743236542,1.0000001192092896,0.3224926292896271,0.35365256667137146,0.4351901412010193],[0.3569766879081726,0.3241061866283417,0.3272116780281067,0.14102941751480103,0.42064425349235535,0.36142125725746155,0.34064751863479614,0.32885777950286865,0.3456863760948181,0.45261627435684204,0.28016406297683716,0.42688488960266113,0.3224926292896271,1.0,0.43610718846321106,0.3482986390590668],[0.3244805335998535,0.26062285900115967,0.31648698449134827,0.16358092427253723,0.35720452666282654,0.3791251480579376,0.38321349024772644,0.3172428011894226,0.3368823528289795,0.32847389578819275,0.3007291853427887,0.2820267677307129,0.35365256667137146,0.43610718846321106,1.0,0.3955060541629791],[0.3168865442276001,0.34918054938316345,0.35273686051368713,0.22514638304710388,0.41333791613578796,0.45614105463027954,0.4417385756969452,0.44102999567985535,0.3033980131149292,0.3683490753173828,0.31125614047050476,0.3866864740848541,0.4351901412010193,0.3482986390590668,0.3955060541629791,1.0]]}