{
  "game_number": 420,
  "words": [
    "OLIVE",
    "FOREST",
    "LIME",
    "MINT",
    "DEMOCRATIC",
    "EROTIC",
    "NOBLE",
    "SAD",
    "BOOK",
    "CACTUS",
    "HEDGEHOG",
    "SKELETON",
    "BARK",
    "GROWL",
    "HOWL",
    "WHINE"
  ],
  "adjacency_matrix": [
    [
      0.9999999403953552,
      0.36233702301979065,
      0.46910205483436584,
      0.42441004514694214,
      0.30739375948905945,
      0.2548433244228363,
      0.32299861311912537,
      0.18169790506362915,
      0.24545271694660187,
      0.360952228307724,
      0.26737135648727417,
      0.2502245306968689,
      0.3362470865249634,
      0.24101445078849792,
      0.1322285383939743,
      0.258492112159729
    ],
    [
      0.36233702301979065,
      1.0,
      0.33944547176361084,
      0.33163580298423767,
      0.374542236328125,
      0.31808730959892273,
      0.3695332407951355,
      0.29073986411094666,
      0.37709617614746094,
      0.3761975169181824,
      0.3522309362888336,
      0.3828606903553009,
      0.44095394015312195,
      0.3231968283653259,
      0.33801037073135376,
      0.24666813015937805
    ],
    [
      0.46910205483436584,
      0.33944547176361084,
      1.0,
      0.4429638683795929,
      0.28456050157546997,
      0.26396727561950684,
      0.29674896597862244,
      0.21208854019641876,
      0.15176774561405182,
      0.3924664258956909,
      0.23580162227153778,
      0.32014551758766174,
      0.34361499547958374,
      0.21713075041770935,
      0.16682784259319305,
      0.18805758655071259
    ],
    [
      0.42441004514694214,
      0.33163580298423767,
      0.4429638683795929,
      1.0,
      0.30017518997192383,
      0.2532117962837219,
      0.37349697947502136,
      0.2006775438785553,
      0.31189996004104614,
      0.3485771119594574,
      0.3231256306171417,
      0.22299200296401978,
      0.3188111484050751,
      0.2716909646987915,
      0.17069044709205627,
      0.23060883581638336
    ],
    [
      0.30739375948905945,
      0.374542236328125,
      0.28456050157546997,
      0.30017518997192383,
      1.0,
      0.4273356795310974,
      0.5118992328643799,
      0.372811883687973,
      0.32095491886138916,
      0.19719064235687256,
      0.27374425530433655,
      0.3204224109649658,
      0.22537393867969513,
      0.24548836052417755,
      0.24008023738861084,
      0.25740379095077515
    ],
    [
      0.2548433244228363,
      0.31808730959892273,
      0.26396727561950684,
      0.2532117962837219,
      0.4273356795310974,
      1.0000001192092896,
      0.379201203584671,
      0.3561961352825165,
      0.3733459711074829,
      0.26547595858573914,
      0.2664560079574585,
      0.2931557893753052,
      0.16286534070968628,
      0.2862694561481476,
      0.25318077206611633,
      0.1829998791217804
    ],
    [
      0.32299861311912537,
      0.3695332407951355,
      0.29674896597862244,
      0.37349697947502136,
      0.5118992328643799,
      0.379201203584671,
      0.9999999403953552,
      0.4508974254131317,
      0.3194739818572998,
      0.22108964622020721,
      0.2909347414970398,
      0.3371576964855194,
      0.2600119411945343,
      0.2778586745262146,
      0.26171407103538513,
      0.2546789050102234
    ],
    [
      0.18169790506362915,
      0.29073986411094666,
      0.21208854019641876,
      0.2006775438785553,
      0.372811883687973,
      0.3561961352825165,
      0.4508974254131317,
      1.0,
      0.2952401638031006,
      0.18284188210964203,
      0.23977521061897278,
      0.23760564625263214,
      0.2224486917257309,
      0.31316089630126953,
      0.38649114966392517,
      0.4485274851322174
    ],
    [
      0.24545271694660187,
      0.37709617614746094,
      0.15176774561405182,
      0.31189996004104614,
      0.32095491886138916,
      0.3733459711074829,
      0.3194739818572998,
      0.2952401638031006,
      0.9999999403953552,
      0.27782222628593445,
      0.2609937787055969,
      0.4001031219959259,
      0.2745301425457001,
      0.22964848577976227,
      0.25179556012153625,
      0.22910811007022858
    ],
    [
      0.360952228307724,
      0.3761975169181824,
      0.3924664258956909,
      0.3485771119594574,
      0.19719064235687256,
      0.26547595858573914,
      0.22108964622020721,
      0.18284188210964203,
      0.27782222628593445,
      1.0,
      0.4854542911052704,
      0.40726885199546814,
      0.3529808819293976,
      0.26194724440574646,
      0.22343653440475464,
      0.20462390780448914
    ],
    [
      0.26737135648727417,
      0.3522309362888336,
      0.23580162227153778,
      0.3231256306171417,
      0.27374425530433655,
      0.2664560079574585,
      0.2909347414970398,
      0.23977521061897278,
      0.2609937787055969,
      0.4854542911052704,
      1.0,
      0.36136484146118164,
      0.327940434217453,
      0.3676208257675171,
      0.26417431235313416,
      0.28309646248817444
    ],
    [
      0.2502245306968689,
      0.3828606903553009,
      0.32014551758766174,
      0.22299200296401978,
      0.3204224109649658,
      0.2931557893753052,
      0.3371576964855194,
      0.23760564625263214,
      0.4001031219959259,
      0.40726885199546814,
      0.36136484146118164,
      1.0,
      0.311314195394516,
      0.2865202724933624,
      0.24882279336452484,
      0.21676185727119446
    ],
    [
      0.3362470865249634,
      0.44095394015312195,
      0.34361499547958374,
      0.3188111484050751,
      0.22537393867969513,
      0.16286534070968628,
      0.2600119411945343,
      0.2224486917257309,
      0.2745301425457001,
      0.3529808819293976,
      0.327940434217453,
      0.311314195394516,
      1.0,
      0.4964309334754944,
      0.43960273265838623,
      0.362612247467041
    ],
    [
      0.24101445078849792,
      0.3231968283653259,
      0.21713075041770935,
      0.2716909646987915,
      0.24548836052417755,
      0.2862694561481476,
      0.2778586745262146,
      0.31316089630126953,
      0.22964848577976227,
      0.26194724440574646,
      0.3676208257675171,
      0.2865202724933624,
      0.4964309334754944,
      1.0,
      0.6389121413230896,
      0.5998129844665527
    ],
    [
      0.1322285383939743,
      0.33801037073135376,
      0.16682784259319305,
      0.17069044709205627,
      0.24008023738861084,
      0.25318077206611633,
      0.26171407103538513,
      0.38649114966392517,
      0.25179556012153625,
      0.22343653440475464,
      0.26417431235313416,
      0.24882279336452484,
      0.43960273265838623,
      0.6389121413230896,
      1.0,
      0.6375777721405029
    ],
    [
      0.258492112159729,
      0.24666813015937805,
      0.18805758655071259,
      0.23060883581638336,
      0.25740379095077515,
      0.1829998791217804,
      0.2546789050102234,
      0.4485274851322174,
      0.22910811007022858,
      0.20462390780448914,
      0.28309646248817444,
      0.21676185727119446,
      0.362612247467041,
      0.5998129844665527,
      0.6375777721405029,
      1.0
    ]
  ]
}