{
  "game_number": 237,
  "words": [
    "FERTILIZE",
    "POT",
    "PRUNE",
    "WATER",
    "BOOKEND",
    "EARBUD",
    "SKI",
    "SOCK",
    "BLOUSE",
    "PANT",
    "SMITE",
    "STICK",
    "BET",
    "CHANCE",
    "GAMBLE",
    "RISK"
  ],
  "adjacency_matrix": [
    [
      1.0,
      0.3429136574268341,
      0.4667307436466217,
      0.4490818381309509,
      0.19946742057800293,
      0.20811320841312408,
      0.18765726685523987,
      0.18950510025024414,
      0.2896384298801422,
      0.31884264945983887,
      0.3310873210430145,
      0.34139907360076904,
      0.35482552647590637,
      0.322613388299942,
      0.28564557433128357,
      0.2698202133178711
    ],
    [
      0.3429136574268341,
      1.0,
      0.3017527759075165,
      0.4755261540412903,
      0.28284943103790283,
      0.2693225145339966,
      0.2577412724494934,
      0.3416895568370819,
      0.3474983274936676,
      0.3158580958843231,
      0.23585866391658783,
      0.45351484417915344,
      0.422023743391037,
      0.2950550615787506,
      0.4218059480190277,
      0.3159315884113312
    ],
    [
      0.4667307436466217,
      0.3017527759075165,
      1.0,
      0.26831260323524475,
      0.24574004113674164,
      0.2056717723608017,
      0.26531195640563965,
      0.23314225673675537,
      0.29053977131843567,
      0.3175193667411804,
      0.35722264647483826,
      0.3968057930469513,
      0.3083169460296631,
      0.27210646867752075,
      0.2585962116718292,
      0.25712594389915466
    ],
    [
      0.4490818381309509,
      0.4755261540412903,
      0.26831260323524475,
      0.9999999403953552,
      0.2537841498851776,
      0.2444586157798767,
      0.34594041109085083,
      0.3215849995613098,
      0.30871838331222534,
      0.40048423409461975,
      0.26199859380722046,
      0.38772132992744446,
      0.22575213015079498,
      0.3093406856060028,
      0.27956512570381165,
      0.3931369483470917
    ],
    [
      0.19946742057800293,
      0.28284943103790283,
      0.24574004113674164,
      0.2537841498851776,
      1.0,
      0.2581331431865692,
      0.31174159049987793,
      0.258916974067688,
      0.3071787655353546,
      0.2891983091831207,
      0.22211824357509613,
      0.32812631130218506,
      0.26991257071495056,
      0.3425491154193878,
      0.28043442964553833,
      0.22364798188209534
    ],
    [
      0.20811320841312408,
      0.2693225145339966,
      0.2056717723608017,
      0.2444586157798767,
      0.2581331431865692,
      1.0,
      0.21864506602287292,
      0.28161582350730896,
      0.36222702264785767,
      0.36858388781547546,
      0.12683804333209991,
      0.2804949879646301,
      0.20782537758350372,
      0.15042652189731598,
      0.14174172282218933,
      0.19359920918941498
    ],
    [
      0.18765726685523987,
      0.2577412724494934,
      0.26531195640563965,
      0.34594041109085083,
      0.31174159049987793,
      0.21864506602287292,
      1.0,
      0.3173353970050812,
      0.30288955569267273,
      0.4141388535499573,
      0.2437770962715149,
      0.37226372957229614,
      0.21041108667850494,
      0.25187456607818604,
      0.23129425942897797,
      0.22514355182647705
    ],
    [
      0.18950510025024414,
      0.3416895568370819,
      0.23314225673675537,
      0.3215849995613098,
      0.258916974067688,
      0.28161582350730896,
      0.3173353970050812,
      1.0,
      0.3987204134464264,
      0.4476332366466522,
      0.2845938205718994,
      0.3922654986381531,
      0.26541247963905334,
      0.3087384104728699,
      0.23397791385650635,
      0.27981019020080566
    ],
    [
      0.2896384298801422,
      0.3474983274936676,
      0.29053977131843567,
      0.30871838331222534,
      0.3071787655353546,
      0.36222702264785767,
      0.30288955569267273,
      0.3987204134464264,
      1.0,
      0.602577269077301,
      0.2662595808506012,
      0.4026377201080322,
      0.283804714679718,
      0.30300194025039673,
      0.2627767026424408,
      0.3073192536830902
    ],
    [
      0.31884264945983887,
      0.3158580958843231,
      0.3175193667411804,
      0.40048423409461975,
      0.2891983091831207,
      0.36858388781547546,
      0.4141388535499573,
      0.4476332366466522,
      0.602577269077301,
      1.0,
      0.4288531541824341,
      0.4390319585800171,
      0.27812957763671875,
      0.32686468958854675,
      0.2311633825302124,
      0.3561379015445709
    ],
    [
      0.3310873210430145,
      0.23585866391658783,
      0.35722264647483826,
      0.26199859380722046,
      0.22211824357509613,
      0.12683804333209991,
      0.2437770962715149,
      0.2845938205718994,
      0.2662595808506012,
      0.4288531541824341,
      1.0,
      0.4321478307247162,
      0.2990497350692749,
      0.2872215807437897,
      0.2348695546388626,
      0.23839789628982544
    ],
    [
      0.34139907360076904,
      0.45351484417915344,
      0.3968057930469513,
      0.38772132992744446,
      0.32812631130218506,
      0.2804949879646301,
      0.37226372957229614,
      0.3922654986381531,
      0.4026377201080322,
      0.4390319585800171,
      0.4321478307247162,
      1.0,
      0.4814438819885254,
      0.4312783479690552,
      0.3912157118320465,
      0.40733158588409424
    ],
    [
      0.35482552647590637,
      0.422023743391037,
      0.3083169460296631,
      0.22575213015079498,
      0.26991257071495056,
      0.20782537758350372,
      0.21041108667850494,
      0.26541247963905334,
      0.283804714679718,
      0.27812957763671875,
      0.2990497350692749,
      0.4814438819885254,
      1.0,
      0.5430222153663635,
      0.6470810174942017,
      0.4278479218482971
    ],
    [
      0.322613388299942,
      0.2950550615787506,
      0.27210646867752075,
      0.3093406856060028,
      0.3425491154193878,
      0.15042652189731598,
      0.25187456607818604,
      0.3087384104728699,
      0.30300194025039673,
      0.32686468958854675,
      0.2872215807437897,
      0.4312783479690552,
      0.5430222153663635,
      0.9999999403953552,
      0.5085906982421875,
      0.5904885530471802
    ],
    [
      0.28564557433128357,
      0.4218059480190277,
      0.2585962116718292,
      0.27956512570381165,
      0.28043442964553833,
      0.14174172282218933,
      0.23129425942897797,
      0.23397791385650635,
      0.2627767026424408,
      0.2311633825302124,
      0.2348695546388626,
      0.3912157118320465,
      0.6470810174942017,
      0.5085906982421875,
      1.0,
      0.5245978236198425
    ],
    [
      0.2698202133178711,
      0.3159315884113312,
      0.25712594389915466,
      0.3931369483470917,
      0.22364798188209534,
      0.19359920918941498,
      0.22514355182647705,
      0.27981019020080566,
      0.3073192536830902,
      0.3561379015445709,
      0.23839789628982544,
      0.40733158588409424,
      0.4278479218482971,
      0.5904885530471802,
      0.5245978236198425,
      1.0000001192092896
    ]
  ]
}