{"game_number":230,"words":["BASKET","BIN","CHEST","HAMPER","BAND","CIRCLE","HOOP","RING","CAP","CHECK","CURB","LIMIT","NBA","PAPER","PEARL","TRAFFIC"],"adjacency_matrix":[[0.9999999403953552,0.388119101524353,0.45528537034988403,0.3833101689815521,0.2652835547924042,0.3855506479740143,0.5666924118995667,0.3803173303604126,0.4355561435222626,0.28455638885498047,0.33023548126220703,0.30534476041793823,0.17779333889484406,0.4021681249141693,0.35669904947280884,0.3077290952205658],[0.388119101524353,1.0,0.3355602025985718,0.2677469551563263,0.22786356508731842,0.2298988550901413,0.26080647110939026,0.32517969608306885,0.26061323285102844,0.32193583250045776,0.318781316280365,0.21411536633968353,0.11117684841156006,0.28844255208969116,0.2718953788280487,0.2547270655632019],[0.45528537034988403,0.3355602025985718,1.0,0.3317333161830902,0.30879271030426025,0.3166905343532562,0.3425298035144806,0.4184827208518982,0.43027862906455994,0.35320770740509033,0.39529019594192505,0.35244569182395935,0.09479142725467682,0.33714622259140015,0.3455059230327606,0.31377193331718445],[0.3833101689815521,0.2677469551563263,0.3317333161830902,1.0,0.24850481748580933,0.21574091911315918,0.2593649625778198,0.2550073564052582,0.3451434075832367,0.3106416165828705,0.4897981882095337,0.5135345458984375,0.010106304660439491,0.3189733624458313,0.2292887419462204,0.38108110427856445],[0.2652835547924042,0.22786356508731842,0.30879271030426025,0.24850481748580933,0.9999999403953552,0.40817153453826904,0.291081964969635,0.3468848168849945,0.29966607689857483,0.26828986406326294,0.23940730094909668,0.29086384177207947,0.10831733047962189,0.3242453336715698,0.29922062158584595,0.31801897287368774],[0.3855506479740143,0.2298988550901413,0.3166905343532562,0.21574091911315918,0.40817153453826904,1.0,0.44743791222572327,0.5149224996566772,0.3843895494937897,0.33476096391677856,0.34978020191192627,0.41503608226776123,0.10292606055736542,0.33354154229164124,0.30906862020492554,0.3474941849708557],[0.5666924118995667,0.26080647110939026,0.3425298035144806,0.2593649625778198,0.291081964969635,0.44743791222572327,1.0,0.4049808084964752,0.36391374468803406,0.25884509086608887,0.2945966422557831,0.276482492685318,0.29698073863983154,0.2524668276309967,0.3578040897846222,0.2369590848684311],[0.3803173303604126,0.32517969608306885,0.4184827208518982,0.2550073564052582,0.3468848168849945,0.5149224996566772,0.4049808084964752,1.0,0.3867146670818329,0.40095028281211853,0.3690030574798584,0.35920143127441406,0.13093671202659607,0.3591952323913574,0.39623960852622986,0.3433348536491394],[0.4355561435222626,0.26061323285102844,0.43027862906455994,0.3451434075832367,0.29966607689857483,0.3843895494937897,0.36391374468803406,0.3867146670818329,0.9999998807907104,0.2817670404911041,0.431282639503479,0.5379894375801086,0.2022491693496704,0.30642077326774597,0.3538036644458771,0.28114861249923706],[0.28455638885498047,0.32193583250045776,0.35320770740509033,0.3106416165828705,0.26828986406326294,0.33476096391677856,0.25884509086608887,0.40095028281211853,0.2817670404911041,1.0,0.4030812084674835,0.4589514136314392,0.1147320419549942,0.39185112714767456,0.19813713431358337,0.3268788158893585],[0.33023548126220703,0.318781316280365,0.39529019594192505,0.4897981882095337,0.23940730094909668,0.34978020191192627,0.2945966422557831,0.3690030574798584,0.431282639503479,0.4030812084674835,1.0,0.5784186124801636,0.03307877480983734,0.28295430541038513,0.177830770611763,0.4451354444026947],[0.30534476041793823,0.21411536633968353,0.35244569182395935,0.5135345458984375,0.29086384177207947,0.41503608226776123,0.276482492685318,0.35920143127441406,0.5379894375801086,0.4589514136314392,0.5784186124801636,0.9999999403953552,0.022433096542954445,0.33320352435112,0.2203238606452942,0.3738120496273041],[0.17779333889484406,0.11117684841156006,0.09479142725467682,0.010106304660439491,0.10831733047962189,0.10292606055736542,0.29698073863983154,0.13093671202659607,0.2022491693496704,0.1147320419549942,0.03307877480983734,0.022433096542954445,1.0000001192092896,0.035159945487976074,0.16584400832653046,0.0366753414273262],[0.4021681249141693,0.28844255208969116,0.33714622259140015,0.3189733624458313,0.3242453336715698,0.33354154229164124,0.2524668276309967,0.3591952323913574,0.30642077326774597,0.39185112714767456,0.28295430541038513,0.33320352435112,0.035159945487976074,1.0,0.2302069514989853,0.29879096150398254],[0.35669904947280884,0.2718953788280487,0.3455059230327606,0.2292887419462204,0.29922062158584595,0.30906862020492554,0.3578040897846222,0.39623960852622986,0.3538036644458771,0.19813713431358337,0.177830770611763,0.2203238606452942,0.16584400832653046,0.2302069514989853,1.0,0.2261500507593155],[0.3077290952205658,0.2547270655632019,0.31377193331718445,0.38108110427856445,0.31801897287368774,0.3474941849708557,0.2369590848684311,0.3433348536491394,0.28114861249923706,0.3268788158893585,0.4451354444026947,0.3738120496273041,0.0366753414273262,0.29879096150398254,0.2261500507593155,1.0]]}