{"game_number":56,"words":["CLEAR","EARN","MAKE","NET","BEARD","HAT","ROBE","STAFF","BRIDGE","DECK","HATCH","KEEL","CLEF","SECTION","SPAN","SUITE"],"adjacency_matrix":[[1.0,0.308752179145813,0.5964764356613159,0.3457570970058441,0.3577033281326294,0.293779581785202,0.2689330279827118,0.29865729808807373,0.36815449595451355,0.2767222225666046,0.2887429893016815,0.34540146589279175,0.23675914108753204,0.37240949273109436,0.24994048476219177,0.38582155108451843],[0.308752179145813,1.0,0.49199941754341125,0.3684045970439911,0.2712820768356323,0.2503602206707001,0.2476559281349182,0.28158125281333923,0.2459879070520401,0.2274499386548996,0.24173930287361145,0.22229565680027008,0.13690152764320374,0.1723290979862213,0.275948166847229,0.17017197608947754],[0.5964764356613159,0.49199941754341125,1.0,0.3401012718677521,0.2923055589199066,0.2616002857685089,0.2506621181964874,0.3294890820980072,0.3311588764190674,0.24700696766376495,0.28555527329444885,0.2854290306568146,0.11817855387926102,0.31044620275497437,0.22686192393302917,0.34934625029563904],[0.3457570970058441,0.3684045970439911,0.3401012718677521,1.0,0.2906254827976227,0.3840418756008148,0.23543128371238708,0.29737144708633423,0.40419772267341614,0.37237757444381714,0.25598856806755066,0.33578187227249146,0.09906398504972458,0.3398600220680237,0.35822635889053345,0.3022414445877075],[0.3577033281326294,0.2712820768356323,0.2923055589199066,0.2906254827976227,1.0,0.47134363651275635,0.4636060893535614,0.1853790581226349,0.29809918999671936,0.2831023037433624,0.23935100436210632,0.32744264602661133,0.13344313204288483,0.24861864745616913,0.2850968539714813,0.26763486862182617],[0.293779581785202,0.2503602206707001,0.2616002857685089,0.3840418756008148,0.47134363651275635,1.0,0.5920772552490234,0.2886730432510376,0.329028457403183,0.3227106034755707,0.33253204822540283,0.26583346724510193,0.2461411952972412,0.33145633339881897,0.2508470118045807,0.3211531639099121],[0.2689330279827118,0.2476559281349182,0.2506621181964874,0.23543128371238708,0.4636060893535614,0.5920772552490234,1.0,0.2693324685096741,0.28264081478118896,0.31723204255104065,0.2906712293624878,0.236465185880661,0.21061748266220093,0.20985804498195648,0.2270863652229309,0.3924136459827423],[0.29865729808807373,0.28158125281333923,0.3294890820980072,0.29737144708633423,0.1853790581226349,0.2886730432510376,0.2693324685096741,1.0,0.29883748292922974,0.3038584887981415,0.28217852115631104,0.18148724734783173,0.1084844321012497,0.30616533756256104,0.23960213363170624,0.39830759167671204],[0.36815449595451355,0.2459879070520401,0.3311588764190674,0.40419772267341614,0.29809918999671936,0.329028457403183,0.28264081478118896,0.29883748292922974,1.0,0.5032383799552917,0.3879890739917755,0.3948705494403839,0.2415686547756195,0.46086814999580383,0.5614178776741028,0.3355855345726013],[0.2767222225666046,0.2274499386548996,0.24700696766376495,0.37237757444381714,0.2831023037433624,0.3227106034755707,0.31723204255104065,0.3038584887981415,0.5032383799552917,1.0,0.3981249928474426,0.47841066122055054,0.14187343418598175,0.37634849548339844,0.3438754379749298,0.41336771845817566],[0.2887429893016815,0.24173930287361145,0.28555527329444885,0.25598856806755066,0.23935100436210632,0.33253204822540283,0.2906712293624878,0.28217852115631104,0.3879890739917755,0.3981249928474426,1.0,0.39479702711105347,0.14167387783527374,0.3028121292591095,0.2973218560218811,0.33504387736320496],[0.34540146589279175,0.22229565680027008,0.2854290306568146,0.33578187227249146,0.32744264602661133,0.26583346724510193,0.236465185880661,0.18148724734783173,0.3948705494403839,0.47841066122055054,0.39479702711105347,1.0,0.23299765586853027,0.3233048915863037,0.3354261815547943,0.22672300040721893],[0.23675914108753204,0.13690152764320374,0.11817855387926102,0.09906398504972458,0.13344313204288483,0.2461411952972412,0.21061748266220093,0.1084844321012497,0.2415686547756195,0.14187343418598175,0.14167387783527374,0.23299765586853027,0.9999999403953552,0.22801156342029572,0.15464821457862854,0.24025894701480865],[0.37240949273109436,0.1723290979862213,0.31044620275497437,0.3398600220680237,0.24861864745616913,0.33145633339881897,0.20985804498195648,0.30616533756256104,0.46086814999580383,0.37634849548339844,0.3028121292591095,0.3233048915863037,0.22801156342029572,0.9999999403953552,0.4036158323287964,0.41714879870414734],[0.24994048476219177,0.275948166847229,0.22686192393302917,0.35822635889053345,0.2850968539714813,0.2508470118045807,0.2270863652229309,0.23960213363170624,0.5614178776741028,0.3438754379749298,0.2973218560218811,0.3354261815547943,0.15464821457862854,0.4036158323287964,0.9999999403953552,0.3253554403781891],[0.38582155108451843,0.17017197608947754,0.34934625029563904,0.3022414445877075,0.26763486862182617,0.3211531639099121,0.3924136459827423,0.39830759167671204,0.3355855345726013,0.41336771845817566,0.33504387736320496,0.22672300040721893,0.24025894701480865,0.41714879870414734,0.3253554403781891,1.0]]}