{
  "game_number": 452,
  "words": [
    "DESERT",
    "DITCH",
    "MAROON",
    "STRAND",
    "CURSES",
    "DARN",
    "RATS",
    "SHOOT",
    "FUZZY",
    "PEPPERS",
    "SEASHELLS",
    "WOODCHUCK",
    "GRANDSTAND",
    "PEACOCK",
    "POSTURE",
    "STRUT"
  ],
  "adjacency_matrix": [
    [
      1.0,
      0.4919038414955139,
      0.35968372225761414,
      0.3749169111251831,
      0.28192561864852905,
      0.30846792459487915,
      0.27853721380233765,
      0.40479424595832825,
      0.3376893997192383,
      0.26812943816185,
      0.30452761054039,
      0.30269667506217957,
      0.3407018780708313,
      0.29500871896743774,
      0.29963791370391846,
      0.27356329560279846
    ],
    [
      0.4919038414955139,
      1.0,
      0.33205124735832214,
      0.37229037284851074,
      0.27841296792030334,
      0.3627620339393616,
      0.288689523935318,
      0.45356106758117676,
      0.2765321433544159,
      0.21984003484249115,
      0.21064801514148712,
      0.36673596501350403,
      0.4480147361755371,
      0.31412237882614136,
      0.3119237422943115,
      0.3829650282859802
    ],
    [
      0.35968372225761414,
      0.33205124735832214,
      0.9999999403953552,
      0.3231058716773987,
      0.291042298078537,
      0.2861987352371216,
      0.2560800611972809,
      0.2671232223510742,
      0.3470436632633209,
      0.40765130519866943,
      0.3477015495300293,
      0.3354097604751587,
      0.3725959062576294,
      0.3634732961654663,
      0.18762919306755066,
      0.24184833467006683
    ],
    [
      0.3749169111251831,
      0.37229037284851074,
      0.3231058716773987,
      1.0,
      0.2742644250392914,
      0.25953593850135803,
      0.21572574973106384,
      0.27097201347351074,
      0.31124430894851685,
      0.20172487199306488,
      0.23516763746738434,
      0.31513160467147827,
      0.33968228101730347,
      0.2638355791568756,
      0.2759977877140045,
      0.3907555937767029
    ],
    [
      0.28192561864852905,
      0.27841296792030334,
      0.291042298078537,
      0.2742644250392914,
      0.9999999403953552,
      0.2765260934829712,
      0.3518376648426056,
      0.3173683285713196,
      0.18829627335071564,
      0.34822314977645874,
      0.37776586413383484,
      0.31943798065185547,
      0.29031893610954285,
      0.2797200381755829,
      0.19287587702274323,
      0.23227979242801666
    ],
    [
      0.30846792459487915,
      0.3627620339393616,
      0.2861987352371216,
      0.25953593850135803,
      0.2765260934829712,
      0.9999999403953552,
      0.2992728650569916,
      0.2978968918323517,
      0.454115092754364,
      0.2071463018655777,
      0.16674166917800903,
      0.3558269441127777,
      0.2314661741256714,
      0.2714039981365204,
      0.23597076535224915,
      0.27006858587265015
    ],
    [
      0.27853721380233765,
      0.288689523935318,
      0.2560800611972809,
      0.21572574973106384,
      0.3518376648426056,
      0.2992728650569916,
      1.0,
      0.2957479953765869,
      0.21591424942016602,
      0.3288150131702423,
      0.26223769783973694,
      0.4099262058734894,
      0.22437001764774323,
      0.2755521833896637,
      0.21797439455986023,
      0.2767423987388611
    ],
    [
      0.40479424595832825,
      0.45356106758117676,
      0.2671232223510742,
      0.27097201347351074,
      0.3173683285713196,
      0.2978968918323517,
      0.2957479953765869,
      0.9999999403953552,
      0.20615407824516296,
      0.3103761076927185,
      0.2727433145046234,
      0.37088915705680847,
      0.3246590495109558,
      0.2694038152694702,
      0.3296290934085846,
      0.39362040162086487
    ],
    [
      0.3376893997192383,
      0.2765321433544159,
      0.3470436632633209,
      0.31124430894851685,
      0.18829627335071564,
      0.454115092754364,
      0.21591424942016602,
      0.20615407824516296,
      0.9999999403953552,
      0.27848711609840393,
      0.18514761328697205,
      0.33195316791534424,
      0.24388477206230164,
      0.37901246547698975,
      0.23887142539024353,
      0.22893646359443665
    ],
    [
      0.26812943816185,
      0.21984003484249115,
      0.40765130519866943,
      0.20172487199306488,
      0.34822314977645874,
      0.2071463018655777,
      0.3288150131702423,
      0.3103761076927185,
      0.27848711609840393,
      1.0,
      0.38759103417396545,
      0.26549994945526123,
      0.203923299908638,
      0.3358615040779114,
      0.13488511741161346,
      0.17831240594387054
    ],
    [
      0.30452761054039,
      0.21064801514148712,
      0.3477015495300293,
      0.23516763746738434,
      0.37776586413383484,
      0.16674166917800903,
      0.26223769783973694,
      0.2727433145046234,
      0.18514761328697205,
      0.38759103417396545,
      1.0,
      0.2735496163368225,
      0.20357519388198853,
      0.25905707478523254,
      0.16577035188674927,
      0.222367525100708
    ],
    [
      0.30269667506217957,
      0.36673596501350403,
      0.3354097604751587,
      0.31513160467147827,
      0.31943798065185547,
      0.3558269441127777,
      0.4099262058734894,
      0.37088915705680847,
      0.33195316791534424,
      0.26549994945526123,
      0.2735496163368225,
      0.9999999403953552,
      0.2833673655986786,
      0.3316674530506134,
      0.2444007843732834,
      0.27422186732292175
    ],
    [
      0.3407018780708313,
      0.4480147361755371,
      0.3725959062576294,
      0.33968228101730347,
      0.29031893610954285,
      0.2314661741256714,
      0.22437001764774323,
      0.3246590495109558,
      0.24388477206230164,
      0.203923299908638,
      0.20357519388198853,
      0.2833673655986786,
      1.0,
      0.3436354696750641,
      0.3346760869026184,
      0.423922598361969
    ],
    [
      0.29500871896743774,
      0.31412237882614136,
      0.3634732961654663,
      0.2638355791568756,
      0.2797200381755829,
      0.2714039981365204,
      0.2755521833896637,
      0.2694038152694702,
      0.37901246547698975,
      0.3358615040779114,
      0.25905707478523254,
      0.3316674530506134,
      0.3436354696750641,
      1.0,
      0.35613465309143066,
      0.4160199761390686
    ],
    [
      0.29963791370391846,
      0.3119237422943115,
      0.18762919306755066,
      0.2759977877140045,
      0.19287587702274323,
      0.23597076535224915,
      0.21797439455986023,
      0.3296290934085846,
      0.23887142539024353,
      0.13488511741161346,
      0.16577035188674927,
      0.2444007843732834,
      0.3346760869026184,
      0.35613465309143066,
      1.0,
      0.42495056986808777
    ],
    [
      0.27356329560279846,
      0.3829650282859802,
      0.24184833467006683,
      0.3907555937767029,
      0.23227979242801666,
      0.27006858587265015,
      0.2767423987388611,
      0.39362040162086487,
      0.22893646359443665,
      0.17831240594387054,
      0.222367525100708,
      0.27422186732292175,
      0.423922598361969,
      0.4160199761390686,
      0.42495056986808777,
      0.9999999403953552
    ]
  ]
}