{"game_number":70,"words":["BIT","DASH","PINCH","TOUCH","BUY","DEAL","STEAL","VALUE","BALL","CHALK","CUE","RACK","FACE","MAC","MATCH","POCKET"],"adjacency_matrix":[[1.0,0.39334946870803833,0.46494677662849426,0.4899722933769226,0.3235948085784912,0.4441051781177521,0.325776606798172,0.48516786098480225,0.35962045192718506,0.3376191258430481,0.37196069955825806,0.3006131649017334,0.41881614923477173,0.21860893070697784,0.3783717751502991,0.35696300864219666],[0.39334946870803833,1.0,0.4043777287006378,0.4556105136871338,0.32658106088638306,0.3031458556652069,0.35038506984710693,0.3727491796016693,0.40020883083343506,0.32901623845100403,0.3137595057487488,0.38395944237709045,0.32715222239494324,0.25931835174560547,0.3393568694591522,0.35783982276916504],[0.46494677662849426,0.4043777287006378,0.9999999403953552,0.5689130425453186,0.4259946346282959,0.3722575902938843,0.4512423276901245,0.299955815076828,0.41054853796958923,0.34104615449905396,0.3268531560897827,0.3553793430328369,0.4381251633167267,0.13313579559326172,0.2866106927394867,0.5056241154670715],[0.4899722933769226,0.4556105136871338,0.5689130425453186,1.0,0.4645429253578186,0.5093177556991577,0.44529473781585693,0.4566892385482788,0.4974105954170227,0.3754187524318695,0.4199784994125366,0.3688621520996094,0.5698608756065369,0.21958096325397491,0.4553529620170593,0.44850340485572815],[0.3235948085784912,0.32658106088638306,0.4259946346282959,0.4645429253578186,1.0,0.5193353295326233,0.6478790044784546,0.43141767382621765,0.3085600733757019,0.3247947096824646,0.282408744096756,0.3891124427318573,0.3323184847831726,0.25429874658584595,0.3464162051677704,0.43362799286842346],[0.4441051781177521,0.3031458556652069,0.3722575902938843,0.5093177556991577,0.5193353295326233,1.0,0.4113749563694,0.4718692898750305,0.35714995861053467,0.3745165467262268,0.35225221514701843,0.30870068073272705,0.4876205027103424,0.12542971968650818,0.42527005076408386,0.35031816363334656],[0.325776606798172,0.35038506984710693,0.4512423276901245,0.44529473781585693,0.6478790044784546,0.4113749563694,1.0,0.38668233156204224,0.35829731822013855,0.35405534505844116,0.31173864006996155,0.3677579164505005,0.32312145829200745,0.20124945044517517,0.3190774619579315,0.41907840967178345],[0.48516786098480225,0.3727491796016693,0.299955815076828,0.4566892385482788,0.43141767382621765,0.4718692898750305,0.38668233156204224,1.0,0.31317558884620667,0.3226507306098938,0.3595099151134491,0.28411954641342163,0.40375226736068726,0.18824076652526855,0.4360826909542084,0.3605331778526306],[0.35962045192718506,0.40020883083343506,0.41054853796958923,0.4974105954170227,0.3085600733757019,0.35714995861053467,0.35829731822013855,0.31317558884620667,1.0,0.41153523325920105,0.4277477562427521,0.3959923982620239,0.4304596483707428,0.2290259301662445,0.43863192200660706,0.46556800603866577],[0.3376191258430481,0.32901623845100403,0.34104615449905396,0.3754187524318695,0.3247947096824646,0.3745165467262268,0.35405534505844116,0.3226507306098938,0.41153523325920105,1.0,0.34986281394958496,0.3265250027179718,0.4366115927696228,0.21221321821212769,0.2991058826446533,0.36419299244880676],[0.37196069955825806,0.3137595057487488,0.3268531560897827,0.4199784994125366,0.282408744096756,0.35225221514701843,0.31173864006996155,0.3595099151134491,0.4277477562427521,0.34986281394958496,1.0,0.353811115026474,0.3490890860557556,0.16382332146167755,0.387812077999115,0.307290256023407],[0.3006131649017334,0.38395944237709045,0.3553793430328369,0.3688621520996094,0.3891124427318573,0.30870068073272705,0.3677579164505005,0.28411954641342163,0.3959923982620239,0.3265250027179718,0.353811115026474,1.0,0.3342045843601227,0.1692311316728592,0.3619477152824402,0.41957053542137146],[0.41881614923477173,0.32715222239494324,0.4381251633167267,0.5698608756065369,0.3323184847831726,0.4876205027103424,0.32312145829200745,0.40375226736068726,0.4304596483707428,0.4366115927696228,0.3490890860557556,0.3342045843601227,1.0,0.1586972028017044,0.5091692805290222,0.431887149810791],[0.21860893070697784,0.25931835174560547,0.13313579559326172,0.21958096325397491,0.25429874658584595,0.12542971968650818,0.20124945044517517,0.18824076652526855,0.2290259301662445,0.21221321821212769,0.16382332146167755,0.1692311316728592,0.1586972028017044,1.0,0.11229585856199265,0.24597807228565216],[0.3783717751502991,0.3393568694591522,0.2866106927394867,0.4553529620170593,0.3464162051677704,0.42527005076408386,0.3190774619579315,0.4360826909542084,0.43863192200660706,0.2991058826446533,0.387812077999115,0.3619477152824402,0.5091692805290222,0.11229585856199265,1.0,0.37047281861305237],[0.35696300864219666,0.35783982276916504,0.5056241154670715,0.44850340485572815,0.43362799286842346,0.35031816363334656,0.41907840967178345,0.3605331778526306,0.46556800603866577,0.36419299244880676,0.307290256023407,0.41957053542137146,0.431887149810791,0.24597807228565216,0.37047281861305237,1.0]]}