{"game_number":16,"words":["FLAME","LOVER","STEADY","SWEETHEART","BURN","DIG","JAB","SLIGHT","DIESEL","PLUS","PREMIUM","REGULAR","COFFEE","PERIODIC","POOL","WATER"],"adjacency_matrix":[[1.0,0.449919730424881,0.37284204363822937,0.36409488320350647,0.6435431241989136,0.27384501695632935,0.2701897919178009,0.35327664017677307,0.3650175929069519,0.23641860485076904,0.3100690543651581,0.38512733578681946,0.29041382670402527,0.3588162362575531,0.37622392177581787,0.42457354068756104],[0.449919730424881,1.0,0.347994863986969,0.5975013375282288,0.3103891611099243,0.26944202184677124,0.17210611701011658,0.2802978456020355,0.25836172699928284,0.27660900354385376,0.3285478353500366,0.38581180572509766,0.3317989408969879,0.2650269865989685,0.325147420167923,0.3276863992214203],[0.37284204363822937,0.347994863986969,1.0,0.3003336787223816,0.33080124855041504,0.21486255526542664,0.283779114484787,0.5645151734352112,0.28943932056427,0.33701202273368835,0.36424145102500916,0.5833162665367126,0.327484667301178,0.5505698323249817,0.3009529113769531,0.38307467103004456],[0.36409488320350647,0.5975013375282288,0.3003336787223816,1.0,0.25389453768730164,0.21682299673557281,0.2547021508216858,0.2563726007938385,0.22915911674499512,0.19875773787498474,0.28973111510276794,0.3631399869918823,0.2918708622455597,0.2589830458164215,0.24792557954788208,0.2601201832294464],[0.6435431241989136,0.3103891611099243,0.33080124855041504,0.25389453768730164,1.0,0.4086381494998932,0.22728092968463898,0.3381703794002533,0.3725542426109314,0.27754834294319153,0.30518150329589844,0.3460530936717987,0.30592799186706543,0.29272183775901794,0.29646340012550354,0.37320417165756226],[0.27384501695632935,0.26944202184677124,0.21486255526542664,0.21682299673557281,0.4086381494998932,1.0,0.2380620837211609,0.2862005829811096,0.26065340638160706,0.26466310024261475,0.22207166254520416,0.25519970059394836,0.2130274623632431,0.23748211562633514,0.32370808720588684,0.32095667719841003],[0.2701897919178009,0.17210611701011658,0.283779114484787,0.2547021508216858,0.22728092968463898,0.2380620837211609,1.0,0.33651235699653625,0.16693317890167236,0.1494954526424408,0.19747629761695862,0.26709675788879395,0.15391390025615692,0.19796666502952576,0.1574409008026123,0.20151378214359283],[0.35327664017677307,0.2802978456020355,0.5645151734352112,0.2563726007938385,0.3381703794002533,0.2862005829811096,0.33651235699653625,1.0,0.26319700479507446,0.3748021423816681,0.3766406774520874,0.4208522439002991,0.23949092626571655,0.41558733582496643,0.2573477625846863,0.2681553363800049],[0.3650175929069519,0.25836172699928284,0.28943932056427,0.22915911674499512,0.3725542426109314,0.26065340638160706,0.16693317890167236,0.26319700479507446,1.0,0.2881409227848053,0.4144670069217682,0.4067951738834381,0.3610903322696686,0.2550758123397827,0.30762937664985657,0.43893229961395264],[0.23641860485076904,0.27660900354385376,0.33701202273368835,0.19875773787498474,0.27754834294319153,0.26466310024261475,0.1494954526424408,0.3748021423816681,0.2881409227848053,1.0,0.43123307824134827,0.42654669284820557,0.2567652761936188,0.33154812455177307,0.36295565962791443,0.2754499018192291],[0.3100690543651581,0.3285478353500366,0.36424145102500916,0.28973111510276794,0.30518150329589844,0.22207166254520416,0.19747629761695862,0.3766406774520874,0.4144670069217682,0.43123307824134827,1.0,0.5117071866989136,0.411485493183136,0.3916640877723694,0.4278218746185303,0.40066805481910706],[0.38512733578681946,0.38581180572509766,0.5833162665367126,0.3631399869918823,0.3460530936717987,0.25519970059394836,0.26709675788879395,0.4208522439002991,0.4067951738834381,0.42654669284820557,0.5117071866989136,1.0,0.39942455291748047,0.7069613337516785,0.3555901050567627,0.36036261916160583],[0.29041382670402527,0.3317989408969879,0.327484667301178,0.2918708622455597,0.30592799186706543,0.2130274623632431,0.15391390025615692,0.23949092626571655,0.3610903322696686,0.2567652761936188,0.411485493183136,0.39942455291748047,1.0,0.33627834916114807,0.336957722902298,0.4421069622039795],[0.3588162362575531,0.2650269865989685,0.5505698323249817,0.2589830458164215,0.29272183775901794,0.23748211562633514,0.19796666502952576,0.41558733582496643,0.2550758123397827,0.33154812455177307,0.3916640877723694,0.7069613337516785,0.33627834916114807,0.9999999403953552,0.32911282777786255,0.34921935200691223],[0.37622392177581787,0.325147420167923,0.3009529113769531,0.24792557954788208,0.29646340012550354,0.32370808720588684,0.1574409008026123,0.2573477625846863,0.30762937664985657,0.36295565962791443,0.4278218746185303,0.3555901050567627,0.336957722902298,0.32911282777786255,0.9999999403953552,0.554436206817627],[0.42457354068756104,0.3276863992214203,0.38307467103004456,0.2601201832294464,0.37320417165756226,0.32095667719841003,0.20151378214359283,0.2681553363800049,0.43893229961395264,0.2754499018192291,0.40066805481910706,0.36036261916160583,0.4421069622039795,0.34921935200691223,0.554436206817627,0.9999999403953552]]}