{
  "game_number": 260,
  "words": [
    "BOX",
    "DIVE",
    "FENCE",
    "ROW",
    "GARDENS",
    "LIGHTHOUSE",
    "PYRAMID",
    "TEMPLE",
    "CREAM",
    "CUBE",
    "MACHINE",
    "STORM",
    "ELECTRONIC",
    "GRAND",
    "PLAYER",
    "UPRIGHT"
  ],
  "adjacency_matrix": [
    [
      1.0,
      0.29329395294189453,
      0.3953290283679962,
      0.45948582887649536,
      0.3377031683921814,
      0.36776214838027954,
      0.4065903425216675,
      0.42232581973075867,
      0.3957851529121399,
      0.4661022424697876,
      0.450268417596817,
      0.3457217216491699,
      0.37565481662750244,
      0.3328777253627777,
      0.39287781715393066,
      0.30414658784866333
    ],
    [
      0.29329395294189453,
      1.0,
      0.20200596749782562,
      0.28249481320381165,
      0.18713529407978058,
      0.261065810918808,
      0.2650264799594879,
      0.30488020181655884,
      0.14632050693035126,
      0.20592311024665833,
      0.2757893204689026,
      0.31319093704223633,
      0.28039371967315674,
      0.2464582771062851,
      0.27038609981536865,
      0.22039084136486053
    ],
    [
      0.3953290283679962,
      0.20200596749782562,
      1.0,
      0.42352381348609924,
      0.416479229927063,
      0.3933652341365814,
      0.34370964765548706,
      0.34993574023246765,
      0.2648599445819855,
      0.3437916934490204,
      0.3394877016544342,
      0.3726309537887573,
      0.2808254659175873,
      0.30475175380706787,
      0.2913636565208435,
      0.25918325781822205
    ],
    [
      0.45948582887649536,
      0.28249481320381165,
      0.42352381348609924,
      1.0,
      0.3575061857700348,
      0.32879918813705444,
      0.35124504566192627,
      0.4142652750015259,
      0.29647916555404663,
      0.3951500952243805,
      0.30442729592323303,
      0.39737915992736816,
      0.2479333132505417,
      0.3855774998664856,
      0.39447665214538574,
      0.36779120564460754
    ],
    [
      0.3377031683921814,
      0.18713529407978058,
      0.416479229927063,
      0.3575061857700348,
      1.0,
      0.37911859154701233,
      0.3162385821342468,
      0.4547504484653473,
      0.26061615347862244,
      0.3033009469509125,
      0.2666676640510559,
      0.2496112734079361,
      0.27497681975364685,
      0.40144360065460205,
      0.24173402786254883,
      0.2584664523601532
    ],
    [
      0.36776214838027954,
      0.261065810918808,
      0.3933652341365814,
      0.32879918813705444,
      0.37911859154701233,
      1.0,
      0.3678975999355316,
      0.40772271156311035,
      0.283610075712204,
      0.3480665683746338,
      0.31522685289382935,
      0.4120944142341614,
      0.3455789387226105,
      0.35152798891067505,
      0.28255727887153625,
      0.2974459230899811
    ],
    [
      0.4065903425216675,
      0.2650264799594879,
      0.34370964765548706,
      0.35124504566192627,
      0.3162385821342468,
      0.3678975999355316,
      1.0,
      0.45634588599205017,
      0.35217970609664917,
      0.49156132340431213,
      0.34310856461524963,
      0.26771122217178345,
      0.27860572934150696,
      0.38371750712394714,
      0.34518668055534363,
      0.2758917212486267
    ],
    [
      0.42232581973075867,
      0.30488020181655884,
      0.34993574023246765,
      0.4142652750015259,
      0.4547504484653473,
      0.40772271156311035,
      0.45634588599205017,
      1.0,
      0.24440473318099976,
      0.31564775109291077,
      0.3129509389400482,
      0.36279788613319397,
      0.29243507981300354,
      0.37754663825035095,
      0.31093883514404297,
      0.2583811283111572
    ],
    [
      0.3957851529121399,
      0.14632050693035126,
      0.2648599445819855,
      0.29647916555404663,
      0.26061615347862244,
      0.283610075712204,
      0.35217970609664917,
      0.24440473318099976,
      1.0,
      0.42584237456321716,
      0.34043407440185547,
      0.3008338212966919,
      0.2473171502351761,
      0.27271708846092224,
      0.24543680250644684,
      0.15319982171058655
    ],
    [
      0.4661022424697876,
      0.20592311024665833,
      0.3437916934490204,
      0.3951500952243805,
      0.3033009469509125,
      0.3480665683746338,
      0.49156132340431213,
      0.31564775109291077,
      0.42584237456321716,
      0.9999999403953552,
      0.4477382004261017,
      0.3659839332103729,
      0.32686930894851685,
      0.32749176025390625,
      0.3668372333049774,
      0.2502116560935974
    ],
    [
      0.450268417596817,
      0.2757893204689026,
      0.3394877016544342,
      0.30442729592323303,
      0.2666676640510559,
      0.31522685289382935,
      0.34310856461524963,
      0.3129509389400482,
      0.34043407440185547,
      0.4477382004261017,
      1.0,
      0.3027666509151459,
      0.4844810962677002,
      0.34486961364746094,
      0.41032877564430237,
      0.27124276757240295
    ],
    [
      0.3457217216491699,
      0.31319093704223633,
      0.3726309537887573,
      0.39737915992736816,
      0.2496112734079361,
      0.4120944142341614,
      0.26771122217178345,
      0.36279788613319397,
      0.3008338212966919,
      0.3659839332103729,
      0.3027666509151459,
      1.0,
      0.29541656374931335,
      0.357128381729126,
      0.3148582875728607,
      0.2047833800315857
    ],
    [
      0.37565481662750244,
      0.28039371967315674,
      0.2808254659175873,
      0.2479333132505417,
      0.27497681975364685,
      0.3455789387226105,
      0.27860572934150696,
      0.29243507981300354,
      0.2473171502351761,
      0.32686930894851685,
      0.4844810962677002,
      0.29541656374931335,
      1.0,
      0.37481215596199036,
      0.3163493871688843,
      0.17589086294174194
    ],
    [
      0.3328777253627777,
      0.2464582771062851,
      0.30475175380706787,
      0.3855774998664856,
      0.40144360065460205,
      0.35152798891067505,
      0.38371750712394714,
      0.37754663825035095,
      0.27271708846092224,
      0.32749176025390625,
      0.34486961364746094,
      0.357128381729126,
      0.37481215596199036,
      1.0,
      0.3313553035259247,
      0.310079425573349
    ],
    [
      0.39287781715393066,
      0.27038609981536865,
      0.2913636565208435,
      0.39447665214538574,
      0.24173402786254883,
      0.28255727887153625,
      0.34518668055534363,
      0.31093883514404297,
      0.24543680250644684,
      0.3668372333049774,
      0.41032877564430237,
      0.3148582875728607,
      0.3163493871688843,
      0.3313553035259247,
      1.0,
      0.2747035026550293
    ],
    [
      0.30414658784866333,
      0.22039084136486053,
      0.25918325781822205,
      0.36779120564460754,
      0.2584664523601532,
      0.2974459230899811,
      0.2758917212486267,
      0.2583811283111572,
      0.15319982171058655,
      0.2502116560935974,
      0.27124276757240295,
      0.2047833800315857,
      0.17589086294174194,
      0.310079425573349,
      0.2747035026550293,
      1.0
    ]
  ]
}