{"game_number":370,"words":["FLOCK","PACK","POD","SCHOOL","ENVY","GREED","LUST","PRIDE","LORIS","SLOTH","SNAIL","TORTOISE","COT","SEC","SIN","TAN"],"adjacency_matrix":[[1.0,0.4489828944206238,0.24711191654205322,0.4001898467540741,0.306370347738266,0.27597346901893616,0.3005908727645874,0.3432755470275879,0.17267745733261108,0.2104380577802658,0.2649269700050354,0.3113023638725281,0.22295351326465607,0.09449640661478043,0.2589337229728699,0.29616087675094604],[0.4489828944206238,1.0,0.3985176086425781,0.35038354992866516,0.27863362431526184,0.28868356347084045,0.2525104284286499,0.3049831688404083,0.289865642786026,0.32600003480911255,0.33913400769233704,0.32109135389328003,0.31585901975631714,0.21336017549037933,0.24730367958545685,0.33529403805732727],[0.24711191654205322,0.3985176086425781,1.0,0.24623672664165497,0.13354703783988953,0.14181971549987793,0.12118726968765259,0.2076045572757721,0.18042311072349548,0.19210723042488098,0.31920942664146423,0.24733343720436096,0.29068294167518616,0.12178858369588852,0.1753946840763092,0.24357543885707855],[0.4001898467540741,0.35038354992866516,0.24623672664165497,0.9999999403953552,0.22560830414295197,0.18884219229221344,0.1803847998380661,0.34998708963394165,0.11395206302404404,0.21327239274978638,0.22357796132564545,0.1975114494562149,0.26372331380844116,0.1962035745382309,0.24445201456546783,0.21524785459041595],[0.306370347738266,0.27863362431526184,0.13354703783988953,0.22560830414295197,1.0,0.6089500188827515,0.5742831826210022,0.6407531499862671,0.18645384907722473,0.36600443720817566,0.2624761164188385,0.24515825510025024,0.10134834051132202,0.07349256426095963,0.36404186487197876,0.276475727558136],[0.27597346901893616,0.28868356347084045,0.14181971549987793,0.18884219229221344,0.6089500188827515,1.0,0.68427574634552,0.5310549736022949,0.12582868337631226,0.5121169090270996,0.258338987827301,0.23208045959472656,0.15091919898986816,0.041613709181547165,0.46503761410713196,0.20901475846767426],[0.3005908727645874,0.2525104284286499,0.12118726968765259,0.1803847998380661,0.5742831826210022,0.68427574634552,1.0,0.5052427053451538,0.17629104852676392,0.439685583114624,0.18668968975543976,0.21336504817008972,0.16886790096759796,0.10775932669639587,0.5468981266021729,0.2749796211719513],[0.3432755470275879,0.3049831688404083,0.2076045572757721,0.34998708963394165,0.6407531499862671,0.5310549736022949,0.5052427053451538,1.0,0.1722079962491989,0.38257429003715515,0.1678159534931183,0.2885514497756958,0.12133162468671799,0.09812648594379425,0.3836868107318878,0.2319812923669815],[0.17267745733261108,0.289865642786026,0.18042311072349548,0.11395206302404404,0.18645384907722473,0.12582868337631226,0.17629104852676392,0.1722079962491989,0.9999999403953552,0.39518436789512634,0.4723329246044159,0.479978084564209,0.1880822330713272,0.1871820092201233,0.11472870409488678,0.31933489441871643],[0.2104380577802658,0.32600003480911255,0.19210723042488098,0.21327239274978638,0.36600443720817566,0.5121169090270996,0.439685583114624,0.38257429003715515,0.39518436789512634,1.0,0.3655155599117279,0.3730992078781128,0.2672787010669708,0.09405367821455002,0.4452008605003357,0.2598247230052948],[0.2649269700050354,0.33913400769233704,0.31920942664146423,0.22357796132564545,0.2624761164188385,0.258338987827301,0.18668968975543976,0.1678159534931183,0.4723329246044159,0.3655155599117279,1.0,0.6199595332145691,0.16799509525299072,0.17016150057315826,0.18191158771514893,0.288977712392807],[0.3113023638725281,0.32109135389328003,0.24733343720436096,0.1975114494562149,0.24515825510025024,0.23208045959472656,0.21336504817008972,0.2885514497756958,0.479978084564209,0.3730992078781128,0.6199595332145691,1.0000001192092896,0.2818586230278015,0.10617293417453766,0.1728130728006363,0.3584914803504944],[0.22295351326465607,0.31585901975631714,0.29068294167518616,0.26372331380844116,0.10134834051132202,0.15091919898986816,0.16886790096759796,0.12133162468671799,0.1880822330713272,0.2672787010669708,0.16799509525299072,0.2818586230278015,1.0,0.11279505491256714,0.27063798904418945,0.4411015808582306],[0.09449640661478043,0.21336017549037933,0.12178858369588852,0.1962035745382309,0.07349256426095963,0.041613709181547165,0.10775932669639587,0.09812648594379425,0.1871820092201233,0.09405367821455002,0.17016150057315826,0.10617293417453766,0.11279505491256714,1.0,0.13444258272647858,0.210386723279953],[0.2589337229728699,0.24730367958545685,0.1753946840763092,0.24445201456546783,0.36404186487197876,0.46503761410713196,0.5468981266021729,0.3836868107318878,0.11472870409488678,0.4452008605003357,0.18191158771514893,0.1728130728006363,0.27063798904418945,0.13444258272647858,1.0000001192092896,0.3801655173301697],[0.29616087675094604,0.33529403805732727,0.24357543885707855,0.21524785459041595,0.276475727558136,0.20901475846767426,0.2749796211719513,0.2319812923669815,0.31933489441871643,0.2598247230052948,0.288977712392807,0.3584914803504944,0.4411015808582306,0.210386723279953,0.3801655173301697,1.0]]}