{
  "game_number": 37,
  "words": [
    "CAFETERIA",
    "DORM",
    "LIBRARY",
    "QUAD",
    "CAMP",
    "DRAMATIC",
    "HAMMY",
    "OVERDONE",
    "CORNER",
    "SURROUND",
    "TRAP",
    "TREE",
    "BET",
    "DELT",
    "LAMB",
    "THE"
  ],
  "adjacency_matrix": [
    [
      1.0,
      0.5413623452186584,
      0.49625855684280396,
      0.36836540699005127,
      0.4148813486099243,
      0.20160940289497375,
      0.18502631783485413,
      0.223123237490654,
      0.4058345854282379,
      0.2872370481491089,
      0.25476568937301636,
      0.317646861076355,
      0.16705361008644104,
      0.22260868549346924,
      0.24980361759662628,
      0.33182936906814575
    ],
    [
      0.5413623452186584,
      0.9999999403953552,
      0.41060641407966614,
      0.4550435543060303,
      0.4440838694572449,
      0.2231219857931137,
      0.1677863597869873,
      0.2280154973268509,
      0.3800840377807617,
      0.3230390250682831,
      0.3351307213306427,
      0.30753618478775024,
      0.27009791135787964,
      0.2923022210597992,
      0.20804409682750702,
      0.3591771423816681
    ],
    [
      0.49625855684280396,
      0.41060641407966614,
      1.0,
      0.40438076853752136,
      0.36310866475105286,
      0.2832179069519043,
      0.16072876751422882,
      0.15629424154758453,
      0.4091203212738037,
      0.3404766023159027,
      0.27307626605033875,
      0.4075191617012024,
      0.21646741032600403,
      0.2966291606426239,
      0.20692533254623413,
      0.3986816108226776
    ],
    [
      0.36836540699005127,
      0.4550435543060303,
      0.40438076853752136,
      1.0,
      0.37398356199264526,
      0.20054076611995697,
      0.25700515508651733,
      0.20947444438934326,
      0.43291375041007996,
      0.37171971797943115,
      0.3299747109413147,
      0.38491347432136536,
      0.21137215197086334,
      0.2746473252773285,
      0.2941412329673767,
      0.30538198351860046
    ],
    [
      0.4148813486099243,
      0.4440838694572449,
      0.36310866475105286,
      0.37398356199264526,
      1.0,
      0.22699713706970215,
      0.22785818576812744,
      0.22000578045845032,
      0.3446255624294281,
      0.4002198278903961,
      0.4091102182865143,
      0.3756428360939026,
      0.2566491961479187,
      0.33102017641067505,
      0.16471463441848755,
      0.40529462695121765
    ],
    [
      0.20160940289497375,
      0.2231219857931137,
      0.2832179069519043,
      0.20054076611995697,
      0.22699713706970215,
      1.0,
      0.5094861388206482,
      0.4316295087337494,
      0.2850040793418884,
      0.3171660602092743,
      0.3201272785663605,
      0.2818949520587921,
      0.23478183150291443,
      0.22547373175621033,
      0.23894378542900085,
      0.4733659625053406
    ],
    [
      0.18502631783485413,
      0.1677863597869873,
      0.16072876751422882,
      0.25700515508651733,
      0.22785818576812744,
      0.5094861388206482,
      0.9999999403953552,
      0.5318400263786316,
      0.2976550757884979,
      0.2511405348777771,
      0.30096280574798584,
      0.22429345548152924,
      0.2837209403514862,
      0.2804839611053467,
      0.32067567110061646,
      0.28941622376441956
    ],
    [
      0.223123237490654,
      0.2280154973268509,
      0.15629424154758453,
      0.20947444438934326,
      0.22000578045845032,
      0.4316295087337494,
      0.5318400263786316,
      1.0,
      0.26846304535865784,
      0.29627692699432373,
      0.27331167459487915,
      0.19729384779930115,
      0.2835763096809387,
      0.3389301300048828,
      0.3038167655467987,
      0.35037893056869507
    ],
    [
      0.4058345854282379,
      0.3800840377807617,
      0.4091203212738037,
      0.43291375041007996,
      0.3446255624294281,
      0.2850040793418884,
      0.2976550757884979,
      0.26846304535865784,
      0.9999999403953552,
      0.47400781512260437,
      0.4138883054256439,
      0.4123980700969696,
      0.38334882259368896,
      0.3750990927219391,
      0.2902020215988159,
      0.4814356863498688
    ],
    [
      0.2872370481491089,
      0.3230390250682831,
      0.3404766023159027,
      0.37171971797943115,
      0.4002198278903961,
      0.3171660602092743,
      0.2511405348777771,
      0.29627692699432373,
      0.47400781512260437,
      0.9999999403953552,
      0.42371666431427,
      0.36453545093536377,
      0.3070472180843353,
      0.3871774673461914,
      0.25604259967803955,
      0.4873320162296295
    ],
    [
      0.25476568937301636,
      0.3351307213306427,
      0.27307626605033875,
      0.3299747109413147,
      0.4091102182865143,
      0.3201272785663605,
      0.30096280574798584,
      0.27331167459487915,
      0.4138883054256439,
      0.42371666431427,
      1.0,
      0.3680690824985504,
      0.3140698969364166,
      0.3769063651561737,
      0.27122265100479126,
      0.37165582180023193
    ],
    [
      0.317646861076355,
      0.30753618478775024,
      0.4075191617012024,
      0.38491347432136536,
      0.3756428360939026,
      0.2818949520587921,
      0.22429345548152924,
      0.19729384779930115,
      0.4123980700969696,
      0.36453545093536377,
      0.3680690824985504,
      1.0,
      0.23182383179664612,
      0.29747775197029114,
      0.2804248034954071,
      0.39900845289230347
    ],
    [
      0.16705361008644104,
      0.27009791135787964,
      0.21646741032600403,
      0.21137215197086334,
      0.2566491961479187,
      0.23478183150291443,
      0.2837209403514862,
      0.2835763096809387,
      0.38334882259368896,
      0.3070472180843353,
      0.3140698969364166,
      0.23182383179664612,
      1.0,
      0.37250569462776184,
      0.2382907271385193,
      0.36602890491485596
    ],
    [
      0.22260868549346924,
      0.2923022210597992,
      0.2966291606426239,
      0.2746473252773285,
      0.33102017641067505,
      0.22547373175621033,
      0.2804839611053467,
      0.3389301300048828,
      0.3750990927219391,
      0.3871774673461914,
      0.3769063651561737,
      0.29747775197029114,
      0.37250569462776184,
      1.0,
      0.2444620132446289,
      0.3688216507434845
    ],
    [
      0.24980361759662628,
      0.20804409682750702,
      0.20692533254623413,
      0.2941412329673767,
      0.16471463441848755,
      0.23894378542900085,
      0.32067567110061646,
      0.3038167655467987,
      0.2902020215988159,
      0.25604259967803955,
      0.27122265100479126,
      0.2804248034954071,
      0.2382907271385193,
      0.2444620132446289,
      1.0,
      0.29249101877212524
    ],
    [
      0.33182936906814575,
      0.3591771423816681,
      0.3986816108226776,
      0.30538198351860046,
      0.40529462695121765,
      0.4733659625053406,
      0.28941622376441956,
      0.35037893056869507,
      0.4814356863498688,
      0.4873320162296295,
      0.37165582180023193,
      0.39900845289230347,
      0.36602890491485596,
      0.3688216507434845,
      0.29249101877212524,
      1.0
    ]
  ]
}