{
  "game_number": 88,
  "words": [
    "BUST",
    "RELIEF",
    "STATUE",
    "TORSO",
    "BRACE",
    "POST",
    "PROP",
    "SUPPORT",
    "DOG",
    "LINK",
    "RIB",
    "WING",
    "BOTTLE",
    "BREAK",
    "GOOSE",
    "TURTLE"
  ],
  "adjacency_matrix": [
    [
      1.0,
      0.38023462891578674,
      0.5886046886444092,
      0.4242430329322815,
      0.36710405349731445,
      0.40446144342422485,
      0.5040085911750793,
      0.3534121513366699,
      0.3254696726799011,
      0.3493855595588684,
      0.3372352719306946,
      0.36188751459121704,
      0.3900374472141266,
      0.47811776399612427,
      0.4065414369106293,
      0.32605528831481934
    ],
    [
      0.38023462891578674,
      1.0,
      0.4274759590625763,
      0.2659694254398346,
      0.4164149761199951,
      0.37232083082199097,
      0.3499511480331421,
      0.5322383642196655,
      0.3177860677242279,
      0.2912420630455017,
      0.18426614999771118,
      0.307990163564682,
      0.32198214530944824,
      0.35006415843963623,
      0.2919219732284546,
      0.2879727780818939
    ],
    [
      0.5886046886444092,
      0.4274759590625763,
      1.0,
      0.49684804677963257,
      0.3338530957698822,
      0.35386234521865845,
      0.3732497990131378,
      0.3280801773071289,
      0.4107404947280884,
      0.3449850082397461,
      0.2458050549030304,
      0.32313627004623413,
      0.34458082914352417,
      0.2737388610839844,
      0.3393298089504242,
      0.4222777187824249
    ],
    [
      0.4242430329322815,
      0.2659694254398346,
      0.49684804677963257,
      0.9999999403953552,
      0.3683517277240753,
      0.269664466381073,
      0.2943166494369507,
      0.2528694272041321,
      0.3291228711605072,
      0.2665717899799347,
      0.40130940079689026,
      0.3471211791038513,
      0.3013421595096588,
      0.21486277878284454,
      0.32264280319213867,
      0.4221045672893524
    ],
    [
      0.36710405349731445,
      0.4164149761199951,
      0.3338530957698822,
      0.3683517277240753,
      1.0,
      0.42134779691696167,
      0.49473923444747925,
      0.46639832854270935,
      0.33924001455307007,
      0.4177401065826416,
      0.36754506826400757,
      0.40870776772499084,
      0.3879075050354004,
      0.4972216784954071,
      0.32771429419517517,
      0.32413235306739807
    ],
    [
      0.40446144342422485,
      0.37232083082199097,
      0.35386234521865845,
      0.269664466381073,
      0.42134779691696167,
      0.9999999403953552,
      0.42901095747947693,
      0.49151307344436646,
      0.2811552882194519,
      0.5224556922912598,
      0.26184213161468506,
      0.3984164595603943,
      0.30652013421058655,
      0.4662259519100189,
      0.24304842948913574,
      0.23140041530132294
    ],
    [
      0.5040085911750793,
      0.3499511480331421,
      0.3732497990131378,
      0.2943166494369507,
      0.49473923444747925,
      0.42901095747947693,
      1.0,
      0.4821891188621521,
      0.323091059923172,
      0.40325474739074707,
      0.33280476927757263,
      0.4935709536075592,
      0.47560012340545654,
      0.4961005449295044,
      0.3262443244457245,
      0.33668166399002075
    ],
    [
      0.3534121513366699,
      0.5322383642196655,
      0.3280801773071289,
      0.2528694272041321,
      0.46639832854270935,
      0.49151307344436646,
      0.4821891188621521,
      1.0,
      0.29407092928886414,
      0.4748001992702484,
      0.18800336122512817,
      0.42714157700538635,
      0.30775120854377747,
      0.45462384819984436,
      0.25911852717399597,
      0.29130488634109497
    ],
    [
      0.3254696726799011,
      0.3177860677242279,
      0.4107404947280884,
      0.3291228711605072,
      0.33924001455307007,
      0.2811552882194519,
      0.323091059923172,
      0.29407092928886414,
      1.0,
      0.2838132977485657,
      0.32863304018974304,
      0.3024543821811676,
      0.3621028661727905,
      0.32693830132484436,
      0.5226860642433167,
      0.4467884302139282
    ],
    [
      0.3493855595588684,
      0.2912420630455017,
      0.3449850082397461,
      0.2665717899799347,
      0.4177401065826416,
      0.5224556922912598,
      0.40325474739074707,
      0.4748001992702484,
      0.2838132977485657,
      1.0,
      0.2350689321756363,
      0.30351850390434265,
      0.3510282635688782,
      0.44051095843315125,
      0.26649439334869385,
      0.2840859889984131
    ],
    [
      0.3372352719306946,
      0.18426614999771118,
      0.2458050549030304,
      0.40130940079689026,
      0.36754506826400757,
      0.26184213161468506,
      0.33280476927757263,
      0.18800336122512817,
      0.32863304018974304,
      0.2350689321756363,
      1.0,
      0.3530057370662689,
      0.32244938611984253,
      0.3450969159603119,
      0.3478582203388214,
      0.3179672360420227
    ],
    [
      0.36188751459121704,
      0.307990163564682,
      0.32313627004623413,
      0.3471211791038513,
      0.40870776772499084,
      0.3984164595603943,
      0.4935709536075592,
      0.42714157700538635,
      0.3024543821811676,
      0.30351850390434265,
      0.3530057370662689,
      1.0,
      0.3805893361568451,
      0.4008285105228424,
      0.3687678873538971,
      0.32624551653862
    ],
    [
      0.3900374472141266,
      0.32198214530944824,
      0.34458082914352417,
      0.3013421595096588,
      0.3879075050354004,
      0.30652013421058655,
      0.47560012340545654,
      0.30775120854377747,
      0.3621028661727905,
      0.3510282635688782,
      0.32244938611984253,
      0.3805893361568451,
      1.0,
      0.4336109459400177,
      0.336324542760849,
      0.32912808656692505
    ],
    [
      0.47811776399612427,
      0.35006415843963623,
      0.2737388610839844,
      0.21486277878284454,
      0.4972216784954071,
      0.4662259519100189,
      0.4961005449295044,
      0.45462384819984436,
      0.32693830132484436,
      0.44051095843315125,
      0.3450969159603119,
      0.4008285105228424,
      0.4336109459400177,
      0.9999999403953552,
      0.3563048839569092,
      0.2608568072319031
    ],
    [
      0.4065414369106293,
      0.2919219732284546,
      0.3393298089504242,
      0.32264280319213867,
      0.32771429419517517,
      0.24304842948913574,
      0.3262443244457245,
      0.25911852717399597,
      0.5226860642433167,
      0.26649439334869385,
      0.3478582203388214,
      0.3687678873538971,
      0.336324542760849,
      0.3563048839569092,
      1.0,
      0.4733307361602783
    ],
    [
      0.32605528831481934,
      0.2879727780818939,
      0.4222777187824249,
      0.4221045672893524,
      0.32413235306739807,
      0.23140041530132294,
      0.33668166399002075,
      0.29130488634109497,
      0.4467884302139282,
      0.2840859889984131,
      0.3179672360420227,
      0.32624551653862,
      0.32912808656692505,
      0.2608568072319031,
      0.4733307361602783,
      1.0
    ]
  ]
}