{"game_number":242,"words":["CARDINAL","LAMA","MONK","PASTOR","BABOON","BONOBO","GIBBON","GORILLA","MANGO","MINT","TAMARIND","TOMATO","APE","MIME","MIRROR","PARROT"],"adjacency_matrix":[[1.0,0.3578469455242157,0.4519408941268921,0.39756083488464355,0.2979593873023987,0.23716680705547333,0.29149317741394043,0.2717646658420563,0.2639543116092682,0.3087655007839203,0.24589979648590088,0.22616378962993622,0.27313315868377686,0.18157775700092316,0.3092435896396637,0.3358405828475952],[0.3578469455242157,1.0,0.5855464935302734,0.3891603946685791,0.4214184284210205,0.26417168974876404,0.44527122378349304,0.3344387114048004,0.33927106857299805,0.29245638847351074,0.3113246560096741,0.18282736837863922,0.3174467980861664,0.3062063157558441,0.2376781702041626,0.40932002663612366],[0.4519408941268921,0.5855464935302734,1.0,0.4796921908855438,0.36000505089759827,0.23662152886390686,0.3759804964065552,0.3100410997867584,0.27269262075424194,0.3381001055240631,0.2931221127510071,0.2225017547607422,0.3246381878852844,0.31571635603904724,0.2951894998550415,0.38464710116386414],[0.39756083488464355,0.3891603946685791,0.4796921908855438,1.0,0.3143916428089142,0.23303832113742828,0.22002288699150085,0.24126644432544708,0.24594956636428833,0.27080535888671875,0.23837879300117493,0.24932056665420532,0.18498972058296204,0.24963560700416565,0.22774799168109894,0.3062918782234192],[0.2979593873023987,0.4214184284210205,0.36000505089759827,0.3143916428089142,1.0,0.5923947691917419,0.6002069711685181,0.6121577024459839,0.4003225266933441,0.2510174512863159,0.37920305132865906,0.33111804723739624,0.6401594877243042,0.33692505955696106,0.35760754346847534,0.4797499477863312],[0.23716680705547333,0.26417168974876404,0.23662152886390686,0.23303832113742828,0.5923947691917419,1.0,0.5557504892349243,0.6218671798706055,0.3362272083759308,0.15544764697551727,0.3651753067970276,0.2316197007894516,0.6210811734199524,0.3468649983406067,0.2939961552619934,0.39526015520095825],[0.29149317741394043,0.44527122378349304,0.3759804964065552,0.22002288699150085,0.6002069711685181,0.5557504892349243,1.0,0.5655679702758789,0.35291749238967896,0.2319859117269516,0.3879932761192322,0.26885801553726196,0.5821579694747925,0.3576708137989044,0.2855704724788666,0.5148151516914368],[0.2717646658420563,0.3344387114048004,0.3100410997867584,0.24126644432544708,0.6121577024459839,0.6218671798706055,0.5655679702758789,1.0,0.37595024704933167,0.2259521186351776,0.3171531856060028,0.3040417730808258,0.6803337931632996,0.38074415922164917,0.3023765981197357,0.4646047055721283],[0.2639543116092682,0.33927106857299805,0.27269262075424194,0.24594956636428833,0.4003225266933441,0.3362272083759308,0.35291749238967896,0.37595024704933167,1.0,0.379605233669281,0.6580754518508911,0.6210472583770752,0.3482036292552948,0.2857297956943512,0.20320811867713928,0.4238707423210144],[0.3087655007839203,0.29245638847351074,0.3381001055240631,0.27080535888671875,0.2510174512863159,0.15544764697551727,0.2319859117269516,0.2259521186351776,0.379605233669281,1.0,0.3920576274394989,0.3625388741493225,0.2236059606075287,0.15736888349056244,0.26712602376937866,0.3070145547389984],[0.24589979648590088,0.3113246560096741,0.2931221127510071,0.23837879300117493,0.37920305132865906,0.3651753067970276,0.3879932761192322,0.3171531856060028,0.6580754518508911,0.3920576274394989,1.0,0.4991343021392822,0.3116372227668762,0.21367232501506805,0.21152164041996002,0.41159653663635254],[0.22616378962993622,0.18282736837863922,0.2225017547607422,0.24932056665420532,0.33111804723739624,0.2316197007894516,0.26885801553726196,0.3040417730808258,0.6210472583770752,0.3625388741493225,0.4991343021392822,1.0,0.3345228433609009,0.25389012694358826,0.24190294742584229,0.36118602752685547],[0.27313315868377686,0.3174467980861664,0.3246381878852844,0.18498972058296204,0.6401594877243042,0.6210811734199524,0.5821579694747925,0.6803337931632996,0.3482036292552948,0.2236059606075287,0.3116372227668762,0.3345228433609009,1.0,0.4101603031158447,0.3670511543750763,0.5010303258895874],[0.18157775700092316,0.3062063157558441,0.31571635603904724,0.24963560700416565,0.33692505955696106,0.3468649983406067,0.3576708137989044,0.38074415922164917,0.2857297956943512,0.15736888349056244,0.21367232501506805,0.25389012694358826,0.4101603031158447,1.0,0.34856730699539185,0.41774624586105347],[0.3092435896396637,0.2376781702041626,0.2951894998550415,0.22774799168109894,0.35760754346847534,0.2939961552619934,0.2855704724788666,0.3023765981197357,0.20320811867713928,0.26712602376937866,0.21152164041996002,0.24190294742584229,0.3670511543750763,0.34856730699539185,1.0,0.354301393032074],[0.3358405828475952,0.40932002663612366,0.38464710116386414,0.3062918782234192,0.4797499477863312,0.39526015520095825,0.5148151516914368,0.4646047055721283,0.4238707423210144,0.3070145547389984,0.41159653663635254,0.36118602752685547,0.5010303258895874,0.41774624586105347,0.354301393032074,1.0]]}