{
  "game_number": 80,
  "words": [
    "BAZAAR",
    "FAIR",
    "MARKET",
    "OUTLET",
    "HAWAIIAN",
    "PLAIN",
    "SUPREME",
    "VEGGIE",
    "EVERGREEN",
    "INFRARED",
    "MARIGOLD",
    "QUICKSILVER",
    "BATHROOM",
    "DRY",
    "PIPE",
    "VACUUM"
  ],
  "adjacency_matrix": [
    [
      1.0000001192092896,
      0.36742886900901794,
      0.5006332993507385,
      0.3407000005245209,
      0.2180478572845459,
      0.3256135582923889,
      0.2092939019203186,
      0.23245060443878174,
      0.29256632924079895,
      0.14579111337661743,
      0.2902575433254242,
      0.19791428744792938,
      0.2343333214521408,
      0.21918295323848724,
      0.20065619051456451,
      0.23175600171089172
    ],
    [
      0.36742886900901794,
      1.0,
      0.46064430475234985,
      0.34199967980384827,
      0.2810955047607422,
      0.444027841091156,
      0.35217761993408203,
      0.30837056040763855,
      0.33025074005126953,
      0.25695279240608215,
      0.39700067043304443,
      0.29955601692199707,
      0.21113233268260956,
      0.41116076707839966,
      0.23782524466514587,
      0.2373778074979782
    ],
    [
      0.5006332993507385,
      0.46064430475234985,
      1.0,
      0.5155279040336609,
      0.2784229815006256,
      0.3594634532928467,
      0.34925803542137146,
      0.31668728590011597,
      0.3883625864982605,
      0.3020195960998535,
      0.3429687023162842,
      0.3495197892189026,
      0.39014559984207153,
      0.4085442125797272,
      0.3543590307235718,
      0.4248110055923462
    ],
    [
      0.3407000005245209,
      0.34199967980384827,
      0.5155279040336609,
      0.9999999403953552,
      0.2199498564004898,
      0.34387069940567017,
      0.3480818569660187,
      0.30502063035964966,
      0.3290320932865143,
      0.2175319343805313,
      0.2870194613933563,
      0.2481408417224884,
      0.4119919538497925,
      0.3384820520877838,
      0.4456412196159363,
      0.40808361768722534
    ],
    [
      0.2180478572845459,
      0.2810955047607422,
      0.2784229815006256,
      0.2199498564004898,
      1.0,
      0.34353598952293396,
      0.3808528184890747,
      0.4287733733654022,
      0.3841094672679901,
      0.2703038454055786,
      0.42562150955200195,
      0.309712678194046,
      0.2803837060928345,
      0.32722270488739014,
      0.2547520101070404,
      0.22823022305965424
    ],
    [
      0.3256135582923889,
      0.444027841091156,
      0.3594634532928467,
      0.34387069940567017,
      0.34353598952293396,
      1.0,
      0.38812893629074097,
      0.3373013734817505,
      0.47286638617515564,
      0.2969953119754791,
      0.42635780572891235,
      0.38035309314727783,
      0.29062536358833313,
      0.5372083783149719,
      0.3800777494907379,
      0.2955002784729004
    ],
    [
      0.2092939019203186,
      0.35217761993408203,
      0.34925803542137146,
      0.3480818569660187,
      0.3808528184890747,
      0.38812893629074097,
      1.0,
      0.2951894700527191,
      0.3930552005767822,
      0.24672956764698029,
      0.30806323885917664,
      0.38806018233299255,
      0.2412341684103012,
      0.30168527364730835,
      0.2707906663417816,
      0.3529723584651947
    ],
    [
      0.23245060443878174,
      0.30837056040763855,
      0.31668728590011597,
      0.30502063035964966,
      0.4287733733654022,
      0.3373013734817505,
      0.2951894700527191,
      0.9999999403953552,
      0.37424346804618835,
      0.3048758804798126,
      0.4352625906467438,
      0.17988348007202148,
      0.28895142674446106,
      0.3235364258289337,
      0.24508823454380035,
      0.2288535088300705
    ],
    [
      0.29256632924079895,
      0.33025074005126953,
      0.3883625864982605,
      0.3290320932865143,
      0.3841094672679901,
      0.47286638617515564,
      0.3930552005767822,
      0.37424346804618835,
      0.9999999403953552,
      0.3002683222293854,
      0.47434884309768677,
      0.32494476437568665,
      0.2350776344537735,
      0.4158405065536499,
      0.28682804107666016,
      0.1719733476638794
    ],
    [
      0.14579111337661743,
      0.25695279240608215,
      0.3020195960998535,
      0.2175319343805313,
      0.2703038454055786,
      0.2969953119754791,
      0.24672956764698029,
      0.3048758804798126,
      0.3002683222293854,
      1.0,
      0.3355918526649475,
      0.30129075050354004,
      0.32047581672668457,
      0.35075321793556213,
      0.29458382725715637,
      0.3574894070625305
    ],
    [
      0.2902575433254242,
      0.39700067043304443,
      0.3429687023162842,
      0.2870194613933563,
      0.42562150955200195,
      0.42635780572891235,
      0.30806323885917664,
      0.4352625906467438,
      0.47434884309768677,
      0.3355918526649475,
      1.0,
      0.4012133479118347,
      0.3001396059989929,
      0.447820782661438,
      0.34313154220581055,
      0.28144434094429016
    ],
    [
      0.19791428744792938,
      0.29955601692199707,
      0.3495197892189026,
      0.2481408417224884,
      0.309712678194046,
      0.38035309314727783,
      0.38806018233299255,
      0.17988348007202148,
      0.32494476437568665,
      0.30129075050354004,
      0.4012133479118347,
      0.9999999403953552,
      0.20461101830005646,
      0.40978825092315674,
      0.38446709513664246,
      0.3775770366191864
    ],
    [
      0.2343333214521408,
      0.21113233268260956,
      0.39014559984207153,
      0.4119919538497925,
      0.2803837060928345,
      0.29062536358833313,
      0.2412341684103012,
      0.28895142674446106,
      0.2350776344537735,
      0.32047581672668457,
      0.3001396059989929,
      0.20461101830005646,
      1.0,
      0.37394243478775024,
      0.42019397020339966,
      0.390529066324234
    ],
    [
      0.21918295323848724,
      0.41116076707839966,
      0.4085442125797272,
      0.3384820520877838,
      0.32722270488739014,
      0.5372083783149719,
      0.30168527364730835,
      0.3235364258289337,
      0.4158405065536499,
      0.35075321793556213,
      0.447820782661438,
      0.40978825092315674,
      0.37394243478775024,
      1.0,
      0.3814358115196228,
      0.4791417419910431
    ],
    [
      0.20065619051456451,
      0.23782524466514587,
      0.3543590307235718,
      0.4456412196159363,
      0.2547520101070404,
      0.3800777494907379,
      0.2707906663417816,
      0.24508823454380035,
      0.28682804107666016,
      0.29458382725715637,
      0.34313154220581055,
      0.38446709513664246,
      0.42019397020339966,
      0.3814358115196228,
      1.0,
      0.4501267671585083
    ],
    [
      0.23175600171089172,
      0.2373778074979782,
      0.4248110055923462,
      0.40808361768722534,
      0.22823022305965424,
      0.2955002784729004,
      0.3529723584651947,
      0.2288535088300705,
      0.1719733476638794,
      0.3574894070625305,
      0.28144434094429016,
      0.3775770366191864,
      0.390529066324234,
      0.4791417419910431,
      0.4501267671585083,
      1.0
    ]
  ]
}