{"game_number":41,"words":["CHAIN","TRAIN","SERIES","STRING","DRIVER","IRON","WEDGE","WOOD","BIRDS","FOG","OMEN","RING","BRAT","DOG","FRANK","LINK"],"adjacency_matrix":[[1.0,0.37109410762786865,0.3575628995895386,0.45597895979881287,0.3394659459590912,0.39610856771469116,0.36452531814575195,0.351902037858963,0.212527796626091,0.21454589068889618,0.16114602982997894,0.5021130442619324,0.24809600412845612,0.3781963288784027,0.16034722328186035,0.4448278248310089],[0.37109410762786865,1.0,0.37040823698043823,0.3607611060142517,0.5102660059928894,0.32896891236305237,0.32017767429351807,0.3535907566547394,0.32278937101364136,0.32108384370803833,0.21382905542850494,0.42134109139442444,0.2376132607460022,0.4409298598766327,0.2203083485364914,0.42796871066093445],[0.3575628995895386,0.37040823698043823,0.9999999403953552,0.3954385817050934,0.3359733819961548,0.23902128636837006,0.3533104956150055,0.2719247043132782,0.2486634999513626,0.2189687043428421,0.17901267111301422,0.36912962794303894,0.17725877463817596,0.29812413454055786,0.2593168616294861,0.370565801858902],[0.45597895979881287,0.3607611060142517,0.3954385817050934,1.0,0.31919488310813904,0.3151586651802063,0.42022019624710083,0.4029731750488281,0.2582581639289856,0.17428790032863617,0.2571682929992676,0.4304504990577698,0.21930184960365295,0.3054876923561096,0.18888762593269348,0.45013144612312317],[0.3394659459590912,0.5102660059928894,0.3359733819961548,0.31919488310813904,1.0,0.24453729391098022,0.40963509678840637,0.24653571844100952,0.23115748167037964,0.2885062098503113,0.23086541891098022,0.3442351520061493,0.24151039123535156,0.4036887288093567,0.1945767104625702,0.29374438524246216],[0.39610856771469116,0.32896891236305237,0.23902128636837006,0.3151586651802063,0.24453729391098022,1.0000001192092896,0.3958861231803894,0.5671254992485046,0.2738434076309204,0.30491065979003906,0.18069100379943848,0.3820338845252991,0.15755429863929749,0.3272624611854553,0.2727220058441162,0.3097074031829834],[0.36452531814575195,0.32017767429351807,0.3533104956150055,0.42022019624710083,0.40963509678840637,0.3958861231803894,1.0,0.38073450326919556,0.15782013535499573,0.35360658168792725,0.21022504568099976,0.37701353430747986,0.24059446156024933,0.2851123511791229,0.2573480010032654,0.3304970860481262],[0.351902037858963,0.3535907566547394,0.2719247043132782,0.4029731750488281,0.24653571844100952,0.5671254992485046,0.38073450326919556,1.0,0.40575549006462097,0.33850398659706116,0.20510601997375488,0.35983046889305115,0.18716195225715637,0.3332686424255371,0.21193073689937592,0.23906473815441132],[0.212527796626091,0.32278937101364136,0.2486634999513626,0.2582581639289856,0.23115748167037964,0.2738434076309204,0.15782013535499573,0.40575549006462097,1.0,0.24929656088352203,0.33824285864830017,0.2463197261095047,0.13216380774974823,0.39800339937210083,0.11500991880893707,0.23546430468559265],[0.21454589068889618,0.32108384370803833,0.2189687043428421,0.17428790032863617,0.2885062098503113,0.30491065979003906,0.35360658168792725,0.33850398659706116,0.24929656088352203,1.0,0.20752234756946564,0.3008294403553009,0.17386329174041748,0.20284178853034973,0.24642515182495117,0.22543714940547943],[0.16114602982997894,0.21382905542850494,0.17901267111301422,0.2571682929992676,0.23086541891098022,0.18069100379943848,0.21022504568099976,0.20510601997375488,0.33824285864830017,0.20752234756946564,0.9999999403953552,0.1890050172805786,0.15112046897411346,0.2638428807258606,0.20017506182193756,0.21299156546592712],[0.5021130442619324,0.42134109139442444,0.36912962794303894,0.4304504990577698,0.3442351520061493,0.3820338845252991,0.37701353430747986,0.35983046889305115,0.2463197261095047,0.3008294403553009,0.1890050172805786,1.0,0.22672110795974731,0.35251617431640625,0.23985587060451508,0.38206249475479126],[0.24809600412845612,0.2376132607460022,0.17725877463817596,0.21930184960365295,0.24151039123535156,0.15755429863929749,0.24059446156024933,0.18716195225715637,0.13216380774974823,0.17386329174041748,0.15112046897411346,0.22672110795974731,0.9999999403953552,0.4011881351470947,0.23639312386512756,0.14889070391654968],[0.3781963288784027,0.4409298598766327,0.29812413454055786,0.3054876923561096,0.4036887288093567,0.3272624611854553,0.2851123511791229,0.3332686424255371,0.39800339937210083,0.20284178853034973,0.2638428807258606,0.35251617431640625,0.4011881351470947,1.0,0.25459104776382446,0.2838132977485657],[0.16034722328186035,0.2203083485364914,0.2593168616294861,0.18888762593269348,0.1945767104625702,0.2727220058441162,0.2573480010032654,0.21193073689937592,0.11500991880893707,0.24642515182495117,0.20017506182193756,0.23985587060451508,0.23639312386512756,0.25459104776382446,1.0,0.25328293442726135],[0.4448278248310089,0.42796871066093445,0.370565801858902,0.45013144612312317,0.29374438524246216,0.3097074031829834,0.3304970860481262,0.23906473815441132,0.23546430468559265,0.22543714940547943,0.21299156546592712,0.38206249475479126,0.14889070391654968,0.2838132977485657,0.25328293442726135,1.0]]}