{
  "game_number": 559,
  "words": [
    "CAKE",
    "COAT",
    "COVER",
    "CRUST",
    "BLACK",
    "FROST",
    "MA",
    "SPARROW",
    "BOOK",
    "GRAM",
    "IN",
    "TUBE",
    "GRATER",
    "LADLE",
    "PEELER",
    "WHISK"
  ],
  "adjacency_matrix": [
    [
      0.9999999403953552,
      0.43702971935272217,
      0.32969802618026733,
      0.4588322043418884,
      0.36900559067726135,
      0.37588584423065186,
      0.1373441368341446,
      0.2786848247051239,
      0.34902089834213257,
      0.28060877323150635,
      0.24298445880413055,
      0.400206595659256,
      0.425873339176178,
      0.4649810492992401,
      0.4253116548061371,
      0.3908247947692871
    ],
    [
      0.43702971935272217,
      1.0,
      0.459240198135376,
      0.3748372793197632,
      0.44887787103652954,
      0.3864225745201111,
      0.0700419470667839,
      0.35125938057899475,
      0.3393040895462036,
      0.3332991898059845,
      0.2910051941871643,
      0.4157058894634247,
      0.37202373147010803,
      0.3811158835887909,
      0.40455499291419983,
      0.4157955050468445
    ],
    [
      0.32969802618026733,
      0.459240198135376,
      1.0,
      0.37555453181266785,
      0.386036217212677,
      0.33886638283729553,
      -0.02817666158080101,
      0.4009319245815277,
      0.5390759706497192,
      0.19356022775173187,
      0.4480380713939667,
      0.3141429126262665,
      0.4139542877674103,
      0.31918254494667053,
      0.3219648599624634,
      0.2625313699245453
    ],
    [
      0.4588322043418884,
      0.3748372793197632,
      0.37555453181266785,
      1.0,
      0.3620070815086365,
      0.3935467004776001,
      0.10248257219791412,
      0.317137748003006,
      0.255481481552124,
      0.311006635427475,
      0.2713395953178406,
      0.27772819995880127,
      0.44426146149635315,
      0.3945351541042328,
      0.4089893400669098,
      0.21299520134925842
    ],
    [
      0.36900559067726135,
      0.44887787103652954,
      0.386036217212677,
      0.3620070815086365,
      1.0,
      0.33752426505088806,
      0.07772620767354965,
      0.44287586212158203,
      0.3209681212902069,
      0.31872645020484924,
      0.3297237753868103,
      0.37292221188545227,
      0.3575534224510193,
      0.3562954068183899,
      0.3935522735118866,
      0.2893637716770172
    ],
    [
      0.37588584423065186,
      0.3864225745201111,
      0.33886638283729553,
      0.3935467004776001,
      0.33752426505088806,
      1.0,
      0.10460963100194931,
      0.317336767911911,
      0.2298147976398468,
      0.18970659375190735,
      0.27374300360679626,
      0.27833449840545654,
      0.3245222568511963,
      0.23612625896930695,
      0.3571622669696808,
      0.26386740803718567
    ],
    [
      0.1373441368341446,
      0.0700419470667839,
      -0.02817666158080101,
      0.10248257219791412,
      0.07772620767354965,
      0.10460963100194931,
      1.0,
      0.12600110471248627,
      0.00870139617472887,
      0.21497182548046112,
      -0.03672470152378082,
      0.11451099067926407,
      0.03776686638593674,
      0.1995031237602234,
      0.11415734142065048,
      0.2173892706632614
    ],
    [
      0.2786848247051239,
      0.35125938057899475,
      0.4009319245815277,
      0.317137748003006,
      0.44287586212158203,
      0.317336767911911,
      0.12600110471248627,
      1.0,
      0.3308447301387787,
      0.2259294092655182,
      0.30357664823532104,
      0.25665369629859924,
      0.36667582392692566,
      0.33836644887924194,
      0.33715805411338806,
      0.19063526391983032
    ],
    [
      0.34902089834213257,
      0.3393040895462036,
      0.5390759706497192,
      0.255481481552124,
      0.3209681212902069,
      0.2298147976398468,
      0.00870139617472887,
      0.3308447301387787,
      0.9999999403953552,
      0.25787651538848877,
      0.4102933406829834,
      0.2898719310760498,
      0.2587532103061676,
      0.2675226926803589,
      0.26021742820739746,
      0.22276443243026733
    ],
    [
      0.28060877323150635,
      0.3332991898059845,
      0.19356022775173187,
      0.311006635427475,
      0.31872645020484924,
      0.18970659375190735,
      0.21497182548046112,
      0.2259294092655182,
      0.25787651538848877,
      1.0,
      0.19676759839057922,
      0.33068645000457764,
      0.3963316082954407,
      0.3082091510295868,
      0.3164147734642029,
      0.23474039137363434
    ],
    [
      0.24298445880413055,
      0.2910051941871643,
      0.4480380713939667,
      0.2713395953178406,
      0.3297237753868103,
      0.27374300360679626,
      -0.03672470152378082,
      0.30357664823532104,
      0.4102933406829834,
      0.19676759839057922,
      1.0,
      0.2722623646259308,
      0.3571828305721283,
      0.25867417454719543,
      0.19287867844104767,
      0.15235547721385956
    ],
    [
      0.400206595659256,
      0.4157058894634247,
      0.3141429126262665,
      0.27772819995880127,
      0.37292221188545227,
      0.27833449840545654,
      0.11451099067926407,
      0.25665369629859924,
      0.2898719310760498,
      0.33068645000457764,
      0.2722623646259308,
      1.0,
      0.350567102432251,
      0.3798026144504547,
      0.3877911865711212,
      0.33434349298477173
    ],
    [
      0.425873339176178,
      0.37202373147010803,
      0.4139542877674103,
      0.44426146149635315,
      0.3575534224510193,
      0.3245222568511963,
      0.03776686638593674,
      0.36667582392692566,
      0.2587532103061676,
      0.3963316082954407,
      0.3571828305721283,
      0.350567102432251,
      1.0,
      0.4399796724319458,
      0.5031237602233887,
      0.36151930689811707
    ],
    [
      0.4649810492992401,
      0.3811158835887909,
      0.31918254494667053,
      0.3945351541042328,
      0.3562954068183899,
      0.23612625896930695,
      0.1995031237602234,
      0.33836644887924194,
      0.2675226926803589,
      0.3082091510295868,
      0.25867417454719543,
      0.3798026144504547,
      0.4399796724319458,
      1.0,
      0.45142319798469543,
      0.45589134097099304
    ],
    [
      0.4253116548061371,
      0.40455499291419983,
      0.3219648599624634,
      0.4089893400669098,
      0.3935522735118866,
      0.3571622669696808,
      0.11415734142065048,
      0.33715805411338806,
      0.26021742820739746,
      0.3164147734642029,
      0.19287867844104767,
      0.3877911865711212,
      0.5031237602233887,
      0.45142319798469543,
      1.0,
      0.33205920457839966
    ],
    [
      0.3908247947692871,
      0.4157955050468445,
      0.2625313699245453,
      0.21299520134925842,
      0.2893637716770172,
      0.26386740803718567,
      0.2173892706632614,
      0.19063526391983032,
      0.22276443243026733,
      0.23474039137363434,
      0.15235547721385956,
      0.33434349298477173,
      0.36151930689811707,
      0.45589134097099304,
      0.33205920457839966,
      1.0
    ]
  ]
}