{"game_number":37,"words":["CAPTAIN","GENERAL","MAJOR","PRIVATE","JACK","OUTLET","PORT","SOCKET","APPETITE","AUDIENCE","DEMAND","MARKET","ATTACK","PERSONAL","POP-UP","WANT"],"adjacency_matrix":[[1.0,0.4017772674560547,0.31848981976509094,0.29205521941185,0.3859676718711853,0.2701217830181122,0.40420404076576233,0.17362138628959656,0.2617652118206024,0.28653186559677124,0.29162395000457764,0.2975536584854126,0.3451610803604126,0.27204111218452454,0.18977922201156616,0.246008962392807],[0.4017772674560547,1.0,0.655107319355011,0.558628261089325,0.27481839060783386,0.40539413690567017,0.375495970249176,0.2564316391944885,0.4053384065628052,0.46135109663009644,0.45558562874794006,0.4943166971206665,0.40432751178741455,0.6237188577651978,0.36884552240371704,0.37244078516960144],[0.31848981976509094,0.655107319355011,1.0,0.5279331803321838,0.27414265275001526,0.44050708413124084,0.3917587995529175,0.25313472747802734,0.3155135214328766,0.3458116054534912,0.37322089076042175,0.45983806252479553,0.38115841150283813,0.5431594252586365,0.3784986436367035,0.3024193048477173],[0.29205521941185,0.558628261089325,0.5279331803321838,1.0,0.27864545583724976,0.41952773928642273,0.42024853825569153,0.2872008681297302,0.36934277415275574,0.3714717924594879,0.4252730906009674,0.5220312476158142,0.3731166124343872,0.6669073104858398,0.35913917422294617,0.3378661870956421],[0.3859676718711853,0.27481839060783386,0.27414265275001526,0.27864545583724976,1.0,0.38703545928001404,0.4290582835674286,0.439416766166687,0.17988300323486328,0.19102413952350616,0.3470950126647949,0.35280823707580566,0.31626108288764954,0.3163106143474579,0.31263041496276855,0.2875506579875946],[0.2701217830181122,0.40539413690567017,0.44050708413124084,0.41952773928642273,0.38703545928001404,0.9999999403953552,0.46736907958984375,0.4226231276988983,0.3189701437950134,0.3828333616256714,0.38751864433288574,0.5155279040336609,0.3357420265674591,0.382455438375473,0.39461439847946167,0.3085452616214752],[0.40420404076576233,0.375495970249176,0.3917587995529175,0.42024853825569153,0.4290582835674286,0.46736907958984375,0.9999999403953552,0.45017677545547485,0.2395874410867691,0.25803884863853455,0.37186098098754883,0.4852941632270813,0.38298335671424866,0.3100728988647461,0.318973183631897,0.24801531434059143],[0.17362138628959656,0.2564316391944885,0.25313472747802734,0.2872008681297302,0.439416766166687,0.4226231276988983,0.45017677545547485,1.0,0.20777401328086853,0.2626757323741913,0.3015884757041931,0.3494877815246582,0.29560884833335876,0.254739910364151,0.3262881934642792,0.19742363691329956],[0.2617652118206024,0.4053384065628052,0.3155135214328766,0.36934277415275574,0.17988300323486328,0.3189701437950134,0.2395874410867691,0.20777401328086853,0.9999999403953552,0.36319324374198914,0.5241044759750366,0.4064045548439026,0.27677056193351746,0.36733278632164,0.20341776311397552,0.4163969159126282],[0.28653186559677124,0.46135109663009644,0.3458116054534912,0.3714717924594879,0.19102413952350616,0.3828333616256714,0.25803884863853455,0.2626757323741913,0.36319324374198914,1.0,0.4043401777744293,0.45182591676712036,0.3116053342819214,0.3646695911884308,0.28624090552330017,0.31854477524757385],[0.29162395000457764,0.45558562874794006,0.37322089076042175,0.4252730906009674,0.3470950126647949,0.38751864433288574,0.37186098098754883,0.3015884757041931,0.5241044759750366,0.4043401777744293,1.0,0.5477535128593445,0.4113735854625702,0.4122924506664276,0.28641924262046814,0.5585079789161682],[0.2975536584854126,0.4943166971206665,0.45983806252479553,0.5220312476158142,0.35280823707580566,0.5155279040336609,0.4852941632270813,0.3494877815246582,0.4064045548439026,0.45182591676712036,0.5477535128593445,1.0,0.3827783465385437,0.4069939851760864,0.373073011636734,0.3190311789512634],[0.3451610803604126,0.40432751178741455,0.38115841150283813,0.3731166124343872,0.31626108288764954,0.3357420265674591,0.38298335671424866,0.29560884833335876,0.27677056193351746,0.3116053342819214,0.4113735854625702,0.3827783465385437,1.0,0.4496731460094452,0.41578054428100586,0.3511950373649597],[0.27204111218452454,0.6237188577651978,0.5431594252586365,0.6669073104858398,0.3163106143474579,0.382455438375473,0.3100728988647461,0.254739910364151,0.36733278632164,0.3646695911884308,0.4122924506664276,0.4069939851760864,0.4496731460094452,0.9999999403953552,0.406523734331131,0.3583567142486572],[0.18977922201156616,0.36884552240371704,0.3784986436367035,0.35913917422294617,0.31263041496276855,0.39461439847946167,0.318973183631897,0.3262881934642792,0.20341776311397552,0.28624090552330017,0.28641924262046814,0.373073011636734,0.41578054428100586,0.406523734331131,1.0,0.2679060101509094],[0.246008962392807,0.37244078516960144,0.3024193048477173,0.3378661870956421,0.2875506579875946,0.3085452616214752,0.24801531434059143,0.19742363691329956,0.4163969159126282,0.31854477524757385,0.5585079789161682,0.3190311789512634,0.3511950373649597,0.3583567142486572,0.2679060101509094,0.9999999403953552]]}