{
  "game_number": 234,
  "words": [
    "KNEAD",
    "PURR",
    "SCRATCH",
    "SHED",
    "ABOUT",
    "CONTACT",
    "HOME",
    "LOGIN",
    "COTTAGE",
    "CREAM",
    "GOAT",
    "STRING",
    "FILET",
    "HANGER",
    "SKIRT",
    "T-BONE"
  ],
  "adjacency_matrix": [
    [
      1.0,
      0.38425493240356445,
      0.45891863107681274,
      0.35337013006210327,
      0.25646859407424927,
      0.31298571825027466,
      0.25610053539276123,
      0.24588650465011597,
      0.27268168330192566,
      0.3871321678161621,
      0.24774041771888733,
      0.29385635256767273,
      0.35701337456703186,
      0.27033355832099915,
      0.3448639214038849,
      0.26601141691207886
    ],
    [
      0.38425493240356445,
      1.0,
      0.3286522924900055,
      0.22215943038463593,
      0.23186838626861572,
      0.20799005031585693,
      0.17536085844039917,
      0.12540827691555023,
      0.12699690461158752,
      0.24683186411857605,
      0.20009781420230865,
      0.19859158992767334,
      0.24184992909431458,
      0.18645471334457397,
      0.1369348168373108,
      0.10635849833488464
    ],
    [
      0.45891863107681274,
      0.3286522924900055,
      1.0000001192092896,
      0.39956343173980713,
      0.33469653129577637,
      0.3908608555793762,
      0.3882799744606018,
      0.2920804023742676,
      0.3118034899234772,
      0.3655301630496979,
      0.33504611253738403,
      0.35360729694366455,
      0.3635801076889038,
      0.41486597061157227,
      0.34480205178260803,
      0.2678065896034241
    ],
    [
      0.35337013006210327,
      0.22215943038463593,
      0.39956343173980713,
      1.0,
      0.3555353581905365,
      0.309137761592865,
      0.38374531269073486,
      0.16347596049308777,
      0.3785620927810669,
      0.36290645599365234,
      0.36345556378364563,
      0.290078341960907,
      0.27385571599006653,
      0.4556073248386383,
      0.3863475024700165,
      0.18491940200328827
    ],
    [
      0.25646859407424927,
      0.23186838626861572,
      0.33469653129577637,
      0.3555353581905365,
      1.0,
      0.4164903461933136,
      0.3945235013961792,
      0.24456287920475006,
      0.2406374216079712,
      0.22213971614837646,
      0.254699170589447,
      0.3323201537132263,
      0.25583377480506897,
      0.26697537302970886,
      0.26275205612182617,
      0.09968511760234833
    ],
    [
      0.31298571825027466,
      0.20799005031585693,
      0.3908608555793762,
      0.309137761592865,
      0.4164903461933136,
      1.0,
      0.4188312292098999,
      0.3498130738735199,
      0.2771499454975128,
      0.24389855563640594,
      0.25566938519477844,
      0.27641764283180237,
      0.3061673939228058,
      0.39231282472610474,
      0.31424859166145325,
      0.21769912540912628
    ],
    [
      0.25610053539276123,
      0.17536085844039917,
      0.3882799744606018,
      0.38374531269073486,
      0.3945235013961792,
      0.4188312292098999,
      0.9999999403953552,
      0.3319087326526642,
      0.6153279542922974,
      0.2666604816913605,
      0.33821868896484375,
      0.31574612855911255,
      0.29178500175476074,
      0.4216533303260803,
      0.3110053241252899,
      0.2269611954689026
    ],
    [
      0.24588650465011597,
      0.12540827691555023,
      0.2920804023742676,
      0.16347596049308777,
      0.24456287920475006,
      0.3498130738735199,
      0.3319087326526642,
      1.0,
      0.1691928654909134,
      0.17914582788944244,
      0.23360444605350494,
      0.27786847949028015,
      0.25919732451438904,
      0.2681056261062622,
      0.2802591621875763,
      0.1651860624551773
    ],
    [
      0.27268168330192566,
      0.12699690461158752,
      0.3118034899234772,
      0.3785620927810669,
      0.2406374216079712,
      0.2771499454975128,
      0.6153279542922974,
      0.1691928654909134,
      1.0,
      0.38427940011024475,
      0.35401418805122375,
      0.30654293298721313,
      0.298003613948822,
      0.3791152834892273,
      0.37309780716896057,
      0.368064820766449
    ],
    [
      0.3871321678161621,
      0.24683186411857605,
      0.3655301630496979,
      0.36290645599365234,
      0.22213971614837646,
      0.24389855563640594,
      0.2666604816913605,
      0.17914582788944244,
      0.38427940011024475,
      1.0,
      0.32506832480430603,
      0.2360893189907074,
      0.3731226921081543,
      0.28822970390319824,
      0.3458431363105774,
      0.3321450650691986
    ],
    [
      0.24774041771888733,
      0.20009781420230865,
      0.33504611253738403,
      0.36345556378364563,
      0.254699170589447,
      0.25566938519477844,
      0.33821868896484375,
      0.23360444605350494,
      0.35401418805122375,
      0.32506832480430603,
      1.0,
      0.3271189332008362,
      0.3719118535518646,
      0.3682909905910492,
      0.35390961170196533,
      0.4231542944908142
    ],
    [
      0.29385635256767273,
      0.19859158992767334,
      0.35360729694366455,
      0.290078341960907,
      0.3323201537132263,
      0.27641764283180237,
      0.31574612855911255,
      0.27786847949028015,
      0.30654293298721313,
      0.2360893189907074,
      0.3271189332008362,
      1.0,
      0.34857243299484253,
      0.3906189799308777,
      0.3738369941711426,
      0.20795398950576782
    ],
    [
      0.35701337456703186,
      0.24184992909431458,
      0.3635801076889038,
      0.27385571599006653,
      0.25583377480506897,
      0.3061673939228058,
      0.29178500175476074,
      0.25919732451438904,
      0.298003613948822,
      0.3731226921081543,
      0.3719118535518646,
      0.34857243299484253,
      1.0,
      0.4504217207431793,
      0.43936359882354736,
      0.5128914713859558
    ],
    [
      0.27033355832099915,
      0.18645471334457397,
      0.41486597061157227,
      0.4556073248386383,
      0.26697537302970886,
      0.39231282472610474,
      0.4216533303260803,
      0.2681056261062622,
      0.3791152834892273,
      0.28822970390319824,
      0.3682909905910492,
      0.3906189799308777,
      0.4504217207431793,
      1.0,
      0.4598549008369446,
      0.2995043992996216
    ],
    [
      0.3448639214038849,
      0.1369348168373108,
      0.34480205178260803,
      0.3863475024700165,
      0.26275205612182617,
      0.31424859166145325,
      0.3110053241252899,
      0.2802591621875763,
      0.37309780716896057,
      0.3458431363105774,
      0.35390961170196533,
      0.3738369941711426,
      0.43936359882354736,
      0.4598549008369446,
      0.9999999403953552,
      0.3475940227508545
    ],
    [
      0.26601141691207886,
      0.10635849833488464,
      0.2678065896034241,
      0.18491940200328827,
      0.09968511760234833,
      0.21769912540912628,
      0.2269611954689026,
      0.1651860624551773,
      0.368064820766449,
      0.3321450650691986,
      0.4231542944908142,
      0.20795398950576782,
      0.5128914713859558,
      0.2995043992996216,
      0.3475940227508545,
      0.9999999403953552
    ]
  ]
}