{"game_number":15,"words":["FLUID","GRACEFUL","NATURAL","SMOOTH","EFFORT","LABOR","SWEAT","WORK","BATTERY","CHARGE","JUICE","POWER","BURST","DAD","MAINSTREAM","SODA"],"adjacency_matrix":[[1.0,0.4319188892841339,0.501551628112793,0.5080415606498718,0.28028932213783264,0.38207414746284485,0.4474250376224518,0.37305426597595215,0.36561569571495056,0.3787470757961273,0.4816334843635559,0.43921035528182983,0.39416807889938354,0.19823282957077026,0.33232569694519043,0.43370696902275085],[0.4319188892841339,1.0,0.5437329411506653,0.6390900015830994,0.3226819336414337,0.2117641717195511,0.28102636337280273,0.33967122435569763,0.16177654266357422,0.29420536756515503,0.23059146106243134,0.3612947463989258,0.3676750957965851,0.22032663226127625,0.3045494854450226,0.15927819907665253],[0.501551628112793,0.5437329411506653,1.0,0.5036145448684692,0.34947478771209717,0.425019770860672,0.37757307291030884,0.42660629749298096,0.3320299983024597,0.33679383993148804,0.28332290053367615,0.5066405534744263,0.37110769748687744,0.24423252046108246,0.4683280289173126,0.28667497634887695],[0.5080415606498718,0.6390900015830994,0.5036145448684692,0.9999999403953552,0.3265326917171478,0.2899298071861267,0.3710659146308899,0.3970872163772583,0.21981805562973022,0.34604987502098083,0.3367269039154053,0.3521805703639984,0.36289140582084656,0.24447645246982574,0.3742297887802124,0.20963755249977112],[0.28028932213783264,0.3226819336414337,0.34947478771209717,0.3265326917171478,1.0,0.4714670479297638,0.41445353627204895,0.6443599462509155,0.2922380864620209,0.44845011830329895,0.28383663296699524,0.4330947697162628,0.3644304573535919,0.23796449601650238,0.3492416441440582,0.17192406952381134],[0.38207414746284485,0.2117641717195511,0.425019770860672,0.2899298071861267,0.4714670479297638,1.0,0.4612938463687897,0.5337812900543213,0.32079991698265076,0.3722400665283203,0.3347354829311371,0.4560116231441498,0.256705641746521,0.22707156836986542,0.3132249414920807,0.26968804001808167],[0.4474250376224518,0.28102636337280273,0.37757307291030884,0.3710659146308899,0.41445353627204895,0.4612938463687897,1.0,0.44159063696861267,0.26680925488471985,0.3594610095024109,0.4317340552806854,0.3867262601852417,0.4222413897514343,0.23546820878982544,0.21836000680923462,0.34482520818710327],[0.37305426597595215,0.33967122435569763,0.42660629749298096,0.3970872163772583,0.6443599462509155,0.5337812900543213,0.44159063696861267,1.0000001192092896,0.37768757343292236,0.4649425446987152,0.3028610944747925,0.4811992347240448,0.35612282156944275,0.3318609297275543,0.4495445191860199,0.21432405710220337],[0.36561569571495056,0.16177654266357422,0.3320299983024597,0.21981805562973022,0.2922380864620209,0.32079991698265076,0.26680925488471985,0.37768757343292236,1.0,0.5519559383392334,0.4058907628059387,0.4813600182533264,0.35622331500053406,0.261753112077713,0.25700870156288147,0.3105228841304779],[0.3787470757961273,0.29420536756515503,0.33679383993148804,0.34604987502098083,0.44845011830329895,0.3722400665283203,0.3594610095024109,0.4649425446987152,0.5519559383392334,1.0,0.31192582845687866,0.5017289519309998,0.41099900007247925,0.2283189445734024,0.307837575674057,0.2971835434436798],[0.4816334843635559,0.23059146106243134,0.28332290053367615,0.3367269039154053,0.28383663296699524,0.3347354829311371,0.4317340552806854,0.3028610944747925,0.4058907628059387,0.31192582845687866,1.0,0.44061893224716187,0.3550734221935272,0.24313992261886597,0.23481158912181854,0.5669652819633484],[0.43921035528182983,0.3612947463989258,0.5066405534744263,0.3521805703639984,0.4330947697162628,0.4560116231441498,0.3867262601852417,0.4811992347240448,0.4813600182533264,0.5017289519309998,0.44061893224716187,0.9999999403953552,0.4568740129470825,0.28853633999824524,0.40191650390625,0.31822288036346436],[0.39416807889938354,0.3676750957965851,0.37110769748687744,0.36289140582084656,0.3644304573535919,0.256705641746521,0.4222413897514343,0.35612282156944275,0.35622331500053406,0.41099900007247925,0.3550734221935272,0.4568740129470825,1.0,0.203870490193367,0.31761065125465393,0.2921426594257355],[0.19823282957077026,0.22032663226127625,0.24423252046108246,0.24447645246982574,0.23796449601650238,0.22707156836986542,0.23546820878982544,0.3318609297275543,0.261753112077713,0.2283189445734024,0.24313992261886597,0.28853633999824524,0.203870490193367,1.0,0.24939312040805817,0.2936955988407135],[0.33232569694519043,0.3045494854450226,0.4683280289173126,0.3742297887802124,0.3492416441440582,0.3132249414920807,0.21836000680923462,0.4495445191860199,0.25700870156288147,0.307837575674057,0.23481158912181854,0.40191650390625,0.31761065125465393,0.24939312040805817,1.0,0.23028144240379333],[0.43370696902275085,0.15927819907665253,0.28667497634887695,0.20963755249977112,0.17192406952381134,0.26968804001808167,0.34482520818710327,0.21432405710220337,0.3105228841304779,0.2971835434436798,0.5669652819633484,0.31822288036346436,0.2921426594257355,0.2936955988407135,0.23028144240379333,1.0000001192092896]]}