{"game_number":283,"words":["MISTLETOE","REINDEER","SNOWMAN","STOCKING","DISPLAY","EXHIBIT","PRESENT","SHOW","BAGEL","CHEERIO","DONUT","LIFESAVER","CANDY-CANE","CROSSWALK","REFEREE","TIGER"],"adjacency_matrix":[[0.9999999403953552,0.4790709316730499,0.40490472316741943,0.3582066595554352,0.24712778627872467,0.19070695340633392,0.28364723920822144,0.26670727133750916,0.26129359006881714,0.27958643436431885,0.25946125388145447,0.2504127323627472,0.40878811478614807,0.19474627077579498,0.20783622562885284,0.2701182961463928],[0.4790709316730499,1.0,0.5474894046783447,0.4266485273838043,0.32254642248153687,0.23440411686897278,0.30929166078567505,0.31203368306159973,0.24391807615756989,0.24484512209892273,0.3393775522708893,0.24184085428714752,0.3811643123626709,0.19264867901802063,0.23943287134170532,0.4220024049282074],[0.40490472316741943,0.5474894046783447,1.0,0.35722872614860535,0.3330480754375458,0.26312246918678284,0.2504062056541443,0.26915109157562256,0.2985436022281647,0.3334561884403229,0.3983336389064789,0.31117621064186096,0.4629579186439514,0.27993881702423096,0.210216224193573,0.3722745180130005],[0.3582066595554352,0.4266485273838043,0.35722872614860535,1.0,0.3830471336841583,0.3031274080276489,0.3363068401813507,0.2655836343765259,0.30531764030456543,0.2216494083404541,0.3401152193546295,0.27743208408355713,0.43060022592544556,0.2733498811721802,0.19233642518520355,0.30603933334350586],[0.24712778627872467,0.32254642248153687,0.3330480754375458,0.3830471336841583,1.0,0.7285673022270203,0.5783973336219788,0.6350997090339661,0.17420463263988495,0.25396475195884705,0.23785044252872467,0.29810625314712524,0.3732268810272217,0.28390058875083923,0.27670347690582275,0.31258970499038696],[0.19070695340633392,0.23440411686897278,0.26312246918678284,0.3031274080276489,0.7285673022270203,0.9999999403953552,0.5881480574607849,0.6700016856193542,0.1745470017194748,0.1524420976638794,0.2655896842479706,0.20392490923404694,0.3214936852455139,0.2560802102088928,0.19886212050914764,0.3025219142436981],[0.28364723920822144,0.30929166078567505,0.2504062056541443,0.3363068401813507,0.5783973336219788,0.5881480574607849,0.9999999403953552,0.6524402499198914,0.17517298460006714,0.25271737575531006,0.2735268473625183,0.28878432512283325,0.3388759195804596,0.26298633217811584,0.31754639744758606,0.27036967873573303],[0.26670727133750916,0.31203368306159973,0.26915109157562256,0.2655836343765259,0.6350997090339661,0.6700016856193542,0.6524402499198914,0.9999999403953552,0.1566501259803772,0.29035669565200806,0.2950071692466736,0.3031117916107178,0.3620016574859619,0.2285575568675995,0.30035820603370667,0.2917633652687073],[0.26129359006881714,0.24391807615756989,0.2985436022281647,0.30531764030456543,0.17420463263988495,0.1745470017194748,0.17517298460006714,0.1566501259803772,0.9999999403953552,0.2848343551158905,0.5819119215011597,0.2616548240184784,0.366545170545578,0.210976243019104,0.18275770545005798,0.2576781213283539],[0.27958643436431885,0.24484512209892273,0.3334561884403229,0.2216494083404541,0.25396475195884705,0.1524420976638794,0.25271737575531006,0.29035669565200806,0.2848343551158905,0.9999999403953552,0.3210720419883728,0.3206842541694641,0.42535126209259033,0.10514682531356812,0.23753459751605988,0.3018982708454132],[0.25946125388145447,0.3393775522708893,0.3983336389064789,0.3401152193546295,0.23785044252872467,0.2655896842479706,0.2735268473625183,0.2950071692466736,0.5819119215011597,0.3210720419883728,1.0,0.3104749619960785,0.5330447554588318,0.3192075192928314,0.21599777042865753,0.3343456983566284],[0.2504127323627472,0.24184085428714752,0.31117621064186096,0.27743208408355713,0.29810625314712524,0.20392490923404694,0.28878432512283325,0.3031117916107178,0.2616548240184784,0.3206842541694641,0.3104749619960785,1.0,0.39422109723091125,0.24933701753616333,0.27736783027648926,0.355319082736969],[0.40878811478614807,0.3811643123626709,0.4629579186439514,0.43060022592544556,0.3732268810272217,0.3214936852455139,0.3388759195804596,0.3620016574859619,0.366545170545578,0.42535126209259033,0.5330447554588318,0.39422109723091125,1.0,0.35079556703567505,0.2285873293876648,0.3965981900691986],[0.19474627077579498,0.19264867901802063,0.27993881702423096,0.2733498811721802,0.28390058875083923,0.2560802102088928,0.26298633217811584,0.2285575568675995,0.210976243019104,0.10514682531356812,0.3192075192928314,0.24933701753616333,0.35079556703567505,1.0,0.19074329733848572,0.24145089089870453],[0.20783622562885284,0.23943287134170532,0.210216224193573,0.19233642518520355,0.27670347690582275,0.19886212050914764,0.31754639744758606,0.30035820603370667,0.18275770545005798,0.23753459751605988,0.21599777042865753,0.27736783027648926,0.2285873293876648,0.19074329733848572,1.0,0.22738511860370636],[0.2701182961463928,0.4220024049282074,0.3722745180130005,0.30603933334350586,0.31258970499038696,0.3025219142436981,0.27036967873573303,0.2917633652687073,0.2576781213283539,0.3018982708454132,0.3343456983566284,0.355319082736969,0.3965981900691986,0.24145089089870453,0.22738511860370636,1.0]]}