{
  "game_number": 48,
  "words": [
    "CONTACT",
    "DEALINGS",
    "EXCHANGE",
    "INTERACTION",
    "ARRIVAL",
    "DESTINATION",
    "FLIGHT",
    "GATE",
    "COLLEGE",
    "NUMBER",
    "POSITION",
    "TEAM",
    "ALMANAC",
    "INSURANCE",
    "MARKET",
    "TAN"
  ],
  "adjacency_matrix": [
    [
      1.0,
      0.45205268263816833,
      0.5003820061683655,
      0.5271007418632507,
      0.4255116581916809,
      0.3454590141773224,
      0.36145350337028503,
      0.35791704058647156,
      0.281692236661911,
      0.34991568326950073,
      0.44130727648735046,
      0.39488935470581055,
      0.16488054394721985,
      0.3326888680458069,
      0.3327941596508026,
      0.2444111406803131
    ],
    [
      0.45205268263816833,
      1.0,
      0.4990865886211395,
      0.4931592643260956,
      0.333954393863678,
      0.25995615124702454,
      0.3211755156517029,
      0.27355054020881653,
      0.3208487033843994,
      0.2646093964576721,
      0.37859979271888733,
      0.34520360827445984,
      0.1822495013475418,
      0.41058608889579773,
      0.4496975541114807,
      0.2018793225288391
    ],
    [
      0.5003820061683655,
      0.4990865886211395,
      1.0,
      0.5836510062217712,
      0.42738792300224304,
      0.3960877060890198,
      0.4025675654411316,
      0.36372995376586914,
      0.35550224781036377,
      0.3350333571434021,
      0.40356314182281494,
      0.3750162124633789,
      0.23357868194580078,
      0.4282626807689667,
      0.5142327547073364,
      0.21283453702926636
    ],
    [
      0.5271007418632507,
      0.4931592643260956,
      0.5836510062217712,
      1.0,
      0.37442702054977417,
      0.3566994369029999,
      0.3295294940471649,
      0.3016684353351593,
      0.3191961944103241,
      0.31868934631347656,
      0.3968682587146759,
      0.3905929923057556,
      0.16202186048030853,
      0.31119680404663086,
      0.41130390763282776,
      0.23995669186115265
    ],
    [
      0.4255116581916809,
      0.333954393863678,
      0.42738792300224304,
      0.37442702054977417,
      0.9999998807907104,
      0.5223639011383057,
      0.4933365285396576,
      0.4328777492046356,
      0.3385850787162781,
      0.35488349199295044,
      0.40978386998176575,
      0.4099659025669098,
      0.18172860145568848,
      0.2758190929889679,
      0.39459550380706787,
      0.20446620881557465
    ],
    [
      0.3454590141773224,
      0.25995615124702454,
      0.3960877060890198,
      0.3566994369029999,
      0.5223639011383057,
      0.9999998807907104,
      0.5283721685409546,
      0.4129231572151184,
      0.38778018951416016,
      0.40404272079467773,
      0.4215904772281647,
      0.35874149203300476,
      0.29110944271087646,
      0.3033355474472046,
      0.45610377192497253,
      0.2624483108520508
    ],
    [
      0.36145350337028503,
      0.3211755156517029,
      0.4025675654411316,
      0.3295294940471649,
      0.4933365285396576,
      0.5283721685409546,
      1.0,
      0.4346586763858795,
      0.3534868061542511,
      0.32700663805007935,
      0.407528817653656,
      0.4165588915348053,
      0.21570779383182526,
      0.31933698058128357,
      0.4196743369102478,
      0.20510107278823853
    ],
    [
      0.35791704058647156,
      0.27355054020881653,
      0.36372995376586914,
      0.3016684353351593,
      0.4328777492046356,
      0.4129231572151184,
      0.4346586763858795,
      1.0,
      0.3594558537006378,
      0.3718767762184143,
      0.3942469656467438,
      0.3539973199367523,
      0.18605570495128632,
      0.2566072940826416,
      0.45532703399658203,
      0.2223161906003952
    ],
    [
      0.281692236661911,
      0.3208487033843994,
      0.35550224781036377,
      0.3191961944103241,
      0.3385850787162781,
      0.38778018951416016,
      0.3534868061542511,
      0.3594558537006378,
      1.0,
      0.3193972110748291,
      0.395362913608551,
      0.5074871182441711,
      0.3283548355102539,
      0.3984508514404297,
      0.4346194267272949,
      0.3080902099609375
    ],
    [
      0.34991568326950073,
      0.2646093964576721,
      0.3350333571434021,
      0.31868934631347656,
      0.35488349199295044,
      0.40404272079467773,
      0.32700663805007935,
      0.3718767762184143,
      0.3193972110748291,
      1.0,
      0.4461372196674347,
      0.3164817690849304,
      0.17093394696712494,
      0.32311201095581055,
      0.37354108691215515,
      0.28809109330177307
    ],
    [
      0.44130727648735046,
      0.37859979271888733,
      0.40356314182281494,
      0.3968682587146759,
      0.40978386998176575,
      0.4215904772281647,
      0.407528817653656,
      0.3942469656467438,
      0.395362913608551,
      0.4461372196674347,
      0.9999999403953552,
      0.47650960087776184,
      0.22339174151420593,
      0.3698616325855255,
      0.4896118640899658,
      0.2607058882713318
    ],
    [
      0.39488935470581055,
      0.34520360827445984,
      0.3750162124633789,
      0.3905929923057556,
      0.4099659025669098,
      0.35874149203300476,
      0.4165588915348053,
      0.3539973199367523,
      0.5074871182441711,
      0.3164817690849304,
      0.47650960087776184,
      1.0,
      0.22837062180042267,
      0.350975900888443,
      0.4613262712955475,
      0.21094010770320892
    ],
    [
      0.16488054394721985,
      0.1822495013475418,
      0.23357868194580078,
      0.16202186048030853,
      0.18172860145568848,
      0.29110944271087646,
      0.21570779383182526,
      0.18605570495128632,
      0.3283548355102539,
      0.17093394696712494,
      0.22339174151420593,
      0.22837062180042267,
      1.0,
      0.2752198278903961,
      0.28273963928222656,
      0.22092992067337036
    ],
    [
      0.3326888680458069,
      0.41058608889579773,
      0.4282626807689667,
      0.31119680404663086,
      0.2758190929889679,
      0.3033355474472046,
      0.31933698058128357,
      0.2566072940826416,
      0.3984508514404297,
      0.32311201095581055,
      0.3698616325855255,
      0.350975900888443,
      0.2752198278903961,
      1.0,
      0.48690545558929443,
      0.25565341114997864
    ],
    [
      0.3327941596508026,
      0.4496975541114807,
      0.5142327547073364,
      0.41130390763282776,
      0.39459550380706787,
      0.45610377192497253,
      0.4196743369102478,
      0.45532703399658203,
      0.4346194267272949,
      0.37354108691215515,
      0.4896118640899658,
      0.4613262712955475,
      0.28273963928222656,
      0.48690545558929443,
      1.0,
      0.26605698466300964
    ],
    [
      0.2444111406803131,
      0.2018793225288391,
      0.21283453702926636,
      0.23995669186115265,
      0.20446620881557465,
      0.2624483108520508,
      0.20510107278823853,
      0.2223161906003952,
      0.3080902099609375,
      0.28809109330177307,
      0.2607058882713318,
      0.21094010770320892,
      0.22092992067337036,
      0.25565341114997864,
      0.26605698466300964,
      1.0
    ]
  ]
}