{"game_number":195,"words":["BASKETBALL","CARROT","GOLDFISH","PUMPKIN","POLE","ROD","STAFF","STICK","CART","CLUB","HOLE","TEE","CIRCLE","HORSESHOE","PITCHFORK","TRIANGLE"],"adjacency_matrix":[[1.0,0.25447171926498413,0.31654348969459534,0.3569268584251404,0.3283580243587494,0.2612576186656952,0.3079032897949219,0.3395576477050781,0.32384470105171204,0.4580056071281433,0.28959643840789795,0.3202216327190399,0.31557968258857727,0.37210848927497864,0.2436770796775818,0.3703662157058716],[0.25447171926498413,1.0,0.36422568559646606,0.5506477355957031,0.3852986693382263,0.4314631521701813,0.2380826771259308,0.682190477848053,0.4003571569919586,0.24883264303207397,0.4123380780220032,0.2709149718284607,0.34936919808387756,0.3827359676361084,0.3828452229499817,0.39280498027801514],[0.31654348969459534,0.36422568559646606,1.0,0.3460461497306824,0.26723992824554443,0.339033305644989,0.27131491899490356,0.29869335889816284,0.2638911008834839,0.3046954870223999,0.2995339035987854,0.2297867387533188,0.2431308776140213,0.3885751962661743,0.1605570763349533,0.2376042902469635],[0.3569268584251404,0.5506477355957031,0.3460461497306824,1.0,0.35774627327919006,0.3360036015510559,0.24545107781887054,0.4518038034439087,0.39411941170692444,0.24773475527763367,0.3627835214138031,0.286424845457077,0.32983994483947754,0.43776825070381165,0.39356905221939087,0.3770848214626312],[0.3283580243587494,0.3852986693382263,0.26723992824554443,0.35774627327919006,1.0,0.5455644130706787,0.23960621654987335,0.4716181457042694,0.4403573274612427,0.3116525113582611,0.4268690049648285,0.3380563259124756,0.4798872172832489,0.48660629987716675,0.41349226236343384,0.4891781508922577],[0.2612576186656952,0.4314631521701813,0.339033305644989,0.3360036015510559,0.5455644130706787,1.0,0.21930399537086487,0.5170199275016785,0.4657161831855774,0.22908149659633636,0.39220643043518066,0.32847458124160767,0.42349785566329956,0.44004783034324646,0.41690587997436523,0.45015838742256165],[0.3079032897949219,0.2380826771259308,0.27131491899490356,0.24545107781887054,0.23960621654987335,0.21930399537086487,1.0,0.29880860447883606,0.29912009835243225,0.4767508804798126,0.2158999741077423,0.2824392020702362,0.35743433237075806,0.20572416484355927,0.2674488425254822,0.23735311627388],[0.3395576477050781,0.682190477848053,0.29869335889816284,0.4518038034439087,0.4716181457042694,0.5170199275016785,0.29880860447883606,1.0,0.46103060245513916,0.36858034133911133,0.48133206367492676,0.40741467475891113,0.4313027858734131,0.37091976404190063,0.5190330147743225,0.448679655790329],[0.32384470105171204,0.4003571569919586,0.2638911008834839,0.39411941170692444,0.4403573274612427,0.4657161831855774,0.29912009835243225,0.46103060245513916,0.9999999403953552,0.3113877475261688,0.40927115082740784,0.39841705560684204,0.34575730562210083,0.42360711097717285,0.44102218747138977,0.32938525080680847],[0.4580056071281433,0.24883264303207397,0.3046954870223999,0.24773475527763367,0.3116525113582611,0.22908149659633636,0.4767508804798126,0.36858034133911133,0.3113877475261688,1.0,0.33271482586860657,0.37371382117271423,0.3875991106033325,0.32930678129196167,0.3084142506122589,0.31984809041023254],[0.28959643840789795,0.4123380780220032,0.2995339035987854,0.3627835214138031,0.4268690049648285,0.39220643043518066,0.2158999741077423,0.48133206367492676,0.40927115082740784,0.33271482586860657,0.9999999403953552,0.5302531719207764,0.4465778172016144,0.42297810316085815,0.3584904968738556,0.42674723267555237],[0.3202216327190399,0.2709149718284607,0.2297867387533188,0.286424845457077,0.3380563259124756,0.32847458124160767,0.2824392020702362,0.40741467475891113,0.39841705560684204,0.37371382117271423,0.5302531719207764,1.0,0.3338463008403778,0.44293543696403503,0.3255802392959595,0.3191474676132202],[0.31557968258857727,0.34936919808387756,0.2431308776140213,0.32983994483947754,0.4798872172832489,0.42349785566329956,0.35743433237075806,0.4313027858734131,0.34575730562210083,0.3875991106033325,0.4465778172016144,0.3338463008403778,1.0,0.4489055573940277,0.3628886938095093,0.6594417095184326],[0.37210848927497864,0.3827359676361084,0.3885751962661743,0.43776825070381165,0.48660629987716675,0.44004783034324646,0.20572416484355927,0.37091976404190063,0.42360711097717285,0.32930678129196167,0.42297810316085815,0.44293543696403503,0.4489055573940277,1.0000001192092896,0.3343826234340668,0.47092434763908386],[0.2436770796775818,0.3828452229499817,0.1605570763349533,0.39356905221939087,0.41349226236343384,0.41690587997436523,0.2674488425254822,0.5190330147743225,0.44102218747138977,0.3084142506122589,0.3584904968738556,0.3255802392959595,0.3628886938095093,0.3343826234340668,0.9999999403953552,0.3540753424167633],[0.3703662157058716,0.39280498027801514,0.2376042902469635,0.3770848214626312,0.4891781508922577,0.45015838742256165,0.23735311627388,0.448679655790329,0.32938525080680847,0.31984809041023254,0.42674723267555237,0.3191474676132202,0.6594417095184326,0.47092434763908386,0.3540753424167633,1.0]]}